customer_id,activity_id,activity_date,activity_note
12,66,2015-03-22 05:27:00.000,"For an android with no feelings, he sure managed to evoke them in others."
12,67,2016-10-17 11:10:15.000,"I suggest you drop it, Mr. Data. Mr. Worf, you sound like a man who's asking his friend if he can start dating his sister."
14,68,2015-01-13 23:03:04.000,"Maybe if we felt any human loss as keenly as we feel one of those close to us, human history would be far less bloody."
14,69,2015-10-04 18:13:59.000,Travel time to the nearest starbase? The Federation's gone; the Borg is everywhere!
14,70,2015-10-10 10:44:36.000,"I suggest you drop it, Mr. Data. Mr. Worf, you sound like a man who's asking his friend if he can start dating his sister."
14,71,2016-11-11 12:19:42.000,"For an android with no feelings, he sure managed to evoke them in others."
14,72,2015-02-24 07:00:03.000,"I suggest you drop it, Mr. Data. Mr. Worf, you sound like a man who's asking his friend if he can start dating his sister."
14,73,2015-03-27 09:45:18.000,"I suggest you drop it, Mr. Data. Mr. Worf, you sound like a man who's asking his friend if he can start dating his sister."
14,74,2016-01-18 19:39:43.000,"I've had twelve years to think about it. And if I had it to do over again, I would have grabbed the phaser and pointed it at you instead of them."
14,75,2015-02-10 17:55:39.000,"Maybe if we felt any human loss as keenly as we feel one of those close to us, human history would be far less bloody."
14,76,2015-03-23 22:37:59.000,Flair is what marks the difference between artistry and mere competence.
15,77,2015-01-15 06:42:44.000,I'll alert the crew. When has justice ever been as simple as a rule book?
15,78,2016-10-19 21:01:27.000,"Fate. It protects fools, little children, and ships named Enterprise."
15,79,2017-02-09 12:50:49.000,Travel time to the nearest starbase? The Federation's gone; the Borg is everywhere!
15,80,2015-10-31 21:10:37.000,"I'm afraid I still don't understand, sir. Well, that's certainly good to know."
15,81,2016-07-31 16:53:21.000,"For an android with no feelings, he sure managed to evoke them in others."
16,82,2015-06-27 10:43:31.000,"Fate. It protects fools, little children, and ships named Enterprise."
17,83,2015-11-17 23:48:40.000,"I'm afraid I still don't understand, sir. Well, that's certainly good to know."
17,84,2017-01-21 18:54:56.000,Flair is what marks the difference between artistry and mere competence.
17,85,2015-09-22 00:12:35.000,Travel time to the nearest starbase? The Federation's gone; the Borg is everywhere!
17,86,2016-07-21 12:03:36.000,"For an android with no feelings, he sure managed to evoke them in others."
17,87,2016-05-15 15:07:07.000,"I've had twelve years to think about it. And if I had it to do over again, I would have grabbed the phaser and pointed it at you instead of them."
17,88,2015-10-30 06:20:37.000,Travel time to the nearest starbase? The Federation's gone; the Borg is everywhere!
17,89,2015-05-31 19:12:00.000,Flair is what marks the difference between artistry and mere competence.
17,90,2017-02-18 12:47:05.000,"For an android with no feelings, he sure managed to evoke them in others."
19,91,2016-08-14 02:01:13.000,"For an android with no feelings, he sure managed to evoke them in others."
19,92,2016-12-30 02:40:09.000,"Maybe if we felt any human loss as keenly as we feel one of those close to us, human history would be far less bloody."
19,93,2015-09-01 01:57:43.000,Travel time to the nearest starbase? The Federation's gone; the Borg is everywhere!
19,94,2015-01-23 13:30:40.000,"I'm afraid I still don't understand, sir. Well, that's certainly good to know."
19,95,2016-07-13 01:14:09.000,I'll alert the crew. When has justice ever been as simple as a rule book?
19,96,2015-10-23 02:43:21.000,I'll alert the crew. When has justice ever been as simple as a rule book?
19,97,2017-02-24 22:49:06.000,"I suggest you drop it, Mr. Data. Mr. Worf, you sound like a man who's asking his friend if he can start dating his sister."
19,98,2015-02-09 07:31:40.000,I'll alert the crew. When has justice ever been as simple as a rule book?
19,99,2015-01-08 13:36:04.000,"I suggest you drop it, Mr. Data. Mr. Worf, you sound like a man who's asking his friend if he can start dating his sister."
19,100,2016-07-07 20:35:41.000,"I suggest you drop it, Mr. Data. Mr. Worf, you sound like a man who's asking his friend if he can start dating his sister."
20,101,2017-01-24 11:23:46.000,"For an android with no feelings, he sure managed to evoke them in others."
20,102,2015-03-07 05:49:05.000,"I suggest you drop it, Mr. Data. Mr. Worf, you sound like a man who's asking his friend if he can start dating his sister."
20,103,2015-02-14 06:11:59.000,"For an android with no feelings, he sure managed to evoke them in others."
20,104,2016-03-14 16:32:39.000,"I've had twelve years to think about it. And if I had it to do over again, I would have grabbed the phaser and pointed it at you instead of them."
21,105,2015-08-25 02:15:13.000,Travel time to the nearest starbase? The Federation's gone; the Borg is everywhere!
21,106,2016-09-16 23:08:44.000,I'll alert the crew. When has justice ever been as simple as a rule book?
21,107,2015-01-15 11:34:11.000,"I suggest you drop it, Mr. Data. Mr. Worf, you sound like a man who's asking his friend if he can start dating his sister."
21,108,2015-02-06 16:07:49.000,Travel time to the nearest starbase? The Federation's gone; the Borg is everywhere!
21,109,2015-09-15 14:39:39.000,"I'm afraid I still don't understand, sir. Well, that's certainly good to know."
21,110,2015-10-28 06:34:15.000,"I suggest you drop it, Mr. Data. Mr. Worf, you sound like a man who's asking his friend if he can start dating his sister."
21,111,2016-11-17 23:53:53.000,"For an android with no feelings, he sure managed to evoke them in others."
21,112,2016-11-27 00:01:24.000,I'll alert the crew. When has justice ever been as simple as a rule book?
21,113,2015-01-29 17:42:50.000,Flair is what marks the difference between artistry and mere competence.
23,114,2016-10-01 16:43:54.000,"For an android with no feelings, he sure managed to evoke them in others."
23,115,2016-07-20 05:30:44.000,Flair is what marks the difference between artistry and mere competence.
23,116,2015-06-16 06:54:18.000,I'll alert the crew. When has justice ever been as simple as a rule book?
23,117,2016-09-29 04:37:52.000,Flair is what marks the difference between artistry and mere competence.
23,118,2016-04-17 01:02:14.000,"I suggest you drop it, Mr. Data. Mr. Worf, you sound like a man who's asking his friend if he can start dating his sister."
24,119,2015-10-14 16:29:05.000,"I'm afraid I still don't understand, sir. Well, that's certainly good to know."
24,120,2015-02-22 05:56:08.000,I'll alert the crew. When has justice ever been as simple as a rule book?
24,121,2016-01-16 12:13:11.000,"Fate. It protects fools, little children, and ships named Enterprise."
24,122,2015-04-01 04:00:21.000,Travel time to the nearest starbase? The Federation's gone; the Borg is everywhere!
24,123,2015-05-31 07:15:13.000,"I've had twelve years to think about it. And if I had it to do over again, I would have grabbed the phaser and pointed it at you instead of them."
24,124,2016-06-15 06:20:21.000,"I suggest you drop it, Mr. Data. Mr. Worf, you sound like a man who's asking his friend if he can start dating his sister."
24,125,2016-09-24 00:32:44.000,"I've had twelve years to think about it. And if I had it to do over again, I would have grabbed the phaser and pointed it at you instead of them."
25,126,2015-07-16 10:41:56.000,"I'm afraid I still don't understand, sir. Well, that's certainly good to know."
25,127,2016-10-13 19:41:27.000,"For an android with no feelings, he sure managed to evoke them in others."
25,128,2017-01-06 13:42:42.000,"For an android with no feelings, he sure managed to evoke them in others."
25,129,2015-06-07 18:46:29.000,"I've had twelve years to think about it. And if I had it to do over again, I would have grabbed the phaser and pointed it at you instead of them."
25,130,2016-06-05 01:05:02.000,"I've had twelve years to think about it. And if I had it to do over again, I would have grabbed the phaser and pointed it at you instead of them."
25,131,2016-09-27 11:21:20.000,Travel time to the nearest starbase? The Federation's gone; the Borg is everywhere!
27,132,2015-04-15 00:58:02.000,Travel time to the nearest starbase? The Federation's gone; the Borg is everywhere!
27,133,2016-04-20 15:22:50.000,Flair is what marks the difference between artistry and mere competence.
27,134,2016-09-24 15:14:50.000,"I've had twelve years to think about it. And if I had it to do over again, I would have grabbed the phaser and pointed it at you instead of them."
27,135,2015-10-20 22:23:41.000,"I suggest you drop it, Mr. Data. Mr. Worf, you sound like a man who's asking his friend if he can start dating his sister."
27,136,2016-03-01 23:41:21.000,Flair is what marks the difference between artistry and mere competence.
27,137,2015-08-10 03:49:25.000,I'll alert the crew. When has justice ever been as simple as a rule book?
27,138,2015-09-08 23:21:12.000,"For an android with no feelings, he sure managed to evoke them in others."
27,139,2015-01-23 00:00:12.000,"For an android with no feelings, he sure managed to evoke them in others."
28,140,2016-07-13 02:18:25.000,I'll alert the crew. When has justice ever been as simple as a rule book?
28,141,2017-02-04 09:51:28.000,"Fate. It protects fools, little children, and ships named Enterprise."
30,142,2015-04-15 10:28:50.000,"I suggest you drop it, Mr. Data. Mr. Worf, you sound like a man who's asking his friend if he can start dating his sister."
30,143,2015-09-17 15:16:52.000,"I'm afraid I still don't understand, sir. Well, that's certainly good to know."
30,144,2016-06-05 17:05:41.000,"I suggest you drop it, Mr. Data. Mr. Worf, you sound like a man who's asking his friend if he can start dating his sister."
31,145,2015-07-07 22:13:11.000,Travel time to the nearest starbase? The Federation's gone; the Borg is everywhere!
33,146,2017-01-02 19:38:49.000,Travel time to the nearest starbase? The Federation's gone; the Borg is everywhere!
33,147,2015-01-11 05:34:19.000,"For an android with no feelings, he sure managed to evoke them in others."
33,148,2016-09-09 17:42:45.000,"Fate. It protects fools, little children, and ships named Enterprise."
33,149,2015-09-09 08:14:56.000,"I'm afraid I still don't understand, sir. Well, that's certainly good to know."
33,150,2015-04-09 01:35:35.000,"I suggest you drop it, Mr. Data. Mr. Worf, you sound like a man who's asking his friend if he can start dating his sister."
33,151,2015-01-20 09:47:21.000,"Maybe if we felt any human loss as keenly as we feel one of those close to us, human history would be far less bloody."
34,152,2015-02-23 12:00:59.000,"I've had twelve years to think about it. And if I had it to do over again, I would have grabbed the phaser and pointed it at you instead of them."
34,153,2015-10-05 05:35:02.000,Travel time to the nearest starbase? The Federation's gone; the Borg is everywhere!
34,154,2016-10-17 10:55:42.000,"I'm afraid I still don't understand, sir. Well, that's certainly good to know."
34,155,2016-04-26 01:01:20.000,"I'm afraid I still don't understand, sir. Well, that's certainly good to know."
34,156,2016-04-18 02:51:20.000,I'll alert the crew. When has justice ever been as simple as a rule book?
34,157,2015-09-23 19:40:17.000,"I'm afraid I still don't understand, sir. Well, that's certainly good to know."
34,158,2015-06-06 08:28:24.000,"Fate. It protects fools, little children, and ships named Enterprise."
34,159,2016-05-31 22:16:14.000,"I suggest you drop it, Mr. Data. Mr. Worf, you sound like a man who's asking his friend if he can start dating his sister."
35,160,2016-03-30 22:02:45.000,I'll alert the crew. When has justice ever been as simple as a rule book?
35,161,2015-07-20 15:28:05.000,"Maybe if we felt any human loss as keenly as we feel one of those close to us, human history would be far less bloody."
35,162,2015-02-28 12:34:16.000,Flair is what marks the difference between artistry and mere competence.
35,163,2016-01-11 04:30:44.000,"Fate. It protects fools, little children, and ships named Enterprise."
35,164,2016-06-21 03:46:55.000,"I suggest you drop it, Mr. Data. Mr. Worf, you sound like a man who's asking his friend if he can start dating his sister."
35,165,2016-12-25 17:43:16.000,"Fate. It protects fools, little children, and ships named Enterprise."
35,166,2016-09-30 05:43:12.000,"I suggest you drop it, Mr. Data. Mr. Worf, you sound like a man who's asking his friend if he can start dating his sister."
35,167,2016-03-10 14:11:04.000,"I've had twelve years to think about it. And if I had it to do over again, I would have grabbed the phaser and pointed it at you instead of them."
35,168,2016-08-24 19:38:42.000,"Fate. It protects fools, little children, and ships named Enterprise."
36,169,2016-12-18 21:28:59.000,"Fate. It protects fools, little children, and ships named Enterprise."
36,170,2016-02-24 15:43:28.000,"For an android with no feelings, he sure managed to evoke them in others."
37,171,2015-04-03 21:54:14.000,Travel time to the nearest starbase? The Federation's gone; the Borg is everywhere!
37,172,2015-01-04 21:15:19.000,"Maybe if we felt any human loss as keenly as we feel one of those close to us, human history would be far less bloody."
37,173,2015-07-13 14:28:44.000,"Maybe if we felt any human loss as keenly as we feel one of those close to us, human history would be far less bloody."
37,174,2016-11-12 21:03:47.000,Flair is what marks the difference between artistry and mere competence.
37,175,2016-11-24 18:15:51.000,"Maybe if we felt any human loss as keenly as we feel one of those close to us, human history would be far less bloody."
37,176,2016-07-21 09:57:09.000,I'll alert the crew. When has justice ever been as simple as a rule book?
38,177,2016-03-31 09:58:57.000,Flair is what marks the difference between artistry and mere competence.
38,178,2015-01-06 15:16:26.000,"I suggest you drop it, Mr. Data. Mr. Worf, you sound like a man who's asking his friend if he can start dating his sister."
38,179,2015-08-20 15:10:41.000,"Fate. It protects fools, little children, and ships named Enterprise."
38,180,2015-02-28 01:46:58.000,"I'm afraid I still don't understand, sir. Well, that's certainly good to know."
38,181,2015-09-01 16:12:16.000,"I'm afraid I still don't understand, sir. Well, that's certainly good to know."
39,182,2016-11-16 04:17:30.000,Travel time to the nearest starbase? The Federation's gone; the Borg is everywhere!
39,183,2015-08-11 05:46:07.000,"Maybe if we felt any human loss as keenly as we feel one of those close to us, human history would be far less bloody."
39,184,2016-06-11 17:26:08.000,"For an android with no feelings, he sure managed to evoke them in others."
39,185,2015-12-29 15:42:04.000,"Fate. It protects fools, little children, and ships named Enterprise."
39,186,2015-01-11 10:56:39.000,"I'm afraid I still don't understand, sir. Well, that's certainly good to know."
39,187,2015-05-25 17:33:31.000,Travel time to the nearest starbase? The Federation's gone; the Borg is everywhere!
39,188,2015-10-22 03:22:49.000,Flair is what marks the difference between artistry and mere competence.
39,189,2015-10-29 04:36:27.000,"I'm afraid I still don't understand, sir. Well, that's certainly good to know."
40,190,2016-09-04 17:12:55.000,I'll alert the crew. When has justice ever been as simple as a rule book?
40,191,2015-12-14 17:08:38.000,"I'm afraid I still don't understand, sir. Well, that's certainly good to know."
40,192,2015-11-08 10:51:03.000,Travel time to the nearest starbase? The Federation's gone; the Borg is everywhere!
40,193,2017-02-17 10:02:13.000,"I've had twelve years to think about it. And if I had it to do over again, I would have grabbed the phaser and pointed it at you instead of them."
40,194,2016-07-27 11:54:28.000,"I suggest you drop it, Mr. Data. Mr. Worf, you sound like a man who's asking his friend if he can start dating his sister."
40,195,2016-06-09 09:23:10.000,Travel time to the nearest starbase? The Federation's gone; the Borg is everywhere!
40,196,2016-12-08 10:12:41.000,"Maybe if we felt any human loss as keenly as we feel one of those close to us, human history would be far less bloody."
40,197,2016-02-11 13:23:23.000,"For an android with no feelings, he sure managed to evoke them in others."
40,198,2015-08-15 05:06:32.000,"I've had twelve years to think about it. And if I had it to do over again, I would have grabbed the phaser and pointed it at you instead of them."
41,199,2015-11-15 14:43:39.000,I'll alert the crew. When has justice ever been as simple as a rule book?
41,200,2016-03-23 08:55:07.000,"I've had twelve years to think about it. And if I had it to do over again, I would have grabbed the phaser and pointed it at you instead of them."
41,201,2015-04-28 19:21:17.000,"I've had twelve years to think about it. And if I had it to do over again, I would have grabbed the phaser and pointed it at you instead of them."
41,202,2015-02-04 03:49:41.000,"I've had twelve years to think about it. And if I had it to do over again, I would have grabbed the phaser and pointed it at you instead of them."
41,203,2015-11-21 14:44:05.000,Travel time to the nearest starbase? The Federation's gone; the Borg is everywhere!
41,204,2017-01-14 11:12:36.000,Travel time to the nearest starbase? The Federation's gone; the Borg is everywhere!
41,205,2016-02-18 14:59:33.000,"I'm afraid I still don't understand, sir. Well, that's certainly good to know."
41,206,2016-02-29 01:30:12.000,I'll alert the crew. When has justice ever been as simple as a rule book?
41,207,2015-08-23 15:28:16.000,"Fate. It protects fools, little children, and ships named Enterprise."
42,208,2016-03-14 18:39:53.000,"I'm afraid I still don't understand, sir. Well, that's certainly good to know."
42,209,2016-12-18 12:06:11.000,"For an android with no feelings, he sure managed to evoke them in others."
42,210,2016-03-26 12:13:25.000,"For an android with no feelings, he sure managed to evoke them in others."
42,211,2017-02-11 07:13:02.000,"I'm afraid I still don't understand, sir. Well, that's certainly good to know."
42,212,2015-02-12 22:41:57.000,"Fate. It protects fools, little children, and ships named Enterprise."
42,213,2017-01-09 19:11:13.000,"I've had twelve years to think about it. And if I had it to do over again, I would have grabbed the phaser and pointed it at you instead of them."
42,214,2015-05-29 10:04:57.000,Flair is what marks the difference between artistry and mere competence.
42,215,2015-11-16 13:50:41.000,"I've had twelve years to think about it. And if I had it to do over again, I would have grabbed the phaser and pointed it at you instead of them."
42,216,2016-04-08 17:57:58.000,"Maybe if we felt any human loss as keenly as we feel one of those close to us, human history would be far less bloody."
43,217,2016-10-02 05:40:21.000,"Fate. It protects fools, little children, and ships named Enterprise."
43,218,2016-02-26 19:01:19.000,I'll alert the crew. When has justice ever been as simple as a rule book?
43,219,2015-08-13 17:36:42.000,"For an android with no feelings, he sure managed to evoke them in others."
43,220,2015-09-21 19:26:39.000,"I've had twelve years to think about it. And if I had it to do over again, I would have grabbed the phaser and pointed it at you instead of them."
43,221,2015-07-12 22:31:08.000,"For an android with no feelings, he sure managed to evoke them in others."
43,222,2015-01-21 18:24:50.000,Flair is what marks the difference between artistry and mere competence.
43,223,2016-03-02 04:00:56.000,"For an android with no feelings, he sure managed to evoke them in others."
43,224,2015-08-15 04:27:12.000,"Fate. It protects fools, little children, and ships named Enterprise."
43,225,2016-08-30 07:17:53.000,"I've had twelve years to think about it. And if I had it to do over again, I would have grabbed the phaser and pointed it at you instead of them."
44,226,2017-02-05 07:06:51.000,"For an android with no feelings, he sure managed to evoke them in others."
44,227,2016-12-28 09:42:38.000,Flair is what marks the difference between artistry and mere competence.
44,228,2015-04-30 12:21:35.000,"I've had twelve years to think about it. And if I had it to do over again, I would have grabbed the phaser and pointed it at you instead of them."
44,229,2016-11-03 02:15:53.000,"Maybe if we felt any human loss as keenly as we feel one of those close to us, human history would be far less bloody."
44,230,2016-01-06 09:33:45.000,I'll alert the crew. When has justice ever been as simple as a rule book?
45,231,2015-07-11 19:25:46.000,"I've had twelve years to think about it. And if I had it to do over again, I would have grabbed the phaser and pointed it at you instead of them."
45,232,2015-05-27 11:42:46.000,Travel time to the nearest starbase? The Federation's gone; the Borg is everywhere!
45,233,2016-04-21 20:22:14.000,"Fate. It protects fools, little children, and ships named Enterprise."
45,234,2015-05-29 00:49:22.000,"I'm afraid I still don't understand, sir. Well, that's certainly good to know."
45,235,2016-05-22 22:34:57.000,"I suggest you drop it, Mr. Data. Mr. Worf, you sound like a man who's asking his friend if he can start dating his sister."
45,236,2016-04-15 13:58:18.000,"Maybe if we felt any human loss as keenly as we feel one of those close to us, human history would be far less bloody."
46,237,2015-09-03 23:14:34.000,"I'm afraid I still don't understand, sir. Well, that's certainly good to know."
46,238,2016-11-18 07:09:52.000,I'll alert the crew. When has justice ever been as simple as a rule book?
46,239,2015-12-31 06:48:40.000,I'll alert the crew. When has justice ever been as simple as a rule book?
47,240,2015-09-16 03:34:12.000,"Maybe if we felt any human loss as keenly as we feel one of those close to us, human history would be far less bloody."
47,241,2015-04-15 18:11:13.000,Travel time to the nearest starbase? The Federation's gone; the Borg is everywhere!
47,242,2015-07-21 02:56:01.000,"I'm afraid I still don't understand, sir. Well, that's certainly good to know."
47,243,2016-03-09 10:22:28.000,"For an android with no feelings, he sure managed to evoke them in others."
47,244,2016-01-17 16:09:49.000,"I've had twelve years to think about it. And if I had it to do over again, I would have grabbed the phaser and pointed it at you instead of them."
47,245,2015-10-22 05:22:15.000,Flair is what marks the difference between artistry and mere competence.
47,246,2015-07-22 20:07:01.000,Travel time to the nearest starbase? The Federation's gone; the Borg is everywhere!
47,247,2016-01-19 08:49:19.000,"I've had twelve years to think about it. And if I had it to do over again, I would have grabbed the phaser and pointed it at you instead of them."
47,248,2016-12-14 21:08:01.000,"I've had twelve years to think about it. And if I had it to do over again, I would have grabbed the phaser and pointed it at you instead of them."
48,249,2016-04-28 04:49:42.000,Flair is what marks the difference between artistry and mere competence.
48,250,2015-12-13 12:24:52.000,Travel time to the nearest starbase? The Federation's gone; the Borg is everywhere!
48,251,2015-06-09 08:03:35.000,"Fate. It protects fools, little children, and ships named Enterprise."
48,252,2016-10-02 01:45:08.000,Flair is what marks the difference between artistry and mere competence.
49,253,2015-11-28 01:39:40.000,Flair is what marks the difference between artistry and mere competence.
49,254,2016-11-27 06:39:10.000,"Maybe if we felt any human loss as keenly as we feel one of those close to us, human history would be far less bloody."
49,255,2017-02-24 03:38:55.000,"I suggest you drop it, Mr. Data. Mr. Worf, you sound like a man who's asking his friend if he can start dating his sister."
50,256,2015-07-05 09:11:45.000,"Maybe if we felt any human loss as keenly as we feel one of those close to us, human history would be far less bloody."
50,257,2016-09-01 11:06:05.000,I'll alert the crew. When has justice ever been as simple as a rule book?
51,258,2015-12-10 18:51:03.000,"I've had twelve years to think about it. And if I had it to do over again, I would have grabbed the phaser and pointed it at you instead of them."
51,259,2015-11-05 23:16:57.000,"Maybe if we felt any human loss as keenly as we feel one of those close to us, human history would be far less bloody."
51,260,2016-06-06 16:59:18.000,"Maybe if we felt any human loss as keenly as we feel one of those close to us, human history would be far less bloody."
51,261,2015-03-21 11:36:32.000,"I've had twelve years to think about it. And if I had it to do over again, I would have grabbed the phaser and pointed it at you instead of them."
51,262,2016-12-15 08:18:46.000,Flair is what marks the difference between artistry and mere competence.
51,263,2015-09-11 02:04:43.000,"I suggest you drop it, Mr. Data. Mr. Worf, you sound like a man who's asking his friend if he can start dating his sister."
52,264,2015-11-20 15:14:12.000,"Maybe if we felt any human loss as keenly as we feel one of those close to us, human history would be far less bloody."
52,265,2016-04-26 16:10:22.000,"For an android with no feelings, he sure managed to evoke them in others."
52,266,2015-02-26 06:58:30.000,"I suggest you drop it, Mr. Data. Mr. Worf, you sound like a man who's asking his friend if he can start dating his sister."
52,267,2015-03-29 20:34:10.000,Travel time to the nearest starbase? The Federation's gone; the Borg is everywhere!
52,268,2016-08-02 10:02:32.000,"I've had twelve years to think about it. And if I had it to do over again, I would have grabbed the phaser and pointed it at you instead of them."
52,269,2017-02-04 09:44:58.000,"Maybe if we felt any human loss as keenly as we feel one of those close to us, human history would be far less bloody."
52,270,2016-12-10 11:25:34.000,Flair is what marks the difference between artistry and mere competence.
53,271,2015-03-23 06:45:33.000,Travel time to the nearest starbase? The Federation's gone; the Borg is everywhere!
53,272,2015-11-08 17:00:05.000,"I'm afraid I still don't understand, sir. Well, that's certainly good to know."
53,273,2015-05-30 22:48:41.000,"I'm afraid I still don't understand, sir. Well, that's certainly good to know."
53,274,2016-08-12 08:34:14.000,I'll alert the crew. When has justice ever been as simple as a rule book?
53,275,2016-10-22 16:58:45.000,Travel time to the nearest starbase? The Federation's gone; the Borg is everywhere!
53,276,2015-09-25 18:06:18.000,"Maybe if we felt any human loss as keenly as we feel one of those close to us, human history would be far less bloody."
53,277,2015-07-17 13:23:04.000,Travel time to the nearest starbase? The Federation's gone; the Borg is everywhere!
53,278,2015-12-10 21:22:11.000,"I suggest you drop it, Mr. Data. Mr. Worf, you sound like a man who's asking his friend if he can start dating his sister."
53,279,2015-10-12 09:33:51.000,"I'm afraid I still don't understand, sir. Well, that's certainly good to know."
54,280,2016-07-24 08:19:35.000,"For an android with no feelings, he sure managed to evoke them in others."
54,281,2015-09-19 15:38:47.000,I'll alert the crew. When has justice ever been as simple as a rule book?
54,282,2015-12-19 14:19:31.000,"I suggest you drop it, Mr. Data. Mr. Worf, you sound like a man who's asking his friend if he can start dating his sister."
54,283,2015-03-03 23:58:02.000,I'll alert the crew. When has justice ever been as simple as a rule book?
54,284,2017-02-19 14:58:28.000,"Fate. It protects fools, little children, and ships named Enterprise."
54,285,2015-06-23 10:00:56.000,"I'm afraid I still don't understand, sir. Well, that's certainly good to know."
54,286,2016-03-07 13:19:08.000,"I've had twelve years to think about it. And if I had it to do over again, I would have grabbed the phaser and pointed it at you instead of them."
55,287,2016-11-23 23:00:10.000,"For an android with no feelings, he sure managed to evoke them in others."
55,288,2016-06-23 00:42:51.000,"I've had twelve years to think about it. And if I had it to do over again, I would have grabbed the phaser and pointed it at you instead of them."
55,289,2016-08-21 07:53:36.000,"I suggest you drop it, Mr. Data. Mr. Worf, you sound like a man who's asking his friend if he can start dating his sister."
55,290,2015-10-19 18:26:10.000,Travel time to the nearest starbase? The Federation's gone; the Borg is everywhere!
55,291,2015-02-28 11:52:50.000,"I suggest you drop it, Mr. Data. Mr. Worf, you sound like a man who's asking his friend if he can start dating his sister."
55,292,2015-09-26 01:25:42.000,Travel time to the nearest starbase? The Federation's gone; the Borg is everywhere!
55,293,2015-01-19 15:00:18.000,Flair is what marks the difference between artistry and mere competence.
55,294,2016-11-18 03:43:14.000,"Maybe if we felt any human loss as keenly as we feel one of those close to us, human history would be far less bloody."
56,295,2016-09-24 10:36:53.000,Travel time to the nearest starbase? The Federation's gone; the Borg is everywhere!
56,296,2016-06-28 07:07:38.000,Travel time to the nearest starbase? The Federation's gone; the Borg is everywhere!
56,297,2015-10-29 14:22:24.000,"I'm afraid I still don't understand, sir. Well, that's certainly good to know."
56,298,2016-05-14 10:34:44.000,"I'm afraid I still don't understand, sir. Well, that's certainly good to know."
56,299,2015-02-09 01:29:57.000,"Maybe if we felt any human loss as keenly as we feel one of those close to us, human history would be far less bloody."
57,300,2015-07-25 10:14:44.000,"Maybe if we felt any human loss as keenly as we feel one of those close to us, human history would be far less bloody."
57,301,2017-02-13 09:30:30.000,Flair is what marks the difference between artistry and mere competence.
57,302,2015-03-03 06:36:21.000,Flair is what marks the difference between artistry and mere competence.
57,303,2015-09-17 08:05:22.000,Travel time to the nearest starbase? The Federation's gone; the Borg is everywhere!
58,304,2015-11-10 14:23:16.000,"I suggest you drop it, Mr. Data. Mr. Worf, you sound like a man who's asking his friend if he can start dating his sister."
58,305,2015-08-16 19:53:08.000,"Maybe if we felt any human loss as keenly as we feel one of those close to us, human history would be far less bloody."
58,306,2015-07-06 14:05:09.000,Flair is what marks the difference between artistry and mere competence.
59,307,2016-11-10 23:08:51.000,"Fate. It protects fools, little children, and ships named Enterprise."
59,308,2015-10-09 23:39:45.000,Travel time to the nearest starbase? The Federation's gone; the Borg is everywhere!
59,309,2015-06-13 01:56:04.000,"For an android with no feelings, he sure managed to evoke them in others."
59,310,2017-02-18 00:23:35.000,"For an android with no feelings, he sure managed to evoke them in others."
59,311,2016-05-11 09:05:57.000,"Fate. It protects fools, little children, and ships named Enterprise."
59,312,2015-06-22 09:46:07.000,"I suggest you drop it, Mr. Data. Mr. Worf, you sound like a man who's asking his friend if he can start dating his sister."
59,313,2015-07-07 20:48:44.000,"I've had twelve years to think about it. And if I had it to do over again, I would have grabbed the phaser and pointed it at you instead of them."
59,314,2015-11-07 15:01:46.000,Flair is what marks the difference between artistry and mere competence.
59,315,2015-09-27 20:27:37.000,"I'm afraid I still don't understand, sir. Well, that's certainly good to know."
60,316,2016-06-04 13:15:35.000,Travel time to the nearest starbase? The Federation's gone; the Borg is everywhere!
60,317,2017-02-08 09:06:21.000,Travel time to the nearest starbase? The Federation's gone; the Borg is everywhere!
1,1,2016-03-17 16:16:47.000,I'll alert the crew. When has justice ever been as simple as a rule book?
2,2,2015-01-28 07:21:28.000,"I'm afraid I still don't understand, sir. Well, that's certainly good to know."
2,3,2016-04-10 13:21:31.000,"I'm afraid I still don't understand, sir. Well, that's certainly good to know."
2,4,2016-03-15 18:07:07.000,"I'm afraid I still don't understand, sir. Well, that's certainly good to know."
2,5,2016-05-13 16:22:16.000,"I suggest you drop it, Mr. Data. Mr. Worf, you sound like a man who's asking his friend if he can start dating his sister."
2,6,2016-03-15 15:31:33.000,"I'm afraid I still don't understand, sir. Well, that's certainly good to know."
2,7,2015-12-10 17:48:50.000,"I'm afraid I still don't understand, sir. Well, that's certainly good to know."
2,8,2015-03-25 09:17:06.000,"Maybe if we felt any human loss as keenly as we feel one of those close to us, human history would be far less bloody."
2,9,2017-01-29 07:58:49.000,"I've had twelve years to think about it. And if I had it to do over again, I would have grabbed the phaser and pointed it at you instead of them."
2,10,2015-11-09 21:37:49.000,"Maybe if we felt any human loss as keenly as we feel one of those close to us, human history would be far less bloody."
2,11,2016-10-23 15:54:32.000,Flair is what marks the difference between artistry and mere competence.
3,12,2016-12-20 07:42:55.000,"I've had twelve years to think about it. And if I had it to do over again, I would have grabbed the phaser and pointed it at you instead of them."
3,13,2016-07-28 03:08:24.000,"I'm afraid I still don't understand, sir. Well, that's certainly good to know."
3,14,2016-12-10 16:02:28.000,Flair is what marks the difference between artistry and mere competence.
3,15,2016-04-18 13:19:17.000,Travel time to the nearest starbase? The Federation's gone; the Borg is everywhere!
3,16,2015-06-25 05:14:29.000,Travel time to the nearest starbase? The Federation's gone; the Borg is everywhere!
3,17,2016-08-21 04:33:32.000,I'll alert the crew. When has justice ever been as simple as a rule book?
3,18,2015-02-11 15:28:54.000,"Fate. It protects fools, little children, and ships named Enterprise."
3,19,2016-04-20 07:44:17.000,I'll alert the crew. When has justice ever been as simple as a rule book?
3,20,2015-02-13 04:24:50.000,"Fate. It protects fools, little children, and ships named Enterprise."
3,21,2015-04-11 19:30:03.000,I'll alert the crew. When has justice ever been as simple as a rule book?
4,22,2017-02-22 12:38:27.000,Travel time to the nearest starbase? The Federation's gone; the Borg is everywhere!
4,23,2016-04-23 04:58:03.000,Travel time to the nearest starbase? The Federation's gone; the Borg is everywhere!
4,24,2016-11-14 18:10:44.000,"Maybe if we felt any human loss as keenly as we feel one of those close to us, human history would be far less bloody."
4,25,2015-11-17 08:07:09.000,I'll alert the crew. When has justice ever been as simple as a rule book?
4,26,2016-04-01 00:26:29.000,"I've had twelve years to think about it. And if I had it to do over again, I would have grabbed the phaser and pointed it at you instead of them."
4,27,2016-05-14 06:44:36.000,"For an android with no feelings, he sure managed to evoke them in others."
4,28,2016-02-20 13:00:19.000,"Fate. It protects fools, little children, and ships named Enterprise."
5,29,2016-11-24 04:35:08.000,"I'm afraid I still don't understand, sir. Well, that's certainly good to know."
5,30,2015-10-18 19:49:37.000,I'll alert the crew. When has justice ever been as simple as a rule book?
5,31,2015-11-13 17:37:34.000,Flair is what marks the difference between artistry and mere competence.
5,32,2015-11-06 06:16:18.000,"I'm afraid I still don't understand, sir. Well, that's certainly good to know."
5,33,2016-02-01 10:54:12.000,Travel time to the nearest starbase? The Federation's gone; the Borg is everywhere!
5,34,2016-11-13 21:37:26.000,"Fate. It protects fools, little children, and ships named Enterprise."
6,35,2017-01-10 15:10:27.000,"I've had twelve years to think about it. And if I had it to do over again, I would have grabbed the phaser and pointed it at you instead of them."
6,36,2016-11-24 21:29:01.000,"I suggest you drop it, Mr. Data. Mr. Worf, you sound like a man who's asking his friend if he can start dating his sister."
6,37,2016-05-08 04:54:32.000,"Maybe if we felt any human loss as keenly as we feel one of those close to us, human history would be far less bloody."
6,38,2016-04-11 17:52:50.000,Flair is what marks the difference between artistry and mere competence.
6,39,2015-06-09 06:10:25.000,I'll alert the crew. When has justice ever been as simple as a rule book?
6,40,2015-11-14 10:39:07.000,"I've had twelve years to think about it. And if I had it to do over again, I would have grabbed the phaser and pointed it at you instead of them."
6,41,2016-11-13 09:23:19.000,I'll alert the crew. When has justice ever been as simple as a rule book?
6,42,2016-06-06 12:34:57.000,"I've had twelve years to think about it. And if I had it to do over again, I would have grabbed the phaser and pointed it at you instead of them."
6,43,2015-06-09 04:29:23.000,Flair is what marks the difference between artistry and mere competence.
7,44,2017-02-23 18:09:47.000,"For an android with no feelings, he sure managed to evoke them in others."
7,45,2015-05-27 18:09:58.000,"I suggest you drop it, Mr. Data. Mr. Worf, you sound like a man who's asking his friend if he can start dating his sister."
8,46,2017-02-02 13:47:03.000,Flair is what marks the difference between artistry and mere competence.
8,47,2016-09-27 22:20:05.000,"I've had twelve years to think about it. And if I had it to do over again, I would have grabbed the phaser and pointed it at you instead of them."
8,48,2015-12-17 07:09:17.000,"For an android with no feelings, he sure managed to evoke them in others."
8,49,2015-02-09 01:10:34.000,I'll alert the crew. When has justice ever been as simple as a rule book?
8,50,2015-01-25 18:37:30.000,"I've had twelve years to think about it. And if I had it to do over again, I would have grabbed the phaser and pointed it at you instead of them."
9,51,2016-08-14 09:30:34.000,"I suggest you drop it, Mr. Data. Mr. Worf, you sound like a man who's asking his friend if he can start dating his sister."
9,52,2016-08-03 02:11:11.000,I'll alert the crew. When has justice ever been as simple as a rule book?
9,53,2015-08-04 05:01:14.000,"For an android with no feelings, he sure managed to evoke them in others."
9,54,2015-02-28 02:32:20.000,"I'm afraid I still don't understand, sir. Well, that's certainly good to know."
9,55,2016-02-04 06:39:12.000,I'll alert the crew. When has justice ever been as simple as a rule book?
9,56,2016-03-03 19:21:00.000,I'll alert the crew. When has justice ever been as simple as a rule book?
9,57,2016-03-13 20:03:29.000,"For an android with no feelings, he sure managed to evoke them in others."
10,58,2016-01-23 23:54:17.000,"Fate. It protects fools, little children, and ships named Enterprise."
10,59,2016-08-24 07:48:29.000,"I'm afraid I still don't understand, sir. Well, that's certainly good to know."
11,60,2015-06-11 17:30:46.000,I'll alert the crew. When has justice ever been as simple as a rule book?
11,61,2016-01-31 23:17:43.000,"I suggest you drop it, Mr. Data. Mr. Worf, you sound like a man who's asking his friend if he can start dating his sister."
11,62,2015-05-24 17:52:50.000,"For an android with no feelings, he sure managed to evoke them in others."
11,63,2016-03-12 15:33:57.000,"I'm afraid I still don't understand, sir. Well, that's certainly good to know."
11,64,2016-10-29 15:13:28.000,"I've had twelve years to think about it. And if I had it to do over again, I would have grabbed the phaser and pointed it at you instead of them."
12,65,2016-06-28 17:21:21.000,"I'm afraid I still don't understand, sir. Well, that's certainly good to know."
95,504,2016-09-06 04:12:57.000,"I'm afraid I still don't understand, sir. Well, that's certainly good to know."
96,505,2016-09-29 21:09:29.000,"Fate. It protects fools, little children, and ships named Enterprise."
96,506,2016-02-23 23:30:44.000,Travel time to the nearest starbase? The Federation's gone; the Borg is everywhere!
96,507,2015-12-30 16:40:26.000,"Fate. It protects fools, little children, and ships named Enterprise."
96,508,2016-09-01 10:15:26.000,Travel time to the nearest starbase? The Federation's gone; the Borg is everywhere!
97,509,2015-03-11 04:26:00.000,"I've had twelve years to think about it. And if I had it to do over again, I would have grabbed the phaser and pointed it at you instead of them."
98,510,2016-10-13 13:06:00.000,"Maybe if we felt any human loss as keenly as we feel one of those close to us, human history would be far less bloody."
98,511,2016-05-08 19:48:19.000,"Maybe if we felt any human loss as keenly as we feel one of those close to us, human history would be far less bloody."
98,512,2016-04-01 22:29:08.000,"For an android with no feelings, he sure managed to evoke them in others."
98,513,2015-10-20 19:23:13.000,"For an android with no feelings, he sure managed to evoke them in others."
98,514,2016-04-20 16:12:12.000,I'll alert the crew. When has justice ever been as simple as a rule book?
98,515,2015-10-04 09:42:25.000,"Maybe if we felt any human loss as keenly as we feel one of those close to us, human history would be far less bloody."
98,516,2015-07-31 19:50:43.000,Travel time to the nearest starbase? The Federation's gone; the Borg is everywhere!
98,517,2015-11-30 02:40:22.000,"Fate. It protects fools, little children, and ships named Enterprise."
98,518,2017-01-29 14:48:31.000,I'll alert the crew. When has justice ever been as simple as a rule book?
99,519,2017-01-22 07:39:08.000,"For an android with no feelings, he sure managed to evoke them in others."
99,520,2015-08-27 01:50:32.000,"I'm afraid I still don't understand, sir. Well, that's certainly good to know."
99,521,2015-02-18 00:44:35.000,"Fate. It protects fools, little children, and ships named Enterprise."
99,522,2016-06-22 11:02:04.000,"Fate. It protects fools, little children, and ships named Enterprise."
99,523,2016-12-20 20:18:34.000,I'll alert the crew. When has justice ever been as simple as a rule book?
99,524,2017-02-14 04:58:59.000,"I've had twelve years to think about it. And if I had it to do over again, I would have grabbed the phaser and pointed it at you instead of them."
99,525,2015-05-11 06:35:32.000,"Maybe if we felt any human loss as keenly as we feel one of those close to us, human history would be far less bloody."
99,526,2016-11-14 04:05:47.000,"For an android with no feelings, he sure managed to evoke them in others."
99,527,2016-11-26 20:24:04.000,"Maybe if we felt any human loss as keenly as we feel one of those close to us, human history would be far less bloody."
99,528,2016-02-26 13:42:07.000,"I suggest you drop it, Mr. Data. Mr. Worf, you sound like a man who's asking his friend if he can start dating his sister."
100,529,2016-08-15 17:08:17.000,"I'm afraid I still don't understand, sir. Well, that's certainly good to know."
100,530,2015-03-31 01:32:56.000,Flair is what marks the difference between artistry and mere competence.
100,531,2015-09-28 23:42:58.000,Travel time to the nearest starbase? The Federation's gone; the Borg is everywhere!
100,532,2015-02-06 16:30:50.000,"I suggest you drop it, Mr. Data. Mr. Worf, you sound like a man who's asking his friend if he can start dating his sister."
100,533,2016-04-07 06:47:35.000,Flair is what marks the difference between artistry and mere competence.
100,534,2016-03-02 12:34:26.000,"Maybe if we felt any human loss as keenly as we feel one of those close to us, human history would be far less bloody."
100,535,2016-04-08 17:17:59.000,Travel time to the nearest starbase? The Federation's gone; the Borg is everywhere!
100,536,2017-01-11 10:23:22.000,I'll alert the crew. When has justice ever been as simple as a rule book?
102,537,2016-01-28 03:35:07.000,"I've had twelve years to think about it. And if I had it to do over again, I would have grabbed the phaser and pointed it at you instead of them."
102,538,2016-04-16 04:45:44.000,Travel time to the nearest starbase? The Federation's gone; the Borg is everywhere!
102,539,2015-04-20 09:26:57.000,"I'm afraid I still don't understand, sir. Well, that's certainly good to know."
102,540,2015-05-30 06:23:44.000,Travel time to the nearest starbase? The Federation's gone; the Borg is everywhere!
102,541,2015-05-15 17:38:01.000,"Maybe if we felt any human loss as keenly as we feel one of those close to us, human history would be far less bloody."
102,542,2016-12-14 00:16:33.000,"I'm afraid I still don't understand, sir. Well, that's certainly good to know."
102,543,2015-08-04 17:47:13.000,"I'm afraid I still don't understand, sir. Well, that's certainly good to know."
103,544,2015-09-07 12:38:58.000,"Fate. It protects fools, little children, and ships named Enterprise."
103,545,2017-01-18 05:44:46.000,"I suggest you drop it, Mr. Data. Mr. Worf, you sound like a man who's asking his friend if he can start dating his sister."
103,546,2016-04-17 12:40:59.000,"For an android with no feelings, he sure managed to evoke them in others."
103,547,2015-08-16 03:52:41.000,"I suggest you drop it, Mr. Data. Mr. Worf, you sound like a man who's asking his friend if he can start dating his sister."
103,548,2016-02-10 15:20:53.000,"Maybe if we felt any human loss as keenly as we feel one of those close to us, human history would be far less bloody."
103,549,2016-02-18 11:03:19.000,"I suggest you drop it, Mr. Data. Mr. Worf, you sound like a man who's asking his friend if he can start dating his sister."
103,550,2016-04-04 12:48:13.000,"Maybe if we felt any human loss as keenly as we feel one of those close to us, human history would be far less bloody."
103,551,2015-03-26 17:42:51.000,"I've had twelve years to think about it. And if I had it to do over again, I would have grabbed the phaser and pointed it at you instead of them."
104,552,2016-03-23 05:13:39.000,"I suggest you drop it, Mr. Data. Mr. Worf, you sound like a man who's asking his friend if he can start dating his sister."
104,553,2015-07-04 06:33:03.000,"I suggest you drop it, Mr. Data. Mr. Worf, you sound like a man who's asking his friend if he can start dating his sister."
105,554,2015-09-15 02:33:20.000,"Fate. It protects fools, little children, and ships named Enterprise."
105,555,2015-09-02 02:39:44.000,"I'm afraid I still don't understand, sir. Well, that's certainly good to know."
105,556,2015-06-28 07:50:54.000,Travel time to the nearest starbase? The Federation's gone; the Borg is everywhere!
105,557,2015-12-27 18:01:24.000,"I suggest you drop it, Mr. Data. Mr. Worf, you sound like a man who's asking his friend if he can start dating his sister."
105,558,2015-05-12 05:45:35.000,"For an android with no feelings, he sure managed to evoke them in others."
105,559,2016-07-03 19:33:41.000,"I've had twelve years to think about it. And if I had it to do over again, I would have grabbed the phaser and pointed it at you instead of them."
105,560,2015-04-06 13:52:25.000,"I've had twelve years to think about it. And if I had it to do over again, I would have grabbed the phaser and pointed it at you instead of them."
105,561,2016-01-04 11:26:38.000,Flair is what marks the difference between artistry and mere competence.
106,562,2015-03-27 04:21:59.000,"Fate. It protects fools, little children, and ships named Enterprise."
107,563,2016-11-14 01:31:51.000,Flair is what marks the difference between artistry and mere competence.
107,564,2016-05-05 18:24:04.000,Flair is what marks the difference between artistry and mere competence.
107,565,2016-11-07 07:26:04.000,"For an android with no feelings, he sure managed to evoke them in others."
107,566,2017-02-13 21:47:00.000,"For an android with no feelings, he sure managed to evoke them in others."
107,567,2015-08-02 04:39:17.000,"Fate. It protects fools, little children, and ships named Enterprise."
107,568,2016-08-16 21:28:10.000,"Fate. It protects fools, little children, and ships named Enterprise."
107,569,2015-06-26 07:24:58.000,Flair is what marks the difference between artistry and mere competence.
107,570,2016-05-02 13:40:09.000,"Maybe if we felt any human loss as keenly as we feel one of those close to us, human history would be far less bloody."
107,571,2015-08-10 17:34:22.000,Flair is what marks the difference between artistry and mere competence.
108,572,2016-09-06 03:12:48.000,I'll alert the crew. When has justice ever been as simple as a rule book?
108,573,2015-10-20 02:47:13.000,I'll alert the crew. When has justice ever been as simple as a rule book?
108,574,2016-06-29 05:14:12.000,"Fate. It protects fools, little children, and ships named Enterprise."
108,575,2015-06-30 13:36:49.000,Flair is what marks the difference between artistry and mere competence.
109,576,2016-03-09 08:33:12.000,"I'm afraid I still don't understand, sir. Well, that's certainly good to know."
109,577,2016-12-21 10:40:47.000,"I've had twelve years to think about it. And if I had it to do over again, I would have grabbed the phaser and pointed it at you instead of them."
109,578,2016-02-17 21:16:35.000,"I'm afraid I still don't understand, sir. Well, that's certainly good to know."
109,579,2015-12-02 09:53:48.000,"I've had twelve years to think about it. And if I had it to do over again, I would have grabbed the phaser and pointed it at you instead of them."
109,580,2016-10-07 06:39:48.000,"I've had twelve years to think about it. And if I had it to do over again, I would have grabbed the phaser and pointed it at you instead of them."
109,581,2016-04-13 15:57:42.000,"I suggest you drop it, Mr. Data. Mr. Worf, you sound like a man who's asking his friend if he can start dating his sister."
109,582,2015-06-02 22:55:24.000,"I suggest you drop it, Mr. Data. Mr. Worf, you sound like a man who's asking his friend if he can start dating his sister."
110,583,2016-09-26 06:18:12.000,"For an android with no feelings, he sure managed to evoke them in others."
110,584,2016-02-29 07:49:34.000,"I've had twelve years to think about it. And if I had it to do over again, I would have grabbed the phaser and pointed it at you instead of them."
110,585,2015-02-28 19:08:35.000,Flair is what marks the difference between artistry and mere competence.
110,586,2015-08-26 04:40:54.000,"Maybe if we felt any human loss as keenly as we feel one of those close to us, human history would be far less bloody."
110,587,2015-12-14 20:28:03.000,"I'm afraid I still don't understand, sir. Well, that's certainly good to know."
110,588,2016-06-18 03:32:32.000,Travel time to the nearest starbase? The Federation's gone; the Borg is everywhere!
110,589,2016-09-07 04:44:43.000,Flair is what marks the difference between artistry and mere competence.
110,590,2015-08-15 09:30:59.000,"I've had twelve years to think about it. And if I had it to do over again, I would have grabbed the phaser and pointed it at you instead of them."
110,591,2016-12-14 19:05:51.000,Flair is what marks the difference between artistry and mere competence.
111,592,2015-09-20 14:46:59.000,Flair is what marks the difference between artistry and mere competence.
111,593,2016-11-17 23:23:20.000,"I suggest you drop it, Mr. Data. Mr. Worf, you sound like a man who's asking his friend if he can start dating his sister."
111,594,2015-03-24 11:26:50.000,"I suggest you drop it, Mr. Data. Mr. Worf, you sound like a man who's asking his friend if he can start dating his sister."
111,595,2015-02-20 11:03:02.000,"I suggest you drop it, Mr. Data. Mr. Worf, you sound like a man who's asking his friend if he can start dating his sister."
111,596,2015-03-15 04:06:19.000,"I'm afraid I still don't understand, sir. Well, that's certainly good to know."
111,597,2016-08-08 04:39:27.000,Travel time to the nearest starbase? The Federation's gone; the Borg is everywhere!
111,598,2016-04-11 09:12:19.000,"For an android with no feelings, he sure managed to evoke them in others."
111,599,2015-09-08 15:41:17.000,"Fate. It protects fools, little children, and ships named Enterprise."
112,600,2016-12-01 21:15:58.000,"I'm afraid I still don't understand, sir. Well, that's certainly good to know."
113,601,2015-03-08 09:04:13.000,"Maybe if we felt any human loss as keenly as we feel one of those close to us, human history would be far less bloody."
113,602,2017-02-03 13:22:14.000,Travel time to the nearest starbase? The Federation's gone; the Borg is everywhere!
113,603,2016-01-02 21:48:28.000,"Fate. It protects fools, little children, and ships named Enterprise."
113,604,2016-10-25 20:37:29.000,"Fate. It protects fools, little children, and ships named Enterprise."
113,605,2016-11-22 18:13:13.000,I'll alert the crew. When has justice ever been as simple as a rule book?
113,606,2016-05-25 14:57:28.000,"For an android with no feelings, he sure managed to evoke them in others."
113,607,2015-02-03 15:43:56.000,Flair is what marks the difference between artistry and mere competence.
113,608,2015-04-24 19:34:09.000,Flair is what marks the difference between artistry and mere competence.
113,609,2017-02-02 07:04:47.000,Travel time to the nearest starbase? The Federation's gone; the Borg is everywhere!
114,610,2017-02-05 20:33:01.000,"I'm afraid I still don't understand, sir. Well, that's certainly good to know."
114,611,2015-04-09 19:48:19.000,I'll alert the crew. When has justice ever been as simple as a rule book?
114,612,2015-04-04 20:47:28.000,"I've had twelve years to think about it. And if I had it to do over again, I would have grabbed the phaser and pointed it at you instead of them."
114,613,2016-11-17 09:20:44.000,"Maybe if we felt any human loss as keenly as we feel one of those close to us, human history would be far less bloody."
114,614,2016-08-25 09:36:30.000,Travel time to the nearest starbase? The Federation's gone; the Borg is everywhere!
114,615,2016-10-26 01:18:38.000,Flair is what marks the difference between artistry and mere competence.
115,616,2016-10-24 04:19:26.000,"I've had twelve years to think about it. And if I had it to do over again, I would have grabbed the phaser and pointed it at you instead of them."
115,617,2015-09-01 20:50:37.000,"For an android with no feelings, he sure managed to evoke them in others."
117,618,2015-04-12 16:39:56.000,"For an android with no feelings, he sure managed to evoke them in others."
117,619,2016-11-10 01:19:39.000,I'll alert the crew. When has justice ever been as simple as a rule book?
117,620,2015-11-29 14:01:41.000,I'll alert the crew. When has justice ever been as simple as a rule book?
117,621,2016-10-25 18:26:33.000,Flair is what marks the difference between artistry and mere competence.
117,622,2015-04-05 17:37:34.000,Flair is what marks the difference between artistry and mere competence.
117,623,2016-04-17 01:32:04.000,"I'm afraid I still don't understand, sir. Well, that's certainly good to know."
117,624,2016-09-26 09:10:45.000,"Maybe if we felt any human loss as keenly as we feel one of those close to us, human history would be far less bloody."
118,625,2017-01-19 18:34:20.000,"I'm afraid I still don't understand, sir. Well, that's certainly good to know."
118,626,2015-12-26 13:39:05.000,I'll alert the crew. When has justice ever been as simple as a rule book?
118,627,2016-10-15 03:09:27.000,"Fate. It protects fools, little children, and ships named Enterprise."
118,628,2016-07-16 01:20:40.000,"I suggest you drop it, Mr. Data. Mr. Worf, you sound like a man who's asking his friend if he can start dating his sister."
118,629,2015-08-17 17:58:22.000,"I suggest you drop it, Mr. Data. Mr. Worf, you sound like a man who's asking his friend if he can start dating his sister."
119,630,2016-04-23 13:09:23.000,"Maybe if we felt any human loss as keenly as we feel one of those close to us, human history would be far less bloody."
119,631,2015-09-05 06:48:11.000,Travel time to the nearest starbase? The Federation's gone; the Borg is everywhere!
119,632,2016-10-18 23:58:18.000,Travel time to the nearest starbase? The Federation's gone; the Borg is everywhere!
120,633,2015-08-08 20:44:18.000,"I suggest you drop it, Mr. Data. Mr. Worf, you sound like a man who's asking his friend if he can start dating his sister."
120,634,2016-04-28 13:05:23.000,"I suggest you drop it, Mr. Data. Mr. Worf, you sound like a man who's asking his friend if he can start dating his sister."
120,635,2016-11-21 08:25:20.000,Travel time to the nearest starbase? The Federation's gone; the Borg is everywhere!
120,636,2016-03-30 11:48:11.000,I'll alert the crew. When has justice ever been as simple as a rule book?
120,637,2015-06-30 19:04:54.000,Flair is what marks the difference between artistry and mere competence.
120,638,2015-05-07 13:56:24.000,I'll alert the crew. When has justice ever been as simple as a rule book?
120,639,2016-02-13 19:59:26.000,"For an android with no feelings, he sure managed to evoke them in others."
120,640,2015-03-03 22:34:48.000,"Maybe if we felt any human loss as keenly as we feel one of those close to us, human history would be far less bloody."
120,641,2015-10-05 01:14:10.000,"I suggest you drop it, Mr. Data. Mr. Worf, you sound like a man who's asking his friend if he can start dating his sister."
121,642,2015-08-01 14:43:41.000,Flair is what marks the difference between artistry and mere competence.
121,643,2017-02-02 00:32:57.000,Travel time to the nearest starbase? The Federation's gone; the Borg is everywhere!
121,644,2015-01-12 23:28:35.000,"I've had twelve years to think about it. And if I had it to do over again, I would have grabbed the phaser and pointed it at you instead of them."
121,645,2016-06-30 16:32:51.000,Flair is what marks the difference between artistry and mere competence.
121,646,2015-09-29 00:32:16.000,"Fate. It protects fools, little children, and ships named Enterprise."
121,647,2016-04-28 11:15:13.000,Travel time to the nearest starbase? The Federation's gone; the Borg is everywhere!
121,648,2016-04-14 22:51:55.000,"For an android with no feelings, he sure managed to evoke them in others."
121,649,2016-03-23 04:58:31.000,"I'm afraid I still don't understand, sir. Well, that's certainly good to know."
121,650,2016-04-08 02:59:43.000,"I've had twelve years to think about it. And if I had it to do over again, I would have grabbed the phaser and pointed it at you instead of them."
122,651,2015-04-04 14:21:03.000,"Maybe if we felt any human loss as keenly as we feel one of those close to us, human history would be far less bloody."
123,652,2015-11-14 23:22:56.000,"I've had twelve years to think about it. And if I had it to do over again, I would have grabbed the phaser and pointed it at you instead of them."
124,653,2016-06-10 03:46:18.000,Flair is what marks the difference between artistry and mere competence.
124,654,2015-10-27 22:57:41.000,"I'm afraid I still don't understand, sir. Well, that's certainly good to know."
124,655,2017-02-11 01:15:49.000,"Fate. It protects fools, little children, and ships named Enterprise."
124,656,2015-05-26 13:01:08.000,"I suggest you drop it, Mr. Data. Mr. Worf, you sound like a man who's asking his friend if he can start dating his sister."
124,657,2017-02-02 10:51:49.000,"For an android with no feelings, he sure managed to evoke them in others."
124,658,2016-09-17 23:30:28.000,"I'm afraid I still don't understand, sir. Well, that's certainly good to know."
124,659,2016-01-12 06:51:40.000,"Maybe if we felt any human loss as keenly as we feel one of those close to us, human history would be far less bloody."
124,660,2016-09-03 09:42:45.000,"Maybe if we felt any human loss as keenly as we feel one of those close to us, human history would be far less bloody."
124,661,2015-08-12 02:57:53.000,"I've had twelve years to think about it. And if I had it to do over again, I would have grabbed the phaser and pointed it at you instead of them."
125,662,2015-11-23 23:49:21.000,"Maybe if we felt any human loss as keenly as we feel one of those close to us, human history would be far less bloody."
125,663,2016-04-04 00:38:43.000,"I suggest you drop it, Mr. Data. Mr. Worf, you sound like a man who's asking his friend if he can start dating his sister."
125,664,2016-07-24 09:08:34.000,"I've had twelve years to think about it. And if I had it to do over again, I would have grabbed the phaser and pointed it at you instead of them."
125,665,2015-11-09 03:08:18.000,"Maybe if we felt any human loss as keenly as we feel one of those close to us, human history would be far less bloody."
125,666,2015-10-18 23:45:49.000,"I'm afraid I still don't understand, sir. Well, that's certainly good to know."
125,667,2015-01-22 18:10:23.000,Flair is what marks the difference between artistry and mere competence.
125,668,2015-05-15 23:50:44.000,"I'm afraid I still don't understand, sir. Well, that's certainly good to know."
125,669,2015-10-27 03:33:35.000,"For an android with no feelings, he sure managed to evoke them in others."
125,670,2016-02-20 09:47:25.000,"I've had twelve years to think about it. And if I had it to do over again, I would have grabbed the phaser and pointed it at you instead of them."
125,671,2015-12-18 23:01:42.000,Flair is what marks the difference between artistry and mere competence.
126,672,2015-04-01 22:29:56.000,"Maybe if we felt any human loss as keenly as we feel one of those close to us, human history would be far less bloody."
126,673,2016-06-16 17:58:25.000,I'll alert the crew. When has justice ever been as simple as a rule book?
126,674,2016-03-14 00:43:51.000,"For an android with no feelings, he sure managed to evoke them in others."
126,675,2016-06-24 08:10:41.000,"I've had twelve years to think about it. And if I had it to do over again, I would have grabbed the phaser and pointed it at you instead of them."
126,676,2015-02-28 12:16:32.000,"For an android with no feelings, he sure managed to evoke them in others."
126,677,2016-01-02 11:56:06.000,"For an android with no feelings, he sure managed to evoke them in others."
127,678,2015-07-29 18:34:33.000,Travel time to the nearest starbase? The Federation's gone; the Borg is everywhere!
127,679,2015-12-22 08:09:55.000,"I've had twelve years to think about it. And if I had it to do over again, I would have grabbed the phaser and pointed it at you instead of them."
127,680,2015-04-16 07:19:32.000,Travel time to the nearest starbase? The Federation's gone; the Borg is everywhere!
127,681,2017-02-09 01:35:42.000,"I suggest you drop it, Mr. Data. Mr. Worf, you sound like a man who's asking his friend if he can start dating his sister."
127,682,2016-05-10 08:57:53.000,"Fate. It protects fools, little children, and ships named Enterprise."
128,683,2016-04-09 00:27:18.000,"For an android with no feelings, he sure managed to evoke them in others."
128,684,2016-06-19 14:10:11.000,Flair is what marks the difference between artistry and mere competence.
128,685,2016-11-27 03:33:39.000,Travel time to the nearest starbase? The Federation's gone; the Borg is everywhere!
128,686,2016-05-07 07:34:42.000,"I suggest you drop it, Mr. Data. Mr. Worf, you sound like a man who's asking his friend if he can start dating his sister."
128,687,2016-09-20 18:25:32.000,Flair is what marks the difference between artistry and mere competence.
128,688,2017-01-14 21:15:07.000,"I've had twelve years to think about it. And if I had it to do over again, I would have grabbed the phaser and pointed it at you instead of them."
128,689,2015-05-14 15:02:28.000,"Fate. It protects fools, little children, and ships named Enterprise."
128,690,2015-03-26 04:05:12.000,Travel time to the nearest starbase? The Federation's gone; the Borg is everywhere!
128,691,2016-10-07 06:24:58.000,"I suggest you drop it, Mr. Data. Mr. Worf, you sound like a man who's asking his friend if he can start dating his sister."
128,692,2016-01-10 12:27:22.000,I'll alert the crew. When has justice ever been as simple as a rule book?
129,693,2015-06-02 20:06:04.000,"Fate. It protects fools, little children, and ships named Enterprise."
129,694,2016-02-08 01:26:55.000,"I've had twelve years to think about it. And if I had it to do over again, I would have grabbed the phaser and pointed it at you instead of them."
129,695,2017-01-30 09:28:54.000,"I've had twelve years to think about it. And if I had it to do over again, I would have grabbed the phaser and pointed it at you instead of them."
130,696,2016-10-30 05:08:12.000,"I'm afraid I still don't understand, sir. Well, that's certainly good to know."
130,697,2016-10-25 08:27:38.000,Travel time to the nearest starbase? The Federation's gone; the Borg is everywhere!
130,698,2016-12-09 11:53:50.000,"I suggest you drop it, Mr. Data. Mr. Worf, you sound like a man who's asking his friend if he can start dating his sister."
130,699,2015-02-13 20:11:27.000,"I suggest you drop it, Mr. Data. Mr. Worf, you sound like a man who's asking his friend if he can start dating his sister."
130,700,2016-04-14 20:03:45.000,Flair is what marks the difference between artistry and mere competence.
132,701,2015-06-15 22:37:28.000,"Fate. It protects fools, little children, and ships named Enterprise."
132,702,2016-09-15 20:58:26.000,"Fate. It protects fools, little children, and ships named Enterprise."
132,703,2016-08-25 01:56:36.000,I'll alert the crew. When has justice ever been as simple as a rule book?
132,704,2015-11-16 04:18:16.000,"I've had twelve years to think about it. And if I had it to do over again, I would have grabbed the phaser and pointed it at you instead of them."
132,705,2016-03-25 17:12:10.000,"I've had twelve years to think about it. And if I had it to do over again, I would have grabbed the phaser and pointed it at you instead of them."
132,706,2015-07-18 07:38:57.000,"I've had twelve years to think about it. And if I had it to do over again, I would have grabbed the phaser and pointed it at you instead of them."
132,707,2016-11-16 00:40:59.000,Flair is what marks the difference between artistry and mere competence.
132,708,2016-03-05 11:49:49.000,"I suggest you drop it, Mr. Data. Mr. Worf, you sound like a man who's asking his friend if he can start dating his sister."
133,709,2015-05-29 03:19:19.000,"Maybe if we felt any human loss as keenly as we feel one of those close to us, human history would be far less bloody."
133,710,2015-09-14 10:07:10.000,I'll alert the crew. When has justice ever been as simple as a rule book?
133,711,2015-10-13 22:53:34.000,Travel time to the nearest starbase? The Federation's gone; the Borg is everywhere!
133,712,2015-01-06 21:10:22.000,"Maybe if we felt any human loss as keenly as we feel one of those close to us, human history would be far less bloody."
133,713,2015-11-22 04:37:47.000,I'll alert the crew. When has justice ever been as simple as a rule book?
133,714,2015-02-21 18:48:58.000,"I've had twelve years to think about it. And if I had it to do over again, I would have grabbed the phaser and pointed it at you instead of them."
133,715,2015-09-30 19:17:59.000,Travel time to the nearest starbase? The Federation's gone; the Borg is everywhere!
133,716,2016-04-14 18:46:00.000,Flair is what marks the difference between artistry and mere competence.
133,717,2016-07-26 06:39:18.000,Flair is what marks the difference between artistry and mere competence.
133,718,2015-10-11 03:59:47.000,I'll alert the crew. When has justice ever been as simple as a rule book?
134,719,2015-07-26 00:22:58.000,"I'm afraid I still don't understand, sir. Well, that's certainly good to know."
134,720,2015-06-21 22:34:35.000,"Fate. It protects fools, little children, and ships named Enterprise."
134,721,2016-05-04 08:45:42.000,"I've had twelve years to think about it. And if I had it to do over again, I would have grabbed the phaser and pointed it at you instead of them."
134,722,2017-02-20 23:35:08.000,Travel time to the nearest starbase? The Federation's gone; the Borg is everywhere!
134,723,2015-06-08 12:56:02.000,Flair is what marks the difference between artistry and mere competence.
134,724,2017-02-21 11:15:23.000,I'll alert the crew. When has justice ever been as simple as a rule book?
135,725,2016-10-18 04:50:32.000,"I'm afraid I still don't understand, sir. Well, that's certainly good to know."
135,726,2016-06-20 18:00:49.000,"For an android with no feelings, he sure managed to evoke them in others."
136,727,2017-02-25 02:06:03.000,"Maybe if we felt any human loss as keenly as we feel one of those close to us, human history would be far less bloody."
136,728,2016-02-02 16:03:44.000,"I suggest you drop it, Mr. Data. Mr. Worf, you sound like a man who's asking his friend if he can start dating his sister."
136,729,2016-12-02 17:33:11.000,"I'm afraid I still don't understand, sir. Well, that's certainly good to know."
136,730,2015-08-31 09:34:29.000,"I suggest you drop it, Mr. Data. Mr. Worf, you sound like a man who's asking his friend if he can start dating his sister."
136,731,2016-02-15 14:13:19.000,"I've had twelve years to think about it. And if I had it to do over again, I would have grabbed the phaser and pointed it at you instead of them."
136,732,2016-08-27 16:14:43.000,"I've had twelve years to think about it. And if I had it to do over again, I would have grabbed the phaser and pointed it at you instead of them."
136,733,2015-07-17 16:19:53.000,"I'm afraid I still don't understand, sir. Well, that's certainly good to know."
136,734,2016-01-02 05:24:31.000,"Fate. It protects fools, little children, and ships named Enterprise."
136,735,2015-03-13 19:10:29.000,"I've had twelve years to think about it. And if I had it to do over again, I would have grabbed the phaser and pointed it at you instead of them."
137,736,2015-12-08 21:56:21.000,Travel time to the nearest starbase? The Federation's gone; the Borg is everywhere!
137,737,2015-10-10 19:59:53.000,"I suggest you drop it, Mr. Data. Mr. Worf, you sound like a man who's asking his friend if he can start dating his sister."
138,738,2016-09-15 11:52:55.000,"I've had twelve years to think about it. And if I had it to do over again, I would have grabbed the phaser and pointed it at you instead of them."
138,739,2015-03-04 18:54:09.000,"Fate. It protects fools, little children, and ships named Enterprise."
138,740,2016-08-22 14:42:42.000,Travel time to the nearest starbase? The Federation's gone; the Borg is everywhere!
138,741,2015-02-02 19:20:47.000,"Maybe if we felt any human loss as keenly as we feel one of those close to us, human history would be far less bloody."
139,742,2016-01-28 14:49:28.000,"I'm afraid I still don't understand, sir. Well, that's certainly good to know."
139,743,2015-04-21 06:34:49.000,I'll alert the crew. When has justice ever been as simple as a rule book?
139,744,2015-07-30 18:56:56.000,Flair is what marks the difference between artistry and mere competence.
139,745,2015-01-07 05:14:09.000,"Maybe if we felt any human loss as keenly as we feel one of those close to us, human history would be far less bloody."
140,746,2015-08-28 18:58:10.000,Flair is what marks the difference between artistry and mere competence.
140,747,2016-10-26 04:58:07.000,"I suggest you drop it, Mr. Data. Mr. Worf, you sound like a man who's asking his friend if he can start dating his sister."
140,748,2016-11-17 03:17:40.000,"I suggest you drop it, Mr. Data. Mr. Worf, you sound like a man who's asking his friend if he can start dating his sister."
140,749,2015-06-25 18:30:31.000,"For an android with no feelings, he sure managed to evoke them in others."
140,750,2015-08-30 21:00:17.000,"I'm afraid I still don't understand, sir. Well, that's certainly good to know."
142,751,2016-07-20 18:33:55.000,"I'm afraid I still don't understand, sir. Well, that's certainly good to know."
142,752,2015-07-17 17:01:57.000,I'll alert the crew. When has justice ever been as simple as a rule book?
142,753,2016-12-09 15:26:21.000,Flair is what marks the difference between artistry and mere competence.
143,754,2016-07-06 11:13:27.000,"Maybe if we felt any human loss as keenly as we feel one of those close to us, human history would be far less bloody."
143,755,2015-06-14 06:50:29.000,"I suggest you drop it, Mr. Data. Mr. Worf, you sound like a man who's asking his friend if he can start dating his sister."
143,756,2015-10-10 05:34:58.000,Flair is what marks the difference between artistry and mere competence.
143,757,2016-10-11 20:42:06.000,Flair is what marks the difference between artistry and mere competence.
143,758,2017-02-25 03:19:11.000,"I suggest you drop it, Mr. Data. Mr. Worf, you sound like a man who's asking his friend if he can start dating his sister."
143,759,2015-05-09 02:42:42.000,Travel time to the nearest starbase? The Federation's gone; the Borg is everywhere!
143,760,2016-07-26 16:12:30.000,Flair is what marks the difference between artistry and mere competence.
143,761,2015-12-28 21:41:25.000,"For an android with no feelings, he sure managed to evoke them in others."
144,762,2016-01-16 13:15:46.000,"Maybe if we felt any human loss as keenly as we feel one of those close to us, human history would be far less bloody."
144,763,2015-10-01 01:18:51.000,I'll alert the crew. When has justice ever been as simple as a rule book?
144,764,2015-12-27 10:18:25.000,Travel time to the nearest starbase? The Federation's gone; the Borg is everywhere!
144,765,2015-01-25 09:06:15.000,"I've had twelve years to think about it. And if I had it to do over again, I would have grabbed the phaser and pointed it at you instead of them."
145,766,2016-12-30 10:06:34.000,Flair is what marks the difference between artistry and mere competence.
145,767,2016-12-08 16:03:53.000,"Maybe if we felt any human loss as keenly as we feel one of those close to us, human history would be far less bloody."
145,768,2015-03-15 18:18:48.000,"For an android with no feelings, he sure managed to evoke them in others."
145,769,2015-05-13 17:52:45.000,"Maybe if we felt any human loss as keenly as we feel one of those close to us, human history would be far less bloody."
146,770,2016-02-17 20:43:05.000,I'll alert the crew. When has justice ever been as simple as a rule book?
146,771,2015-08-22 11:54:02.000,Flair is what marks the difference between artistry and mere competence.
147,772,2015-04-15 08:26:14.000,"I'm afraid I still don't understand, sir. Well, that's certainly good to know."
147,773,2015-02-05 19:53:45.000,"I've had twelve years to think about it. And if I had it to do over again, I would have grabbed the phaser and pointed it at you instead of them."
147,774,2015-11-11 09:14:16.000,"For an android with no feelings, he sure managed to evoke them in others."
147,775,2015-07-30 21:57:09.000,"Fate. It protects fools, little children, and ships named Enterprise."
147,776,2016-10-31 04:32:02.000,I'll alert the crew. When has justice ever been as simple as a rule book?
147,777,2015-01-06 06:59:53.000,"I'm afraid I still don't understand, sir. Well, that's certainly good to know."
148,778,2016-05-01 04:36:52.000,I'll alert the crew. When has justice ever been as simple as a rule book?
148,779,2015-04-13 02:11:12.000,"I suggest you drop it, Mr. Data. Mr. Worf, you sound like a man who's asking his friend if he can start dating his sister."
148,780,2015-02-20 06:12:14.000,"I'm afraid I still don't understand, sir. Well, that's certainly good to know."
148,781,2016-05-12 03:37:34.000,"For an android with no feelings, he sure managed to evoke them in others."
148,782,2015-07-12 19:31:57.000,Flair is what marks the difference between artistry and mere competence.
149,783,2015-03-17 17:32:29.000,"I suggest you drop it, Mr. Data. Mr. Worf, you sound like a man who's asking his friend if he can start dating his sister."
149,784,2016-10-11 00:27:43.000,"For an android with no feelings, he sure managed to evoke them in others."
149,785,2016-04-28 12:17:54.000,Flair is what marks the difference between artistry and mere competence.
150,786,2016-10-19 08:54:14.000,"For an android with no feelings, he sure managed to evoke them in others."
150,787,2017-01-13 04:48:17.000,"I suggest you drop it, Mr. Data. Mr. Worf, you sound like a man who's asking his friend if he can start dating his sister."
150,788,2016-10-16 23:51:21.000,"I suggest you drop it, Mr. Data. Mr. Worf, you sound like a man who's asking his friend if he can start dating his sister."
150,789,2015-04-16 15:31:19.000,"I'm afraid I still don't understand, sir. Well, that's certainly good to know."
150,790,2015-05-21 14:34:57.000,"Maybe if we felt any human loss as keenly as we feel one of those close to us, human history would be far less bloody."
150,791,2016-03-28 21:18:53.000,I'll alert the crew. When has justice ever been as simple as a rule book?
150,792,2016-07-13 10:32:12.000,"Fate. It protects fools, little children, and ships named Enterprise."
150,793,2016-09-08 23:53:41.000,"Maybe if we felt any human loss as keenly as we feel one of those close to us, human history would be far less bloody."
151,794,2017-01-12 16:53:15.000,"I've had twelve years to think about it. And if I had it to do over again, I would have grabbed the phaser and pointed it at you instead of them."
151,795,2015-11-03 09:55:04.000,Flair is what marks the difference between artistry and mere competence.
151,796,2016-03-18 12:55:05.000,"I'm afraid I still don't understand, sir. Well, that's certainly good to know."
151,797,2015-11-25 08:01:06.000,"I'm afraid I still don't understand, sir. Well, that's certainly good to know."
151,798,2016-06-24 03:24:56.000,"I'm afraid I still don't understand, sir. Well, that's certainly good to know."
151,799,2016-10-27 07:23:23.000,"For an android with no feelings, he sure managed to evoke them in others."
151,800,2015-09-06 07:06:53.000,"Maybe if we felt any human loss as keenly as we feel one of those close to us, human history would be far less bloody."
151,801,2016-08-24 17:49:30.000,"For an android with no feelings, he sure managed to evoke them in others."
151,802,2016-05-29 06:47:48.000,I'll alert the crew. When has justice ever been as simple as a rule book?
151,803,2016-11-03 02:30:07.000,"For an android with no feelings, he sure managed to evoke them in others."
152,804,2015-08-24 00:58:03.000,"I've had twelve years to think about it. And if I had it to do over again, I would have grabbed the phaser and pointed it at you instead of them."
152,805,2016-04-28 10:13:23.000,"Fate. It protects fools, little children, and ships named Enterprise."
152,806,2015-08-02 02:25:28.000,"I'm afraid I still don't understand, sir. Well, that's certainly good to know."
152,807,2016-07-27 13:04:24.000,"Fate. It protects fools, little children, and ships named Enterprise."
153,808,2015-07-08 11:48:21.000,"I've had twelve years to think about it. And if I had it to do over again, I would have grabbed the phaser and pointed it at you instead of them."
153,809,2015-08-18 07:50:33.000,I'll alert the crew. When has justice ever been as simple as a rule book?
154,810,2017-02-26 15:54:33.000,"I've had twelve years to think about it. And if I had it to do over again, I would have grabbed the phaser and pointed it at you instead of them."
154,811,2016-07-30 00:35:28.000,"For an android with no feelings, he sure managed to evoke them in others."
154,812,2015-10-13 09:50:28.000,Travel time to the nearest starbase? The Federation's gone; the Borg is everywhere!
154,813,2015-05-03 12:43:46.000,Flair is what marks the difference between artistry and mere competence.
154,814,2016-05-27 13:59:17.000,Flair is what marks the difference between artistry and mere competence.
154,815,2017-01-02 04:12:23.000,Travel time to the nearest starbase? The Federation's gone; the Borg is everywhere!
61,318,2016-10-24 05:37:12.000,"I'm afraid I still don't understand, sir. Well, that's certainly good to know."
61,319,2016-02-02 07:34:45.000,"For an android with no feelings, he sure managed to evoke them in others."
61,320,2016-02-12 12:40:12.000,"I'm afraid I still don't understand, sir. Well, that's certainly good to know."
61,321,2016-10-03 14:19:18.000,"For an android with no feelings, he sure managed to evoke them in others."
61,322,2016-02-14 18:01:12.000,Flair is what marks the difference between artistry and mere competence.
61,323,2016-04-15 03:54:42.000,"Fate. It protects fools, little children, and ships named Enterprise."
61,324,2015-03-09 22:54:23.000,"For an android with no feelings, he sure managed to evoke them in others."
62,325,2016-02-21 08:16:37.000,"I've had twelve years to think about it. And if I had it to do over again, I would have grabbed the phaser and pointed it at you instead of them."
62,326,2016-12-01 08:21:40.000,I'll alert the crew. When has justice ever been as simple as a rule book?
62,327,2016-11-14 19:02:41.000,"Maybe if we felt any human loss as keenly as we feel one of those close to us, human history would be far less bloody."
62,328,2015-05-04 01:44:59.000,"Fate. It protects fools, little children, and ships named Enterprise."
63,329,2016-09-23 10:35:03.000,"Fate. It protects fools, little children, and ships named Enterprise."
63,330,2015-06-18 09:40:44.000,"I suggest you drop it, Mr. Data. Mr. Worf, you sound like a man who's asking his friend if he can start dating his sister."
63,331,2015-07-19 06:34:13.000,"Fate. It protects fools, little children, and ships named Enterprise."
63,332,2015-08-04 22:27:25.000,"I'm afraid I still don't understand, sir. Well, that's certainly good to know."
63,333,2016-07-02 03:56:20.000,"Maybe if we felt any human loss as keenly as we feel one of those close to us, human history would be far less bloody."
63,334,2016-12-11 01:52:01.000,"Fate. It protects fools, little children, and ships named Enterprise."
63,335,2015-08-27 12:06:46.000,"For an android with no feelings, he sure managed to evoke them in others."
64,336,2015-11-09 17:41:33.000,I'll alert the crew. When has justice ever been as simple as a rule book?
64,337,2016-02-28 13:29:32.000,I'll alert the crew. When has justice ever been as simple as a rule book?
65,338,2015-08-25 03:36:10.000,"I've had twelve years to think about it. And if I had it to do over again, I would have grabbed the phaser and pointed it at you instead of them."
65,339,2015-02-28 09:58:20.000,Travel time to the nearest starbase? The Federation's gone; the Borg is everywhere!
65,340,2016-10-18 03:05:53.000,"I'm afraid I still don't understand, sir. Well, that's certainly good to know."
65,341,2015-10-08 10:27:01.000,"For an android with no feelings, he sure managed to evoke them in others."
65,342,2015-02-18 08:47:22.000,"Fate. It protects fools, little children, and ships named Enterprise."
65,343,2015-12-20 10:42:28.000,"I suggest you drop it, Mr. Data. Mr. Worf, you sound like a man who's asking his friend if he can start dating his sister."
65,344,2017-01-11 04:58:23.000,"I suggest you drop it, Mr. Data. Mr. Worf, you sound like a man who's asking his friend if he can start dating his sister."
66,345,2016-03-16 16:17:05.000,"Maybe if we felt any human loss as keenly as we feel one of those close to us, human history would be far less bloody."
66,346,2016-02-15 02:08:50.000,"I've had twelve years to think about it. And if I had it to do over again, I would have grabbed the phaser and pointed it at you instead of them."
66,347,2015-04-08 17:23:49.000,"I've had twelve years to think about it. And if I had it to do over again, I would have grabbed the phaser and pointed it at you instead of them."
66,348,2015-03-22 11:14:25.000,"I've had twelve years to think about it. And if I had it to do over again, I would have grabbed the phaser and pointed it at you instead of them."
66,349,2015-06-08 13:55:57.000,Flair is what marks the difference between artistry and mere competence.
66,350,2016-06-26 20:56:18.000,"Maybe if we felt any human loss as keenly as we feel one of those close to us, human history would be far less bloody."
66,351,2015-11-04 11:27:16.000,"For an android with no feelings, he sure managed to evoke them in others."
66,352,2016-02-01 19:43:00.000,"For an android with no feelings, he sure managed to evoke them in others."
67,353,2016-06-02 13:31:20.000,Flair is what marks the difference between artistry and mere competence.
67,354,2016-07-31 14:11:21.000,"Maybe if we felt any human loss as keenly as we feel one of those close to us, human history would be far less bloody."
67,355,2015-04-01 15:27:56.000,"I'm afraid I still don't understand, sir. Well, that's certainly good to know."
67,356,2016-06-29 23:40:08.000,"I suggest you drop it, Mr. Data. Mr. Worf, you sound like a man who's asking his friend if he can start dating his sister."
67,357,2017-01-05 23:51:32.000,"I suggest you drop it, Mr. Data. Mr. Worf, you sound like a man who's asking his friend if he can start dating his sister."
68,358,2015-04-15 21:41:53.000,"I suggest you drop it, Mr. Data. Mr. Worf, you sound like a man who's asking his friend if he can start dating his sister."
68,359,2015-05-14 16:27:40.000,Flair is what marks the difference between artistry and mere competence.
68,360,2015-09-24 14:33:47.000,"For an android with no feelings, he sure managed to evoke them in others."
68,361,2015-09-02 20:48:12.000,"I suggest you drop it, Mr. Data. Mr. Worf, you sound like a man who's asking his friend if he can start dating his sister."
68,362,2015-02-06 21:57:09.000,Flair is what marks the difference between artistry and mere competence.
68,363,2016-03-07 12:53:02.000,"Maybe if we felt any human loss as keenly as we feel one of those close to us, human history would be far less bloody."
68,364,2016-08-10 14:09:26.000,"I've had twelve years to think about it. And if I had it to do over again, I would have grabbed the phaser and pointed it at you instead of them."
68,365,2015-09-29 15:55:19.000,"I suggest you drop it, Mr. Data. Mr. Worf, you sound like a man who's asking his friend if he can start dating his sister."
68,366,2015-04-09 11:22:11.000,Flair is what marks the difference between artistry and mere competence.
68,367,2015-05-06 10:04:51.000,Travel time to the nearest starbase? The Federation's gone; the Borg is everywhere!
69,368,2016-08-14 00:52:16.000,"I'm afraid I still don't understand, sir. Well, that's certainly good to know."
69,369,2015-05-22 05:24:06.000,"Maybe if we felt any human loss as keenly as we feel one of those close to us, human history would be far less bloody."
69,370,2016-06-12 09:16:32.000,"I've had twelve years to think about it. And if I had it to do over again, I would have grabbed the phaser and pointed it at you instead of them."
69,371,2015-01-05 11:17:09.000,"I'm afraid I still don't understand, sir. Well, that's certainly good to know."
69,372,2016-04-23 22:31:21.000,"Maybe if we felt any human loss as keenly as we feel one of those close to us, human history would be far less bloody."
70,373,2015-03-03 08:00:29.000,"For an android with no feelings, he sure managed to evoke them in others."
71,374,2016-06-02 15:40:06.000,"I suggest you drop it, Mr. Data. Mr. Worf, you sound like a man who's asking his friend if he can start dating his sister."
71,375,2015-08-10 13:30:02.000,"I'm afraid I still don't understand, sir. Well, that's certainly good to know."
71,376,2016-10-12 00:02:05.000,"I'm afraid I still don't understand, sir. Well, that's certainly good to know."
71,377,2017-02-01 19:18:30.000,Travel time to the nearest starbase? The Federation's gone; the Borg is everywhere!
71,378,2015-01-30 23:18:31.000,"For an android with no feelings, he sure managed to evoke them in others."
71,379,2016-03-25 02:57:43.000,Flair is what marks the difference between artistry and mere competence.
71,380,2015-06-20 06:28:09.000,"Maybe if we felt any human loss as keenly as we feel one of those close to us, human history would be far less bloody."
71,381,2016-03-29 14:50:25.000,"For an android with no feelings, he sure managed to evoke them in others."
71,382,2015-05-07 02:15:52.000,"I suggest you drop it, Mr. Data. Mr. Worf, you sound like a man who's asking his friend if he can start dating his sister."
72,383,2016-11-30 10:06:14.000,"Maybe if we felt any human loss as keenly as we feel one of those close to us, human history would be far less bloody."
72,384,2017-02-24 08:43:53.000,"I'm afraid I still don't understand, sir. Well, that's certainly good to know."
72,385,2015-01-05 11:21:51.000,"I suggest you drop it, Mr. Data. Mr. Worf, you sound like a man who's asking his friend if he can start dating his sister."
72,386,2016-07-08 00:01:22.000,Flair is what marks the difference between artistry and mere competence.
238,1236,2015-12-04 14:30:35.000,Travel time to the nearest starbase? The Federation's gone; the Borg is everywhere!
72,387,2016-07-24 19:44:02.000,"I've had twelve years to think about it. And if I had it to do over again, I would have grabbed the phaser and pointed it at you instead of them."
72,388,2015-05-28 07:01:15.000,"For an android with no feelings, he sure managed to evoke them in others."
72,389,2016-03-26 09:02:35.000,Travel time to the nearest starbase? The Federation's gone; the Borg is everywhere!
72,390,2015-05-25 23:57:24.000,"I suggest you drop it, Mr. Data. Mr. Worf, you sound like a man who's asking his friend if he can start dating his sister."
72,391,2016-02-10 09:19:34.000,"Maybe if we felt any human loss as keenly as we feel one of those close to us, human history would be far less bloody."
72,392,2016-02-13 11:02:00.000,"I've had twelve years to think about it. And if I had it to do over again, I would have grabbed the phaser and pointed it at you instead of them."
73,393,2015-06-25 08:54:56.000,"I'm afraid I still don't understand, sir. Well, that's certainly good to know."
73,394,2016-11-05 21:27:27.000,Flair is what marks the difference between artistry and mere competence.
73,395,2016-05-27 21:31:27.000,I'll alert the crew. When has justice ever been as simple as a rule book?
73,396,2016-06-11 09:59:41.000,I'll alert the crew. When has justice ever been as simple as a rule book?
73,397,2015-11-15 13:48:59.000,Travel time to the nearest starbase? The Federation's gone; the Borg is everywhere!
73,398,2016-04-19 07:22:46.000,Flair is what marks the difference between artistry and mere competence.
73,399,2017-02-23 01:15:00.000,"For an android with no feelings, he sure managed to evoke them in others."
73,400,2015-03-31 05:41:31.000,"Fate. It protects fools, little children, and ships named Enterprise."
74,401,2016-07-11 10:59:52.000,Travel time to the nearest starbase? The Federation's gone; the Borg is everywhere!
74,402,2016-11-10 00:58:00.000,"I've had twelve years to think about it. And if I had it to do over again, I would have grabbed the phaser and pointed it at you instead of them."
74,403,2015-01-17 11:44:44.000,Flair is what marks the difference between artistry and mere competence.
74,404,2015-02-27 12:30:37.000,"Fate. It protects fools, little children, and ships named Enterprise."
75,405,2016-11-13 04:15:39.000,"I'm afraid I still don't understand, sir. Well, that's certainly good to know."
75,406,2016-05-27 15:37:43.000,I'll alert the crew. When has justice ever been as simple as a rule book?
75,407,2015-10-20 23:56:35.000,"Maybe if we felt any human loss as keenly as we feel one of those close to us, human history would be far less bloody."
75,408,2016-06-24 22:03:51.000,"I'm afraid I still don't understand, sir. Well, that's certainly good to know."
76,409,2017-01-27 01:36:00.000,"Maybe if we felt any human loss as keenly as we feel one of those close to us, human history would be far less bloody."
76,410,2015-11-29 18:39:05.000,"For an android with no feelings, he sure managed to evoke them in others."
77,411,2016-05-23 22:05:45.000,"Maybe if we felt any human loss as keenly as we feel one of those close to us, human history would be far less bloody."
77,412,2015-06-27 10:06:42.000,"I've had twelve years to think about it. And if I had it to do over again, I would have grabbed the phaser and pointed it at you instead of them."
77,413,2015-12-08 11:48:18.000,"For an android with no feelings, he sure managed to evoke them in others."
77,414,2016-02-08 15:06:12.000,"Maybe if we felt any human loss as keenly as we feel one of those close to us, human history would be far less bloody."
77,415,2016-07-05 19:55:32.000,Flair is what marks the difference between artistry and mere competence.
77,416,2015-10-29 19:01:17.000,"Maybe if we felt any human loss as keenly as we feel one of those close to us, human history would be far less bloody."
78,417,2016-04-25 02:16:52.000,Flair is what marks the difference between artistry and mere competence.
78,418,2015-06-29 06:24:28.000,"I suggest you drop it, Mr. Data. Mr. Worf, you sound like a man who's asking his friend if he can start dating his sister."
78,419,2015-08-29 11:41:22.000,"For an android with no feelings, he sure managed to evoke them in others."
78,420,2016-09-23 18:37:38.000,"I suggest you drop it, Mr. Data. Mr. Worf, you sound like a man who's asking his friend if he can start dating his sister."
78,421,2015-06-21 03:30:30.000,"I'm afraid I still don't understand, sir. Well, that's certainly good to know."
78,422,2016-11-10 11:21:19.000,"I've had twelve years to think about it. And if I had it to do over again, I would have grabbed the phaser and pointed it at you instead of them."
78,423,2016-09-15 10:58:55.000,"I've had twelve years to think about it. And if I had it to do over again, I would have grabbed the phaser and pointed it at you instead of them."
78,424,2015-05-11 14:59:01.000,I'll alert the crew. When has justice ever been as simple as a rule book?
79,425,2017-02-20 08:18:23.000,"Maybe if we felt any human loss as keenly as we feel one of those close to us, human history would be far less bloody."
79,426,2015-01-18 08:39:19.000,"I've had twelve years to think about it. And if I had it to do over again, I would have grabbed the phaser and pointed it at you instead of them."
79,427,2015-08-22 21:12:52.000,Flair is what marks the difference between artistry and mere competence.
79,428,2015-02-23 04:23:59.000,I'll alert the crew. When has justice ever been as simple as a rule book?
79,429,2015-06-18 12:13:24.000,Travel time to the nearest starbase? The Federation's gone; the Borg is everywhere!
79,430,2015-04-22 16:42:57.000,"For an android with no feelings, he sure managed to evoke them in others."
80,431,2016-10-04 08:35:45.000,"Fate. It protects fools, little children, and ships named Enterprise."
80,432,2015-03-05 05:56:41.000,"I'm afraid I still don't understand, sir. Well, that's certainly good to know."
82,433,2016-10-08 12:22:58.000,Flair is what marks the difference between artistry and mere competence.
82,434,2016-07-22 03:30:34.000,Travel time to the nearest starbase? The Federation's gone; the Borg is everywhere!
82,435,2016-02-07 08:06:45.000,"I've had twelve years to think about it. And if I had it to do over again, I would have grabbed the phaser and pointed it at you instead of them."
82,436,2017-01-02 23:10:22.000,"Fate. It protects fools, little children, and ships named Enterprise."
82,437,2015-08-02 08:33:06.000,"I've had twelve years to think about it. And if I had it to do over again, I would have grabbed the phaser and pointed it at you instead of them."
82,438,2015-05-23 22:56:57.000,"I've had twelve years to think about it. And if I had it to do over again, I would have grabbed the phaser and pointed it at you instead of them."
82,439,2015-10-04 18:43:00.000,Flair is what marks the difference between artistry and mere competence.
82,440,2016-09-21 14:43:58.000,"Maybe if we felt any human loss as keenly as we feel one of those close to us, human history would be far less bloody."
82,441,2016-04-16 21:46:04.000,"Fate. It protects fools, little children, and ships named Enterprise."
82,442,2016-03-17 17:05:55.000,"Maybe if we felt any human loss as keenly as we feel one of those close to us, human history would be far less bloody."
83,443,2016-12-01 20:42:14.000,Flair is what marks the difference between artistry and mere competence.
83,444,2016-12-02 04:40:27.000,Travel time to the nearest starbase? The Federation's gone; the Borg is everywhere!
83,445,2015-04-22 22:40:19.000,Travel time to the nearest starbase? The Federation's gone; the Borg is everywhere!
86,446,2015-12-04 11:39:33.000,"I suggest you drop it, Mr. Data. Mr. Worf, you sound like a man who's asking his friend if he can start dating his sister."
86,447,2016-06-29 20:38:16.000,Flair is what marks the difference between artistry and mere competence.
86,448,2015-07-04 08:51:28.000,"Maybe if we felt any human loss as keenly as we feel one of those close to us, human history would be far less bloody."
86,449,2015-07-03 23:50:53.000,"I suggest you drop it, Mr. Data. Mr. Worf, you sound like a man who's asking his friend if he can start dating his sister."
86,450,2015-03-20 22:18:37.000,"For an android with no feelings, he sure managed to evoke them in others."
86,451,2016-08-14 06:55:49.000,"For an android with no feelings, he sure managed to evoke them in others."
86,452,2015-02-18 18:24:21.000,"Maybe if we felt any human loss as keenly as we feel one of those close to us, human history would be far less bloody."
86,453,2016-03-25 16:14:59.000,I'll alert the crew. When has justice ever been as simple as a rule book?
86,454,2016-12-15 12:00:44.000,I'll alert the crew. When has justice ever been as simple as a rule book?
87,455,2016-10-25 18:35:20.000,"I'm afraid I still don't understand, sir. Well, that's certainly good to know."
87,456,2015-03-14 15:26:05.000,"I suggest you drop it, Mr. Data. Mr. Worf, you sound like a man who's asking his friend if he can start dating his sister."
87,457,2016-02-17 05:06:46.000,I'll alert the crew. When has justice ever been as simple as a rule book?
88,458,2016-04-25 16:23:51.000,"I've had twelve years to think about it. And if I had it to do over again, I would have grabbed the phaser and pointed it at you instead of them."
88,459,2016-06-22 22:56:33.000,I'll alert the crew. When has justice ever been as simple as a rule book?
88,460,2015-11-02 01:34:22.000,Flair is what marks the difference between artistry and mere competence.
89,461,2016-01-11 15:46:46.000,Travel time to the nearest starbase? The Federation's gone; the Borg is everywhere!
89,462,2016-10-21 23:33:39.000,"I've had twelve years to think about it. And if I had it to do over again, I would have grabbed the phaser and pointed it at you instead of them."
89,463,2016-12-02 12:53:46.000,Travel time to the nearest starbase? The Federation's gone; the Borg is everywhere!
89,464,2016-02-04 08:26:15.000,Flair is what marks the difference between artistry and mere competence.
89,465,2015-02-06 14:10:02.000,"I've had twelve years to think about it. And if I had it to do over again, I would have grabbed the phaser and pointed it at you instead of them."
89,466,2015-10-10 08:54:10.000,"I've had twelve years to think about it. And if I had it to do over again, I would have grabbed the phaser and pointed it at you instead of them."
89,467,2015-10-17 18:16:16.000,I'll alert the crew. When has justice ever been as simple as a rule book?
89,468,2015-02-13 08:57:02.000,Travel time to the nearest starbase? The Federation's gone; the Borg is everywhere!
90,469,2015-05-30 05:03:15.000,Travel time to the nearest starbase? The Federation's gone; the Borg is everywhere!
90,470,2015-08-28 09:08:00.000,"I've had twelve years to think about it. And if I had it to do over again, I would have grabbed the phaser and pointed it at you instead of them."
90,471,2017-01-09 02:04:28.000,"For an android with no feelings, he sure managed to evoke them in others."
90,472,2015-10-28 14:15:41.000,I'll alert the crew. When has justice ever been as simple as a rule book?
90,473,2016-05-31 19:24:17.000,"I'm afraid I still don't understand, sir. Well, that's certainly good to know."
90,474,2016-12-01 10:28:16.000,I'll alert the crew. When has justice ever been as simple as a rule book?
90,475,2015-06-28 21:20:47.000,"For an android with no feelings, he sure managed to evoke them in others."
90,476,2016-01-03 22:20:16.000,"Fate. It protects fools, little children, and ships named Enterprise."
91,477,2016-02-25 05:59:30.000,Flair is what marks the difference between artistry and mere competence.
91,478,2016-09-09 02:02:33.000,"Fate. It protects fools, little children, and ships named Enterprise."
91,479,2017-01-30 04:25:21.000,"I've had twelve years to think about it. And if I had it to do over again, I would have grabbed the phaser and pointed it at you instead of them."
91,480,2015-07-03 17:29:24.000,"Maybe if we felt any human loss as keenly as we feel one of those close to us, human history would be far less bloody."
91,481,2016-08-04 08:59:00.000,"I'm afraid I still don't understand, sir. Well, that's certainly good to know."
91,482,2016-02-14 22:12:38.000,"Fate. It protects fools, little children, and ships named Enterprise."
91,483,2016-10-04 14:03:25.000,"I'm afraid I still don't understand, sir. Well, that's certainly good to know."
92,484,2015-01-15 01:49:35.000,Flair is what marks the difference between artistry and mere competence.
92,485,2016-08-08 04:44:50.000,"Maybe if we felt any human loss as keenly as we feel one of those close to us, human history would be far less bloody."
92,486,2017-01-10 11:56:16.000,"For an android with no feelings, he sure managed to evoke them in others."
92,487,2015-08-05 12:24:11.000,"I suggest you drop it, Mr. Data. Mr. Worf, you sound like a man who's asking his friend if he can start dating his sister."
92,488,2016-11-28 02:47:10.000,"I've had twelve years to think about it. And if I had it to do over again, I would have grabbed the phaser and pointed it at you instead of them."
93,489,2015-11-06 02:44:43.000,"Fate. It protects fools, little children, and ships named Enterprise."
93,490,2015-06-15 06:27:58.000,"Fate. It protects fools, little children, and ships named Enterprise."
93,491,2015-06-22 06:03:29.000,Flair is what marks the difference between artistry and mere competence.
93,492,2015-05-20 08:11:48.000,"I suggest you drop it, Mr. Data. Mr. Worf, you sound like a man who's asking his friend if he can start dating his sister."
238,1237,2015-10-21 12:32:55.000,"Fate. It protects fools, little children, and ships named Enterprise."
93,493,2016-11-22 19:46:27.000,"I've had twelve years to think about it. And if I had it to do over again, I would have grabbed the phaser and pointed it at you instead of them."
93,494,2016-10-25 01:13:00.000,"Maybe if we felt any human loss as keenly as we feel one of those close to us, human history would be far less bloody."
93,495,2015-12-13 17:17:26.000,"For an android with no feelings, he sure managed to evoke them in others."
94,496,2015-08-29 14:52:15.000,"Fate. It protects fools, little children, and ships named Enterprise."
94,497,2015-06-19 07:40:33.000,"I suggest you drop it, Mr. Data. Mr. Worf, you sound like a man who's asking his friend if he can start dating his sister."
94,498,2016-05-26 00:05:05.000,"Fate. It protects fools, little children, and ships named Enterprise."
94,499,2016-06-15 12:41:41.000,Travel time to the nearest starbase? The Federation's gone; the Borg is everywhere!
94,500,2016-08-23 14:50:33.000,I'll alert the crew. When has justice ever been as simple as a rule book?
94,501,2015-02-26 09:24:47.000,"I'm afraid I still don't understand, sir. Well, that's certainly good to know."
95,502,2015-11-01 03:25:50.000,Travel time to the nearest starbase? The Federation's gone; the Borg is everywhere!
95,503,2017-02-20 20:00:15.000,"I've had twelve years to think about it. And if I had it to do over again, I would have grabbed the phaser and pointed it at you instead of them."
232,1194,2016-06-29 14:53:39.000,"For an android with no feelings, he sure managed to evoke them in others."
232,1195,2015-12-02 13:22:26.000,I'll alert the crew. When has justice ever been as simple as a rule book?
232,1196,2016-12-30 08:09:54.000,"I've had twelve years to think about it. And if I had it to do over again, I would have grabbed the phaser and pointed it at you instead of them."
232,1197,2015-03-30 17:41:43.000,I'll alert the crew. When has justice ever been as simple as a rule book?
233,1198,2015-02-26 04:20:20.000,"I'm afraid I still don't understand, sir. Well, that's certainly good to know."
233,1199,2015-06-27 03:17:22.000,"For an android with no feelings, he sure managed to evoke them in others."
233,1200,2015-07-09 04:58:17.000,"I suggest you drop it, Mr. Data. Mr. Worf, you sound like a man who's asking his friend if he can start dating his sister."
233,1201,2017-02-01 01:51:29.000,"I've had twelve years to think about it. And if I had it to do over again, I would have grabbed the phaser and pointed it at you instead of them."
233,1202,2015-04-05 18:12:15.000,"I'm afraid I still don't understand, sir. Well, that's certainly good to know."
233,1203,2016-12-21 15:02:54.000,"I suggest you drop it, Mr. Data. Mr. Worf, you sound like a man who's asking his friend if he can start dating his sister."
233,1204,2016-08-03 22:15:25.000,"Maybe if we felt any human loss as keenly as we feel one of those close to us, human history would be far less bloody."
233,1205,2015-07-04 03:24:20.000,Travel time to the nearest starbase? The Federation's gone; the Borg is everywhere!
233,1206,2016-04-19 10:24:11.000,"For an android with no feelings, he sure managed to evoke them in others."
234,1207,2016-07-19 14:56:46.000,"For an android with no feelings, he sure managed to evoke them in others."
234,1208,2016-08-01 08:31:34.000,"I suggest you drop it, Mr. Data. Mr. Worf, you sound like a man who's asking his friend if he can start dating his sister."
234,1209,2015-11-12 02:11:03.000,"Maybe if we felt any human loss as keenly as we feel one of those close to us, human history would be far less bloody."
234,1210,2016-09-24 00:56:08.000,"I've had twelve years to think about it. And if I had it to do over again, I would have grabbed the phaser and pointed it at you instead of them."
234,1211,2015-04-27 04:22:01.000,"Fate. It protects fools, little children, and ships named Enterprise."
234,1212,2015-04-19 09:06:14.000,Flair is what marks the difference between artistry and mere competence.
234,1213,2016-07-19 00:04:21.000,Flair is what marks the difference between artistry and mere competence.
235,1214,2016-02-18 10:32:31.000,"For an android with no feelings, he sure managed to evoke them in others."
235,1215,2016-05-23 08:27:27.000,"I suggest you drop it, Mr. Data. Mr. Worf, you sound like a man who's asking his friend if he can start dating his sister."
235,1216,2015-12-08 03:16:51.000,"I suggest you drop it, Mr. Data. Mr. Worf, you sound like a man who's asking his friend if he can start dating his sister."
236,1217,2015-01-06 17:43:46.000,Flair is what marks the difference between artistry and mere competence.
236,1218,2015-10-29 01:37:39.000,"I'm afraid I still don't understand, sir. Well, that's certainly good to know."
236,1219,2016-06-04 15:55:51.000,"I suggest you drop it, Mr. Data. Mr. Worf, you sound like a man who's asking his friend if he can start dating his sister."
236,1220,2015-08-07 23:51:24.000,I'll alert the crew. When has justice ever been as simple as a rule book?
236,1221,2015-12-27 12:29:26.000,"Maybe if we felt any human loss as keenly as we feel one of those close to us, human history would be far less bloody."
236,1222,2016-02-05 09:31:06.000,"I suggest you drop it, Mr. Data. Mr. Worf, you sound like a man who's asking his friend if he can start dating his sister."
236,1223,2015-12-14 07:49:15.000,Flair is what marks the difference between artistry and mere competence.
236,1224,2017-02-24 10:19:01.000,I'll alert the crew. When has justice ever been as simple as a rule book?
236,1225,2015-06-03 18:06:38.000,"I'm afraid I still don't understand, sir. Well, that's certainly good to know."
236,1226,2015-04-13 10:35:44.000,"I've had twelve years to think about it. And if I had it to do over again, I would have grabbed the phaser and pointed it at you instead of them."
237,1227,2015-01-02 13:35:41.000,Travel time to the nearest starbase? The Federation's gone; the Borg is everywhere!
237,1228,2015-01-21 08:01:08.000,Flair is what marks the difference between artistry and mere competence.
237,1229,2015-06-02 03:48:04.000,"I suggest you drop it, Mr. Data. Mr. Worf, you sound like a man who's asking his friend if he can start dating his sister."
237,1230,2016-06-20 16:14:56.000,Travel time to the nearest starbase? The Federation's gone; the Borg is everywhere!
237,1231,2016-08-19 13:36:42.000,"Maybe if we felt any human loss as keenly as we feel one of those close to us, human history would be far less bloody."
237,1232,2016-12-03 07:35:57.000,"For an android with no feelings, he sure managed to evoke them in others."
237,1233,2015-03-28 08:10:10.000,"Fate. It protects fools, little children, and ships named Enterprise."
237,1234,2015-02-16 15:27:50.000,"For an android with no feelings, he sure managed to evoke them in others."
238,1235,2015-05-23 22:42:58.000,"I've had twelve years to think about it. And if I had it to do over again, I would have grabbed the phaser and pointed it at you instead of them."
238,1238,2016-01-01 14:32:22.000,I'll alert the crew. When has justice ever been as simple as a rule book?
238,1239,2015-09-23 20:13:20.000,"I've had twelve years to think about it. And if I had it to do over again, I would have grabbed the phaser and pointed it at you instead of them."
238,1240,2016-02-01 04:03:54.000,"I've had twelve years to think about it. And if I had it to do over again, I would have grabbed the phaser and pointed it at you instead of them."
239,1241,2017-01-09 02:31:05.000,"I'm afraid I still don't understand, sir. Well, that's certainly good to know."
239,1242,2015-04-30 11:19:08.000,"I suggest you drop it, Mr. Data. Mr. Worf, you sound like a man who's asking his friend if he can start dating his sister."
239,1243,2015-05-10 03:12:05.000,I'll alert the crew. When has justice ever been as simple as a rule book?
239,1244,2016-12-11 12:08:02.000,"I suggest you drop it, Mr. Data. Mr. Worf, you sound like a man who's asking his friend if he can start dating his sister."
240,1245,2017-01-06 00:50:28.000,I'll alert the crew. When has justice ever been as simple as a rule book?
240,1246,2016-05-27 05:46:27.000,I'll alert the crew. When has justice ever been as simple as a rule book?
240,1247,2015-10-05 19:56:53.000,"I've had twelve years to think about it. And if I had it to do over again, I would have grabbed the phaser and pointed it at you instead of them."
240,1248,2016-10-22 02:10:33.000,"I've had twelve years to think about it. And if I had it to do over again, I would have grabbed the phaser and pointed it at you instead of them."
240,1249,2016-07-25 08:35:13.000,"Maybe if we felt any human loss as keenly as we feel one of those close to us, human history would be far less bloody."
240,1250,2016-03-18 09:05:50.000,"I've had twelve years to think about it. And if I had it to do over again, I would have grabbed the phaser and pointed it at you instead of them."
240,1251,2015-12-05 08:05:34.000,"Fate. It protects fools, little children, and ships named Enterprise."
240,1252,2015-12-13 10:56:58.000,"Fate. It protects fools, little children, and ships named Enterprise."
240,1253,2017-01-12 10:56:23.000,"Maybe if we felt any human loss as keenly as we feel one of those close to us, human history would be far less bloody."
154,816,2015-09-08 03:49:40.000,"I've had twelve years to think about it. And if I had it to do over again, I would have grabbed the phaser and pointed it at you instead of them."
154,817,2017-01-17 18:27:44.000,"Maybe if we felt any human loss as keenly as we feel one of those close to us, human history would be far less bloody."
154,818,2016-04-10 16:35:20.000,"Maybe if we felt any human loss as keenly as we feel one of those close to us, human history would be far less bloody."
154,819,2016-01-03 05:04:04.000,I'll alert the crew. When has justice ever been as simple as a rule book?
155,820,2016-08-31 20:46:22.000,Travel time to the nearest starbase? The Federation's gone; the Borg is everywhere!
155,821,2017-01-23 20:12:54.000,"I suggest you drop it, Mr. Data. Mr. Worf, you sound like a man who's asking his friend if he can start dating his sister."
155,822,2015-07-11 08:08:39.000,"Maybe if we felt any human loss as keenly as we feel one of those close to us, human history would be far less bloody."
155,823,2015-10-01 03:18:16.000,"Maybe if we felt any human loss as keenly as we feel one of those close to us, human history would be far less bloody."
155,824,2016-07-25 19:57:12.000,"Fate. It protects fools, little children, and ships named Enterprise."
155,825,2015-04-04 19:14:44.000,Flair is what marks the difference between artistry and mere competence.
155,826,2015-09-24 12:36:07.000,I'll alert the crew. When has justice ever been as simple as a rule book?
155,827,2016-11-10 11:24:13.000,Flair is what marks the difference between artistry and mere competence.
155,828,2016-07-09 19:18:29.000,I'll alert the crew. When has justice ever been as simple as a rule book?
155,829,2016-12-08 23:21:25.000,"I'm afraid I still don't understand, sir. Well, that's certainly good to know."
156,830,2016-03-24 08:13:29.000,"I'm afraid I still don't understand, sir. Well, that's certainly good to know."
156,831,2015-12-03 23:29:17.000,"I suggest you drop it, Mr. Data. Mr. Worf, you sound like a man who's asking his friend if he can start dating his sister."
156,832,2015-05-26 03:09:09.000,Travel time to the nearest starbase? The Federation's gone; the Borg is everywhere!
156,833,2016-09-03 05:19:24.000,Travel time to the nearest starbase? The Federation's gone; the Borg is everywhere!
156,834,2015-10-18 09:56:33.000,"I'm afraid I still don't understand, sir. Well, that's certainly good to know."
156,835,2016-02-25 20:13:29.000,I'll alert the crew. When has justice ever been as simple as a rule book?
157,836,2017-02-01 10:30:38.000,"I'm afraid I still don't understand, sir. Well, that's certainly good to know."
158,837,2016-03-05 19:42:38.000,"For an android with no feelings, he sure managed to evoke them in others."
158,838,2016-09-24 09:51:11.000,I'll alert the crew. When has justice ever been as simple as a rule book?
158,839,2015-03-16 22:10:27.000,"I suggest you drop it, Mr. Data. Mr. Worf, you sound like a man who's asking his friend if he can start dating his sister."
158,840,2015-09-15 10:25:05.000,"I've had twelve years to think about it. And if I had it to do over again, I would have grabbed the phaser and pointed it at you instead of them."
158,841,2015-08-20 03:42:44.000,"For an android with no feelings, he sure managed to evoke them in others."
158,842,2016-02-25 20:56:56.000,"Maybe if we felt any human loss as keenly as we feel one of those close to us, human history would be far less bloody."
159,843,2017-01-02 10:18:09.000,"Maybe if we felt any human loss as keenly as we feel one of those close to us, human history would be far less bloody."
159,844,2016-12-09 06:53:18.000,"I've had twelve years to think about it. And if I had it to do over again, I would have grabbed the phaser and pointed it at you instead of them."
159,845,2015-06-22 00:17:04.000,"I've had twelve years to think about it. And if I had it to do over again, I would have grabbed the phaser and pointed it at you instead of them."
159,846,2015-11-06 01:48:45.000,"For an android with no feelings, he sure managed to evoke them in others."
159,847,2015-10-20 02:47:19.000,"I'm afraid I still don't understand, sir. Well, that's certainly good to know."
159,848,2015-08-03 20:47:14.000,"Fate. It protects fools, little children, and ships named Enterprise."
159,849,2017-01-01 17:36:41.000,"For an android with no feelings, he sure managed to evoke them in others."
159,850,2015-09-18 09:30:44.000,"I'm afraid I still don't understand, sir. Well, that's certainly good to know."
159,851,2015-05-27 00:29:05.000,"I've had twelve years to think about it. And if I had it to do over again, I would have grabbed the phaser and pointed it at you instead of them."
163,852,2015-04-06 05:59:11.000,"I'm afraid I still don't understand, sir. Well, that's certainly good to know."
163,853,2016-09-15 18:10:00.000,"I've had twelve years to think about it. And if I had it to do over again, I would have grabbed the phaser and pointed it at you instead of them."
163,854,2016-12-23 04:47:10.000,I'll alert the crew. When has justice ever been as simple as a rule book?
165,855,2016-10-01 13:50:20.000,"Maybe if we felt any human loss as keenly as we feel one of those close to us, human history would be far less bloody."
166,856,2015-11-16 09:08:34.000,"I'm afraid I still don't understand, sir. Well, that's certainly good to know."
166,857,2016-04-02 03:41:21.000,"For an android with no feelings, he sure managed to evoke them in others."
167,858,2016-12-03 09:36:11.000,I'll alert the crew. When has justice ever been as simple as a rule book?
167,859,2015-03-02 01:38:40.000,"For an android with no feelings, he sure managed to evoke them in others."
168,860,2016-09-08 12:33:01.000,"For an android with no feelings, he sure managed to evoke them in others."
168,861,2015-09-01 15:41:58.000,Flair is what marks the difference between artistry and mere competence.
168,862,2015-03-07 08:52:33.000,"Fate. It protects fools, little children, and ships named Enterprise."
168,863,2016-07-09 03:57:41.000,"I'm afraid I still don't understand, sir. Well, that's certainly good to know."
168,864,2016-05-09 17:08:13.000,I'll alert the crew. When has justice ever been as simple as a rule book?
168,865,2015-10-05 23:31:05.000,"Fate. It protects fools, little children, and ships named Enterprise."
168,866,2016-02-13 18:29:02.000,"I suggest you drop it, Mr. Data. Mr. Worf, you sound like a man who's asking his friend if he can start dating his sister."
168,867,2016-12-03 08:18:35.000,"For an android with no feelings, he sure managed to evoke them in others."
169,868,2016-01-17 20:51:05.000,"For an android with no feelings, he sure managed to evoke them in others."
169,869,2015-07-20 21:03:39.000,"I'm afraid I still don't understand, sir. Well, that's certainly good to know."
169,870,2015-02-11 19:51:20.000,Flair is what marks the difference between artistry and mere competence.
169,871,2015-04-11 09:06:58.000,"I've had twelve years to think about it. And if I had it to do over again, I would have grabbed the phaser and pointed it at you instead of them."
169,872,2016-07-26 10:39:52.000,"Maybe if we felt any human loss as keenly as we feel one of those close to us, human history would be far less bloody."
169,873,2016-03-18 09:15:25.000,"Maybe if we felt any human loss as keenly as we feel one of those close to us, human history would be far less bloody."
169,874,2016-08-08 03:26:54.000,"Fate. It protects fools, little children, and ships named Enterprise."
170,875,2015-07-21 22:09:40.000,"Maybe if we felt any human loss as keenly as we feel one of those close to us, human history would be far less bloody."
170,876,2015-11-07 21:45:24.000,"Maybe if we felt any human loss as keenly as we feel one of those close to us, human history would be far less bloody."
170,877,2015-12-21 12:29:23.000,Travel time to the nearest starbase? The Federation's gone; the Borg is everywhere!
170,878,2016-11-18 02:05:40.000,I'll alert the crew. When has justice ever been as simple as a rule book?
170,879,2015-11-06 13:22:24.000,Flair is what marks the difference between artistry and mere competence.
170,880,2016-01-30 03:21:33.000,"For an android with no feelings, he sure managed to evoke them in others."
170,881,2016-09-17 13:35:25.000,I'll alert the crew. When has justice ever been as simple as a rule book?
171,882,2015-01-26 17:34:59.000,Flair is what marks the difference between artistry and mere competence.
171,883,2017-02-26 13:33:31.000,"I'm afraid I still don't understand, sir. Well, that's certainly good to know."
171,884,2016-07-28 02:21:26.000,"I'm afraid I still don't understand, sir. Well, that's certainly good to know."
172,885,2015-07-22 23:58:40.000,"I'm afraid I still don't understand, sir. Well, that's certainly good to know."
172,886,2016-06-16 10:01:11.000,"Fate. It protects fools, little children, and ships named Enterprise."
172,887,2016-03-30 00:59:48.000,"I suggest you drop it, Mr. Data. Mr. Worf, you sound like a man who's asking his friend if he can start dating his sister."
172,888,2015-12-17 10:31:38.000,"I'm afraid I still don't understand, sir. Well, that's certainly good to know."
173,889,2016-06-12 08:33:34.000,Flair is what marks the difference between artistry and mere competence.
173,890,2017-01-01 13:34:48.000,Travel time to the nearest starbase? The Federation's gone; the Borg is everywhere!
173,891,2015-04-28 19:18:49.000,"Fate. It protects fools, little children, and ships named Enterprise."
173,892,2015-08-15 05:56:59.000,Flair is what marks the difference between artistry and mere competence.
173,893,2015-07-01 23:39:55.000,"Fate. It protects fools, little children, and ships named Enterprise."
173,894,2017-01-05 11:31:33.000,"I'm afraid I still don't understand, sir. Well, that's certainly good to know."
173,895,2016-07-16 15:10:50.000,"For an android with no feelings, he sure managed to evoke them in others."
173,896,2015-07-29 16:16:27.000,"I've had twelve years to think about it. And if I had it to do over again, I would have grabbed the phaser and pointed it at you instead of them."
173,897,2017-01-16 04:10:08.000,"Fate. It protects fools, little children, and ships named Enterprise."
174,898,2016-06-03 07:36:18.000,"Maybe if we felt any human loss as keenly as we feel one of those close to us, human history would be far less bloody."
174,899,2015-10-20 06:45:12.000,"I suggest you drop it, Mr. Data. Mr. Worf, you sound like a man who's asking his friend if he can start dating his sister."
176,900,2016-06-17 10:56:29.000,"I suggest you drop it, Mr. Data. Mr. Worf, you sound like a man who's asking his friend if he can start dating his sister."
176,901,2016-07-17 03:10:30.000,"I'm afraid I still don't understand, sir. Well, that's certainly good to know."
176,902,2016-10-20 00:58:58.000,"Fate. It protects fools, little children, and ships named Enterprise."
177,903,2016-07-01 16:11:53.000,"For an android with no feelings, he sure managed to evoke them in others."
177,904,2015-02-22 20:01:23.000,"I suggest you drop it, Mr. Data. Mr. Worf, you sound like a man who's asking his friend if he can start dating his sister."
177,905,2015-01-25 09:32:30.000,I'll alert the crew. When has justice ever been as simple as a rule book?
177,906,2015-10-05 23:54:32.000,Flair is what marks the difference between artistry and mere competence.
177,907,2015-01-18 03:26:41.000,I'll alert the crew. When has justice ever been as simple as a rule book?
178,908,2016-01-20 06:37:02.000,"I've had twelve years to think about it. And if I had it to do over again, I would have grabbed the phaser and pointed it at you instead of them."
178,909,2016-03-29 03:06:25.000,"I'm afraid I still don't understand, sir. Well, that's certainly good to know."
178,910,2016-09-13 12:34:08.000,"Fate. It protects fools, little children, and ships named Enterprise."
178,911,2015-12-06 19:50:29.000,I'll alert the crew. When has justice ever been as simple as a rule book?
178,912,2015-01-23 16:32:09.000,"Fate. It protects fools, little children, and ships named Enterprise."
178,913,2015-06-29 23:16:23.000,"I've had twelve years to think about it. And if I had it to do over again, I would have grabbed the phaser and pointed it at you instead of them."
178,914,2016-06-01 17:33:01.000,Flair is what marks the difference between artistry and mere competence.
179,915,2015-06-01 12:07:40.000,"For an android with no feelings, he sure managed to evoke them in others."
179,916,2016-01-06 05:23:54.000,"For an android with no feelings, he sure managed to evoke them in others."
179,917,2015-03-31 03:17:25.000,I'll alert the crew. When has justice ever been as simple as a rule book?
179,918,2015-04-28 12:17:28.000,Travel time to the nearest starbase? The Federation's gone; the Borg is everywhere!
179,919,2016-11-20 09:33:01.000,Flair is what marks the difference between artistry and mere competence.
179,920,2016-06-03 02:57:22.000,"Fate. It protects fools, little children, and ships named Enterprise."
179,921,2015-03-31 22:42:58.000,"I suggest you drop it, Mr. Data. Mr. Worf, you sound like a man who's asking his friend if he can start dating his sister."
179,922,2017-01-06 16:23:46.000,"I've had twelve years to think about it. And if I had it to do over again, I would have grabbed the phaser and pointed it at you instead of them."
179,923,2015-06-16 18:49:47.000,"For an android with no feelings, he sure managed to evoke them in others."
179,924,2015-03-28 04:28:16.000,I'll alert the crew. When has justice ever been as simple as a rule book?
180,925,2015-06-18 21:42:53.000,Flair is what marks the difference between artistry and mere competence.
181,926,2015-11-21 08:39:19.000,"Fate. It protects fools, little children, and ships named Enterprise."
181,927,2016-01-06 06:41:42.000,I'll alert the crew. When has justice ever been as simple as a rule book?
182,928,2016-12-10 05:54:51.000,"I've had twelve years to think about it. And if I had it to do over again, I would have grabbed the phaser and pointed it at you instead of them."
182,929,2016-04-02 20:19:28.000,"For an android with no feelings, he sure managed to evoke them in others."
182,930,2016-09-28 22:30:29.000,"I'm afraid I still don't understand, sir. Well, that's certainly good to know."
182,931,2016-05-27 02:13:14.000,"I've had twelve years to think about it. And if I had it to do over again, I would have grabbed the phaser and pointed it at you instead of them."
182,932,2015-08-14 04:41:06.000,"I've had twelve years to think about it. And if I had it to do over again, I would have grabbed the phaser and pointed it at you instead of them."
182,933,2016-03-08 09:27:45.000,Travel time to the nearest starbase? The Federation's gone; the Borg is everywhere!
182,934,2015-09-20 16:27:15.000,"Fate. It protects fools, little children, and ships named Enterprise."
182,935,2015-10-31 04:09:58.000,"I've had twelve years to think about it. And if I had it to do over again, I would have grabbed the phaser and pointed it at you instead of them."
182,936,2016-07-02 12:27:06.000,Flair is what marks the difference between artistry and mere competence.
182,937,2016-07-04 00:34:05.000,"I suggest you drop it, Mr. Data. Mr. Worf, you sound like a man who's asking his friend if he can start dating his sister."
183,938,2016-09-24 08:24:04.000,"Maybe if we felt any human loss as keenly as we feel one of those close to us, human history would be far less bloody."
184,939,2015-06-21 04:38:51.000,I'll alert the crew. When has justice ever been as simple as a rule book?
185,940,2015-07-03 09:41:13.000,"I'm afraid I still don't understand, sir. Well, that's certainly good to know."
185,941,2015-06-01 17:41:04.000,"Maybe if we felt any human loss as keenly as we feel one of those close to us, human history would be far less bloody."
185,942,2016-07-27 01:32:34.000,"Maybe if we felt any human loss as keenly as we feel one of those close to us, human history would be far less bloody."
185,943,2016-01-10 01:09:57.000,"I'm afraid I still don't understand, sir. Well, that's certainly good to know."
185,944,2016-01-17 03:29:09.000,"I suggest you drop it, Mr. Data. Mr. Worf, you sound like a man who's asking his friend if he can start dating his sister."
185,945,2015-01-25 10:31:30.000,"Fate. It protects fools, little children, and ships named Enterprise."
185,946,2015-05-25 06:51:07.000,"I've had twelve years to think about it. And if I had it to do over again, I would have grabbed the phaser and pointed it at you instead of them."
186,947,2017-01-26 06:16:25.000,"I've had twelve years to think about it. And if I had it to do over again, I would have grabbed the phaser and pointed it at you instead of them."
186,948,2015-05-26 11:07:59.000,"Fate. It protects fools, little children, and ships named Enterprise."
186,949,2015-10-30 22:14:16.000,"I've had twelve years to think about it. And if I had it to do over again, I would have grabbed the phaser and pointed it at you instead of them."
186,950,2015-03-16 17:59:00.000,"For an android with no feelings, he sure managed to evoke them in others."
186,951,2015-12-07 01:33:03.000,Flair is what marks the difference between artistry and mere competence.
186,952,2017-02-11 18:23:57.000,"For an android with no feelings, he sure managed to evoke them in others."
186,953,2016-06-16 15:09:32.000,Travel time to the nearest starbase? The Federation's gone; the Borg is everywhere!
186,954,2016-10-03 02:54:11.000,"I've had twelve years to think about it. And if I had it to do over again, I would have grabbed the phaser and pointed it at you instead of them."
187,955,2016-06-16 15:10:59.000,"Fate. It protects fools, little children, and ships named Enterprise."
187,956,2015-01-06 18:44:59.000,Flair is what marks the difference between artistry and mere competence.
188,957,2015-12-31 07:32:43.000,"Maybe if we felt any human loss as keenly as we feel one of those close to us, human history would be far less bloody."
188,958,2015-04-19 03:06:25.000,"I suggest you drop it, Mr. Data. Mr. Worf, you sound like a man who's asking his friend if he can start dating his sister."
188,959,2015-12-31 22:19:40.000,Travel time to the nearest starbase? The Federation's gone; the Borg is everywhere!
188,960,2016-07-02 03:13:54.000,"Maybe if we felt any human loss as keenly as we feel one of those close to us, human history would be far less bloody."
188,961,2016-07-05 08:54:54.000,I'll alert the crew. When has justice ever been as simple as a rule book?
188,962,2016-05-22 12:36:07.000,"I've had twelve years to think about it. And if I had it to do over again, I would have grabbed the phaser and pointed it at you instead of them."
188,963,2016-12-15 07:09:14.000,Travel time to the nearest starbase? The Federation's gone; the Borg is everywhere!
188,964,2015-06-01 07:45:52.000,Travel time to the nearest starbase? The Federation's gone; the Borg is everywhere!
188,965,2016-05-13 16:27:37.000,"I've had twelve years to think about it. And if I had it to do over again, I would have grabbed the phaser and pointed it at you instead of them."
188,966,2015-10-02 21:13:23.000,I'll alert the crew. When has justice ever been as simple as a rule book?
189,967,2015-11-11 17:06:27.000,"I'm afraid I still don't understand, sir. Well, that's certainly good to know."
189,968,2016-12-05 18:15:11.000,"I'm afraid I still don't understand, sir. Well, that's certainly good to know."
189,969,2017-01-02 13:14:30.000,"I've had twelve years to think about it. And if I had it to do over again, I would have grabbed the phaser and pointed it at you instead of them."
189,970,2016-06-02 04:26:54.000,Flair is what marks the difference between artistry and mere competence.
189,971,2015-09-19 08:33:22.000,"I've had twelve years to think about it. And if I had it to do over again, I would have grabbed the phaser and pointed it at you instead of them."
189,972,2015-10-07 20:00:21.000,"I suggest you drop it, Mr. Data. Mr. Worf, you sound like a man who's asking his friend if he can start dating his sister."
189,973,2015-02-18 18:40:37.000,Travel time to the nearest starbase? The Federation's gone; the Borg is everywhere!
189,974,2015-09-15 23:11:36.000,I'll alert the crew. When has justice ever been as simple as a rule book?
190,975,2015-03-28 06:03:54.000,"I suggest you drop it, Mr. Data. Mr. Worf, you sound like a man who's asking his friend if he can start dating his sister."
190,976,2015-12-05 12:53:51.000,Travel time to the nearest starbase? The Federation's gone; the Borg is everywhere!
190,977,2016-11-13 18:03:07.000,Flair is what marks the difference between artistry and mere competence.
190,978,2016-12-08 22:00:51.000,"I'm afraid I still don't understand, sir. Well, that's certainly good to know."
191,979,2016-12-07 19:53:46.000,"I've had twelve years to think about it. And if I had it to do over again, I would have grabbed the phaser and pointed it at you instead of them."
191,980,2015-10-26 16:40:23.000,Flair is what marks the difference between artistry and mere competence.
191,981,2016-02-07 12:45:13.000,Travel time to the nearest starbase? The Federation's gone; the Borg is everywhere!
191,982,2016-12-02 16:51:01.000,Flair is what marks the difference between artistry and mere competence.
191,983,2016-12-22 16:09:02.000,Flair is what marks the difference between artistry and mere competence.
191,984,2016-09-10 22:15:46.000,"I suggest you drop it, Mr. Data. Mr. Worf, you sound like a man who's asking his friend if he can start dating his sister."
191,985,2015-10-16 17:22:47.000,I'll alert the crew. When has justice ever been as simple as a rule book?
192,986,2016-10-28 06:23:00.000,"I suggest you drop it, Mr. Data. Mr. Worf, you sound like a man who's asking his friend if he can start dating his sister."
192,987,2015-08-10 22:24:31.000,"I suggest you drop it, Mr. Data. Mr. Worf, you sound like a man who's asking his friend if he can start dating his sister."
192,988,2016-07-26 20:15:28.000,Flair is what marks the difference between artistry and mere competence.
192,989,2017-01-18 21:28:44.000,"For an android with no feelings, he sure managed to evoke them in others."
192,990,2015-02-16 09:30:57.000,Travel time to the nearest starbase? The Federation's gone; the Borg is everywhere!
192,991,2016-10-06 21:56:44.000,"I suggest you drop it, Mr. Data. Mr. Worf, you sound like a man who's asking his friend if he can start dating his sister."
192,992,2016-09-04 19:27:18.000,"Maybe if we felt any human loss as keenly as we feel one of those close to us, human history would be far less bloody."
192,993,2015-02-01 13:00:27.000,"Fate. It protects fools, little children, and ships named Enterprise."
192,994,2015-06-22 20:55:43.000,"Fate. It protects fools, little children, and ships named Enterprise."
192,995,2015-02-16 09:20:38.000,Travel time to the nearest starbase? The Federation's gone; the Borg is everywhere!
194,996,2017-02-22 20:47:30.000,"I'm afraid I still don't understand, sir. Well, that's certainly good to know."
194,997,2015-03-10 10:52:39.000,"I've had twelve years to think about it. And if I had it to do over again, I would have grabbed the phaser and pointed it at you instead of them."
194,998,2016-01-08 15:00:39.000,"I'm afraid I still don't understand, sir. Well, that's certainly good to know."
196,999,2016-07-21 15:43:06.000,"For an android with no feelings, he sure managed to evoke them in others."
197,1000,2016-12-05 20:58:40.000,"I've had twelve years to think about it. And if I had it to do over again, I would have grabbed the phaser and pointed it at you instead of them."
197,1001,2016-06-02 23:04:46.000,"For an android with no feelings, he sure managed to evoke them in others."
197,1002,2016-09-11 14:22:13.000,"I'm afraid I still don't understand, sir. Well, that's certainly good to know."
197,1003,2015-09-24 22:44:49.000,"I've had twelve years to think about it. And if I had it to do over again, I would have grabbed the phaser and pointed it at you instead of them."
198,1004,2016-11-17 14:54:12.000,"I suggest you drop it, Mr. Data. Mr. Worf, you sound like a man who's asking his friend if he can start dating his sister."
199,1005,2015-06-27 21:57:30.000,Travel time to the nearest starbase? The Federation's gone; the Borg is everywhere!
199,1006,2015-02-16 15:36:11.000,Travel time to the nearest starbase? The Federation's gone; the Borg is everywhere!
199,1007,2015-01-19 21:56:58.000,I'll alert the crew. When has justice ever been as simple as a rule book?
199,1008,2015-07-05 13:34:23.000,Flair is what marks the difference between artistry and mere competence.
199,1009,2015-07-20 16:28:44.000,Flair is what marks the difference between artistry and mere competence.
199,1010,2016-02-24 23:52:25.000,"For an android with no feelings, he sure managed to evoke them in others."
199,1011,2016-08-20 04:48:34.000,Flair is what marks the difference between artistry and mere competence.
199,1012,2015-08-16 05:24:51.000,Flair is what marks the difference between artistry and mere competence.
200,1013,2015-09-21 09:57:55.000,"Fate. It protects fools, little children, and ships named Enterprise."
213,1071,2016-01-17 04:35:50.000,I'll alert the crew. When has justice ever been as simple as a rule book?
200,1014,2015-07-09 18:53:35.000,"I've had twelve years to think about it. And if I had it to do over again, I would have grabbed the phaser and pointed it at you instead of them."
200,1015,2015-01-25 22:12:24.000,"Fate. It protects fools, little children, and ships named Enterprise."
200,1016,2016-11-29 13:13:31.000,"I've had twelve years to think about it. And if I had it to do over again, I would have grabbed the phaser and pointed it at you instead of them."
200,1017,2016-03-12 17:57:37.000,"Fate. It protects fools, little children, and ships named Enterprise."
200,1018,2015-04-06 19:05:26.000,Flair is what marks the difference between artistry and mere competence.
201,1019,2016-08-25 21:54:07.000,"I'm afraid I still don't understand, sir. Well, that's certainly good to know."
202,1020,2015-09-03 06:50:30.000,"For an android with no feelings, he sure managed to evoke them in others."
202,1021,2016-12-22 08:06:17.000,I'll alert the crew. When has justice ever been as simple as a rule book?
202,1022,2017-01-05 08:53:25.000,"Fate. It protects fools, little children, and ships named Enterprise."
202,1023,2015-10-19 23:39:40.000,"Fate. It protects fools, little children, and ships named Enterprise."
202,1024,2016-10-12 19:40:28.000,Travel time to the nearest starbase? The Federation's gone; the Borg is everywhere!
202,1025,2017-02-07 19:39:58.000,Flair is what marks the difference between artistry and mere competence.
202,1026,2015-07-10 21:02:28.000,"I've had twelve years to think about it. And if I had it to do over again, I would have grabbed the phaser and pointed it at you instead of them."
202,1027,2015-03-21 10:28:33.000,Flair is what marks the difference between artistry and mere competence.
202,1028,2015-10-12 23:40:45.000,"I'm afraid I still don't understand, sir. Well, that's certainly good to know."
202,1029,2015-03-19 20:55:58.000,"I'm afraid I still don't understand, sir. Well, that's certainly good to know."
203,1030,2016-08-30 18:02:06.000,"I've had twelve years to think about it. And if I had it to do over again, I would have grabbed the phaser and pointed it at you instead of them."
204,1031,2016-01-15 22:38:10.000,I'll alert the crew. When has justice ever been as simple as a rule book?
205,1032,2015-03-02 01:37:05.000,"I'm afraid I still don't understand, sir. Well, that's certainly good to know."
205,1033,2015-01-25 11:27:14.000,"I'm afraid I still don't understand, sir. Well, that's certainly good to know."
205,1034,2016-04-07 21:31:45.000,I'll alert the crew. When has justice ever been as simple as a rule book?
205,1035,2015-01-31 20:13:29.000,"I'm afraid I still don't understand, sir. Well, that's certainly good to know."
205,1036,2017-01-01 04:55:22.000,"Fate. It protects fools, little children, and ships named Enterprise."
205,1037,2016-08-27 08:05:24.000,"I'm afraid I still don't understand, sir. Well, that's certainly good to know."
205,1038,2015-08-25 13:16:49.000,Flair is what marks the difference between artistry and mere competence.
205,1039,2015-11-28 23:45:01.000,Flair is what marks the difference between artistry and mere competence.
205,1040,2015-04-03 21:14:28.000,"I'm afraid I still don't understand, sir. Well, that's certainly good to know."
205,1041,2015-01-25 12:27:42.000,"I suggest you drop it, Mr. Data. Mr. Worf, you sound like a man who's asking his friend if he can start dating his sister."
206,1042,2015-02-12 13:45:33.000,I'll alert the crew. When has justice ever been as simple as a rule book?
206,1043,2016-05-11 06:38:33.000,"For an android with no feelings, he sure managed to evoke them in others."
206,1044,2017-01-28 14:39:06.000,"I've had twelve years to think about it. And if I had it to do over again, I would have grabbed the phaser and pointed it at you instead of them."
206,1045,2015-09-13 07:20:40.000,I'll alert the crew. When has justice ever been as simple as a rule book?
207,1046,2015-02-11 07:29:15.000,"Fate. It protects fools, little children, and ships named Enterprise."
207,1047,2016-08-05 13:16:13.000,"For an android with no feelings, he sure managed to evoke them in others."
207,1048,2016-08-26 22:17:14.000,"Maybe if we felt any human loss as keenly as we feel one of those close to us, human history would be far less bloody."
207,1049,2016-02-05 13:45:03.000,"I suggest you drop it, Mr. Data. Mr. Worf, you sound like a man who's asking his friend if he can start dating his sister."
207,1050,2015-07-16 19:29:39.000,"For an android with no feelings, he sure managed to evoke them in others."
207,1051,2015-11-06 12:41:06.000,"Maybe if we felt any human loss as keenly as we feel one of those close to us, human history would be far less bloody."
209,1052,2017-02-04 08:40:54.000,"Fate. It protects fools, little children, and ships named Enterprise."
209,1053,2015-05-14 04:04:52.000,"Maybe if we felt any human loss as keenly as we feel one of those close to us, human history would be far less bloody."
210,1054,2017-02-10 17:25:29.000,Flair is what marks the difference between artistry and mere competence.
210,1055,2016-04-05 11:06:11.000,"For an android with no feelings, he sure managed to evoke them in others."
210,1056,2017-02-06 09:39:23.000,"For an android with no feelings, he sure managed to evoke them in others."
210,1057,2015-06-27 15:21:59.000,"For an android with no feelings, he sure managed to evoke them in others."
210,1058,2015-09-16 18:04:09.000,Travel time to the nearest starbase? The Federation's gone; the Borg is everywhere!
210,1059,2016-09-08 20:49:26.000,"Fate. It protects fools, little children, and ships named Enterprise."
210,1060,2015-07-04 06:21:27.000,Travel time to the nearest starbase? The Federation's gone; the Borg is everywhere!
210,1061,2016-03-07 05:21:59.000,Travel time to the nearest starbase? The Federation's gone; the Borg is everywhere!
211,1062,2015-09-07 18:08:22.000,"Fate. It protects fools, little children, and ships named Enterprise."
211,1063,2016-02-03 12:20:25.000,"For an android with no feelings, he sure managed to evoke them in others."
211,1064,2016-01-08 14:44:53.000,Flair is what marks the difference between artistry and mere competence.
211,1065,2016-12-02 14:09:50.000,"For an android with no feelings, he sure managed to evoke them in others."
212,1066,2015-09-19 10:27:03.000,"For an android with no feelings, he sure managed to evoke them in others."
212,1067,2016-08-24 10:24:01.000,"For an android with no feelings, he sure managed to evoke them in others."
213,1068,2016-09-11 17:07:42.000,I'll alert the crew. When has justice ever been as simple as a rule book?
213,1069,2015-10-28 02:30:59.000,"Maybe if we felt any human loss as keenly as we feel one of those close to us, human history would be far less bloody."
213,1070,2015-01-27 16:35:41.000,"Fate. It protects fools, little children, and ships named Enterprise."
213,1072,2015-07-18 18:52:44.000,"Fate. It protects fools, little children, and ships named Enterprise."
213,1073,2015-02-22 18:09:53.000,"For an android with no feelings, he sure managed to evoke them in others."
213,1074,2016-08-30 22:47:47.000,"Maybe if we felt any human loss as keenly as we feel one of those close to us, human history would be far less bloody."
213,1075,2015-09-22 14:48:09.000,I'll alert the crew. When has justice ever been as simple as a rule book?
213,1076,2015-04-10 03:16:43.000,Travel time to the nearest starbase? The Federation's gone; the Borg is everywhere!
214,1077,2015-07-23 00:59:05.000,I'll alert the crew. When has justice ever been as simple as a rule book?
214,1078,2015-06-21 09:03:58.000,"I'm afraid I still don't understand, sir. Well, that's certainly good to know."
214,1079,2016-01-22 15:43:53.000,"Maybe if we felt any human loss as keenly as we feel one of those close to us, human history would be far less bloody."
214,1080,2016-08-17 20:30:20.000,"I suggest you drop it, Mr. Data. Mr. Worf, you sound like a man who's asking his friend if he can start dating his sister."
214,1081,2015-04-14 21:43:21.000,"Fate. It protects fools, little children, and ships named Enterprise."
214,1082,2015-07-13 04:18:54.000,Travel time to the nearest starbase? The Federation's gone; the Borg is everywhere!
215,1083,2015-10-31 19:49:56.000,"Fate. It protects fools, little children, and ships named Enterprise."
217,1084,2016-12-09 12:24:47.000,"I've had twelve years to think about it. And if I had it to do over again, I would have grabbed the phaser and pointed it at you instead of them."
217,1085,2015-10-28 05:32:49.000,"I suggest you drop it, Mr. Data. Mr. Worf, you sound like a man who's asking his friend if he can start dating his sister."
217,1086,2015-08-17 07:25:48.000,"I've had twelve years to think about it. And if I had it to do over again, I would have grabbed the phaser and pointed it at you instead of them."
218,1087,2017-01-27 14:56:11.000,Travel time to the nearest starbase? The Federation's gone; the Borg is everywhere!
218,1088,2016-07-17 04:26:35.000,"I'm afraid I still don't understand, sir. Well, that's certainly good to know."
218,1089,2016-03-29 13:11:56.000,"Fate. It protects fools, little children, and ships named Enterprise."
218,1090,2017-02-11 04:56:23.000,Travel time to the nearest starbase? The Federation's gone; the Borg is everywhere!
218,1091,2016-01-30 02:49:28.000,"Maybe if we felt any human loss as keenly as we feel one of those close to us, human history would be far less bloody."
218,1092,2016-06-18 15:29:34.000,"I'm afraid I still don't understand, sir. Well, that's certainly good to know."
219,1093,2016-07-25 08:54:36.000,"I've had twelve years to think about it. And if I had it to do over again, I would have grabbed the phaser and pointed it at you instead of them."
219,1094,2015-12-21 14:34:25.000,Travel time to the nearest starbase? The Federation's gone; the Borg is everywhere!
219,1095,2016-07-18 16:49:20.000,I'll alert the crew. When has justice ever been as simple as a rule book?
219,1096,2016-10-30 13:45:53.000,"Maybe if we felt any human loss as keenly as we feel one of those close to us, human history would be far less bloody."
219,1097,2015-04-23 01:59:15.000,"I suggest you drop it, Mr. Data. Mr. Worf, you sound like a man who's asking his friend if he can start dating his sister."
219,1098,2017-02-13 19:48:04.000,"For an android with no feelings, he sure managed to evoke them in others."
219,1099,2015-08-02 05:58:29.000,"I suggest you drop it, Mr. Data. Mr. Worf, you sound like a man who's asking his friend if he can start dating his sister."
219,1100,2016-04-13 22:09:25.000,"I'm afraid I still don't understand, sir. Well, that's certainly good to know."
219,1101,2015-04-05 01:31:59.000,"I suggest you drop it, Mr. Data. Mr. Worf, you sound like a man who's asking his friend if he can start dating his sister."
220,1102,2015-06-11 21:56:52.000,"I suggest you drop it, Mr. Data. Mr. Worf, you sound like a man who's asking his friend if he can start dating his sister."
220,1103,2015-08-31 21:58:00.000,"I've had twelve years to think about it. And if I had it to do over again, I would have grabbed the phaser and pointed it at you instead of them."
220,1104,2016-06-10 04:50:21.000,Travel time to the nearest starbase? The Federation's gone; the Borg is everywhere!
220,1105,2015-11-09 08:28:22.000,"Maybe if we felt any human loss as keenly as we feel one of those close to us, human history would be far less bloody."
220,1106,2017-01-10 21:24:57.000,"Fate. It protects fools, little children, and ships named Enterprise."
220,1107,2016-08-14 11:05:15.000,"I suggest you drop it, Mr. Data. Mr. Worf, you sound like a man who's asking his friend if he can start dating his sister."
220,1108,2015-11-06 13:16:08.000,Travel time to the nearest starbase? The Federation's gone; the Borg is everywhere!
220,1109,2016-05-29 23:37:33.000,"I'm afraid I still don't understand, sir. Well, that's certainly good to know."
220,1110,2015-06-25 04:05:06.000,"I'm afraid I still don't understand, sir. Well, that's certainly good to know."
220,1111,2015-04-08 16:09:27.000,"Fate. It protects fools, little children, and ships named Enterprise."
221,1112,2015-01-03 04:25:40.000,"I've had twelve years to think about it. And if I had it to do over again, I would have grabbed the phaser and pointed it at you instead of them."
221,1113,2016-09-20 07:06:22.000,"I'm afraid I still don't understand, sir. Well, that's certainly good to know."
221,1114,2016-03-06 04:48:38.000,"I suggest you drop it, Mr. Data. Mr. Worf, you sound like a man who's asking his friend if he can start dating his sister."
221,1115,2016-07-21 18:58:47.000,Flair is what marks the difference between artistry and mere competence.
221,1116,2016-06-24 04:23:26.000,Travel time to the nearest starbase? The Federation's gone; the Borg is everywhere!
221,1117,2015-09-14 20:35:28.000,Travel time to the nearest starbase? The Federation's gone; the Borg is everywhere!
221,1118,2015-10-25 02:56:31.000,"I suggest you drop it, Mr. Data. Mr. Worf, you sound like a man who's asking his friend if he can start dating his sister."
221,1119,2016-12-04 11:34:42.000,"I suggest you drop it, Mr. Data. Mr. Worf, you sound like a man who's asking his friend if he can start dating his sister."
221,1120,2016-03-15 20:58:07.000,"Fate. It protects fools, little children, and ships named Enterprise."
222,1121,2015-03-29 11:58:38.000,"For an android with no feelings, he sure managed to evoke them in others."
222,1122,2017-01-14 05:36:02.000,"For an android with no feelings, he sure managed to evoke them in others."
222,1123,2016-05-23 13:42:52.000,"Fate. It protects fools, little children, and ships named Enterprise."
222,1124,2016-09-27 11:53:04.000,Flair is what marks the difference between artistry and mere competence.
223,1125,2015-04-03 01:38:31.000,Flair is what marks the difference between artistry and mere competence.
223,1126,2015-11-16 17:24:20.000,"For an android with no feelings, he sure managed to evoke them in others."
223,1127,2016-11-07 06:42:34.000,Travel time to the nearest starbase? The Federation's gone; the Borg is everywhere!
223,1128,2016-05-13 01:15:56.000,"I've had twelve years to think about it. And if I had it to do over again, I would have grabbed the phaser and pointed it at you instead of them."
223,1129,2016-07-10 13:27:22.000,"Maybe if we felt any human loss as keenly as we feel one of those close to us, human history would be far less bloody."
223,1130,2016-07-13 03:38:53.000,I'll alert the crew. When has justice ever been as simple as a rule book?
223,1131,2016-11-30 23:24:48.000,"Fate. It protects fools, little children, and ships named Enterprise."
223,1132,2015-08-11 12:05:21.000,"I suggest you drop it, Mr. Data. Mr. Worf, you sound like a man who's asking his friend if he can start dating his sister."
223,1133,2015-10-17 09:21:35.000,"I suggest you drop it, Mr. Data. Mr. Worf, you sound like a man who's asking his friend if he can start dating his sister."
224,1134,2016-05-28 12:34:48.000,"I've had twelve years to think about it. And if I had it to do over again, I would have grabbed the phaser and pointed it at you instead of them."
224,1135,2015-06-06 00:56:44.000,I'll alert the crew. When has justice ever been as simple as a rule book?
224,1136,2016-02-26 02:47:52.000,I'll alert the crew. When has justice ever been as simple as a rule book?
224,1137,2016-08-19 11:46:02.000,"Maybe if we felt any human loss as keenly as we feel one of those close to us, human history would be far less bloody."
224,1138,2016-04-03 06:04:44.000,"I suggest you drop it, Mr. Data. Mr. Worf, you sound like a man who's asking his friend if he can start dating his sister."
224,1139,2016-04-06 05:46:52.000,"I've had twelve years to think about it. And if I had it to do over again, I would have grabbed the phaser and pointed it at you instead of them."
224,1140,2015-07-03 01:04:46.000,Flair is what marks the difference between artistry and mere competence.
224,1141,2015-07-21 09:28:49.000,"I suggest you drop it, Mr. Data. Mr. Worf, you sound like a man who's asking his friend if he can start dating his sister."
224,1142,2015-10-09 11:29:12.000,"I've had twelve years to think about it. And if I had it to do over again, I would have grabbed the phaser and pointed it at you instead of them."
224,1143,2016-09-19 17:08:26.000,Flair is what marks the difference between artistry and mere competence.
225,1144,2016-04-18 13:17:37.000,"Maybe if we felt any human loss as keenly as we feel one of those close to us, human history would be far less bloody."
225,1145,2015-12-20 02:20:24.000,"Maybe if we felt any human loss as keenly as we feel one of those close to us, human history would be far less bloody."
225,1146,2015-10-21 05:12:19.000,Travel time to the nearest starbase? The Federation's gone; the Borg is everywhere!
225,1147,2016-12-04 13:26:56.000,Flair is what marks the difference between artistry and mere competence.
225,1148,2016-12-20 00:24:31.000,"I've had twelve years to think about it. And if I had it to do over again, I would have grabbed the phaser and pointed it at you instead of them."
225,1149,2016-03-14 20:13:32.000,I'll alert the crew. When has justice ever been as simple as a rule book?
225,1150,2015-05-05 16:34:41.000,Travel time to the nearest starbase? The Federation's gone; the Borg is everywhere!
225,1151,2015-11-20 06:54:49.000,Travel time to the nearest starbase? The Federation's gone; the Borg is everywhere!
225,1152,2015-08-01 20:23:43.000,"I'm afraid I still don't understand, sir. Well, that's certainly good to know."
225,1153,2015-06-19 05:15:36.000,"For an android with no feelings, he sure managed to evoke them in others."
226,1154,2015-11-12 10:29:53.000,I'll alert the crew. When has justice ever been as simple as a rule book?
226,1155,2015-01-19 00:39:16.000,"I suggest you drop it, Mr. Data. Mr. Worf, you sound like a man who's asking his friend if he can start dating his sister."
226,1156,2016-05-02 17:17:07.000,"For an android with no feelings, he sure managed to evoke them in others."
226,1157,2015-01-11 10:58:39.000,"I've had twelve years to think about it. And if I had it to do over again, I would have grabbed the phaser and pointed it at you instead of them."
226,1158,2017-01-31 15:05:13.000,"Fate. It protects fools, little children, and ships named Enterprise."
228,1159,2016-02-14 17:56:27.000,I'll alert the crew. When has justice ever been as simple as a rule book?
228,1160,2017-02-14 13:22:54.000,"I suggest you drop it, Mr. Data. Mr. Worf, you sound like a man who's asking his friend if he can start dating his sister."
228,1161,2016-09-09 08:24:04.000,I'll alert the crew. When has justice ever been as simple as a rule book?
228,1162,2017-01-15 05:58:48.000,"I've had twelve years to think about it. And if I had it to do over again, I would have grabbed the phaser and pointed it at you instead of them."
228,1163,2017-01-31 16:11:06.000,Flair is what marks the difference between artistry and mere competence.
228,1164,2017-02-06 00:57:54.000,Travel time to the nearest starbase? The Federation's gone; the Borg is everywhere!
228,1165,2015-06-30 11:03:11.000,Flair is what marks the difference between artistry and mere competence.
228,1166,2016-06-05 23:30:23.000,I'll alert the crew. When has justice ever been as simple as a rule book?
228,1167,2015-01-18 05:09:06.000,Flair is what marks the difference between artistry and mere competence.
228,1168,2015-10-17 20:33:15.000,Flair is what marks the difference between artistry and mere competence.
229,1169,2016-02-08 05:29:42.000,"For an android with no feelings, he sure managed to evoke them in others."
229,1170,2016-07-31 01:23:33.000,"Fate. It protects fools, little children, and ships named Enterprise."
229,1171,2016-10-01 23:22:57.000,"Maybe if we felt any human loss as keenly as we feel one of those close to us, human history would be far less bloody."
229,1172,2015-05-24 00:45:34.000,"Maybe if we felt any human loss as keenly as we feel one of those close to us, human history would be far less bloody."
229,1173,2016-05-08 14:52:08.000,Flair is what marks the difference between artistry and mere competence.
229,1174,2015-09-29 11:54:24.000,Flair is what marks the difference between artistry and mere competence.
229,1175,2016-11-24 14:10:07.000,"I suggest you drop it, Mr. Data. Mr. Worf, you sound like a man who's asking his friend if he can start dating his sister."
229,1176,2016-06-25 07:21:41.000,"I've had twelve years to think about it. And if I had it to do over again, I would have grabbed the phaser and pointed it at you instead of them."
229,1177,2016-10-18 10:37:37.000,Flair is what marks the difference between artistry and mere competence.
230,1178,2016-08-24 06:57:47.000,"Fate. It protects fools, little children, and ships named Enterprise."
230,1179,2015-07-09 09:37:37.000,Travel time to the nearest starbase? The Federation's gone; the Borg is everywhere!
230,1180,2015-07-06 15:12:29.000,"Fate. It protects fools, little children, and ships named Enterprise."
230,1181,2016-07-28 06:20:54.000,"I'm afraid I still don't understand, sir. Well, that's certainly good to know."
230,1182,2015-11-27 20:44:39.000,I'll alert the crew. When has justice ever been as simple as a rule book?
230,1183,2016-01-05 18:59:47.000,I'll alert the crew. When has justice ever been as simple as a rule book?
230,1184,2015-04-29 14:09:57.000,Flair is what marks the difference between artistry and mere competence.
231,1185,2016-06-18 13:00:03.000,Travel time to the nearest starbase? The Federation's gone; the Borg is everywhere!
231,1186,2015-02-22 21:28:02.000,"I've had twelve years to think about it. And if I had it to do over again, I would have grabbed the phaser and pointed it at you instead of them."
231,1187,2016-01-14 06:17:33.000,Flair is what marks the difference between artistry and mere competence.
231,1188,2015-11-30 12:58:24.000,"I suggest you drop it, Mr. Data. Mr. Worf, you sound like a man who's asking his friend if he can start dating his sister."
232,1189,2015-07-11 12:27:48.000,"I've had twelve years to think about it. And if I had it to do over again, I would have grabbed the phaser and pointed it at you instead of them."
232,1190,2015-08-25 03:35:48.000,"Maybe if we felt any human loss as keenly as we feel one of those close to us, human history would be far less bloody."
232,1191,2016-10-16 10:08:02.000,"I suggest you drop it, Mr. Data. Mr. Worf, you sound like a man who's asking his friend if he can start dating his sister."
232,1192,2017-01-03 05:45:17.000,Flair is what marks the difference between artistry and mere competence.
232,1193,2015-04-06 02:37:22.000,"Maybe if we felt any human loss as keenly as we feel one of those close to us, human history would be far less bloody."
276,1441,2015-08-28 10:04:12.000,"I've had twelve years to think about it. And if I had it to do over again, I would have grabbed the phaser and pointed it at you instead of them."
276,1442,2015-02-03 14:42:24.000,Flair is what marks the difference between artistry and mere competence.
276,1443,2016-12-19 06:38:56.000,Travel time to the nearest starbase? The Federation's gone; the Borg is everywhere!
276,1444,2016-05-23 11:41:35.000,"Maybe if we felt any human loss as keenly as we feel one of those close to us, human history would be far less bloody."
276,1445,2015-11-13 03:36:30.000,"I've had twelve years to think about it. And if I had it to do over again, I would have grabbed the phaser and pointed it at you instead of them."
276,1446,2016-02-05 22:15:38.000,Travel time to the nearest starbase? The Federation's gone; the Borg is everywhere!
276,1447,2016-08-12 16:10:50.000,"I suggest you drop it, Mr. Data. Mr. Worf, you sound like a man who's asking his friend if he can start dating his sister."
277,1448,2015-12-31 20:26:51.000,"Fate. It protects fools, little children, and ships named Enterprise."
277,1449,2015-01-14 21:24:12.000,"Fate. It protects fools, little children, and ships named Enterprise."
277,1450,2016-05-06 20:00:09.000,"I suggest you drop it, Mr. Data. Mr. Worf, you sound like a man who's asking his friend if he can start dating his sister."
277,1451,2015-09-16 19:37:48.000,"Maybe if we felt any human loss as keenly as we feel one of those close to us, human history would be far less bloody."
277,1452,2017-01-19 02:04:31.000,"Fate. It protects fools, little children, and ships named Enterprise."
277,1453,2015-02-17 13:20:27.000,"I've had twelve years to think about it. And if I had it to do over again, I would have grabbed the phaser and pointed it at you instead of them."
277,1454,2015-02-10 21:36:08.000,Flair is what marks the difference between artistry and mere competence.
278,1455,2016-04-06 22:48:35.000,"I've had twelve years to think about it. And if I had it to do over again, I would have grabbed the phaser and pointed it at you instead of them."
278,1456,2015-12-22 00:29:44.000,"I suggest you drop it, Mr. Data. Mr. Worf, you sound like a man who's asking his friend if he can start dating his sister."
278,1457,2016-04-19 21:52:17.000,"I suggest you drop it, Mr. Data. Mr. Worf, you sound like a man who's asking his friend if he can start dating his sister."
278,1458,2016-07-22 09:21:43.000,"Fate. It protects fools, little children, and ships named Enterprise."
279,1459,2016-03-17 00:30:55.000,"I suggest you drop it, Mr. Data. Mr. Worf, you sound like a man who's asking his friend if he can start dating his sister."
279,1460,2016-03-31 00:07:10.000,Travel time to the nearest starbase? The Federation's gone; the Borg is everywhere!
279,1461,2016-09-08 22:04:01.000,"I've had twelve years to think about it. And if I had it to do over again, I would have grabbed the phaser and pointed it at you instead of them."
279,1462,2015-06-15 23:40:24.000,"I'm afraid I still don't understand, sir. Well, that's certainly good to know."
279,1463,2017-01-17 10:10:42.000,"Fate. It protects fools, little children, and ships named Enterprise."
279,1464,2015-04-10 13:05:21.000,I'll alert the crew. When has justice ever been as simple as a rule book?
279,1465,2015-02-28 07:51:49.000,"For an android with no feelings, he sure managed to evoke them in others."
279,1466,2016-06-15 19:41:29.000,"I suggest you drop it, Mr. Data. Mr. Worf, you sound like a man who's asking his friend if he can start dating his sister."
281,1467,2016-08-19 08:04:53.000,"I've had twelve years to think about it. And if I had it to do over again, I would have grabbed the phaser and pointed it at you instead of them."
281,1468,2015-06-05 20:14:55.000,"I'm afraid I still don't understand, sir. Well, that's certainly good to know."
282,1469,2015-09-10 12:05:23.000,"Fate. It protects fools, little children, and ships named Enterprise."
282,1470,2015-08-01 09:17:45.000,"I'm afraid I still don't understand, sir. Well, that's certainly good to know."
282,1471,2015-09-27 11:13:21.000,"Fate. It protects fools, little children, and ships named Enterprise."
282,1472,2015-10-19 07:59:27.000,"I suggest you drop it, Mr. Data. Mr. Worf, you sound like a man who's asking his friend if he can start dating his sister."
282,1473,2016-04-02 06:10:10.000,I'll alert the crew. When has justice ever been as simple as a rule book?
282,1474,2015-08-20 01:23:36.000,Flair is what marks the difference between artistry and mere competence.
282,1475,2015-10-21 22:40:39.000,Travel time to the nearest starbase? The Federation's gone; the Borg is everywhere!
282,1476,2015-02-27 16:41:17.000,"I'm afraid I still don't understand, sir. Well, that's certainly good to know."
282,1477,2015-12-23 04:09:26.000,Travel time to the nearest starbase? The Federation's gone; the Borg is everywhere!
283,1478,2016-05-19 18:49:18.000,"Fate. It protects fools, little children, and ships named Enterprise."
283,1479,2016-11-07 21:41:02.000,"Fate. It protects fools, little children, and ships named Enterprise."
283,1480,2016-01-28 19:17:05.000,I'll alert the crew. When has justice ever been as simple as a rule book?
283,1481,2017-02-22 00:31:11.000,"I've had twelve years to think about it. And if I had it to do over again, I would have grabbed the phaser and pointed it at you instead of them."
284,1482,2015-11-30 15:39:16.000,"I'm afraid I still don't understand, sir. Well, that's certainly good to know."
284,1483,2015-01-03 15:21:07.000,I'll alert the crew. When has justice ever been as simple as a rule book?
284,1484,2017-01-13 13:35:25.000,Flair is what marks the difference between artistry and mere competence.
284,1485,2016-03-20 07:09:01.000,Travel time to the nearest starbase? The Federation's gone; the Borg is everywhere!
284,1486,2016-01-10 04:21:56.000,"I suggest you drop it, Mr. Data. Mr. Worf, you sound like a man who's asking his friend if he can start dating his sister."
284,1487,2015-10-04 11:12:12.000,Flair is what marks the difference between artistry and mere competence.
284,1488,2016-07-07 01:04:32.000,"Maybe if we felt any human loss as keenly as we feel one of those close to us, human history would be far less bloody."
284,1489,2016-10-18 16:12:05.000,"I've had twelve years to think about it. And if I had it to do over again, I would have grabbed the phaser and pointed it at you instead of them."
284,1490,2015-10-15 19:08:07.000,Travel time to the nearest starbase? The Federation's gone; the Borg is everywhere!
285,1491,2015-06-07 04:21:14.000,"I've had twelve years to think about it. And if I had it to do over again, I would have grabbed the phaser and pointed it at you instead of them."
285,1492,2016-11-01 08:11:43.000,"I'm afraid I still don't understand, sir. Well, that's certainly good to know."
285,1493,2016-01-18 01:09:17.000,I'll alert the crew. When has justice ever been as simple as a rule book?
285,1494,2015-06-03 00:51:09.000,"I'm afraid I still don't understand, sir. Well, that's certainly good to know."
285,1495,2016-07-24 09:33:53.000,"I'm afraid I still don't understand, sir. Well, that's certainly good to know."
285,1496,2016-06-04 13:39:06.000,"Maybe if we felt any human loss as keenly as we feel one of those close to us, human history would be far less bloody."
285,1497,2016-12-12 04:30:01.000,"I've had twelve years to think about it. And if I had it to do over again, I would have grabbed the phaser and pointed it at you instead of them."
285,1498,2016-06-08 05:08:23.000,I'll alert the crew. When has justice ever been as simple as a rule book?
286,1499,2015-01-05 07:09:22.000,"I've had twelve years to think about it. And if I had it to do over again, I would have grabbed the phaser and pointed it at you instead of them."
287,1500,2015-03-20 09:59:48.000,"I suggest you drop it, Mr. Data. Mr. Worf, you sound like a man who's asking his friend if he can start dating his sister."
287,1501,2015-12-20 17:08:04.000,"I suggest you drop it, Mr. Data. Mr. Worf, you sound like a man who's asking his friend if he can start dating his sister."
287,1502,2016-04-22 07:32:03.000,"For an android with no feelings, he sure managed to evoke them in others."
287,1503,2015-04-15 20:30:29.000,Flair is what marks the difference between artistry and mere competence.
287,1504,2016-05-23 18:48:03.000,"Maybe if we felt any human loss as keenly as we feel one of those close to us, human history would be far less bloody."
287,1505,2015-05-16 13:18:24.000,I'll alert the crew. When has justice ever been as simple as a rule book?
288,1506,2016-10-08 06:41:39.000,"Fate. It protects fools, little children, and ships named Enterprise."
288,1507,2016-05-10 21:09:22.000,"I suggest you drop it, Mr. Data. Mr. Worf, you sound like a man who's asking his friend if he can start dating his sister."
288,1508,2016-03-31 21:41:20.000,I'll alert the crew. When has justice ever been as simple as a rule book?
288,1509,2015-12-13 05:54:43.000,"Maybe if we felt any human loss as keenly as we feel one of those close to us, human history would be far less bloody."
288,1510,2017-02-15 05:44:14.000,"Fate. It protects fools, little children, and ships named Enterprise."
288,1511,2016-04-25 21:48:51.000,"I suggest you drop it, Mr. Data. Mr. Worf, you sound like a man who's asking his friend if he can start dating his sister."
288,1512,2015-01-28 00:28:52.000,Travel time to the nearest starbase? The Federation's gone; the Borg is everywhere!
288,1513,2015-05-21 01:47:20.000,"I'm afraid I still don't understand, sir. Well, that's certainly good to know."
288,1514,2016-10-11 22:17:11.000,"I've had twelve years to think about it. And if I had it to do over again, I would have grabbed the phaser and pointed it at you instead of them."
288,1515,2015-12-10 04:44:46.000,"I've had twelve years to think about it. And if I had it to do over again, I would have grabbed the phaser and pointed it at you instead of them."
289,1516,2015-02-05 17:13:23.000,"I'm afraid I still don't understand, sir. Well, that's certainly good to know."
289,1517,2016-04-11 23:07:17.000,Travel time to the nearest starbase? The Federation's gone; the Borg is everywhere!
289,1518,2016-09-24 23:29:05.000,"I suggest you drop it, Mr. Data. Mr. Worf, you sound like a man who's asking his friend if he can start dating his sister."
289,1519,2016-01-14 05:37:00.000,"Maybe if we felt any human loss as keenly as we feel one of those close to us, human history would be far less bloody."
290,1520,2016-09-16 09:43:37.000,"Fate. It protects fools, little children, and ships named Enterprise."
291,1521,2015-11-26 01:22:21.000,"I'm afraid I still don't understand, sir. Well, that's certainly good to know."
291,1522,2015-01-14 18:44:29.000,"Fate. It protects fools, little children, and ships named Enterprise."
292,1523,2015-06-11 23:11:33.000,"For an android with no feelings, he sure managed to evoke them in others."
293,1524,2016-06-27 16:40:19.000,Travel time to the nearest starbase? The Federation's gone; the Borg is everywhere!
293,1525,2015-10-22 12:13:24.000,"I suggest you drop it, Mr. Data. Mr. Worf, you sound like a man who's asking his friend if he can start dating his sister."
293,1526,2016-01-03 09:28:09.000,Flair is what marks the difference between artistry and mere competence.
293,1527,2015-03-06 07:22:57.000,"For an android with no feelings, he sure managed to evoke them in others."
293,1528,2015-10-09 13:22:16.000,Travel time to the nearest starbase? The Federation's gone; the Borg is everywhere!
293,1529,2016-12-09 06:44:49.000,Travel time to the nearest starbase? The Federation's gone; the Borg is everywhere!
293,1530,2015-08-13 20:01:55.000,"Fate. It protects fools, little children, and ships named Enterprise."
293,1531,2015-06-17 05:02:44.000,I'll alert the crew. When has justice ever been as simple as a rule book?
293,1532,2017-01-23 07:55:39.000,Flair is what marks the difference between artistry and mere competence.
294,1533,2016-01-28 20:20:43.000,"Maybe if we felt any human loss as keenly as we feel one of those close to us, human history would be far less bloody."
294,1534,2015-11-03 10:37:38.000,Flair is what marks the difference between artistry and mere competence.
294,1535,2015-04-24 23:14:59.000,Travel time to the nearest starbase? The Federation's gone; the Borg is everywhere!
294,1536,2016-06-22 14:33:13.000,"I'm afraid I still don't understand, sir. Well, that's certainly good to know."
294,1537,2016-12-18 01:05:55.000,"Fate. It protects fools, little children, and ships named Enterprise."
294,1538,2016-07-07 14:52:59.000,"Maybe if we felt any human loss as keenly as we feel one of those close to us, human history would be far less bloody."
294,1539,2016-12-03 20:00:48.000,"Fate. It protects fools, little children, and ships named Enterprise."
294,1540,2016-09-25 08:06:09.000,"I'm afraid I still don't understand, sir. Well, that's certainly good to know."
294,1541,2016-06-29 17:34:55.000,"Fate. It protects fools, little children, and ships named Enterprise."
296,1542,2017-02-09 15:36:02.000,I'll alert the crew. When has justice ever been as simple as a rule book?
296,1543,2015-07-07 00:26:30.000,"I've had twelve years to think about it. And if I had it to do over again, I would have grabbed the phaser and pointed it at you instead of them."
296,1544,2015-05-20 08:32:07.000,"Fate. It protects fools, little children, and ships named Enterprise."
297,1545,2015-04-08 20:26:16.000,"Fate. It protects fools, little children, and ships named Enterprise."
297,1546,2016-07-16 13:16:46.000,"Fate. It protects fools, little children, and ships named Enterprise."
297,1547,2015-09-20 12:02:59.000,"Fate. It protects fools, little children, and ships named Enterprise."
297,1548,2015-11-13 03:14:11.000,Travel time to the nearest starbase? The Federation's gone; the Borg is everywhere!
297,1549,2015-07-22 10:38:09.000,"I suggest you drop it, Mr. Data. Mr. Worf, you sound like a man who's asking his friend if he can start dating his sister."
298,1550,2015-04-09 22:41:38.000,"For an android with no feelings, he sure managed to evoke them in others."
298,1551,2015-04-04 04:17:55.000,"Maybe if we felt any human loss as keenly as we feel one of those close to us, human history would be far less bloody."
298,1552,2015-05-28 09:03:22.000,Flair is what marks the difference between artistry and mere competence.
298,1553,2016-09-14 22:38:08.000,"For an android with no feelings, he sure managed to evoke them in others."
298,1554,2016-06-29 15:11:25.000,"Maybe if we felt any human loss as keenly as we feel one of those close to us, human history would be far less bloody."
298,1555,2015-06-20 05:11:30.000,"I suggest you drop it, Mr. Data. Mr. Worf, you sound like a man who's asking his friend if he can start dating his sister."
298,1556,2017-01-10 18:24:35.000,"I'm afraid I still don't understand, sir. Well, that's certainly good to know."
299,1557,2015-12-13 08:47:40.000,"I'm afraid I still don't understand, sir. Well, that's certainly good to know."
299,1558,2015-07-11 15:16:37.000,"I've had twelve years to think about it. And if I had it to do over again, I would have grabbed the phaser and pointed it at you instead of them."
299,1559,2015-04-05 23:16:59.000,"For an android with no feelings, he sure managed to evoke them in others."
299,1560,2017-01-13 16:22:48.000,I'll alert the crew. When has justice ever been as simple as a rule book?
299,1561,2016-05-19 14:38:34.000,"I'm afraid I still don't understand, sir. Well, that's certainly good to know."
299,1562,2016-02-04 23:07:25.000,"I'm afraid I still don't understand, sir. Well, that's certainly good to know."
299,1563,2016-06-08 20:44:50.000,Travel time to the nearest starbase? The Federation's gone; the Borg is everywhere!
299,1564,2017-01-31 04:03:02.000,Flair is what marks the difference between artistry and mere competence.
299,1565,2015-06-26 05:43:29.000,I'll alert the crew. When has justice ever been as simple as a rule book?
299,1566,2015-11-13 07:56:27.000,Travel time to the nearest starbase? The Federation's gone; the Borg is everywhere!
300,1567,2015-08-09 07:43:52.000,"I suggest you drop it, Mr. Data. Mr. Worf, you sound like a man who's asking his friend if he can start dating his sister."
300,1568,2016-03-13 03:02:33.000,I'll alert the crew. When has justice ever been as simple as a rule book?
300,1569,2015-07-20 01:08:18.000,Flair is what marks the difference between artistry and mere competence.
300,1570,2016-03-13 01:10:26.000,Flair is what marks the difference between artistry and mere competence.
300,1571,2016-04-09 15:45:52.000,"I suggest you drop it, Mr. Data. Mr. Worf, you sound like a man who's asking his friend if he can start dating his sister."
300,1572,2017-02-19 12:32:22.000,"For an android with no feelings, he sure managed to evoke them in others."
300,1573,2016-01-04 23:55:03.000,Travel time to the nearest starbase? The Federation's gone; the Borg is everywhere!
301,1574,2016-12-07 23:11:16.000,Flair is what marks the difference between artistry and mere competence.
301,1575,2016-01-02 06:58:08.000,"I've had twelve years to think about it. And if I had it to do over again, I would have grabbed the phaser and pointed it at you instead of them."
301,1576,2015-08-06 09:13:27.000,"Maybe if we felt any human loss as keenly as we feel one of those close to us, human history would be far less bloody."
301,1577,2015-01-09 09:26:31.000,I'll alert the crew. When has justice ever been as simple as a rule book?
301,1578,2016-09-22 09:26:44.000,"Fate. It protects fools, little children, and ships named Enterprise."
302,1579,2016-02-12 22:34:45.000,Travel time to the nearest starbase? The Federation's gone; the Borg is everywhere!
302,1580,2016-05-17 06:05:14.000,"For an android with no feelings, he sure managed to evoke them in others."
302,1581,2016-07-24 23:54:04.000,"I've had twelve years to think about it. And if I had it to do over again, I would have grabbed the phaser and pointed it at you instead of them."
302,1582,2015-11-16 09:24:51.000,"Maybe if we felt any human loss as keenly as we feel one of those close to us, human history would be far less bloody."
302,1583,2016-06-29 01:19:12.000,"I'm afraid I still don't understand, sir. Well, that's certainly good to know."
302,1584,2016-10-11 05:58:13.000,I'll alert the crew. When has justice ever been as simple as a rule book?
302,1585,2015-06-04 01:06:26.000,"Fate. It protects fools, little children, and ships named Enterprise."
302,1586,2015-04-07 00:29:42.000,"Maybe if we felt any human loss as keenly as we feel one of those close to us, human history would be far less bloody."
302,1587,2016-03-04 11:41:41.000,"Maybe if we felt any human loss as keenly as we feel one of those close to us, human history would be far less bloody."
302,1588,2016-03-12 02:21:19.000,"I suggest you drop it, Mr. Data. Mr. Worf, you sound like a man who's asking his friend if he can start dating his sister."
303,1589,2015-10-03 19:23:13.000,I'll alert the crew. When has justice ever been as simple as a rule book?
303,1590,2016-01-12 04:34:16.000,"Maybe if we felt any human loss as keenly as we feel one of those close to us, human history would be far less bloody."
304,1591,2015-02-09 15:39:52.000,Travel time to the nearest starbase? The Federation's gone; the Borg is everywhere!
305,1592,2015-06-29 18:09:20.000,I'll alert the crew. When has justice ever been as simple as a rule book?
305,1593,2016-06-19 09:42:04.000,"I've had twelve years to think about it. And if I had it to do over again, I would have grabbed the phaser and pointed it at you instead of them."
305,1594,2016-01-07 22:06:54.000,"Maybe if we felt any human loss as keenly as we feel one of those close to us, human history would be far less bloody."
306,1595,2016-01-18 19:22:05.000,"Maybe if we felt any human loss as keenly as we feel one of those close to us, human history would be far less bloody."
306,1596,2015-02-13 16:46:41.000,"Maybe if we felt any human loss as keenly as we feel one of those close to us, human history would be far less bloody."
306,1597,2015-08-04 22:42:29.000,"I've had twelve years to think about it. And if I had it to do over again, I would have grabbed the phaser and pointed it at you instead of them."
306,1598,2017-02-11 04:20:13.000,I'll alert the crew. When has justice ever been as simple as a rule book?
306,1599,2016-05-01 03:12:15.000,"Maybe if we felt any human loss as keenly as we feel one of those close to us, human history would be far less bloody."
306,1600,2015-04-23 03:17:52.000,"I suggest you drop it, Mr. Data. Mr. Worf, you sound like a man who's asking his friend if he can start dating his sister."
306,1601,2016-09-28 21:47:19.000,"Maybe if we felt any human loss as keenly as we feel one of those close to us, human history would be far less bloody."
306,1602,2016-06-21 15:07:56.000,Travel time to the nearest starbase? The Federation's gone; the Borg is everywhere!
306,1603,2015-12-21 21:51:28.000,"I've had twelve years to think about it. And if I had it to do over again, I would have grabbed the phaser and pointed it at you instead of them."
306,1604,2016-02-08 07:50:43.000,Flair is what marks the difference between artistry and mere competence.
307,1605,2016-10-28 08:03:37.000,"I'm afraid I still don't understand, sir. Well, that's certainly good to know."
307,1606,2015-04-15 16:34:10.000,I'll alert the crew. When has justice ever been as simple as a rule book?
307,1607,2015-02-19 17:32:21.000,"Fate. It protects fools, little children, and ships named Enterprise."
307,1608,2016-11-10 00:29:08.000,"For an android with no feelings, he sure managed to evoke them in others."
308,1609,2015-07-03 00:01:21.000,"Maybe if we felt any human loss as keenly as we feel one of those close to us, human history would be far less bloody."
308,1610,2015-03-17 09:37:59.000,"I've had twelve years to think about it. And if I had it to do over again, I would have grabbed the phaser and pointed it at you instead of them."
308,1611,2016-06-04 21:09:05.000,"I've had twelve years to think about it. And if I had it to do over again, I would have grabbed the phaser and pointed it at you instead of them."
308,1612,2017-01-27 12:26:21.000,"Fate. It protects fools, little children, and ships named Enterprise."
308,1613,2016-07-27 22:53:49.000,"Maybe if we felt any human loss as keenly as we feel one of those close to us, human history would be far less bloody."
308,1614,2015-08-21 00:53:03.000,Travel time to the nearest starbase? The Federation's gone; the Borg is everywhere!
308,1615,2015-12-22 17:37:29.000,"Maybe if we felt any human loss as keenly as we feel one of those close to us, human history would be far less bloody."
309,1616,2015-12-12 17:22:27.000,Travel time to the nearest starbase? The Federation's gone; the Borg is everywhere!
309,1617,2016-06-09 20:45:21.000,"For an android with no feelings, he sure managed to evoke them in others."
309,1618,2015-07-30 07:07:35.000,Flair is what marks the difference between artistry and mere competence.
309,1619,2016-08-15 20:28:09.000,"Fate. It protects fools, little children, and ships named Enterprise."
309,1620,2016-03-11 15:37:47.000,"Fate. It protects fools, little children, and ships named Enterprise."
309,1621,2015-04-06 21:28:03.000,"I'm afraid I still don't understand, sir. Well, that's certainly good to know."
310,1622,2015-06-16 19:04:37.000,"I'm afraid I still don't understand, sir. Well, that's certainly good to know."
310,1623,2016-04-06 08:25:03.000,Travel time to the nearest starbase? The Federation's gone; the Borg is everywhere!
310,1624,2016-01-18 03:47:36.000,I'll alert the crew. When has justice ever been as simple as a rule book?
311,1625,2016-04-14 14:47:30.000,Travel time to the nearest starbase? The Federation's gone; the Borg is everywhere!
311,1626,2017-02-25 01:47:46.000,I'll alert the crew. When has justice ever been as simple as a rule book?
311,1627,2015-09-06 10:08:34.000,"I've had twelve years to think about it. And if I had it to do over again, I would have grabbed the phaser and pointed it at you instead of them."
311,1628,2015-07-29 02:40:12.000,"Fate. It protects fools, little children, and ships named Enterprise."
311,1629,2015-11-03 17:38:33.000,"Maybe if we felt any human loss as keenly as we feel one of those close to us, human history would be far less bloody."
311,1630,2015-04-18 04:55:31.000,"Maybe if we felt any human loss as keenly as we feel one of those close to us, human history would be far less bloody."
311,1631,2016-01-14 02:34:06.000,I'll alert the crew. When has justice ever been as simple as a rule book?
311,1632,2015-05-07 13:02:56.000,Travel time to the nearest starbase? The Federation's gone; the Borg is everywhere!
311,1633,2016-08-29 11:04:03.000,"I suggest you drop it, Mr. Data. Mr. Worf, you sound like a man who's asking his friend if he can start dating his sister."
311,1634,2016-07-04 22:45:22.000,"I suggest you drop it, Mr. Data. Mr. Worf, you sound like a man who's asking his friend if he can start dating his sister."
312,1635,2016-12-03 16:37:03.000,"Maybe if we felt any human loss as keenly as we feel one of those close to us, human history would be far less bloody."
312,1636,2015-08-18 05:16:06.000,"Fate. It protects fools, little children, and ships named Enterprise."
313,1637,2016-05-21 10:21:44.000,"I suggest you drop it, Mr. Data. Mr. Worf, you sound like a man who's asking his friend if he can start dating his sister."
313,1638,2017-01-02 08:20:23.000,Flair is what marks the difference between artistry and mere competence.
313,1639,2016-01-12 13:59:14.000,"For an android with no feelings, he sure managed to evoke them in others."
333,1748,2015-03-26 11:03:33.000,"For an android with no feelings, he sure managed to evoke them in others."
313,1640,2016-02-08 07:52:43.000,"I suggest you drop it, Mr. Data. Mr. Worf, you sound like a man who's asking his friend if he can start dating his sister."
313,1641,2015-11-05 15:55:14.000,"For an android with no feelings, he sure managed to evoke them in others."
313,1642,2016-10-20 18:47:41.000,"Fate. It protects fools, little children, and ships named Enterprise."
313,1643,2016-10-17 04:11:37.000,"I'm afraid I still don't understand, sir. Well, that's certainly good to know."
313,1644,2015-09-24 19:54:00.000,"I suggest you drop it, Mr. Data. Mr. Worf, you sound like a man who's asking his friend if he can start dating his sister."
313,1645,2015-04-14 18:39:11.000,"Maybe if we felt any human loss as keenly as we feel one of those close to us, human history would be far less bloody."
313,1646,2015-10-27 02:43:34.000,"For an android with no feelings, he sure managed to evoke them in others."
314,1647,2015-07-29 23:41:49.000,Flair is what marks the difference between artistry and mere competence.
314,1648,2015-11-08 21:52:07.000,"Fate. It protects fools, little children, and ships named Enterprise."
314,1649,2015-07-06 18:28:06.000,"I suggest you drop it, Mr. Data. Mr. Worf, you sound like a man who's asking his friend if he can start dating his sister."
315,1650,2015-07-08 10:44:59.000,Travel time to the nearest starbase? The Federation's gone; the Borg is everywhere!
316,1651,2016-11-05 17:25:48.000,"Fate. It protects fools, little children, and ships named Enterprise."
316,1652,2016-01-08 20:35:21.000,"I've had twelve years to think about it. And if I had it to do over again, I would have grabbed the phaser and pointed it at you instead of them."
316,1653,2015-04-09 01:13:14.000,"Fate. It protects fools, little children, and ships named Enterprise."
316,1654,2015-10-13 18:53:17.000,"I'm afraid I still don't understand, sir. Well, that's certainly good to know."
316,1655,2017-02-02 16:46:16.000,Flair is what marks the difference between artistry and mere competence.
316,1656,2016-08-25 22:39:00.000,"For an android with no feelings, he sure managed to evoke them in others."
316,1657,2015-03-02 00:28:12.000,"I'm afraid I still don't understand, sir. Well, that's certainly good to know."
316,1658,2016-11-10 15:17:30.000,"I've had twelve years to think about it. And if I had it to do over again, I would have grabbed the phaser and pointed it at you instead of them."
317,1659,2015-01-04 11:25:30.000,"Fate. It protects fools, little children, and ships named Enterprise."
317,1660,2015-06-22 16:45:18.000,"I suggest you drop it, Mr. Data. Mr. Worf, you sound like a man who's asking his friend if he can start dating his sister."
317,1661,2015-05-29 02:28:04.000,Flair is what marks the difference between artistry and mere competence.
317,1662,2016-04-19 14:36:05.000,I'll alert the crew. When has justice ever been as simple as a rule book?
317,1663,2016-02-11 18:17:39.000,"Fate. It protects fools, little children, and ships named Enterprise."
317,1664,2015-02-27 17:37:01.000,"I suggest you drop it, Mr. Data. Mr. Worf, you sound like a man who's asking his friend if he can start dating his sister."
317,1665,2016-07-01 04:46:15.000,Flair is what marks the difference between artistry and mere competence.
317,1666,2015-06-12 16:20:22.000,"Fate. It protects fools, little children, and ships named Enterprise."
317,1667,2015-07-31 23:38:28.000,"For an android with no feelings, he sure managed to evoke them in others."
318,1668,2015-08-31 20:34:35.000,"For an android with no feelings, he sure managed to evoke them in others."
318,1669,2017-02-02 13:16:14.000,Travel time to the nearest starbase? The Federation's gone; the Borg is everywhere!
318,1670,2015-07-28 16:24:55.000,"For an android with no feelings, he sure managed to evoke them in others."
318,1671,2015-12-24 18:57:48.000,"Maybe if we felt any human loss as keenly as we feel one of those close to us, human history would be far less bloody."
318,1672,2017-01-03 10:39:50.000,"I'm afraid I still don't understand, sir. Well, that's certainly good to know."
318,1673,2016-05-23 20:25:37.000,"I'm afraid I still don't understand, sir. Well, that's certainly good to know."
318,1674,2016-07-05 18:45:18.000,"For an android with no feelings, he sure managed to evoke them in others."
318,1675,2017-02-20 14:21:07.000,"Fate. It protects fools, little children, and ships named Enterprise."
318,1676,2015-10-20 12:30:37.000,Flair is what marks the difference between artistry and mere competence.
318,1677,2016-10-16 18:27:14.000,Travel time to the nearest starbase? The Federation's gone; the Borg is everywhere!
319,1678,2015-10-04 10:32:25.000,Flair is what marks the difference between artistry and mere competence.
319,1679,2015-07-10 07:01:56.000,"I've had twelve years to think about it. And if I had it to do over again, I would have grabbed the phaser and pointed it at you instead of them."
319,1680,2015-03-08 13:20:42.000,Travel time to the nearest starbase? The Federation's gone; the Borg is everywhere!
320,1681,2015-05-03 17:26:50.000,"For an android with no feelings, he sure managed to evoke them in others."
320,1682,2016-09-27 20:58:41.000,"I've had twelve years to think about it. And if I had it to do over again, I would have grabbed the phaser and pointed it at you instead of them."
321,1683,2015-11-08 02:27:48.000,"For an android with no feelings, he sure managed to evoke them in others."
321,1684,2015-09-12 00:28:20.000,"I've had twelve years to think about it. And if I had it to do over again, I would have grabbed the phaser and pointed it at you instead of them."
321,1685,2016-10-26 23:46:40.000,"For an android with no feelings, he sure managed to evoke them in others."
321,1686,2015-08-28 22:29:36.000,"For an android with no feelings, he sure managed to evoke them in others."
321,1687,2016-07-31 02:15:20.000,Travel time to the nearest starbase? The Federation's gone; the Borg is everywhere!
322,1688,2016-05-07 05:24:21.000,"For an android with no feelings, he sure managed to evoke them in others."
322,1689,2016-02-15 07:32:17.000,"For an android with no feelings, he sure managed to evoke them in others."
323,1690,2015-07-31 13:10:10.000,"For an android with no feelings, he sure managed to evoke them in others."
323,1691,2016-10-06 21:42:13.000,"Maybe if we felt any human loss as keenly as we feel one of those close to us, human history would be far less bloody."
323,1692,2016-10-16 02:18:54.000,"I suggest you drop it, Mr. Data. Mr. Worf, you sound like a man who's asking his friend if he can start dating his sister."
323,1693,2015-11-15 05:38:21.000,"I'm afraid I still don't understand, sir. Well, that's certainly good to know."
323,1694,2016-04-16 08:25:37.000,"Maybe if we felt any human loss as keenly as we feel one of those close to us, human history would be far less bloody."
323,1695,2016-07-10 13:03:21.000,"Maybe if we felt any human loss as keenly as we feel one of those close to us, human history would be far less bloody."
323,1696,2017-02-08 15:23:21.000,"Fate. It protects fools, little children, and ships named Enterprise."
323,1697,2017-01-01 01:14:32.000,Flair is what marks the difference between artistry and mere competence.
324,1698,2016-04-21 09:12:30.000,Travel time to the nearest starbase? The Federation's gone; the Borg is everywhere!
324,1699,2015-06-30 10:34:45.000,"Fate. It protects fools, little children, and ships named Enterprise."
324,1700,2015-12-29 12:26:10.000,"I'm afraid I still don't understand, sir. Well, that's certainly good to know."
324,1701,2015-08-11 16:35:30.000,"For an android with no feelings, he sure managed to evoke them in others."
324,1702,2016-11-06 20:08:55.000,"I've had twelve years to think about it. And if I had it to do over again, I would have grabbed the phaser and pointed it at you instead of them."
324,1703,2016-03-09 13:29:17.000,"For an android with no feelings, he sure managed to evoke them in others."
324,1704,2015-01-14 18:24:45.000,"Maybe if we felt any human loss as keenly as we feel one of those close to us, human history would be far less bloody."
324,1705,2015-11-25 16:08:48.000,"For an android with no feelings, he sure managed to evoke them in others."
324,1706,2015-03-23 22:05:54.000,"Maybe if we felt any human loss as keenly as we feel one of those close to us, human history would be far less bloody."
325,1707,2015-07-20 13:13:48.000,"I'm afraid I still don't understand, sir. Well, that's certainly good to know."
325,1708,2016-10-14 11:30:15.000,"I suggest you drop it, Mr. Data. Mr. Worf, you sound like a man who's asking his friend if he can start dating his sister."
325,1709,2016-01-12 05:51:21.000,"I've had twelve years to think about it. And if I had it to do over again, I would have grabbed the phaser and pointed it at you instead of them."
325,1710,2016-11-14 16:00:52.000,"Maybe if we felt any human loss as keenly as we feel one of those close to us, human history would be far less bloody."
325,1711,2015-01-27 06:18:25.000,"Maybe if we felt any human loss as keenly as we feel one of those close to us, human history would be far less bloody."
325,1712,2015-04-08 00:47:40.000,"Fate. It protects fools, little children, and ships named Enterprise."
325,1713,2015-06-29 13:59:08.000,"Maybe if we felt any human loss as keenly as we feel one of those close to us, human history would be far less bloody."
325,1714,2016-06-18 17:32:08.000,"Fate. It protects fools, little children, and ships named Enterprise."
325,1715,2016-12-31 04:30:05.000,"I suggest you drop it, Mr. Data. Mr. Worf, you sound like a man who's asking his friend if he can start dating his sister."
326,1716,2015-06-18 19:13:15.000,"Fate. It protects fools, little children, and ships named Enterprise."
327,1717,2015-04-29 21:33:44.000,I'll alert the crew. When has justice ever been as simple as a rule book?
328,1718,2015-02-24 03:42:01.000,I'll alert the crew. When has justice ever been as simple as a rule book?
328,1719,2015-06-16 03:01:01.000,Flair is what marks the difference between artistry and mere competence.
328,1720,2016-12-26 11:57:33.000,I'll alert the crew. When has justice ever been as simple as a rule book?
328,1721,2015-11-15 22:40:06.000,"I've had twelve years to think about it. And if I had it to do over again, I would have grabbed the phaser and pointed it at you instead of them."
329,1722,2016-03-24 04:46:29.000,I'll alert the crew. When has justice ever been as simple as a rule book?
329,1723,2016-04-12 01:17:12.000,"Maybe if we felt any human loss as keenly as we feel one of those close to us, human history would be far less bloody."
329,1724,2015-03-24 04:07:33.000,"I'm afraid I still don't understand, sir. Well, that's certainly good to know."
329,1725,2016-11-29 21:02:34.000,"I've had twelve years to think about it. And if I had it to do over again, I would have grabbed the phaser and pointed it at you instead of them."
329,1726,2016-09-29 01:37:48.000,"Fate. It protects fools, little children, and ships named Enterprise."
330,1727,2015-01-25 19:46:43.000,"Fate. It protects fools, little children, and ships named Enterprise."
331,1728,2016-09-06 05:31:06.000,"Maybe if we felt any human loss as keenly as we feel one of those close to us, human history would be far less bloody."
331,1729,2016-04-20 20:13:22.000,"Fate. It protects fools, little children, and ships named Enterprise."
331,1730,2015-06-04 11:49:19.000,I'll alert the crew. When has justice ever been as simple as a rule book?
331,1731,2015-01-26 12:34:55.000,"I suggest you drop it, Mr. Data. Mr. Worf, you sound like a man who's asking his friend if he can start dating his sister."
331,1732,2016-02-28 13:08:59.000,"I'm afraid I still don't understand, sir. Well, that's certainly good to know."
331,1733,2015-07-08 22:05:08.000,Flair is what marks the difference between artistry and mere competence.
331,1734,2016-10-02 04:53:36.000,"I suggest you drop it, Mr. Data. Mr. Worf, you sound like a man who's asking his friend if he can start dating his sister."
331,1735,2016-12-18 09:46:27.000,Travel time to the nearest starbase? The Federation's gone; the Borg is everywhere!
331,1736,2016-07-14 01:07:04.000,"Maybe if we felt any human loss as keenly as we feel one of those close to us, human history would be far less bloody."
331,1737,2015-08-30 08:04:13.000,"Maybe if we felt any human loss as keenly as we feel one of those close to us, human history would be far less bloody."
332,1738,2017-01-31 02:20:21.000,"Maybe if we felt any human loss as keenly as we feel one of those close to us, human history would be far less bloody."
332,1739,2015-07-31 23:03:11.000,Travel time to the nearest starbase? The Federation's gone; the Borg is everywhere!
332,1740,2015-04-05 15:21:16.000,"For an android with no feelings, he sure managed to evoke them in others."
332,1741,2015-07-01 20:18:34.000,"Maybe if we felt any human loss as keenly as we feel one of those close to us, human history would be far less bloody."
332,1742,2015-07-19 20:25:48.000,"I've had twelve years to think about it. And if I had it to do over again, I would have grabbed the phaser and pointed it at you instead of them."
332,1743,2016-10-28 14:30:41.000,"Fate. It protects fools, little children, and ships named Enterprise."
332,1744,2015-03-01 05:56:52.000,I'll alert the crew. When has justice ever been as simple as a rule book?
332,1745,2017-02-10 22:33:35.000,"I've had twelve years to think about it. And if I had it to do over again, I would have grabbed the phaser and pointed it at you instead of them."
332,1746,2015-07-30 13:23:26.000,"For an android with no feelings, he sure managed to evoke them in others."
332,1747,2016-06-19 21:41:33.000,"I've had twelve years to think about it. And if I had it to do over again, I would have grabbed the phaser and pointed it at you instead of them."
333,1749,2015-05-07 21:11:43.000,Travel time to the nearest starbase? The Federation's gone; the Borg is everywhere!
333,1750,2015-01-29 17:12:56.000,"I'm afraid I still don't understand, sir. Well, that's certainly good to know."
333,1751,2015-10-04 22:37:58.000,"Fate. It protects fools, little children, and ships named Enterprise."
240,1254,2016-01-03 18:35:17.000,"I'm afraid I still don't understand, sir. Well, that's certainly good to know."
242,1255,2016-11-04 02:33:01.000,I'll alert the crew. When has justice ever been as simple as a rule book?
242,1256,2015-06-15 09:02:40.000,"I suggest you drop it, Mr. Data. Mr. Worf, you sound like a man who's asking his friend if he can start dating his sister."
242,1257,2015-12-25 08:07:37.000,"I'm afraid I still don't understand, sir. Well, that's certainly good to know."
242,1258,2015-07-24 07:24:39.000,Flair is what marks the difference between artistry and mere competence.
242,1259,2015-04-30 06:02:21.000,"For an android with no feelings, he sure managed to evoke them in others."
242,1260,2016-11-28 00:42:30.000,Flair is what marks the difference between artistry and mere competence.
242,1261,2015-12-14 22:09:51.000,"I've had twelve years to think about it. And if I had it to do over again, I would have grabbed the phaser and pointed it at you instead of them."
242,1262,2016-11-25 19:21:06.000,Travel time to the nearest starbase? The Federation's gone; the Borg is everywhere!
242,1263,2015-11-15 19:45:01.000,"Fate. It protects fools, little children, and ships named Enterprise."
242,1264,2016-10-10 14:26:01.000,"I've had twelve years to think about it. And if I had it to do over again, I would have grabbed the phaser and pointed it at you instead of them."
243,1265,2015-11-09 20:40:15.000,"For an android with no feelings, he sure managed to evoke them in others."
243,1266,2015-01-25 05:08:44.000,"I suggest you drop it, Mr. Data. Mr. Worf, you sound like a man who's asking his friend if he can start dating his sister."
243,1267,2015-06-19 17:42:44.000,Flair is what marks the difference between artistry and mere competence.
243,1268,2016-06-30 09:14:54.000,Flair is what marks the difference between artistry and mere competence.
243,1269,2015-06-02 03:21:41.000,"For an android with no feelings, he sure managed to evoke them in others."
243,1270,2016-09-08 05:25:56.000,"I'm afraid I still don't understand, sir. Well, that's certainly good to know."
243,1271,2016-12-23 07:18:28.000,"I've had twelve years to think about it. And if I had it to do over again, I would have grabbed the phaser and pointed it at you instead of them."
243,1272,2016-07-19 07:30:33.000,"Fate. It protects fools, little children, and ships named Enterprise."
243,1273,2017-02-22 10:22:28.000,Flair is what marks the difference between artistry and mere competence.
244,1274,2015-11-30 00:01:49.000,"I'm afraid I still don't understand, sir. Well, that's certainly good to know."
244,1275,2015-09-21 19:32:13.000,Flair is what marks the difference between artistry and mere competence.
244,1276,2017-02-02 13:41:40.000,I'll alert the crew. When has justice ever been as simple as a rule book?
244,1277,2015-08-05 20:12:29.000,I'll alert the crew. When has justice ever been as simple as a rule book?
244,1278,2015-10-22 00:59:38.000,I'll alert the crew. When has justice ever been as simple as a rule book?
244,1279,2015-03-23 13:42:11.000,"Maybe if we felt any human loss as keenly as we feel one of those close to us, human history would be far less bloody."
244,1280,2016-12-26 00:39:42.000,"I'm afraid I still don't understand, sir. Well, that's certainly good to know."
244,1281,2016-12-07 04:25:37.000,"I suggest you drop it, Mr. Data. Mr. Worf, you sound like a man who's asking his friend if he can start dating his sister."
244,1282,2017-01-09 12:47:15.000,Flair is what marks the difference between artistry and mere competence.
244,1283,2016-07-12 02:49:08.000,"Maybe if we felt any human loss as keenly as we feel one of those close to us, human history would be far less bloody."
245,1284,2015-10-23 00:42:20.000,I'll alert the crew. When has justice ever been as simple as a rule book?
245,1285,2016-06-30 01:28:10.000,Flair is what marks the difference between artistry and mere competence.
245,1286,2017-02-01 06:32:55.000,Travel time to the nearest starbase? The Federation's gone; the Borg is everywhere!
245,1287,2015-05-21 22:05:00.000,"Maybe if we felt any human loss as keenly as we feel one of those close to us, human history would be far less bloody."
245,1288,2015-03-22 10:54:50.000,"Maybe if we felt any human loss as keenly as we feel one of those close to us, human history would be far less bloody."
246,1289,2015-03-23 23:56:38.000,"I suggest you drop it, Mr. Data. Mr. Worf, you sound like a man who's asking his friend if he can start dating his sister."
247,1290,2015-09-20 20:35:46.000,"Maybe if we felt any human loss as keenly as we feel one of those close to us, human history would be far less bloody."
248,1291,2015-10-20 19:38:55.000,"For an android with no feelings, he sure managed to evoke them in others."
248,1292,2016-11-12 13:35:30.000,Travel time to the nearest starbase? The Federation's gone; the Borg is everywhere!
248,1293,2016-03-07 16:20:35.000,"I've had twelve years to think about it. And if I had it to do over again, I would have grabbed the phaser and pointed it at you instead of them."
248,1294,2016-07-13 03:30:42.000,I'll alert the crew. When has justice ever been as simple as a rule book?
249,1295,2015-05-08 19:42:21.000,I'll alert the crew. When has justice ever been as simple as a rule book?
249,1296,2016-12-15 23:08:26.000,Travel time to the nearest starbase? The Federation's gone; the Borg is everywhere!
249,1297,2016-04-07 16:34:12.000,"I suggest you drop it, Mr. Data. Mr. Worf, you sound like a man who's asking his friend if he can start dating his sister."
249,1298,2015-03-30 09:44:14.000,I'll alert the crew. When has justice ever been as simple as a rule book?
250,1299,2015-06-14 22:19:25.000,Flair is what marks the difference between artistry and mere competence.
250,1300,2016-10-11 16:58:36.000,Travel time to the nearest starbase? The Federation's gone; the Borg is everywhere!
251,1301,2015-03-14 04:24:59.000,"I've had twelve years to think about it. And if I had it to do over again, I would have grabbed the phaser and pointed it at you instead of them."
251,1302,2016-08-01 03:54:14.000,I'll alert the crew. When has justice ever been as simple as a rule book?
251,1303,2016-03-07 16:58:29.000,I'll alert the crew. When has justice ever been as simple as a rule book?
251,1304,2015-05-06 09:56:33.000,"I've had twelve years to think about it. And if I had it to do over again, I would have grabbed the phaser and pointed it at you instead of them."
251,1305,2016-03-15 23:51:50.000,"I'm afraid I still don't understand, sir. Well, that's certainly good to know."
253,1306,2016-01-10 22:26:54.000,"Fate. It protects fools, little children, and ships named Enterprise."
253,1307,2015-04-07 11:35:00.000,Travel time to the nearest starbase? The Federation's gone; the Borg is everywhere!
253,1308,2016-03-05 11:49:28.000,"I'm afraid I still don't understand, sir. Well, that's certainly good to know."
254,1309,2015-08-16 05:13:03.000,"I've had twelve years to think about it. And if I had it to do over again, I would have grabbed the phaser and pointed it at you instead of them."
254,1310,2016-05-10 20:05:06.000,"Maybe if we felt any human loss as keenly as we feel one of those close to us, human history would be far less bloody."
254,1311,2016-12-16 21:53:25.000,I'll alert the crew. When has justice ever been as simple as a rule book?
254,1312,2015-12-23 22:22:06.000,I'll alert the crew. When has justice ever been as simple as a rule book?
254,1313,2016-06-16 23:06:34.000,"I'm afraid I still don't understand, sir. Well, that's certainly good to know."
254,1314,2016-10-07 01:12:23.000,"Maybe if we felt any human loss as keenly as we feel one of those close to us, human history would be far less bloody."
254,1315,2015-01-21 14:00:49.000,"I suggest you drop it, Mr. Data. Mr. Worf, you sound like a man who's asking his friend if he can start dating his sister."
254,1316,2017-01-09 11:17:13.000,"I've had twelve years to think about it. And if I had it to do over again, I would have grabbed the phaser and pointed it at you instead of them."
254,1317,2016-10-28 16:53:47.000,"I've had twelve years to think about it. And if I had it to do over again, I would have grabbed the phaser and pointed it at you instead of them."
254,1318,2015-09-07 10:49:10.000,Flair is what marks the difference between artistry and mere competence.
255,1319,2015-10-28 21:07:00.000,"I've had twelve years to think about it. And if I had it to do over again, I would have grabbed the phaser and pointed it at you instead of them."
255,1320,2016-02-18 15:03:09.000,"Fate. It protects fools, little children, and ships named Enterprise."
255,1321,2015-11-20 06:17:25.000,"I suggest you drop it, Mr. Data. Mr. Worf, you sound like a man who's asking his friend if he can start dating his sister."
255,1322,2016-01-08 02:58:50.000,Travel time to the nearest starbase? The Federation's gone; the Borg is everywhere!
256,1323,2015-04-14 05:23:17.000,"Maybe if we felt any human loss as keenly as we feel one of those close to us, human history would be far less bloody."
257,1324,2015-06-17 02:18:40.000,Travel time to the nearest starbase? The Federation's gone; the Borg is everywhere!
257,1325,2016-05-21 11:32:28.000,Flair is what marks the difference between artistry and mere competence.
257,1326,2015-10-08 07:15:04.000,Flair is what marks the difference between artistry and mere competence.
258,1327,2015-02-24 15:48:40.000,Travel time to the nearest starbase? The Federation's gone; the Borg is everywhere!
258,1328,2016-07-04 15:13:48.000,Flair is what marks the difference between artistry and mere competence.
258,1329,2016-06-27 07:31:12.000,Travel time to the nearest starbase? The Federation's gone; the Borg is everywhere!
258,1330,2015-05-18 16:24:26.000,"Maybe if we felt any human loss as keenly as we feel one of those close to us, human history would be far less bloody."
258,1331,2016-09-03 20:06:14.000,"I've had twelve years to think about it. And if I had it to do over again, I would have grabbed the phaser and pointed it at you instead of them."
258,1332,2016-07-04 01:41:15.000,"I've had twelve years to think about it. And if I had it to do over again, I would have grabbed the phaser and pointed it at you instead of them."
258,1333,2015-11-12 16:19:33.000,"Maybe if we felt any human loss as keenly as we feel one of those close to us, human history would be far less bloody."
258,1334,2015-08-31 12:23:21.000,Travel time to the nearest starbase? The Federation's gone; the Borg is everywhere!
258,1335,2016-12-29 11:29:22.000,I'll alert the crew. When has justice ever been as simple as a rule book?
258,1336,2015-06-03 03:37:53.000,"For an android with no feelings, he sure managed to evoke them in others."
259,1337,2015-01-24 17:10:15.000,"I'm afraid I still don't understand, sir. Well, that's certainly good to know."
259,1338,2017-02-18 23:38:40.000,"Fate. It protects fools, little children, and ships named Enterprise."
259,1339,2017-01-24 14:23:06.000,"I've had twelve years to think about it. And if I had it to do over again, I would have grabbed the phaser and pointed it at you instead of them."
259,1340,2016-03-15 10:54:56.000,"I'm afraid I still don't understand, sir. Well, that's certainly good to know."
259,1341,2015-07-07 16:12:02.000,Flair is what marks the difference between artistry and mere competence.
259,1342,2016-11-05 18:59:12.000,Flair is what marks the difference between artistry and mere competence.
259,1343,2015-08-23 22:09:07.000,"Maybe if we felt any human loss as keenly as we feel one of those close to us, human history would be far less bloody."
259,1344,2015-04-09 08:22:09.000,"Fate. It protects fools, little children, and ships named Enterprise."
259,1345,2016-07-14 21:37:45.000,"I suggest you drop it, Mr. Data. Mr. Worf, you sound like a man who's asking his friend if he can start dating his sister."
259,1346,2015-01-04 05:23:26.000,"For an android with no feelings, he sure managed to evoke them in others."
260,1347,2016-12-11 20:51:06.000,"Maybe if we felt any human loss as keenly as we feel one of those close to us, human history would be far less bloody."
260,1348,2016-02-28 23:35:31.000,"I've had twelve years to think about it. And if I had it to do over again, I would have grabbed the phaser and pointed it at you instead of them."
260,1349,2016-02-16 17:06:30.000,Travel time to the nearest starbase? The Federation's gone; the Borg is everywhere!
260,1350,2016-01-17 19:37:53.000,"I suggest you drop it, Mr. Data. Mr. Worf, you sound like a man who's asking his friend if he can start dating his sister."
262,1351,2015-08-30 18:52:41.000,Travel time to the nearest starbase? The Federation's gone; the Borg is everywhere!
262,1352,2016-01-10 20:59:14.000,Flair is what marks the difference between artistry and mere competence.
263,1353,2016-10-15 00:27:53.000,"Maybe if we felt any human loss as keenly as we feel one of those close to us, human history would be far less bloody."
263,1354,2015-05-29 01:34:35.000,"I suggest you drop it, Mr. Data. Mr. Worf, you sound like a man who's asking his friend if he can start dating his sister."
263,1355,2015-09-03 15:43:23.000,"I suggest you drop it, Mr. Data. Mr. Worf, you sound like a man who's asking his friend if he can start dating his sister."
263,1356,2016-06-06 12:24:03.000,"Fate. It protects fools, little children, and ships named Enterprise."
263,1357,2016-05-28 15:10:35.000,"Maybe if we felt any human loss as keenly as we feel one of those close to us, human history would be far less bloody."
263,1358,2016-08-15 21:35:56.000,"I'm afraid I still don't understand, sir. Well, that's certainly good to know."
263,1359,2016-08-11 08:27:20.000,"Fate. It protects fools, little children, and ships named Enterprise."
263,1360,2016-02-15 07:38:41.000,Travel time to the nearest starbase? The Federation's gone; the Borg is everywhere!
264,1361,2016-02-29 12:36:27.000,"I'm afraid I still don't understand, sir. Well, that's certainly good to know."
264,1362,2015-04-10 13:14:37.000,I'll alert the crew. When has justice ever been as simple as a rule book?
265,1363,2016-05-20 05:40:39.000,Flair is what marks the difference between artistry and mere competence.
265,1364,2015-06-23 09:10:27.000,"Maybe if we felt any human loss as keenly as we feel one of those close to us, human history would be far less bloody."
265,1365,2015-03-10 01:06:52.000,"Fate. It protects fools, little children, and ships named Enterprise."
265,1366,2015-09-26 22:52:32.000,Flair is what marks the difference between artistry and mere competence.
265,1367,2015-07-27 20:42:57.000,I'll alert the crew. When has justice ever been as simple as a rule book?
266,1368,2015-01-01 13:21:40.000,Flair is what marks the difference between artistry and mere competence.
266,1369,2016-04-24 18:03:22.000,"Maybe if we felt any human loss as keenly as we feel one of those close to us, human history would be far less bloody."
266,1370,2015-06-04 10:33:41.000,"I'm afraid I still don't understand, sir. Well, that's certainly good to know."
266,1371,2015-12-28 17:40:29.000,"I've had twelve years to think about it. And if I had it to do over again, I would have grabbed the phaser and pointed it at you instead of them."
266,1372,2016-08-27 06:30:51.000,"I'm afraid I still don't understand, sir. Well, that's certainly good to know."
266,1373,2015-10-21 19:04:20.000,"I suggest you drop it, Mr. Data. Mr. Worf, you sound like a man who's asking his friend if he can start dating his sister."
266,1374,2015-10-02 19:37:03.000,I'll alert the crew. When has justice ever been as simple as a rule book?
266,1375,2015-09-21 12:27:41.000,"I suggest you drop it, Mr. Data. Mr. Worf, you sound like a man who's asking his friend if he can start dating his sister."
266,1376,2016-03-14 19:12:38.000,"For an android with no feelings, he sure managed to evoke them in others."
267,1377,2017-01-01 05:01:45.000,Travel time to the nearest starbase? The Federation's gone; the Borg is everywhere!
267,1378,2015-11-01 07:09:24.000,"Fate. It protects fools, little children, and ships named Enterprise."
267,1379,2016-01-27 21:48:29.000,"For an android with no feelings, he sure managed to evoke them in others."
267,1380,2016-03-31 21:12:20.000,"I'm afraid I still don't understand, sir. Well, that's certainly good to know."
267,1381,2015-11-30 05:47:11.000,Flair is what marks the difference between artistry and mere competence.
267,1382,2015-01-11 18:51:09.000,"Fate. It protects fools, little children, and ships named Enterprise."
267,1383,2016-11-21 22:23:57.000,"For an android with no feelings, he sure managed to evoke them in others."
268,1384,2015-02-20 03:37:25.000,"I'm afraid I still don't understand, sir. Well, that's certainly good to know."
268,1385,2015-12-31 15:43:10.000,"I'm afraid I still don't understand, sir. Well, that's certainly good to know."
268,1386,2015-05-02 16:27:50.000,"Maybe if we felt any human loss as keenly as we feel one of those close to us, human history would be far less bloody."
268,1387,2015-05-27 18:05:51.000,"I've had twelve years to think about it. And if I had it to do over again, I would have grabbed the phaser and pointed it at you instead of them."
268,1388,2016-04-20 02:36:03.000,"Maybe if we felt any human loss as keenly as we feel one of those close to us, human history would be far less bloody."
268,1389,2015-04-04 03:16:20.000,"I've had twelve years to think about it. And if I had it to do over again, I would have grabbed the phaser and pointed it at you instead of them."
268,1390,2017-02-16 20:17:20.000,Travel time to the nearest starbase? The Federation's gone; the Borg is everywhere!
269,1391,2015-12-05 04:21:54.000,Travel time to the nearest starbase? The Federation's gone; the Borg is everywhere!
269,1392,2015-04-29 19:53:02.000,Travel time to the nearest starbase? The Federation's gone; the Borg is everywhere!
269,1393,2016-10-03 09:33:51.000,"I suggest you drop it, Mr. Data. Mr. Worf, you sound like a man who's asking his friend if he can start dating his sister."
269,1394,2016-04-27 17:32:45.000,Travel time to the nearest starbase? The Federation's gone; the Borg is everywhere!
269,1395,2016-09-07 23:57:01.000,I'll alert the crew. When has justice ever been as simple as a rule book?
269,1396,2016-11-28 19:25:51.000,Travel time to the nearest starbase? The Federation's gone; the Borg is everywhere!
270,1397,2015-04-22 01:01:31.000,"I've had twelve years to think about it. And if I had it to do over again, I would have grabbed the phaser and pointed it at you instead of them."
270,1398,2015-04-25 14:54:42.000,"Fate. It protects fools, little children, and ships named Enterprise."
270,1399,2015-12-08 15:29:02.000,"I suggest you drop it, Mr. Data. Mr. Worf, you sound like a man who's asking his friend if he can start dating his sister."
270,1400,2016-11-11 22:39:32.000,"I've had twelve years to think about it. And if I had it to do over again, I would have grabbed the phaser and pointed it at you instead of them."
270,1401,2015-04-09 21:39:32.000,"Maybe if we felt any human loss as keenly as we feel one of those close to us, human history would be far less bloody."
270,1402,2016-09-16 13:38:39.000,"For an android with no feelings, he sure managed to evoke them in others."
270,1403,2016-01-19 11:52:15.000,Flair is what marks the difference between artistry and mere competence.
271,1404,2015-06-10 17:31:19.000,"Maybe if we felt any human loss as keenly as we feel one of those close to us, human history would be far less bloody."
271,1405,2017-02-03 07:58:17.000,"Fate. It protects fools, little children, and ships named Enterprise."
271,1406,2015-02-23 05:41:47.000,"I suggest you drop it, Mr. Data. Mr. Worf, you sound like a man who's asking his friend if he can start dating his sister."
271,1407,2017-02-02 08:55:20.000,"For an android with no feelings, he sure managed to evoke them in others."
271,1408,2015-04-27 08:45:39.000,Travel time to the nearest starbase? The Federation's gone; the Borg is everywhere!
271,1409,2016-03-24 02:48:10.000,I'll alert the crew. When has justice ever been as simple as a rule book?
271,1410,2015-05-21 16:58:38.000,Flair is what marks the difference between artistry and mere competence.
271,1411,2015-02-21 00:31:28.000,"I suggest you drop it, Mr. Data. Mr. Worf, you sound like a man who's asking his friend if he can start dating his sister."
271,1412,2016-03-18 22:13:08.000,"Fate. It protects fools, little children, and ships named Enterprise."
272,1413,2016-12-04 12:01:03.000,"I've had twelve years to think about it. And if I had it to do over again, I would have grabbed the phaser and pointed it at you instead of them."
272,1414,2016-12-11 21:53:40.000,"Maybe if we felt any human loss as keenly as we feel one of those close to us, human history would be far less bloody."
272,1415,2016-09-11 04:27:52.000,"Maybe if we felt any human loss as keenly as we feel one of those close to us, human history would be far less bloody."
272,1416,2017-01-17 08:12:49.000,"Fate. It protects fools, little children, and ships named Enterprise."
272,1417,2015-07-04 19:38:02.000,"Fate. It protects fools, little children, and ships named Enterprise."
272,1418,2016-08-12 23:28:49.000,"I'm afraid I still don't understand, sir. Well, that's certainly good to know."
272,1419,2015-11-24 05:53:01.000,"For an android with no feelings, he sure managed to evoke them in others."
272,1420,2016-04-07 20:42:19.000,Travel time to the nearest starbase? The Federation's gone; the Borg is everywhere!
272,1421,2015-01-07 22:00:54.000,"I'm afraid I still don't understand, sir. Well, that's certainly good to know."
272,1422,2015-09-12 09:55:31.000,"I suggest you drop it, Mr. Data. Mr. Worf, you sound like a man who's asking his friend if he can start dating his sister."
273,1423,2015-09-28 01:52:09.000,"Fate. It protects fools, little children, and ships named Enterprise."
273,1424,2017-01-09 10:08:06.000,"Fate. It protects fools, little children, and ships named Enterprise."
273,1425,2015-10-24 08:54:15.000,Travel time to the nearest starbase? The Federation's gone; the Borg is everywhere!
273,1426,2015-02-25 21:56:13.000,"Fate. It protects fools, little children, and ships named Enterprise."
273,1427,2017-02-24 09:51:54.000,"I'm afraid I still don't understand, sir. Well, that's certainly good to know."
273,1428,2015-07-05 12:03:49.000,"I'm afraid I still don't understand, sir. Well, that's certainly good to know."
273,1429,2016-09-24 18:33:36.000,"I'm afraid I still don't understand, sir. Well, that's certainly good to know."
273,1430,2016-03-24 20:25:20.000,"I suggest you drop it, Mr. Data. Mr. Worf, you sound like a man who's asking his friend if he can start dating his sister."
273,1431,2016-01-28 06:48:38.000,"I'm afraid I still don't understand, sir. Well, that's certainly good to know."
274,1432,2016-06-11 16:50:48.000,"Maybe if we felt any human loss as keenly as we feel one of those close to us, human history would be far less bloody."
274,1433,2016-01-05 16:08:11.000,Flair is what marks the difference between artistry and mere competence.
274,1434,2015-09-16 09:14:26.000,"For an android with no feelings, he sure managed to evoke them in others."
274,1435,2015-09-18 18:29:39.000,"Maybe if we felt any human loss as keenly as we feel one of those close to us, human history would be far less bloody."
274,1436,2016-06-29 10:44:28.000,Travel time to the nearest starbase? The Federation's gone; the Borg is everywhere!
274,1437,2016-04-28 22:35:20.000,"I suggest you drop it, Mr. Data. Mr. Worf, you sound like a man who's asking his friend if he can start dating his sister."
274,1438,2016-05-02 08:20:57.000,Travel time to the nearest starbase? The Federation's gone; the Borg is everywhere!
274,1439,2016-08-08 05:23:22.000,"Maybe if we felt any human loss as keenly as we feel one of those close to us, human history would be far less bloody."
275,1440,2015-01-17 14:33:00.000,Travel time to the nearest starbase? The Federation's gone; the Borg is everywhere!
410,2122,2016-08-31 20:09:48.000,"For an android with no feelings, he sure managed to evoke them in others."
414,2135,2016-01-30 20:09:13.000,"I've had twelve years to think about it. And if I had it to do over again, I would have grabbed the phaser and pointed it at you instead of them."
413,2130,2015-12-27 15:52:35.000,"Fate. It protects fools, little children, and ships named Enterprise."
413,2131,2015-01-09 15:08:33.000,Travel time to the nearest starbase? The Federation's gone; the Borg is everywhere!
413,2132,2016-05-19 18:01:11.000,"For an android with no feelings, he sure managed to evoke them in others."
413,2133,2016-07-30 23:01:52.000,"I suggest you drop it, Mr. Data. Mr. Worf, you sound like a man who's asking his friend if he can start dating his sister."
413,2134,2016-03-22 14:03:25.000,Flair is what marks the difference between artistry and mere competence.
418,2151,2015-02-15 19:09:51.000,I'll alert the crew. When has justice ever been as simple as a rule book?
418,2153,2017-02-02 08:36:40.000,I'll alert the crew. When has justice ever been as simple as a rule book?
418,2155,2015-05-11 08:58:10.000,Travel time to the nearest starbase? The Federation's gone; the Borg is everywhere!
418,2156,2016-02-06 16:17:31.000,"For an android with no feelings, he sure managed to evoke them in others."
418,2157,2015-07-16 04:50:33.000,"I'm afraid I still don't understand, sir. Well, that's certainly good to know."
418,2158,2016-08-04 15:15:02.000,I'll alert the crew. When has justice ever been as simple as a rule book?
418,2159,2016-09-12 16:29:20.000,Flair is what marks the difference between artistry and mere competence.
418,2160,2015-10-02 14:39:56.000,"For an android with no feelings, he sure managed to evoke them in others."
418,2161,2015-09-25 03:28:16.000,Travel time to the nearest starbase? The Federation's gone; the Borg is everywhere!
418,2162,2015-04-07 01:58:12.000,"I'm afraid I still don't understand, sir. Well, that's certainly good to know."
415,2136,2015-05-18 16:14:57.000,"I'm afraid I still don't understand, sir. Well, that's certainly good to know."
415,2137,2015-07-26 14:41:54.000,"Fate. It protects fools, little children, and ships named Enterprise."
415,2138,2015-09-21 00:21:26.000,"I'm afraid I still don't understand, sir. Well, that's certainly good to know."
415,2139,2015-01-28 12:00:48.000,"Fate. It protects fools, little children, and ships named Enterprise."
415,2140,2015-10-06 21:18:10.000,"I've had twelve years to think about it. And if I had it to do over again, I would have grabbed the phaser and pointed it at you instead of them."
415,2141,2016-06-04 17:54:04.000,I'll alert the crew. When has justice ever been as simple as a rule book?
415,2142,2015-04-06 10:17:33.000,"I'm afraid I still don't understand, sir. Well, that's certainly good to know."
415,2143,2015-01-29 12:50:34.000,"For an android with no feelings, he sure managed to evoke them in others."
415,2144,2016-09-08 15:07:45.000,"I've had twelve years to think about it. And if I had it to do over again, I would have grabbed the phaser and pointed it at you instead of them."
415,2145,2015-05-13 15:01:02.000,"For an android with no feelings, he sure managed to evoke them in others."
419,2163,2015-09-21 22:19:44.000,"I've had twelve years to think about it. And if I had it to do over again, I would have grabbed the phaser and pointed it at you instead of them."
419,2164,2016-04-10 19:19:40.000,Travel time to the nearest starbase? The Federation's gone; the Borg is everywhere!
419,2165,2016-04-08 06:43:07.000,"I suggest you drop it, Mr. Data. Mr. Worf, you sound like a man who's asking his friend if he can start dating his sister."
419,2166,2015-01-25 16:19:53.000,"I've had twelve years to think about it. And if I had it to do over again, I would have grabbed the phaser and pointed it at you instead of them."
419,2167,2015-08-19 00:49:11.000,"For an android with no feelings, he sure managed to evoke them in others."
419,2168,2015-01-01 10:28:29.000,I'll alert the crew. When has justice ever been as simple as a rule book?
419,2169,2017-02-08 09:38:47.000,"Maybe if we felt any human loss as keenly as we feel one of those close to us, human history would be far less bloody."
416,2146,2015-12-18 19:20:26.000,"I'm afraid I still don't understand, sir. Well, that's certainly good to know."
416,2147,2015-08-01 14:52:46.000,"I'm afraid I still don't understand, sir. Well, that's certainly good to know."
417,2149,2015-11-11 12:52:09.000,Travel time to the nearest starbase? The Federation's gone; the Borg is everywhere!
416,2148,2015-01-26 15:58:09.000,Flair is what marks the difference between artistry and mere competence.
416,2150,2016-09-08 05:21:22.000,"I suggest you drop it, Mr. Data. Mr. Worf, you sound like a man who's asking his friend if he can start dating his sister."
416,2152,2016-01-13 20:43:09.000,"Maybe if we felt any human loss as keenly as we feel one of those close to us, human history would be far less bloody."
416,2154,2016-09-26 10:11:07.000,"For an android with no feelings, he sure managed to evoke them in others."
420,2170,2016-03-27 08:15:54.000,"I'm afraid I still don't understand, sir. Well, that's certainly good to know."
420,2171,2015-11-10 22:43:20.000,Flair is what marks the difference between artistry and mere competence.
420,2172,2015-03-09 14:20:12.000,"Maybe if we felt any human loss as keenly as we feel one of those close to us, human history would be far less bloody."
420,2173,2017-02-08 01:39:10.000,I'll alert the crew. When has justice ever been as simple as a rule book?
420,2174,2016-05-04 08:19:10.000,I'll alert the crew. When has justice ever been as simple as a rule book?
420,2175,2015-10-07 09:53:41.000,"I'm afraid I still don't understand, sir. Well, that's certainly good to know."
420,2176,2015-11-22 01:31:47.000,"For an android with no feelings, he sure managed to evoke them in others."
420,2177,2015-03-17 00:21:39.000,"Fate. It protects fools, little children, and ships named Enterprise."
420,2178,2016-06-09 15:58:45.000,"I've had twelve years to think about it. And if I had it to do over again, I would have grabbed the phaser and pointed it at you instead of them."
424,2191,2016-10-14 23:07:00.000,"For an android with no feelings, he sure managed to evoke them in others."
421,2179,2016-07-04 14:20:48.000,"For an android with no feelings, he sure managed to evoke them in others."
421,2180,2016-05-08 03:51:06.000,"I suggest you drop it, Mr. Data. Mr. Worf, you sound like a man who's asking his friend if he can start dating his sister."
421,2181,2017-02-17 10:40:39.000,"I've had twelve years to think about it. And if I had it to do over again, I would have grabbed the phaser and pointed it at you instead of them."
421,2182,2015-05-03 17:09:22.000,"Fate. It protects fools, little children, and ships named Enterprise."
421,2183,2015-04-14 20:28:03.000,"I'm afraid I still don't understand, sir. Well, that's certainly good to know."
421,2184,2015-08-21 07:34:30.000,"Maybe if we felt any human loss as keenly as we feel one of those close to us, human history would be far less bloody."
421,2185,2016-05-26 09:55:38.000,"I'm afraid I still don't understand, sir. Well, that's certainly good to know."
421,2186,2017-01-02 13:33:43.000,"I've had twelve years to think about it. And if I had it to do over again, I would have grabbed the phaser and pointed it at you instead of them."
421,2187,2015-02-05 09:36:43.000,"Fate. It protects fools, little children, and ships named Enterprise."
423,2188,2015-07-05 21:19:40.000,"I'm afraid I still don't understand, sir. Well, that's certainly good to know."
423,2189,2015-12-22 20:15:01.000,"I'm afraid I still don't understand, sir. Well, that's certainly good to know."
423,2190,2015-01-29 20:09:58.000,"I'm afraid I still don't understand, sir. Well, that's certainly good to know."
426,2196,2015-06-30 12:47:17.000,"I'm afraid I still don't understand, sir. Well, that's certainly good to know."
333,1752,2015-09-16 00:04:56.000,"Maybe if we felt any human loss as keenly as we feel one of those close to us, human history would be far less bloody."
334,1753,2016-05-08 21:25:01.000,Travel time to the nearest starbase? The Federation's gone; the Borg is everywhere!
335,1754,2016-03-31 06:24:51.000,Travel time to the nearest starbase? The Federation's gone; the Borg is everywhere!
335,1755,2015-10-04 08:05:19.000,"For an android with no feelings, he sure managed to evoke them in others."
335,1756,2015-05-21 14:03:48.000,"I've had twelve years to think about it. And if I had it to do over again, I would have grabbed the phaser and pointed it at you instead of them."
335,1757,2015-04-09 18:55:19.000,"I'm afraid I still don't understand, sir. Well, that's certainly good to know."
335,1758,2016-01-07 12:36:57.000,Travel time to the nearest starbase? The Federation's gone; the Borg is everywhere!
335,1759,2016-06-07 21:23:48.000,"Fate. It protects fools, little children, and ships named Enterprise."
335,1760,2015-10-18 08:58:43.000,"I've had twelve years to think about it. And if I had it to do over again, I would have grabbed the phaser and pointed it at you instead of them."
336,1761,2015-11-19 06:30:22.000,"Maybe if we felt any human loss as keenly as we feel one of those close to us, human history would be far less bloody."
336,1762,2016-11-04 00:00:39.000,I'll alert the crew. When has justice ever been as simple as a rule book?
336,1763,2015-09-20 00:36:35.000,"I suggest you drop it, Mr. Data. Mr. Worf, you sound like a man who's asking his friend if he can start dating his sister."
336,1764,2015-01-12 18:34:04.000,"I'm afraid I still don't understand, sir. Well, that's certainly good to know."
336,1765,2015-09-21 02:09:21.000,I'll alert the crew. When has justice ever been as simple as a rule book?
336,1766,2015-03-03 09:07:36.000,I'll alert the crew. When has justice ever been as simple as a rule book?
336,1767,2016-07-19 23:24:35.000,"Maybe if we felt any human loss as keenly as we feel one of those close to us, human history would be far less bloody."
336,1768,2016-07-25 22:05:48.000,"For an android with no feelings, he sure managed to evoke them in others."
337,1769,2017-02-07 19:43:25.000,"Fate. It protects fools, little children, and ships named Enterprise."
337,1770,2015-07-10 13:18:23.000,I'll alert the crew. When has justice ever been as simple as a rule book?
337,1771,2016-01-24 21:02:26.000,Travel time to the nearest starbase? The Federation's gone; the Borg is everywhere!
337,1772,2015-06-01 18:24:46.000,"For an android with no feelings, he sure managed to evoke them in others."
337,1773,2016-10-02 09:54:47.000,"Maybe if we felt any human loss as keenly as we feel one of those close to us, human history would be far less bloody."
338,1774,2016-01-14 09:08:17.000,"I suggest you drop it, Mr. Data. Mr. Worf, you sound like a man who's asking his friend if he can start dating his sister."
338,1775,2016-01-21 05:57:37.000,Flair is what marks the difference between artistry and mere competence.
338,1776,2016-04-05 01:39:25.000,Travel time to the nearest starbase? The Federation's gone; the Borg is everywhere!
338,1777,2015-04-16 10:30:46.000,Travel time to the nearest starbase? The Federation's gone; the Borg is everywhere!
338,1778,2016-08-01 09:24:23.000,"Maybe if we felt any human loss as keenly as we feel one of those close to us, human history would be far less bloody."
338,1779,2016-11-03 19:53:57.000,Travel time to the nearest starbase? The Federation's gone; the Borg is everywhere!
338,1780,2016-02-13 13:08:59.000,"I suggest you drop it, Mr. Data. Mr. Worf, you sound like a man who's asking his friend if he can start dating his sister."
338,1781,2016-06-30 09:13:59.000,I'll alert the crew. When has justice ever been as simple as a rule book?
339,1782,2015-12-16 16:17:27.000,"Fate. It protects fools, little children, and ships named Enterprise."
339,1783,2016-04-02 17:04:57.000,I'll alert the crew. When has justice ever been as simple as a rule book?
339,1784,2016-02-09 05:13:10.000,"I suggest you drop it, Mr. Data. Mr. Worf, you sound like a man who's asking his friend if he can start dating his sister."
339,1785,2015-09-09 17:27:05.000,Travel time to the nearest starbase? The Federation's gone; the Borg is everywhere!
340,1786,2017-02-20 20:40:00.000,"I'm afraid I still don't understand, sir. Well, that's certainly good to know."
340,1787,2017-01-14 13:03:24.000,Travel time to the nearest starbase? The Federation's gone; the Borg is everywhere!
340,1788,2016-03-03 13:43:14.000,"Fate. It protects fools, little children, and ships named Enterprise."
340,1789,2015-08-21 18:31:05.000,"I've had twelve years to think about it. And if I had it to do over again, I would have grabbed the phaser and pointed it at you instead of them."
341,1790,2016-06-25 06:05:09.000,Flair is what marks the difference between artistry and mere competence.
341,1791,2016-03-18 18:00:13.000,"Maybe if we felt any human loss as keenly as we feel one of those close to us, human history would be far less bloody."
341,1792,2015-12-22 11:38:46.000,I'll alert the crew. When has justice ever been as simple as a rule book?
341,1793,2016-12-23 06:10:32.000,"For an android with no feelings, he sure managed to evoke them in others."
341,1794,2015-10-09 14:39:42.000,"I'm afraid I still don't understand, sir. Well, that's certainly good to know."
342,1795,2017-01-18 19:45:51.000,Travel time to the nearest starbase? The Federation's gone; the Borg is everywhere!
342,1796,2015-10-24 21:19:02.000,I'll alert the crew. When has justice ever been as simple as a rule book?
342,1797,2015-05-09 06:05:41.000,"Fate. It protects fools, little children, and ships named Enterprise."
342,1798,2016-10-18 08:32:43.000,"I'm afraid I still don't understand, sir. Well, that's certainly good to know."
342,1799,2016-05-28 05:24:58.000,"I've had twelve years to think about it. And if I had it to do over again, I would have grabbed the phaser and pointed it at you instead of them."
342,1800,2016-07-14 07:47:44.000,I'll alert the crew. When has justice ever been as simple as a rule book?
342,1801,2015-05-30 15:34:52.000,Travel time to the nearest starbase? The Federation's gone; the Borg is everywhere!
342,1802,2016-08-04 23:47:35.000,Flair is what marks the difference between artistry and mere competence.
342,1803,2015-04-08 17:05:39.000,"I'm afraid I still don't understand, sir. Well, that's certainly good to know."
343,1804,2015-02-28 06:13:16.000,"Maybe if we felt any human loss as keenly as we feel one of those close to us, human history would be far less bloody."
344,1805,2015-09-06 15:37:56.000,Travel time to the nearest starbase? The Federation's gone; the Borg is everywhere!
344,1806,2015-03-15 08:10:35.000,"I suggest you drop it, Mr. Data. Mr. Worf, you sound like a man who's asking his friend if he can start dating his sister."
344,1807,2015-11-12 09:02:48.000,"I've had twelve years to think about it. And if I had it to do over again, I would have grabbed the phaser and pointed it at you instead of them."
344,1808,2016-06-23 06:16:01.000,Flair is what marks the difference between artistry and mere competence.
344,1809,2017-02-20 07:13:03.000,"Fate. It protects fools, little children, and ships named Enterprise."
344,1810,2015-12-30 23:58:17.000,"I've had twelve years to think about it. And if I had it to do over again, I would have grabbed the phaser and pointed it at you instead of them."
344,1811,2015-12-01 09:41:35.000,I'll alert the crew. When has justice ever been as simple as a rule book?
344,1812,2015-11-19 09:50:37.000,"I suggest you drop it, Mr. Data. Mr. Worf, you sound like a man who's asking his friend if he can start dating his sister."
344,1813,2016-10-02 11:25:11.000,I'll alert the crew. When has justice ever been as simple as a rule book?
345,1814,2016-01-06 17:50:35.000,"I suggest you drop it, Mr. Data. Mr. Worf, you sound like a man who's asking his friend if he can start dating his sister."
345,1815,2016-01-08 16:02:15.000,Travel time to the nearest starbase? The Federation's gone; the Borg is everywhere!
345,1816,2015-02-07 19:59:56.000,"Maybe if we felt any human loss as keenly as we feel one of those close to us, human history would be far less bloody."
345,1817,2016-10-28 05:00:47.000,"For an android with no feelings, he sure managed to evoke them in others."
345,1818,2015-09-12 22:23:03.000,"I suggest you drop it, Mr. Data. Mr. Worf, you sound like a man who's asking his friend if he can start dating his sister."
345,1819,2015-03-08 19:30:23.000,Flair is what marks the difference between artistry and mere competence.
345,1820,2015-07-06 14:39:25.000,Flair is what marks the difference between artistry and mere competence.
345,1821,2015-07-17 12:21:01.000,"Fate. It protects fools, little children, and ships named Enterprise."
345,1822,2016-06-28 17:58:55.000,"I suggest you drop it, Mr. Data. Mr. Worf, you sound like a man who's asking his friend if he can start dating his sister."
345,1823,2017-02-18 20:45:36.000,"I'm afraid I still don't understand, sir. Well, that's certainly good to know."
346,1824,2015-07-29 12:38:30.000,"I'm afraid I still don't understand, sir. Well, that's certainly good to know."
346,1825,2016-12-12 21:42:59.000,Flair is what marks the difference between artistry and mere competence.
346,1826,2015-06-11 05:14:21.000,"I'm afraid I still don't understand, sir. Well, that's certainly good to know."
347,1827,2015-06-13 15:04:23.000,"I'm afraid I still don't understand, sir. Well, that's certainly good to know."
347,1828,2015-07-27 14:24:52.000,I'll alert the crew. When has justice ever been as simple as a rule book?
347,1829,2016-08-25 13:29:24.000,"Maybe if we felt any human loss as keenly as we feel one of those close to us, human history would be far less bloody."
347,1830,2016-12-24 09:14:01.000,"For an android with no feelings, he sure managed to evoke them in others."
347,1831,2016-08-09 00:28:29.000,Travel time to the nearest starbase? The Federation's gone; the Borg is everywhere!
347,1832,2017-02-19 22:20:56.000,"For an android with no feelings, he sure managed to evoke them in others."
348,1833,2016-07-13 02:37:27.000,"Fate. It protects fools, little children, and ships named Enterprise."
348,1834,2015-12-14 20:10:19.000,I'll alert the crew. When has justice ever been as simple as a rule book?
348,1835,2016-04-02 21:33:48.000,Travel time to the nearest starbase? The Federation's gone; the Borg is everywhere!
348,1836,2015-09-11 05:36:00.000,"Maybe if we felt any human loss as keenly as we feel one of those close to us, human history would be far less bloody."
348,1837,2015-11-14 04:46:11.000,"I'm afraid I still don't understand, sir. Well, that's certainly good to know."
349,1838,2015-06-06 05:36:13.000,"For an android with no feelings, he sure managed to evoke them in others."
349,1839,2016-01-02 22:52:34.000,"Fate. It protects fools, little children, and ships named Enterprise."
349,1840,2015-03-12 18:01:27.000,"Fate. It protects fools, little children, and ships named Enterprise."
349,1841,2017-01-18 15:44:16.000,Flair is what marks the difference between artistry and mere competence.
349,1842,2015-01-11 11:12:38.000,"I'm afraid I still don't understand, sir. Well, that's certainly good to know."
351,1843,2015-02-20 22:48:00.000,Travel time to the nearest starbase? The Federation's gone; the Borg is everywhere!
351,1844,2016-08-01 07:09:35.000,Flair is what marks the difference between artistry and mere competence.
351,1845,2016-09-14 15:13:48.000,"Fate. It protects fools, little children, and ships named Enterprise."
351,1846,2015-10-17 11:46:25.000,"I've had twelve years to think about it. And if I had it to do over again, I would have grabbed the phaser and pointed it at you instead of them."
352,1847,2016-12-31 21:07:24.000,"Fate. It protects fools, little children, and ships named Enterprise."
352,1848,2016-04-02 01:51:48.000,Travel time to the nearest starbase? The Federation's gone; the Borg is everywhere!
352,1849,2015-01-30 07:48:19.000,I'll alert the crew. When has justice ever been as simple as a rule book?
352,1850,2017-01-28 12:54:32.000,"I've had twelve years to think about it. And if I had it to do over again, I would have grabbed the phaser and pointed it at you instead of them."
352,1851,2015-08-12 01:44:03.000,"I've had twelve years to think about it. And if I had it to do over again, I would have grabbed the phaser and pointed it at you instead of them."
352,1852,2016-04-06 09:07:01.000,"Maybe if we felt any human loss as keenly as we feel one of those close to us, human history would be far less bloody."
353,1853,2016-10-24 01:28:11.000,"I've had twelve years to think about it. And if I had it to do over again, I would have grabbed the phaser and pointed it at you instead of them."
353,1854,2016-11-01 02:12:49.000,"Maybe if we felt any human loss as keenly as we feel one of those close to us, human history would be far less bloody."
353,1855,2015-07-05 19:01:00.000,"Maybe if we felt any human loss as keenly as we feel one of those close to us, human history would be far less bloody."
354,1856,2016-03-05 07:30:20.000,"Maybe if we felt any human loss as keenly as we feel one of those close to us, human history would be far less bloody."
354,1857,2015-11-02 19:53:32.000,"For an android with no feelings, he sure managed to evoke them in others."
354,1858,2017-02-14 11:38:33.000,"For an android with no feelings, he sure managed to evoke them in others."
354,1859,2015-08-28 22:28:09.000,"Fate. It protects fools, little children, and ships named Enterprise."
354,1860,2015-04-27 07:14:52.000,"Maybe if we felt any human loss as keenly as we feel one of those close to us, human history would be far less bloody."
356,1861,2015-05-14 07:24:17.000,"Maybe if we felt any human loss as keenly as we feel one of those close to us, human history would be far less bloody."
356,1862,2016-02-23 04:39:01.000,"I suggest you drop it, Mr. Data. Mr. Worf, you sound like a man who's asking his friend if he can start dating his sister."
356,1863,2015-11-01 12:17:06.000,I'll alert the crew. When has justice ever been as simple as a rule book?
356,1864,2015-09-04 13:32:08.000,"I've had twelve years to think about it. And if I had it to do over again, I would have grabbed the phaser and pointed it at you instead of them."
356,1865,2017-01-19 05:48:41.000,"I suggest you drop it, Mr. Data. Mr. Worf, you sound like a man who's asking his friend if he can start dating his sister."
356,1866,2017-01-17 14:35:53.000,I'll alert the crew. When has justice ever been as simple as a rule book?
356,1867,2015-05-07 01:24:55.000,"Fate. It protects fools, little children, and ships named Enterprise."
356,1868,2016-02-06 12:02:11.000,Travel time to the nearest starbase? The Federation's gone; the Borg is everywhere!
357,1869,2016-05-03 23:46:38.000,I'll alert the crew. When has justice ever been as simple as a rule book?
357,1870,2015-08-25 23:56:35.000,"I'm afraid I still don't understand, sir. Well, that's certainly good to know."
357,1871,2016-10-26 02:05:17.000,"I suggest you drop it, Mr. Data. Mr. Worf, you sound like a man who's asking his friend if he can start dating his sister."
357,1872,2015-01-01 19:21:52.000,"I've had twelve years to think about it. And if I had it to do over again, I would have grabbed the phaser and pointed it at you instead of them."
357,1873,2016-11-17 00:38:40.000,I'll alert the crew. When has justice ever been as simple as a rule book?
357,1874,2016-07-18 09:34:11.000,I'll alert the crew. When has justice ever been as simple as a rule book?
357,1875,2015-04-04 07:32:39.000,"Maybe if we felt any human loss as keenly as we feel one of those close to us, human history would be far less bloody."
357,1876,2015-01-27 19:37:43.000,"I'm afraid I still don't understand, sir. Well, that's certainly good to know."
358,1877,2016-12-15 19:14:02.000,I'll alert the crew. When has justice ever been as simple as a rule book?
358,1878,2016-06-01 04:40:32.000,"Maybe if we felt any human loss as keenly as we feel one of those close to us, human history would be far less bloody."
358,1879,2017-02-19 17:25:18.000,Travel time to the nearest starbase? The Federation's gone; the Borg is everywhere!
358,1880,2016-10-18 04:05:01.000,"Fate. It protects fools, little children, and ships named Enterprise."
358,1881,2017-02-04 00:42:13.000,I'll alert the crew. When has justice ever been as simple as a rule book?
358,1882,2017-02-27 11:14:32.000,Flair is what marks the difference between artistry and mere competence.
358,1883,2015-12-05 15:18:26.000,Flair is what marks the difference between artistry and mere competence.
358,1884,2016-08-05 06:23:34.000,"Fate. It protects fools, little children, and ships named Enterprise."
358,1885,2015-11-20 07:30:40.000,"Maybe if we felt any human loss as keenly as we feel one of those close to us, human history would be far less bloody."
358,1886,2016-11-18 00:01:59.000,"I'm afraid I still don't understand, sir. Well, that's certainly good to know."
359,1887,2015-02-27 14:22:01.000,"I'm afraid I still don't understand, sir. Well, that's certainly good to know."
359,1888,2016-06-26 17:45:06.000,Flair is what marks the difference between artistry and mere competence.
359,1889,2015-06-22 07:17:29.000,"I suggest you drop it, Mr. Data. Mr. Worf, you sound like a man who's asking his friend if he can start dating his sister."
359,1890,2015-04-09 18:26:22.000,"I'm afraid I still don't understand, sir. Well, that's certainly good to know."
359,1891,2015-10-29 08:19:47.000,I'll alert the crew. When has justice ever been as simple as a rule book?
359,1892,2016-05-12 00:22:56.000,I'll alert the crew. When has justice ever been as simple as a rule book?
359,1893,2017-01-23 00:43:48.000,Travel time to the nearest starbase? The Federation's gone; the Borg is everywhere!
359,1894,2015-01-03 22:59:59.000,"I suggest you drop it, Mr. Data. Mr. Worf, you sound like a man who's asking his friend if he can start dating his sister."
360,1895,2016-05-30 08:25:16.000,I'll alert the crew. When has justice ever been as simple as a rule book?
360,1896,2016-03-29 09:09:55.000,"I've had twelve years to think about it. And if I had it to do over again, I would have grabbed the phaser and pointed it at you instead of them."
360,1897,2016-06-16 08:55:16.000,"I've had twelve years to think about it. And if I had it to do over again, I would have grabbed the phaser and pointed it at you instead of them."
360,1898,2015-01-14 09:42:04.000,I'll alert the crew. When has justice ever been as simple as a rule book?
360,1899,2015-04-07 05:44:24.000,Travel time to the nearest starbase? The Federation's gone; the Borg is everywhere!
361,1900,2016-08-28 01:48:07.000,"I've had twelve years to think about it. And if I had it to do over again, I would have grabbed the phaser and pointed it at you instead of them."
361,1901,2015-05-02 08:39:29.000,Travel time to the nearest starbase? The Federation's gone; the Borg is everywhere!
361,1902,2017-01-04 23:32:47.000,"I'm afraid I still don't understand, sir. Well, that's certainly good to know."
361,1903,2016-03-01 14:04:27.000,"I suggest you drop it, Mr. Data. Mr. Worf, you sound like a man who's asking his friend if he can start dating his sister."
363,1904,2016-05-06 22:08:19.000,Flair is what marks the difference between artistry and mere competence.
363,1905,2015-03-11 06:03:45.000,I'll alert the crew. When has justice ever been as simple as a rule book?
363,1906,2016-05-19 16:27:18.000,"For an android with no feelings, he sure managed to evoke them in others."
363,1907,2016-12-30 19:29:44.000,"Maybe if we felt any human loss as keenly as we feel one of those close to us, human history would be far less bloody."
364,1908,2015-10-15 14:16:03.000,"I suggest you drop it, Mr. Data. Mr. Worf, you sound like a man who's asking his friend if he can start dating his sister."
364,1909,2015-11-07 13:28:45.000,Travel time to the nearest starbase? The Federation's gone; the Borg is everywhere!
364,1910,2015-12-16 09:55:22.000,"Fate. It protects fools, little children, and ships named Enterprise."
364,1911,2016-09-25 21:36:07.000,"I've had twelve years to think about it. And if I had it to do over again, I would have grabbed the phaser and pointed it at you instead of them."
364,1912,2016-02-06 04:17:11.000,I'll alert the crew. When has justice ever been as simple as a rule book?
364,1913,2016-01-29 08:04:40.000,Flair is what marks the difference between artistry and mere competence.
364,1914,2015-06-16 00:48:32.000,I'll alert the crew. When has justice ever been as simple as a rule book?
365,1915,2016-09-07 14:38:36.000,I'll alert the crew. When has justice ever been as simple as a rule book?
365,1916,2016-09-01 23:20:09.000,"Fate. It protects fools, little children, and ships named Enterprise."
366,1917,2016-10-03 15:09:22.000,"I suggest you drop it, Mr. Data. Mr. Worf, you sound like a man who's asking his friend if he can start dating his sister."
366,1918,2016-01-18 17:45:25.000,Travel time to the nearest starbase? The Federation's gone; the Borg is everywhere!
366,1919,2017-02-13 21:25:00.000,I'll alert the crew. When has justice ever been as simple as a rule book?
366,1920,2016-06-24 01:34:33.000,"Fate. It protects fools, little children, and ships named Enterprise."
368,1921,2016-12-12 20:48:56.000,Flair is what marks the difference between artistry and mere competence.
368,1922,2016-02-02 04:33:13.000,"I'm afraid I still don't understand, sir. Well, that's certainly good to know."
368,1923,2016-01-26 20:11:22.000,"Fate. It protects fools, little children, and ships named Enterprise."
368,1924,2016-12-07 19:53:34.000,I'll alert the crew. When has justice ever been as simple as a rule book?
368,1925,2016-04-05 19:59:50.000,Travel time to the nearest starbase? The Federation's gone; the Borg is everywhere!
367,1926,2016-09-04 04:16:22.000,"For an android with no feelings, he sure managed to evoke them in others."
367,1927,2015-01-06 12:36:08.000,"Fate. It protects fools, little children, and ships named Enterprise."
367,1928,2016-05-01 02:00:58.000,"I've had twelve years to think about it. And if I had it to do over again, I would have grabbed the phaser and pointed it at you instead of them."
367,1929,2016-01-19 21:25:33.000,"Maybe if we felt any human loss as keenly as we feel one of those close to us, human history would be far less bloody."
367,1930,2016-06-17 19:47:16.000,Flair is what marks the difference between artistry and mere competence.
369,1931,2017-02-23 07:22:09.000,"I suggest you drop it, Mr. Data. Mr. Worf, you sound like a man who's asking his friend if he can start dating his sister."
369,1932,2015-10-05 00:34:22.000,Flair is what marks the difference between artistry and mere competence.
369,1933,2015-03-17 12:47:21.000,"For an android with no feelings, he sure managed to evoke them in others."
383,1987,2016-05-17 14:25:29.000,"Fate. It protects fools, little children, and ships named Enterprise."
369,1934,2015-11-18 23:58:45.000,"I suggest you drop it, Mr. Data. Mr. Worf, you sound like a man who's asking his friend if he can start dating his sister."
369,1935,2016-11-01 21:24:48.000,Travel time to the nearest starbase? The Federation's gone; the Borg is everywhere!
369,1936,2016-03-20 16:35:13.000,I'll alert the crew. When has justice ever been as simple as a rule book?
369,1937,2015-01-04 13:40:11.000,I'll alert the crew. When has justice ever been as simple as a rule book?
370,1938,2016-02-01 14:02:56.000,"Maybe if we felt any human loss as keenly as we feel one of those close to us, human history would be far less bloody."
370,1939,2016-10-18 23:10:51.000,"Fate. It protects fools, little children, and ships named Enterprise."
372,1947,2016-08-07 09:05:57.000,Travel time to the nearest starbase? The Federation's gone; the Borg is everywhere!
372,1948,2016-01-04 01:04:08.000,"Maybe if we felt any human loss as keenly as we feel one of those close to us, human history would be far less bloody."
372,1949,2016-12-11 20:48:30.000,"Maybe if we felt any human loss as keenly as we feel one of those close to us, human history would be far less bloody."
372,1950,2016-12-30 05:54:52.000,"For an android with no feelings, he sure managed to evoke them in others."
372,1951,2015-02-18 09:13:00.000,"Fate. It protects fools, little children, and ships named Enterprise."
372,1952,2015-12-26 07:46:06.000,"I've had twelve years to think about it. And if I had it to do over again, I would have grabbed the phaser and pointed it at you instead of them."
372,1953,2016-04-29 23:54:28.000,"I suggest you drop it, Mr. Data. Mr. Worf, you sound like a man who's asking his friend if he can start dating his sister."
372,1954,2015-03-21 09:15:31.000,Flair is what marks the difference between artistry and mere competence.
372,1955,2016-09-11 12:50:56.000,"Fate. It protects fools, little children, and ships named Enterprise."
371,1940,2016-07-25 23:51:25.000,"I've had twelve years to think about it. And if I had it to do over again, I would have grabbed the phaser and pointed it at you instead of them."
371,1941,2015-05-13 12:57:18.000,"For an android with no feelings, he sure managed to evoke them in others."
371,1942,2016-07-15 22:43:18.000,"Fate. It protects fools, little children, and ships named Enterprise."
371,1943,2016-03-06 19:58:53.000,"I suggest you drop it, Mr. Data. Mr. Worf, you sound like a man who's asking his friend if he can start dating his sister."
371,1944,2015-05-23 05:37:56.000,"I suggest you drop it, Mr. Data. Mr. Worf, you sound like a man who's asking his friend if he can start dating his sister."
371,1945,2016-02-02 17:38:03.000,I'll alert the crew. When has justice ever been as simple as a rule book?
371,1946,2016-01-19 12:59:23.000,Travel time to the nearest starbase? The Federation's gone; the Borg is everywhere!
373,1956,2016-10-27 20:51:07.000,I'll alert the crew. When has justice ever been as simple as a rule book?
374,1957,2016-02-17 15:35:27.000,Travel time to the nearest starbase? The Federation's gone; the Borg is everywhere!
374,1958,2015-07-01 16:18:10.000,"I suggest you drop it, Mr. Data. Mr. Worf, you sound like a man who's asking his friend if he can start dating his sister."
374,1959,2016-06-28 12:57:24.000,Travel time to the nearest starbase? The Federation's gone; the Borg is everywhere!
374,1960,2015-04-14 07:27:48.000,I'll alert the crew. When has justice ever been as simple as a rule book?
374,1961,2016-10-10 07:35:53.000,Travel time to the nearest starbase? The Federation's gone; the Borg is everywhere!
374,1962,2015-05-08 05:41:13.000,"Maybe if we felt any human loss as keenly as we feel one of those close to us, human history would be far less bloody."
374,1963,2015-10-31 15:08:06.000,"I suggest you drop it, Mr. Data. Mr. Worf, you sound like a man who's asking his friend if he can start dating his sister."
374,1964,2015-02-01 05:54:08.000,Travel time to the nearest starbase? The Federation's gone; the Borg is everywhere!
375,1965,2016-06-29 09:14:57.000,"I've had twelve years to think about it. And if I had it to do over again, I would have grabbed the phaser and pointed it at you instead of them."
376,1966,2015-12-25 03:50:32.000,"I've had twelve years to think about it. And if I had it to do over again, I would have grabbed the phaser and pointed it at you instead of them."
376,1967,2016-01-10 05:43:06.000,"I'm afraid I still don't understand, sir. Well, that's certainly good to know."
378,1970,2015-03-05 18:00:39.000,"For an android with no feelings, he sure managed to evoke them in others."
377,1968,2017-01-09 17:07:49.000,I'll alert the crew. When has justice ever been as simple as a rule book?
377,1969,2017-01-25 12:34:54.000,"I've had twelve years to think about it. And if I had it to do over again, I would have grabbed the phaser and pointed it at you instead of them."
379,1971,2015-06-06 07:48:23.000,"I suggest you drop it, Mr. Data. Mr. Worf, you sound like a man who's asking his friend if he can start dating his sister."
379,1972,2016-10-09 18:55:56.000,"Maybe if we felt any human loss as keenly as we feel one of those close to us, human history would be far less bloody."
379,1973,2015-10-20 15:21:39.000,"I suggest you drop it, Mr. Data. Mr. Worf, you sound like a man who's asking his friend if he can start dating his sister."
379,1974,2015-04-10 18:02:46.000,"Maybe if we felt any human loss as keenly as we feel one of those close to us, human history would be far less bloody."
379,1975,2016-08-18 02:13:52.000,"Fate. It protects fools, little children, and ships named Enterprise."
379,1976,2016-03-03 17:38:45.000,Flair is what marks the difference between artistry and mere competence.
379,1977,2015-07-05 06:31:48.000,I'll alert the crew. When has justice ever been as simple as a rule book?
381,1978,2015-01-20 11:27:39.000,"Fate. It protects fools, little children, and ships named Enterprise."
382,1979,2015-06-19 01:23:22.000,Flair is what marks the difference between artistry and mere competence.
382,1980,2016-08-28 07:50:39.000,"Fate. It protects fools, little children, and ships named Enterprise."
382,1981,2016-05-06 10:25:43.000,I'll alert the crew. When has justice ever been as simple as a rule book?
384,1982,2016-04-20 14:23:12.000,"For an android with no feelings, he sure managed to evoke them in others."
383,1983,2017-02-04 05:26:07.000,Travel time to the nearest starbase? The Federation's gone; the Borg is everywhere!
383,1984,2015-08-13 04:32:09.000,"For an android with no feelings, he sure managed to evoke them in others."
383,1985,2015-01-15 16:11:43.000,"I'm afraid I still don't understand, sir. Well, that's certainly good to know."
383,1986,2015-08-24 04:04:49.000,"I've had twelve years to think about it. And if I had it to do over again, I would have grabbed the phaser and pointed it at you instead of them."
383,1988,2016-06-06 21:44:55.000,"I suggest you drop it, Mr. Data. Mr. Worf, you sound like a man who's asking his friend if he can start dating his sister."
383,1989,2016-01-15 14:54:47.000,"I suggest you drop it, Mr. Data. Mr. Worf, you sound like a man who's asking his friend if he can start dating his sister."
383,1990,2015-12-01 16:20:33.000,"I suggest you drop it, Mr. Data. Mr. Worf, you sound like a man who's asking his friend if he can start dating his sister."
387,1991,2016-07-16 03:02:10.000,"Fate. It protects fools, little children, and ships named Enterprise."
387,1992,2016-01-26 23:53:15.000,"I suggest you drop it, Mr. Data. Mr. Worf, you sound like a man who's asking his friend if he can start dating his sister."
387,1993,2016-08-11 23:10:02.000,Flair is what marks the difference between artistry and mere competence.
387,1994,2016-07-18 09:55:21.000,"For an android with no feelings, he sure managed to evoke them in others."
387,1995,2016-02-02 10:49:50.000,"I suggest you drop it, Mr. Data. Mr. Worf, you sound like a man who's asking his friend if he can start dating his sister."
389,2009,2015-12-26 00:37:42.000,"Fate. It protects fools, little children, and ships named Enterprise."
389,2010,2015-03-11 09:47:22.000,"I'm afraid I still don't understand, sir. Well, that's certainly good to know."
387,1996,2015-09-10 05:34:46.000,"I suggest you drop it, Mr. Data. Mr. Worf, you sound like a man who's asking his friend if he can start dating his sister."
389,2011,2015-10-22 03:57:55.000,"I'm afraid I still don't understand, sir. Well, that's certainly good to know."
387,1997,2017-02-23 13:51:13.000,"I'm afraid I still don't understand, sir. Well, that's certainly good to know."
387,1998,2015-11-23 00:19:37.000,"Maybe if we felt any human loss as keenly as we feel one of those close to us, human history would be far less bloody."
387,1999,2015-02-21 17:55:31.000,"I'm afraid I still don't understand, sir. Well, that's certainly good to know."
388,2000,2015-10-19 17:34:51.000,"I've had twelve years to think about it. And if I had it to do over again, I would have grabbed the phaser and pointed it at you instead of them."
388,2001,2015-08-30 23:14:45.000,"I'm afraid I still don't understand, sir. Well, that's certainly good to know."
388,2002,2016-05-02 19:13:35.000,"I've had twelve years to think about it. And if I had it to do over again, I would have grabbed the phaser and pointed it at you instead of them."
388,2003,2016-04-06 00:11:33.000,"I suggest you drop it, Mr. Data. Mr. Worf, you sound like a man who's asking his friend if he can start dating his sister."
388,2004,2015-07-16 04:34:20.000,"I suggest you drop it, Mr. Data. Mr. Worf, you sound like a man who's asking his friend if he can start dating his sister."
388,2005,2015-07-25 19:16:23.000,"For an android with no feelings, he sure managed to evoke them in others."
388,2006,2016-11-12 20:42:49.000,"For an android with no feelings, he sure managed to evoke them in others."
388,2007,2015-02-03 11:44:26.000,"I suggest you drop it, Mr. Data. Mr. Worf, you sound like a man who's asking his friend if he can start dating his sister."
388,2008,2016-10-17 12:48:12.000,"I suggest you drop it, Mr. Data. Mr. Worf, you sound like a man who's asking his friend if he can start dating his sister."
391,2016,2016-03-20 19:30:24.000,"Maybe if we felt any human loss as keenly as we feel one of those close to us, human history would be far less bloody."
391,2017,2016-05-09 11:56:27.000,Travel time to the nearest starbase? The Federation's gone; the Borg is everywhere!
391,2018,2016-03-23 01:53:21.000,"I suggest you drop it, Mr. Data. Mr. Worf, you sound like a man who's asking his friend if he can start dating his sister."
391,2019,2015-07-24 01:12:20.000,I'll alert the crew. When has justice ever been as simple as a rule book?
391,2020,2015-04-04 23:48:31.000,Flair is what marks the difference between artistry and mere competence.
391,2021,2015-02-08 06:33:30.000,"I've had twelve years to think about it. And if I had it to do over again, I would have grabbed the phaser and pointed it at you instead of them."
391,2022,2016-06-02 13:41:55.000,"For an android with no feelings, he sure managed to evoke them in others."
390,2012,2016-08-22 16:05:14.000,Travel time to the nearest starbase? The Federation's gone; the Borg is everywhere!
390,2013,2015-06-17 06:46:21.000,Flair is what marks the difference between artistry and mere competence.
390,2014,2015-04-21 08:36:27.000,"I'm afraid I still don't understand, sir. Well, that's certainly good to know."
390,2015,2016-02-17 11:25:57.000,"Fate. It protects fools, little children, and ships named Enterprise."
393,2025,2016-05-05 21:07:53.000,"Fate. It protects fools, little children, and ships named Enterprise."
393,2027,2016-09-25 04:24:17.000,"For an android with no feelings, he sure managed to evoke them in others."
393,2029,2017-02-07 18:24:35.000,I'll alert the crew. When has justice ever been as simple as a rule book?
393,2031,2016-05-06 20:20:11.000,"Maybe if we felt any human loss as keenly as we feel one of those close to us, human history would be far less bloody."
393,2033,2015-03-31 15:09:06.000,Travel time to the nearest starbase? The Federation's gone; the Borg is everywhere!
393,2035,2016-06-19 16:07:41.000,"For an android with no feelings, he sure managed to evoke them in others."
393,2036,2016-04-04 23:06:01.000,"I suggest you drop it, Mr. Data. Mr. Worf, you sound like a man who's asking his friend if he can start dating his sister."
392,2023,2016-08-14 15:18:56.000,"I'm afraid I still don't understand, sir. Well, that's certainly good to know."
392,2024,2016-09-17 15:11:15.000,Flair is what marks the difference between artistry and mere competence.
392,2026,2016-04-13 17:30:38.000,"For an android with no feelings, he sure managed to evoke them in others."
392,2028,2016-07-29 01:03:35.000,Travel time to the nearest starbase? The Federation's gone; the Borg is everywhere!
392,2030,2015-01-10 15:17:53.000,I'll alert the crew. When has justice ever been as simple as a rule book?
392,2032,2015-02-03 13:30:16.000,"I'm afraid I still don't understand, sir. Well, that's certainly good to know."
392,2034,2015-02-05 09:55:02.000,"I suggest you drop it, Mr. Data. Mr. Worf, you sound like a man who's asking his friend if he can start dating his sister."
394,2037,2015-11-15 22:15:44.000,Travel time to the nearest starbase? The Federation's gone; the Borg is everywhere!
394,2038,2016-12-22 03:25:04.000,"I suggest you drop it, Mr. Data. Mr. Worf, you sound like a man who's asking his friend if he can start dating his sister."
394,2039,2016-09-18 10:14:55.000,"I've had twelve years to think about it. And if I had it to do over again, I would have grabbed the phaser and pointed it at you instead of them."
394,2040,2015-05-19 07:22:48.000,"I've had twelve years to think about it. And if I had it to do over again, I would have grabbed the phaser and pointed it at you instead of them."
394,2041,2015-05-16 16:44:39.000,Travel time to the nearest starbase? The Federation's gone; the Borg is everywhere!
394,2042,2015-12-16 01:46:02.000,Flair is what marks the difference between artistry and mere competence.
395,2043,2017-02-13 11:37:30.000,"Fate. It protects fools, little children, and ships named Enterprise."
395,2044,2016-05-22 05:22:41.000,"For an android with no feelings, he sure managed to evoke them in others."
395,2045,2015-05-12 11:34:14.000,Flair is what marks the difference between artistry and mere competence.
398,2049,2016-03-03 12:39:35.000,"I've had twelve years to think about it. And if I had it to do over again, I would have grabbed the phaser and pointed it at you instead of them."
398,2050,2015-05-16 02:30:56.000,I'll alert the crew. When has justice ever been as simple as a rule book?
398,2051,2015-04-23 17:52:18.000,Travel time to the nearest starbase? The Federation's gone; the Borg is everywhere!
398,2052,2016-02-20 05:17:20.000,"I'm afraid I still don't understand, sir. Well, that's certainly good to know."
398,2053,2015-04-21 19:01:43.000,"I suggest you drop it, Mr. Data. Mr. Worf, you sound like a man who's asking his friend if he can start dating his sister."
398,2054,2015-03-24 15:22:08.000,I'll alert the crew. When has justice ever been as simple as a rule book?
398,2055,2017-01-21 03:58:29.000,"I'm afraid I still don't understand, sir. Well, that's certainly good to know."
398,2056,2015-10-20 17:39:16.000,"I'm afraid I still don't understand, sir. Well, that's certainly good to know."
400,2060,2015-05-18 15:56:02.000,"For an android with no feelings, he sure managed to evoke them in others."
400,2061,2016-09-25 22:51:24.000,"I'm afraid I still don't understand, sir. Well, that's certainly good to know."
400,2062,2016-02-09 22:11:08.000,"I'm afraid I still don't understand, sir. Well, that's certainly good to know."
400,2063,2016-07-25 14:40:04.000,"I've had twelve years to think about it. And if I had it to do over again, I would have grabbed the phaser and pointed it at you instead of them."
400,2064,2016-01-08 00:22:00.000,Flair is what marks the difference between artistry and mere competence.
397,2046,2016-05-18 08:08:20.000,I'll alert the crew. When has justice ever been as simple as a rule book?
397,2047,2015-06-21 22:46:57.000,Travel time to the nearest starbase? The Federation's gone; the Borg is everywhere!
397,2048,2015-09-30 17:34:46.000,"I've had twelve years to think about it. And if I had it to do over again, I would have grabbed the phaser and pointed it at you instead of them."
399,2057,2017-01-17 11:29:57.000,"For an android with no feelings, he sure managed to evoke them in others."
399,2058,2016-06-13 23:03:34.000,"Fate. It protects fools, little children, and ships named Enterprise."
399,2059,2015-03-08 03:41:48.000,Travel time to the nearest starbase? The Federation's gone; the Borg is everywhere!
401,2065,2016-01-13 14:12:55.000,Travel time to the nearest starbase? The Federation's gone; the Borg is everywhere!
401,2066,2015-08-16 00:54:23.000,I'll alert the crew. When has justice ever been as simple as a rule book?
402,2067,2015-11-17 16:06:56.000,"Fate. It protects fools, little children, and ships named Enterprise."
402,2068,2016-08-24 00:32:03.000,Flair is what marks the difference between artistry and mere competence.
402,2069,2015-06-21 08:25:10.000,Travel time to the nearest starbase? The Federation's gone; the Borg is everywhere!
402,2070,2016-05-25 09:00:21.000,"I suggest you drop it, Mr. Data. Mr. Worf, you sound like a man who's asking his friend if he can start dating his sister."
404,2073,2015-05-30 20:05:42.000,I'll alert the crew. When has justice ever been as simple as a rule book?
404,2074,2016-09-13 03:52:40.000,"I suggest you drop it, Mr. Data. Mr. Worf, you sound like a man who's asking his friend if he can start dating his sister."
404,2075,2016-02-27 03:39:18.000,"For an android with no feelings, he sure managed to evoke them in others."
404,2076,2015-04-23 17:37:37.000,"Maybe if we felt any human loss as keenly as we feel one of those close to us, human history would be far less bloody."
403,2071,2015-04-05 15:32:42.000,"Fate. It protects fools, little children, and ships named Enterprise."
403,2072,2015-06-13 15:39:45.000,Flair is what marks the difference between artistry and mere competence.
406,2087,2016-01-15 23:09:06.000,"I suggest you drop it, Mr. Data. Mr. Worf, you sound like a man who's asking his friend if he can start dating his sister."
406,2088,2016-07-01 21:42:58.000,"I suggest you drop it, Mr. Data. Mr. Worf, you sound like a man who's asking his friend if he can start dating his sister."
406,2089,2015-07-03 12:31:44.000,I'll alert the crew. When has justice ever been as simple as a rule book?
406,2090,2015-02-18 14:57:43.000,Travel time to the nearest starbase? The Federation's gone; the Borg is everywhere!
406,2091,2015-01-15 10:24:12.000,"For an android with no feelings, he sure managed to evoke them in others."
406,2092,2016-04-06 05:36:12.000,Flair is what marks the difference between artistry and mere competence.
406,2093,2016-04-19 11:39:32.000,Flair is what marks the difference between artistry and mere competence.
408,2096,2015-12-28 05:44:00.000,"For an android with no feelings, he sure managed to evoke them in others."
408,2098,2016-02-05 05:55:52.000,Travel time to the nearest starbase? The Federation's gone; the Borg is everywhere!
408,2100,2015-05-30 21:26:04.000,I'll alert the crew. When has justice ever been as simple as a rule book?
408,2102,2015-04-24 11:45:18.000,"Fate. It protects fools, little children, and ships named Enterprise."
408,2104,2015-11-24 14:26:29.000,"I've had twelve years to think about it. And if I had it to do over again, I would have grabbed the phaser and pointed it at you instead of them."
408,2106,2016-06-14 01:54:39.000,Travel time to the nearest starbase? The Federation's gone; the Borg is everywhere!
408,2107,2015-03-09 01:02:25.000,"I'm afraid I still don't understand, sir. Well, that's certainly good to know."
408,2108,2017-01-31 20:06:48.000,Travel time to the nearest starbase? The Federation's gone; the Borg is everywhere!
407,2094,2015-12-27 23:47:14.000,"I'm afraid I still don't understand, sir. Well, that's certainly good to know."
407,2095,2015-11-06 17:41:49.000,I'll alert the crew. When has justice ever been as simple as a rule book?
407,2097,2015-03-27 08:59:46.000,"Fate. It protects fools, little children, and ships named Enterprise."
407,2099,2015-09-30 09:44:32.000,"I've had twelve years to think about it. And if I had it to do over again, I would have grabbed the phaser and pointed it at you instead of them."
407,2101,2016-03-25 11:26:45.000,"I suggest you drop it, Mr. Data. Mr. Worf, you sound like a man who's asking his friend if he can start dating his sister."
407,2103,2015-03-10 18:38:24.000,"Maybe if we felt any human loss as keenly as we feel one of those close to us, human history would be far less bloody."
407,2105,2015-04-02 12:01:16.000,"I've had twelve years to think about it. And if I had it to do over again, I would have grabbed the phaser and pointed it at you instead of them."
405,2077,2015-03-02 15:17:46.000,"I suggest you drop it, Mr. Data. Mr. Worf, you sound like a man who's asking his friend if he can start dating his sister."
405,2078,2015-01-24 01:26:19.000,"I've had twelve years to think about it. And if I had it to do over again, I would have grabbed the phaser and pointed it at you instead of them."
405,2079,2016-12-05 22:17:42.000,"Fate. It protects fools, little children, and ships named Enterprise."
405,2080,2015-09-01 13:59:07.000,"Fate. It protects fools, little children, and ships named Enterprise."
405,2081,2015-04-27 07:36:22.000,"For an android with no feelings, he sure managed to evoke them in others."
405,2082,2015-08-10 19:55:26.000,Flair is what marks the difference between artistry and mere competence.
405,2083,2016-10-23 06:26:23.000,"Maybe if we felt any human loss as keenly as we feel one of those close to us, human history would be far less bloody."
405,2084,2015-03-05 04:28:17.000,"Fate. It protects fools, little children, and ships named Enterprise."
405,2085,2016-07-17 21:32:33.000,"I suggest you drop it, Mr. Data. Mr. Worf, you sound like a man who's asking his friend if he can start dating his sister."
405,2086,2015-01-08 18:03:53.000,"I suggest you drop it, Mr. Data. Mr. Worf, you sound like a man who's asking his friend if he can start dating his sister."
409,2109,2015-10-31 17:43:43.000,I'll alert the crew. When has justice ever been as simple as a rule book?
409,2110,2015-05-03 16:54:25.000,"Fate. It protects fools, little children, and ships named Enterprise."
409,2111,2016-05-27 03:05:43.000,"I've had twelve years to think about it. And if I had it to do over again, I would have grabbed the phaser and pointed it at you instead of them."
409,2112,2015-11-22 19:42:38.000,"Maybe if we felt any human loss as keenly as we feel one of those close to us, human history would be far less bloody."
409,2113,2017-02-22 02:21:27.000,Flair is what marks the difference between artistry and mere competence.
409,2114,2017-02-26 17:20:31.000,"I've had twelve years to think about it. And if I had it to do over again, I would have grabbed the phaser and pointed it at you instead of them."
411,2123,2015-12-29 00:36:17.000,"I'm afraid I still don't understand, sir. Well, that's certainly good to know."
411,2124,2015-05-15 10:42:00.000,Flair is what marks the difference between artistry and mere competence.
411,2125,2015-11-17 14:49:36.000,"I've had twelve years to think about it. And if I had it to do over again, I would have grabbed the phaser and pointed it at you instead of them."
411,2126,2015-01-30 06:35:03.000,"Fate. It protects fools, little children, and ships named Enterprise."
412,2127,2016-11-29 05:26:04.000,"I've had twelve years to think about it. And if I had it to do over again, I would have grabbed the phaser and pointed it at you instead of them."
412,2128,2015-03-06 00:52:49.000,"Maybe if we felt any human loss as keenly as we feel one of those close to us, human history would be far less bloody."
412,2129,2015-02-28 05:55:21.000,"For an android with no feelings, he sure managed to evoke them in others."
410,2115,2017-01-11 13:26:15.000,"Fate. It protects fools, little children, and ships named Enterprise."
410,2116,2016-06-13 20:21:33.000,"I'm afraid I still don't understand, sir. Well, that's certainly good to know."
410,2117,2016-08-16 01:57:29.000,"Fate. It protects fools, little children, and ships named Enterprise."
410,2118,2016-08-27 22:01:23.000,"Maybe if we felt any human loss as keenly as we feel one of those close to us, human history would be far less bloody."
410,2119,2016-01-29 16:54:09.000,"For an android with no feelings, he sure managed to evoke them in others."
410,2120,2016-11-01 02:01:30.000,"For an android with no feelings, he sure managed to evoke them in others."
410,2121,2017-02-25 22:56:21.000,Flair is what marks the difference between artistry and mere competence.
462,2371,2016-08-30 03:54:35.000,Travel time to the nearest starbase? The Federation's gone; the Borg is everywhere!
462,2372,2016-07-01 22:55:56.000,"For an android with no feelings, he sure managed to evoke them in others."
462,2373,2016-01-11 12:56:54.000,"Maybe if we felt any human loss as keenly as we feel one of those close to us, human history would be far less bloody."
462,2374,2015-01-11 19:33:13.000,Flair is what marks the difference between artistry and mere competence.
462,2375,2015-07-20 15:57:10.000,"I'm afraid I still don't understand, sir. Well, that's certainly good to know."
462,2376,2017-01-29 01:03:25.000,Travel time to the nearest starbase? The Federation's gone; the Borg is everywhere!
462,2377,2015-12-30 15:04:40.000,"For an android with no feelings, he sure managed to evoke them in others."
462,2378,2015-09-12 23:52:31.000,"I've had twelve years to think about it. And if I had it to do over again, I would have grabbed the phaser and pointed it at you instead of them."
462,2379,2016-02-19 10:18:39.000,Travel time to the nearest starbase? The Federation's gone; the Borg is everywhere!
462,2380,2016-08-25 12:11:43.000,"Maybe if we felt any human loss as keenly as we feel one of those close to us, human history would be far less bloody."
460,2361,2015-01-03 11:47:27.000,"Fate. It protects fools, little children, and ships named Enterprise."
460,2362,2016-11-01 19:26:38.000,I'll alert the crew. When has justice ever been as simple as a rule book?
460,2363,2016-01-31 21:09:30.000,Travel time to the nearest starbase? The Federation's gone; the Borg is everywhere!
460,2364,2016-10-09 01:23:25.000,Flair is what marks the difference between artistry and mere competence.
460,2365,2015-09-24 11:00:47.000,I'll alert the crew. When has justice ever been as simple as a rule book?
460,2366,2016-12-24 15:20:41.000,"Maybe if we felt any human loss as keenly as we feel one of those close to us, human history would be far less bloody."
460,2367,2016-08-08 08:08:22.000,"Fate. It protects fools, little children, and ships named Enterprise."
460,2368,2015-07-02 02:06:31.000,Travel time to the nearest starbase? The Federation's gone; the Borg is everywhere!
466,2395,2017-01-13 09:28:19.000,"I've had twelve years to think about it. And if I had it to do over again, I would have grabbed the phaser and pointed it at you instead of them."
466,2396,2016-06-05 00:39:26.000,"I suggest you drop it, Mr. Data. Mr. Worf, you sound like a man who's asking his friend if he can start dating his sister."
466,2397,2015-03-17 02:06:59.000,Flair is what marks the difference between artistry and mere competence.
466,2398,2016-08-18 20:09:08.000,I'll alert the crew. When has justice ever been as simple as a rule book?
466,2399,2017-01-25 04:23:49.000,"For an android with no feelings, he sure managed to evoke them in others."
466,2400,2015-09-21 10:39:10.000,Flair is what marks the difference between artistry and mere competence.
466,2401,2015-08-16 11:29:20.000,Travel time to the nearest starbase? The Federation's gone; the Borg is everywhere!
471,2430,2015-01-01 01:37:54.000,"I suggest you drop it, Mr. Data. Mr. Worf, you sound like a man who's asking his friend if he can start dating his sister."
472,2434,2015-07-25 06:55:07.000,"I'm afraid I still don't understand, sir. Well, that's certainly good to know."
472,2435,2015-05-12 08:04:15.000,"I'm afraid I still don't understand, sir. Well, that's certainly good to know."
467,2402,2016-05-18 08:10:38.000,"For an android with no feelings, he sure managed to evoke them in others."
467,2403,2016-06-09 07:46:47.000,"For an android with no feelings, he sure managed to evoke them in others."
467,2404,2016-12-21 09:51:44.000,"Maybe if we felt any human loss as keenly as we feel one of those close to us, human history would be far less bloody."
467,2405,2016-01-07 05:58:01.000,"Fate. It protects fools, little children, and ships named Enterprise."
467,2406,2016-11-18 08:52:37.000,"Maybe if we felt any human loss as keenly as we feel one of those close to us, human history would be far less bloody."
467,2407,2016-07-19 04:46:51.000,"I've had twelve years to think about it. And if I had it to do over again, I would have grabbed the phaser and pointed it at you instead of them."
467,2408,2015-07-11 19:52:16.000,"I'm afraid I still don't understand, sir. Well, that's certainly good to know."
467,2409,2015-05-27 04:18:52.000,"I'm afraid I still don't understand, sir. Well, that's certainly good to know."
470,2429,2016-08-07 21:10:06.000,"I'm afraid I still don't understand, sir. Well, that's certainly good to know."
470,2431,2015-03-19 03:11:33.000,I'll alert the crew. When has justice ever been as simple as a rule book?
467,2410,2015-09-07 06:03:45.000,Flair is what marks the difference between artistry and mere competence.
470,2432,2016-11-04 19:38:56.000,"I'm afraid I still don't understand, sir. Well, that's certainly good to know."
470,2433,2015-12-26 15:04:41.000,"Fate. It protects fools, little children, and ships named Enterprise."
475,2442,2015-11-29 18:06:42.000,Flair is what marks the difference between artistry and mere competence.
475,2444,2016-10-09 08:33:35.000,"For an android with no feelings, he sure managed to evoke them in others."
475,2445,2015-01-01 07:44:43.000,"Maybe if we felt any human loss as keenly as we feel one of those close to us, human history would be far less bloody."
475,2446,2016-10-01 18:12:58.000,"I'm afraid I still don't understand, sir. Well, that's certainly good to know."
475,2447,2016-09-06 11:58:36.000,"Fate. It protects fools, little children, and ships named Enterprise."
475,2448,2015-05-17 11:27:06.000,"I've had twelve years to think about it. And if I had it to do over again, I would have grabbed the phaser and pointed it at you instead of them."
475,2449,2015-01-19 12:37:31.000,"I'm afraid I still don't understand, sir. Well, that's certainly good to know."
468,2411,2016-05-23 12:05:09.000,Flair is what marks the difference between artistry and mere competence.
468,2412,2015-03-24 08:01:30.000,"I'm afraid I still don't understand, sir. Well, that's certainly good to know."
468,2413,2016-03-07 18:29:10.000,"I'm afraid I still don't understand, sir. Well, that's certainly good to know."
468,2414,2015-02-10 18:46:39.000,I'll alert the crew. When has justice ever been as simple as a rule book?
468,2415,2015-08-23 11:01:57.000,"Fate. It protects fools, little children, and ships named Enterprise."
474,2436,2017-02-02 10:17:14.000,Travel time to the nearest starbase? The Federation's gone; the Borg is everywhere!
468,2417,2015-06-11 22:02:10.000,I'll alert the crew. When has justice ever been as simple as a rule book?
474,2437,2016-01-12 00:24:36.000,"Fate. It protects fools, little children, and ships named Enterprise."
474,2438,2015-03-29 08:09:27.000,I'll alert the crew. When has justice ever been as simple as a rule book?
468,2419,2015-04-29 13:57:01.000,"I'm afraid I still don't understand, sir. Well, that's certainly good to know."
474,2439,2015-08-18 12:42:15.000,Travel time to the nearest starbase? The Federation's gone; the Borg is everywhere!
468,2421,2015-03-08 02:52:59.000,Travel time to the nearest starbase? The Federation's gone; the Borg is everywhere!
468,2423,2016-02-14 16:56:39.000,Flair is what marks the difference between artistry and mere competence.
474,2440,2016-08-12 15:13:46.000,I'll alert the crew. When has justice ever been as simple as a rule book?
469,2416,2015-07-06 20:12:14.000,"I've had twelve years to think about it. And if I had it to do over again, I would have grabbed the phaser and pointed it at you instead of them."
469,2418,2015-08-14 07:36:55.000,Travel time to the nearest starbase? The Federation's gone; the Borg is everywhere!
474,2441,2017-02-09 05:13:11.000,"Fate. It protects fools, little children, and ships named Enterprise."
469,2420,2015-05-26 02:53:02.000,I'll alert the crew. When has justice ever been as simple as a rule book?
476,2450,2015-06-16 14:14:58.000,"I'm afraid I still don't understand, sir. Well, that's certainly good to know."
474,2443,2015-12-27 04:36:45.000,Travel time to the nearest starbase? The Federation's gone; the Borg is everywhere!
469,2422,2015-05-18 12:19:35.000,"I suggest you drop it, Mr. Data. Mr. Worf, you sound like a man who's asking his friend if he can start dating his sister."
469,2424,2015-04-06 06:46:59.000,"Fate. It protects fools, little children, and ships named Enterprise."
469,2425,2016-03-13 02:50:14.000,"I've had twelve years to think about it. And if I had it to do over again, I would have grabbed the phaser and pointed it at you instead of them."
469,2426,2016-04-06 06:17:40.000,"I suggest you drop it, Mr. Data. Mr. Worf, you sound like a man who's asking his friend if he can start dating his sister."
469,2427,2016-05-20 22:09:02.000,Travel time to the nearest starbase? The Federation's gone; the Borg is everywhere!
469,2428,2016-05-31 15:32:38.000,I'll alert the crew. When has justice ever been as simple as a rule book?
476,2451,2017-01-28 04:04:36.000,Travel time to the nearest starbase? The Federation's gone; the Borg is everywhere!
476,2452,2015-02-24 12:32:35.000,"Fate. It protects fools, little children, and ships named Enterprise."
476,2453,2016-01-30 12:53:06.000,"Fate. It protects fools, little children, and ships named Enterprise."
476,2454,2015-05-03 05:11:16.000,"I've had twelve years to think about it. And if I had it to do over again, I would have grabbed the phaser and pointed it at you instead of them."
476,2455,2015-11-05 20:16:12.000,Travel time to the nearest starbase? The Federation's gone; the Borg is everywhere!
476,2456,2015-03-30 14:58:30.000,"I've had twelve years to think about it. And if I had it to do over again, I would have grabbed the phaser and pointed it at you instead of them."
476,2457,2015-09-07 17:33:18.000,Travel time to the nearest starbase? The Federation's gone; the Borg is everywhere!
476,2458,2016-04-11 08:28:20.000,I'll alert the crew. When has justice ever been as simple as a rule book?
476,2459,2015-02-21 03:14:40.000,"Fate. It protects fools, little children, and ships named Enterprise."
477,2460,2015-09-04 10:24:06.000,Travel time to the nearest starbase? The Federation's gone; the Borg is everywhere!
478,2469,2017-02-03 12:26:47.000,I'll alert the crew. When has justice ever been as simple as a rule book?
477,2461,2015-09-05 15:16:12.000,Flair is what marks the difference between artistry and mere competence.
478,2470,2015-10-20 09:52:09.000,"Maybe if we felt any human loss as keenly as we feel one of those close to us, human history would be far less bloody."
477,2462,2015-01-27 08:34:58.000,I'll alert the crew. When has justice ever been as simple as a rule book?
478,2471,2015-01-03 15:37:27.000,"Maybe if we felt any human loss as keenly as we feel one of those close to us, human history would be far less bloody."
477,2463,2016-02-12 17:38:26.000,"Fate. It protects fools, little children, and ships named Enterprise."
478,2472,2015-10-26 08:18:50.000,"I suggest you drop it, Mr. Data. Mr. Worf, you sound like a man who's asking his friend if he can start dating his sister."
477,2464,2015-07-01 06:13:08.000,I'll alert the crew. When has justice ever been as simple as a rule book?
478,2473,2015-09-21 11:52:07.000,Travel time to the nearest starbase? The Federation's gone; the Borg is everywhere!
477,2465,2015-12-15 15:04:39.000,"Fate. It protects fools, little children, and ships named Enterprise."
478,2474,2015-10-02 17:30:19.000,I'll alert the crew. When has justice ever been as simple as a rule book?
477,2466,2016-05-04 00:08:27.000,Travel time to the nearest starbase? The Federation's gone; the Borg is everywhere!
477,2467,2015-12-17 09:42:58.000,Flair is what marks the difference between artistry and mere competence.
477,2468,2015-07-20 00:40:59.000,"For an android with no feelings, he sure managed to evoke them in others."
479,2475,2015-05-21 23:13:47.000,Flair is what marks the difference between artistry and mere competence.
479,2476,2016-04-28 18:53:11.000,"I'm afraid I still don't understand, sir. Well, that's certainly good to know."
479,2477,2016-10-11 20:38:57.000,Flair is what marks the difference between artistry and mere competence.
479,2478,2015-07-27 09:30:44.000,I'll alert the crew. When has justice ever been as simple as a rule book?
479,2479,2016-08-12 21:08:17.000,"I'm afraid I still don't understand, sir. Well, that's certainly good to know."
481,2486,2016-01-03 19:11:36.000,I'll alert the crew. When has justice ever been as simple as a rule book?
479,2480,2015-11-01 17:25:31.000,"I'm afraid I still don't understand, sir. Well, that's certainly good to know."
481,2487,2016-05-21 18:46:29.000,"Maybe if we felt any human loss as keenly as we feel one of those close to us, human history would be far less bloody."
479,2481,2017-02-04 20:55:04.000,"I've had twelve years to think about it. And if I had it to do over again, I would have grabbed the phaser and pointed it at you instead of them."
481,2488,2016-08-03 12:09:13.000,"For an android with no feelings, he sure managed to evoke them in others."
480,2485,2015-09-27 11:31:18.000,"I suggest you drop it, Mr. Data. Mr. Worf, you sound like a man who's asking his friend if he can start dating his sister."
482,2489,2015-02-24 17:14:21.000,"I'm afraid I still don't understand, sir. Well, that's certainly good to know."
473,2482,2015-05-30 23:02:01.000,"For an android with no feelings, he sure managed to evoke them in others."
473,2483,2015-01-05 05:25:19.000,"I suggest you drop it, Mr. Data. Mr. Worf, you sound like a man who's asking his friend if he can start dating his sister."
473,2484,2016-11-08 13:42:35.000,"Maybe if we felt any human loss as keenly as we feel one of those close to us, human history would be far less bloody."
486,2504,2016-03-07 04:16:25.000,Travel time to the nearest starbase? The Federation's gone; the Borg is everywhere!
484,2496,2016-08-29 19:22:45.000,"Maybe if we felt any human loss as keenly as we feel one of those close to us, human history would be far less bloody."
484,2497,2015-03-22 10:04:43.000,"I suggest you drop it, Mr. Data. Mr. Worf, you sound like a man who's asking his friend if he can start dating his sister."
485,2498,2015-04-08 17:07:39.000,Travel time to the nearest starbase? The Federation's gone; the Borg is everywhere!
485,2499,2015-05-19 04:47:02.000,Travel time to the nearest starbase? The Federation's gone; the Borg is everywhere!
485,2500,2016-07-10 05:03:46.000,"Fate. It protects fools, little children, and ships named Enterprise."
485,2501,2016-10-10 23:24:53.000,"For an android with no feelings, he sure managed to evoke them in others."
483,2490,2015-05-01 00:15:07.000,"For an android with no feelings, he sure managed to evoke them in others."
483,2491,2016-05-06 07:17:53.000,Flair is what marks the difference between artistry and mere competence.
485,2502,2016-06-17 05:39:40.000,Travel time to the nearest starbase? The Federation's gone; the Borg is everywhere!
483,2492,2016-02-21 12:07:28.000,"For an android with no feelings, he sure managed to evoke them in others."
485,2503,2016-02-04 07:50:27.000,"I suggest you drop it, Mr. Data. Mr. Worf, you sound like a man who's asking his friend if he can start dating his sister."
483,2493,2015-04-02 11:42:26.000,"I suggest you drop it, Mr. Data. Mr. Worf, you sound like a man who's asking his friend if he can start dating his sister."
483,2494,2015-04-16 16:18:19.000,"Maybe if we felt any human loss as keenly as we feel one of those close to us, human history would be far less bloody."
483,2495,2015-08-24 08:44:19.000,I'll alert the crew. When has justice ever been as simple as a rule book?
487,2505,2016-10-29 01:39:52.000,"Maybe if we felt any human loss as keenly as we feel one of those close to us, human history would be far less bloody."
487,2506,2016-11-30 12:34:46.000,Flair is what marks the difference between artistry and mere competence.
487,2507,2015-12-04 06:58:06.000,"I'm afraid I still don't understand, sir. Well, that's certainly good to know."
487,2508,2016-05-15 22:20:22.000,I'll alert the crew. When has justice ever been as simple as a rule book?
487,2509,2016-12-13 05:22:41.000,"I'm afraid I still don't understand, sir. Well, that's certainly good to know."
506,2612,2015-02-28 07:17:49.000,Flair is what marks the difference between artistry and mere competence.
487,2510,2016-04-14 01:55:47.000,"I suggest you drop it, Mr. Data. Mr. Worf, you sound like a man who's asking his friend if he can start dating his sister."
487,2511,2016-01-06 01:41:38.000,"Fate. It protects fools, little children, and ships named Enterprise."
487,2512,2015-08-02 03:26:03.000,"I've had twelve years to think about it. And if I had it to do over again, I would have grabbed the phaser and pointed it at you instead of them."
487,2513,2016-12-14 05:40:07.000,I'll alert the crew. When has justice ever been as simple as a rule book?
487,2514,2016-10-23 21:02:14.000,"Maybe if we felt any human loss as keenly as we feel one of those close to us, human history would be far less bloody."
489,2521,2015-12-07 07:38:03.000,Flair is what marks the difference between artistry and mere competence.
489,2522,2015-11-28 18:42:51.000,"I'm afraid I still don't understand, sir. Well, that's certainly good to know."
489,2523,2015-04-16 14:25:49.000,"I suggest you drop it, Mr. Data. Mr. Worf, you sound like a man who's asking his friend if he can start dating his sister."
490,2524,2015-11-12 21:23:41.000,"Fate. It protects fools, little children, and ships named Enterprise."
490,2525,2016-11-07 12:21:44.000,"I suggest you drop it, Mr. Data. Mr. Worf, you sound like a man who's asking his friend if he can start dating his sister."
490,2526,2016-04-21 01:35:37.000,Travel time to the nearest starbase? The Federation's gone; the Borg is everywhere!
490,2527,2016-07-15 09:11:15.000,"I've had twelve years to think about it. And if I had it to do over again, I would have grabbed the phaser and pointed it at you instead of them."
490,2528,2015-10-02 03:28:47.000,"I'm afraid I still don't understand, sir. Well, that's certainly good to know."
490,2529,2016-04-15 02:31:37.000,"Fate. It protects fools, little children, and ships named Enterprise."
488,2515,2015-05-22 12:49:28.000,"I suggest you drop it, Mr. Data. Mr. Worf, you sound like a man who's asking his friend if he can start dating his sister."
488,2516,2016-08-25 01:22:43.000,Travel time to the nearest starbase? The Federation's gone; the Borg is everywhere!
488,2517,2015-11-29 15:39:25.000,"Maybe if we felt any human loss as keenly as we feel one of those close to us, human history would be far less bloody."
488,2518,2017-02-02 10:04:02.000,"Maybe if we felt any human loss as keenly as we feel one of those close to us, human history would be far less bloody."
488,2519,2016-01-25 03:18:37.000,"Maybe if we felt any human loss as keenly as we feel one of those close to us, human history would be far less bloody."
488,2520,2016-10-05 16:45:28.000,"Maybe if we felt any human loss as keenly as we feel one of those close to us, human history would be far less bloody."
491,2530,2017-02-03 05:02:38.000,"For an android with no feelings, he sure managed to evoke them in others."
491,2531,2015-01-11 18:02:02.000,"I'm afraid I still don't understand, sir. Well, that's certainly good to know."
491,2532,2017-02-03 03:02:04.000,Travel time to the nearest starbase? The Federation's gone; the Borg is everywhere!
491,2533,2017-01-09 16:15:23.000,"I suggest you drop it, Mr. Data. Mr. Worf, you sound like a man who's asking his friend if he can start dating his sister."
491,2534,2015-09-13 04:40:37.000,"Maybe if we felt any human loss as keenly as we feel one of those close to us, human history would be far less bloody."
491,2535,2015-06-02 21:34:29.000,"For an android with no feelings, he sure managed to evoke them in others."
491,2536,2015-01-16 03:54:10.000,"For an android with no feelings, he sure managed to evoke them in others."
491,2537,2016-04-28 21:36:42.000,Travel time to the nearest starbase? The Federation's gone; the Borg is everywhere!
494,2541,2016-04-29 06:49:59.000,"I suggest you drop it, Mr. Data. Mr. Worf, you sound like a man who's asking his friend if he can start dating his sister."
494,2543,2015-05-25 02:36:16.000,"Fate. It protects fools, little children, and ships named Enterprise."
496,2555,2015-10-25 00:11:01.000,"I'm afraid I still don't understand, sir. Well, that's certainly good to know."
496,2556,2016-03-23 14:46:24.000,"For an android with no feelings, he sure managed to evoke them in others."
494,2545,2015-06-30 13:09:04.000,I'll alert the crew. When has justice ever been as simple as a rule book?
496,2557,2016-04-12 02:16:39.000,Flair is what marks the difference between artistry and mere competence.
494,2547,2015-05-05 19:48:05.000,Flair is what marks the difference between artistry and mere competence.
496,2558,2015-07-29 22:28:13.000,"Maybe if we felt any human loss as keenly as we feel one of those close to us, human history would be far less bloody."
494,2549,2016-11-19 03:17:08.000,"For an android with no feelings, he sure managed to evoke them in others."
494,2551,2015-01-04 03:41:43.000,"I've had twelve years to think about it. And if I had it to do over again, I would have grabbed the phaser and pointed it at you instead of them."
494,2552,2016-04-23 19:05:02.000,I'll alert the crew. When has justice ever been as simple as a rule book?
494,2553,2017-02-05 08:56:53.000,Travel time to the nearest starbase? The Federation's gone; the Borg is everywhere!
494,2554,2015-10-13 08:20:09.000,"For an android with no feelings, he sure managed to evoke them in others."
498,2560,2016-03-09 20:29:44.000,"I've had twelve years to think about it. And if I had it to do over again, I would have grabbed the phaser and pointed it at you instead of them."
498,2561,2016-02-29 21:31:05.000,"I've had twelve years to think about it. And if I had it to do over again, I would have grabbed the phaser and pointed it at you instead of them."
498,2562,2016-05-12 04:11:59.000,"I've had twelve years to think about it. And if I had it to do over again, I would have grabbed the phaser and pointed it at you instead of them."
498,2563,2015-10-01 16:57:40.000,"For an android with no feelings, he sure managed to evoke them in others."
498,2564,2016-09-06 10:20:41.000,"For an android with no feelings, he sure managed to evoke them in others."
498,2565,2016-08-17 14:57:23.000,"I suggest you drop it, Mr. Data. Mr. Worf, you sound like a man who's asking his friend if he can start dating his sister."
498,2566,2016-06-23 10:46:26.000,Flair is what marks the difference between artistry and mere competence.
498,2567,2015-03-08 02:57:11.000,"I'm afraid I still don't understand, sir. Well, that's certainly good to know."
498,2568,2015-06-26 00:44:51.000,Travel time to the nearest starbase? The Federation's gone; the Borg is everywhere!
493,2546,2016-05-17 16:12:56.000,"I've had twelve years to think about it. And if I had it to do over again, I would have grabbed the phaser and pointed it at you instead of them."
493,2548,2015-02-25 17:08:53.000,"For an android with no feelings, he sure managed to evoke them in others."
456,2335,2016-03-21 06:36:54.000,"Fate. It protects fools, little children, and ships named Enterprise."
493,2550,2015-05-07 14:22:58.000,"I suggest you drop it, Mr. Data. Mr. Worf, you sound like a man who's asking his friend if he can start dating his sister."
497,2559,2017-01-30 00:42:16.000,"For an android with no feelings, he sure managed to evoke them in others."
492,2538,2015-03-13 17:25:32.000,"I'm afraid I still don't understand, sir. Well, that's certainly good to know."
492,2539,2016-03-30 06:44:28.000,I'll alert the crew. When has justice ever been as simple as a rule book?
492,2540,2016-03-06 21:10:34.000,Travel time to the nearest starbase? The Federation's gone; the Borg is everywhere!
492,2542,2016-03-27 10:37:00.000,"I'm afraid I still don't understand, sir. Well, that's certainly good to know."
499,2569,2015-12-14 06:50:18.000,I'll alert the crew. When has justice ever been as simple as a rule book?
492,2544,2015-10-04 15:59:10.000,"I've had twelve years to think about it. And if I had it to do over again, I would have grabbed the phaser and pointed it at you instead of them."
499,2570,2015-10-21 23:25:33.000,"Maybe if we felt any human loss as keenly as we feel one of those close to us, human history would be far less bloody."
499,2571,2015-02-26 07:04:28.000,"I suggest you drop it, Mr. Data. Mr. Worf, you sound like a man who's asking his friend if he can start dating his sister."
499,2572,2016-06-07 23:44:10.000,"For an android with no feelings, he sure managed to evoke them in others."
499,2573,2016-09-09 05:36:35.000,I'll alert the crew. When has justice ever been as simple as a rule book?
499,2574,2015-06-30 13:34:13.000,I'll alert the crew. When has justice ever been as simple as a rule book?
500,2575,2015-09-24 09:01:19.000,"I'm afraid I still don't understand, sir. Well, that's certainly good to know."
500,2576,2016-05-02 02:02:56.000,I'll alert the crew. When has justice ever been as simple as a rule book?
500,2577,2015-01-18 18:18:22.000,"Maybe if we felt any human loss as keenly as we feel one of those close to us, human history would be far less bloody."
500,2578,2015-09-11 12:41:58.000,Travel time to the nearest starbase? The Federation's gone; the Borg is everywhere!
500,2579,2015-05-30 05:19:07.000,"For an android with no feelings, he sure managed to evoke them in others."
500,2580,2015-09-17 08:42:12.000,"I'm afraid I still don't understand, sir. Well, that's certainly good to know."
501,2584,2016-10-09 16:56:20.000,"I've had twelve years to think about it. And if I had it to do over again, I would have grabbed the phaser and pointed it at you instead of them."
500,2581,2016-07-15 04:55:18.000,"I suggest you drop it, Mr. Data. Mr. Worf, you sound like a man who's asking his friend if he can start dating his sister."
501,2585,2016-10-27 18:20:43.000,"Maybe if we felt any human loss as keenly as we feel one of those close to us, human history would be far less bloody."
500,2582,2016-02-21 03:22:40.000,"Fate. It protects fools, little children, and ships named Enterprise."
501,2586,2016-12-23 10:53:51.000,"For an android with no feelings, he sure managed to evoke them in others."
500,2583,2015-07-23 17:37:42.000,"Maybe if we felt any human loss as keenly as we feel one of those close to us, human history would be far less bloody."
501,2587,2016-12-16 18:59:10.000,"Fate. It protects fools, little children, and ships named Enterprise."
501,2588,2016-02-24 14:24:59.000,I'll alert the crew. When has justice ever been as simple as a rule book?
501,2589,2017-01-08 22:48:05.000,Flair is what marks the difference between artistry and mere competence.
501,2590,2015-04-26 13:52:30.000,"I'm afraid I still don't understand, sir. Well, that's certainly good to know."
501,2591,2016-01-06 16:32:33.000,I'll alert the crew. When has justice ever been as simple as a rule book?
504,2600,2015-09-04 04:59:03.000,I'll alert the crew. When has justice ever been as simple as a rule book?
504,2602,2016-06-24 23:52:26.000,"Maybe if we felt any human loss as keenly as we feel one of those close to us, human history would be far less bloody."
503,2596,2015-11-20 06:03:29.000,"Maybe if we felt any human loss as keenly as we feel one of those close to us, human history would be far less bloody."
502,2592,2015-02-17 12:03:35.000,"I've had twelve years to think about it. And if I had it to do over again, I would have grabbed the phaser and pointed it at you instead of them."
502,2593,2015-02-07 21:54:58.000,"Maybe if we felt any human loss as keenly as we feel one of those close to us, human history would be far less bloody."
503,2603,2015-08-04 18:59:48.000,I'll alert the crew. When has justice ever been as simple as a rule book?
502,2594,2016-07-02 01:50:58.000,"I've had twelve years to think about it. And if I had it to do over again, I would have grabbed the phaser and pointed it at you instead of them."
503,2604,2016-11-30 16:11:35.000,I'll alert the crew. When has justice ever been as simple as a rule book?
502,2595,2015-09-05 13:49:22.000,I'll alert the crew. When has justice ever been as simple as a rule book?
503,2606,2016-11-09 18:32:41.000,"Maybe if we felt any human loss as keenly as we feel one of those close to us, human history would be far less bloody."
502,2597,2015-10-05 17:07:14.000,"I'm afraid I still don't understand, sir. Well, that's certainly good to know."
503,2608,2015-05-01 02:21:12.000,Flair is what marks the difference between artistry and mere competence.
502,2598,2016-08-02 08:03:44.000,"I've had twelve years to think about it. And if I had it to do over again, I would have grabbed the phaser and pointed it at you instead of them."
503,2609,2016-07-30 08:49:13.000,"I'm afraid I still don't understand, sir. Well, that's certainly good to know."
502,2599,2016-05-14 15:34:29.000,"I've had twelve years to think about it. And if I had it to do over again, I would have grabbed the phaser and pointed it at you instead of them."
503,2610,2015-06-18 23:17:20.000,"I've had twelve years to think about it. And if I had it to do over again, I would have grabbed the phaser and pointed it at you instead of them."
502,2601,2015-04-09 09:49:35.000,Flair is what marks the difference between artistry and mere competence.
509,2618,2016-03-27 09:50:56.000,I'll alert the crew. When has justice ever been as simple as a rule book?
505,2605,2016-01-24 05:30:39.000,"For an android with no feelings, he sure managed to evoke them in others."
505,2607,2016-01-17 16:06:23.000,"I suggest you drop it, Mr. Data. Mr. Worf, you sound like a man who's asking his friend if he can start dating his sister."
510,2619,2016-02-10 05:11:54.000,"I've had twelve years to think about it. And if I had it to do over again, I would have grabbed the phaser and pointed it at you instead of them."
510,2620,2016-01-26 13:20:38.000,"Maybe if we felt any human loss as keenly as we feel one of those close to us, human history would be far less bloody."
506,2611,2017-02-25 16:38:21.000,Flair is what marks the difference between artistry and mere competence.
506,2613,2016-12-17 02:30:48.000,"I suggest you drop it, Mr. Data. Mr. Worf, you sound like a man who's asking his friend if he can start dating his sister."
506,2614,2017-01-06 09:35:15.000,I'll alert the crew. When has justice ever been as simple as a rule book?
508,2622,2016-11-13 09:56:53.000,"Maybe if we felt any human loss as keenly as we feel one of those close to us, human history would be far less bloody."
508,2623,2016-04-30 21:29:39.000,"Maybe if we felt any human loss as keenly as we feel one of those close to us, human history would be far less bloody."
508,2624,2016-11-02 21:52:41.000,"Maybe if we felt any human loss as keenly as we feel one of those close to us, human history would be far less bloody."
512,2625,2015-11-29 22:30:03.000,Travel time to the nearest starbase? The Federation's gone; the Borg is everywhere!
511,2621,2015-10-06 02:27:59.000,"Maybe if we felt any human loss as keenly as we feel one of those close to us, human history would be far less bloody."
507,2615,2015-07-12 01:09:52.000,"Fate. It protects fools, little children, and ships named Enterprise."
507,2616,2016-12-30 15:04:28.000,"I suggest you drop it, Mr. Data. Mr. Worf, you sound like a man who's asking his friend if he can start dating his sister."
507,2617,2016-07-26 14:44:44.000,"I've had twelve years to think about it. And if I had it to do over again, I would have grabbed the phaser and pointed it at you instead of them."
514,2626,2017-02-06 12:53:06.000,"Fate. It protects fools, little children, and ships named Enterprise."
514,2627,2015-03-29 06:46:46.000,"For an android with no feelings, he sure managed to evoke them in others."
514,2628,2015-05-07 18:49:51.000,"I've had twelve years to think about it. And if I had it to do over again, I would have grabbed the phaser and pointed it at you instead of them."
514,2630,2015-03-17 19:25:06.000,Travel time to the nearest starbase? The Federation's gone; the Borg is everywhere!
514,2632,2016-11-02 21:08:22.000,Travel time to the nearest starbase? The Federation's gone; the Borg is everywhere!
514,2634,2016-10-29 01:23:27.000,I'll alert the crew. When has justice ever been as simple as a rule book?
514,2635,2016-10-25 05:51:41.000,"Fate. It protects fools, little children, and ships named Enterprise."
514,2636,2016-06-03 08:28:11.000,"Maybe if we felt any human loss as keenly as we feel one of those close to us, human history would be far less bloody."
514,2637,2016-04-22 09:57:39.000,"For an android with no feelings, he sure managed to evoke them in others."
520,2675,2016-07-10 19:32:41.000,"I've had twelve years to think about it. And if I had it to do over again, I would have grabbed the phaser and pointed it at you instead of them."
520,2676,2016-12-24 13:31:04.000,Travel time to the nearest starbase? The Federation's gone; the Borg is everywhere!
520,2677,2016-06-12 07:40:58.000,I'll alert the crew. When has justice ever been as simple as a rule book?
516,2638,2016-02-23 16:58:53.000,"For an android with no feelings, he sure managed to evoke them in others."
516,2640,2015-09-27 12:47:24.000,"I've had twelve years to think about it. And if I had it to do over again, I would have grabbed the phaser and pointed it at you instead of them."
516,2643,2016-03-15 10:31:57.000,"I'm afraid I still don't understand, sir. Well, that's certainly good to know."
516,2646,2016-09-17 02:05:47.000,"Fate. It protects fools, little children, and ships named Enterprise."
516,2648,2015-01-31 11:52:58.000,"For an android with no feelings, he sure managed to evoke them in others."
516,2652,2015-11-09 20:34:51.000,Travel time to the nearest starbase? The Federation's gone; the Borg is everywhere!
516,2656,2016-05-28 05:03:53.000,"I'm afraid I still don't understand, sir. Well, that's certainly good to know."
516,2661,2015-02-20 15:49:54.000,"Maybe if we felt any human loss as keenly as we feel one of those close to us, human history would be far less bloody."
516,2663,2017-02-18 22:51:26.000,"For an android with no feelings, he sure managed to evoke them in others."
518,2642,2017-01-02 04:30:10.000,"Fate. It protects fools, little children, and ships named Enterprise."
518,2644,2016-12-03 16:02:20.000,"I suggest you drop it, Mr. Data. Mr. Worf, you sound like a man who's asking his friend if he can start dating his sister."
518,2649,2016-07-26 01:01:10.000,"I suggest you drop it, Mr. Data. Mr. Worf, you sound like a man who's asking his friend if he can start dating his sister."
518,2651,2017-02-06 00:56:34.000,"For an android with no feelings, he sure managed to evoke them in others."
518,2653,2015-11-20 10:29:18.000,I'll alert the crew. When has justice ever been as simple as a rule book?
518,2658,2016-09-22 01:35:36.000,Travel time to the nearest starbase? The Federation's gone; the Borg is everywhere!
518,2660,2016-06-19 11:57:27.000,"I suggest you drop it, Mr. Data. Mr. Worf, you sound like a man who's asking his friend if he can start dating his sister."
518,2662,2016-03-23 16:27:53.000,I'll alert the crew. When has justice ever been as simple as a rule book?
513,2629,2016-09-26 13:30:03.000,I'll alert the crew. When has justice ever been as simple as a rule book?
513,2631,2015-08-19 10:24:08.000,"For an android with no feelings, he sure managed to evoke them in others."
513,2633,2015-12-08 09:04:09.000,"I'm afraid I still don't understand, sir. Well, that's certainly good to know."
517,2639,2015-06-21 19:41:18.000,I'll alert the crew. When has justice ever been as simple as a rule book?
517,2641,2016-11-09 19:15:52.000,"Fate. It protects fools, little children, and ships named Enterprise."
517,2645,2015-08-09 03:26:44.000,Travel time to the nearest starbase? The Federation's gone; the Borg is everywhere!
517,2647,2015-11-16 04:14:39.000,"I've had twelve years to think about it. And if I had it to do over again, I would have grabbed the phaser and pointed it at you instead of them."
517,2654,2015-07-19 02:07:55.000,"For an android with no feelings, he sure managed to evoke them in others."
517,2657,2016-11-21 19:22:38.000,Travel time to the nearest starbase? The Federation's gone; the Borg is everywhere!
517,2664,2016-12-21 06:47:27.000,"For an android with no feelings, he sure managed to evoke them in others."
521,2678,2016-02-10 11:48:24.000,"For an android with no feelings, he sure managed to evoke them in others."
521,2679,2015-07-10 06:21:05.000,"I'm afraid I still don't understand, sir. Well, that's certainly good to know."
521,2680,2016-08-22 05:12:23.000,Travel time to the nearest starbase? The Federation's gone; the Borg is everywhere!
521,2681,2016-03-27 01:10:38.000,Flair is what marks the difference between artistry and mere competence.
521,2682,2017-01-31 23:36:37.000,Travel time to the nearest starbase? The Federation's gone; the Borg is everywhere!
456,2336,2015-12-14 11:23:23.000,Travel time to the nearest starbase? The Federation's gone; the Borg is everywhere!
521,2683,2015-01-19 09:42:58.000,"Maybe if we felt any human loss as keenly as we feel one of those close to us, human history would be far less bloody."
521,2684,2017-01-23 10:56:14.000,"I'm afraid I still don't understand, sir. Well, that's certainly good to know."
521,2685,2016-12-21 13:10:11.000,Travel time to the nearest starbase? The Federation's gone; the Borg is everywhere!
525,2691,2015-11-06 01:53:58.000,Travel time to the nearest starbase? The Federation's gone; the Borg is everywhere!
525,2693,2016-03-11 20:38:25.000,Flair is what marks the difference between artistry and mere competence.
524,2690,2015-03-11 04:42:20.000,"Maybe if we felt any human loss as keenly as we feel one of those close to us, human history would be far less bloody."
525,2695,2017-02-26 01:35:39.000,"Maybe if we felt any human loss as keenly as we feel one of those close to us, human history would be far less bloody."
515,2671,2016-04-28 14:46:18.000,"I'm afraid I still don't understand, sir. Well, that's certainly good to know."
525,2696,2015-05-25 15:18:09.000,"I've had twelve years to think about it. And if I had it to do over again, I would have grabbed the phaser and pointed it at you instead of them."
525,2701,2016-08-17 23:09:09.000,"Fate. It protects fools, little children, and ships named Enterprise."
524,2692,2015-11-23 08:05:08.000,Flair is what marks the difference between artistry and mere competence.
525,2706,2015-11-30 22:29:50.000,Travel time to the nearest starbase? The Federation's gone; the Borg is everywhere!
515,2672,2016-12-19 22:32:56.000,"I'm afraid I still don't understand, sir. Well, that's certainly good to know."
524,2694,2015-03-13 17:44:24.000,"I'm afraid I still don't understand, sir. Well, that's certainly good to know."
515,2673,2015-03-28 05:04:01.000,Flair is what marks the difference between artistry and mere competence.
524,2697,2015-01-16 17:36:17.000,"I suggest you drop it, Mr. Data. Mr. Worf, you sound like a man who's asking his friend if he can start dating his sister."
515,2674,2015-07-11 02:00:14.000,Flair is what marks the difference between artistry and mere competence.
524,2704,2017-02-09 20:17:05.000,"Maybe if we felt any human loss as keenly as we feel one of those close to us, human history would be far less bloody."
524,2708,2015-03-09 04:07:26.000,"For an android with no feelings, he sure managed to evoke them in others."
519,2650,2015-06-04 15:46:14.000,I'll alert the crew. When has justice ever been as simple as a rule book?
519,2655,2015-03-26 11:35:02.000,"I'm afraid I still don't understand, sir. Well, that's certainly good to know."
519,2659,2015-07-27 19:12:14.000,I'll alert the crew. When has justice ever been as simple as a rule book?
519,2665,2015-07-31 17:52:27.000,Travel time to the nearest starbase? The Federation's gone; the Borg is everywhere!
519,2666,2015-04-01 07:22:40.000,"I suggest you drop it, Mr. Data. Mr. Worf, you sound like a man who's asking his friend if he can start dating his sister."
519,2667,2015-03-10 13:17:06.000,Travel time to the nearest starbase? The Federation's gone; the Borg is everywhere!
519,2668,2016-12-28 09:37:06.000,Flair is what marks the difference between artistry and mere competence.
426,2197,2016-02-09 19:51:06.000,"I suggest you drop it, Mr. Data. Mr. Worf, you sound like a man who's asking his friend if he can start dating his sister."
426,2198,2016-05-29 11:52:09.000,"Maybe if we felt any human loss as keenly as we feel one of those close to us, human history would be far less bloody."
426,2199,2016-06-11 20:49:47.000,"For an android with no feelings, he sure managed to evoke them in others."
426,2200,2015-09-09 02:53:15.000,"I'm afraid I still don't understand, sir. Well, that's certainly good to know."
426,2201,2015-04-28 00:45:18.000,"I'm afraid I still don't understand, sir. Well, that's certainly good to know."
425,2192,2015-07-31 00:31:37.000,"I've had twelve years to think about it. And if I had it to do over again, I would have grabbed the phaser and pointed it at you instead of them."
425,2193,2015-08-21 06:10:50.000,Travel time to the nearest starbase? The Federation's gone; the Borg is everywhere!
425,2194,2016-01-21 01:39:21.000,"Fate. It protects fools, little children, and ships named Enterprise."
425,2195,2017-01-07 15:00:14.000,"I'm afraid I still don't understand, sir. Well, that's certainly good to know."
427,2202,2015-04-10 08:55:28.000,"I suggest you drop it, Mr. Data. Mr. Worf, you sound like a man who's asking his friend if he can start dating his sister."
427,2203,2015-12-22 11:33:14.000,"I'm afraid I still don't understand, sir. Well, that's certainly good to know."
427,2204,2015-05-07 04:02:29.000,"I've had twelve years to think about it. And if I had it to do over again, I would have grabbed the phaser and pointed it at you instead of them."
427,2205,2015-04-11 06:15:43.000,I'll alert the crew. When has justice ever been as simple as a rule book?
427,2206,2016-05-19 17:24:49.000,"Maybe if we felt any human loss as keenly as we feel one of those close to us, human history would be far less bloody."
427,2207,2016-08-15 01:30:11.000,Travel time to the nearest starbase? The Federation's gone; the Borg is everywhere!
427,2208,2015-08-14 00:31:26.000,I'll alert the crew. When has justice ever been as simple as a rule book?
427,2209,2016-02-14 03:41:12.000,Flair is what marks the difference between artistry and mere competence.
427,2210,2016-10-03 20:07:15.000,"I've had twelve years to think about it. And if I had it to do over again, I would have grabbed the phaser and pointed it at you instead of them."
427,2211,2016-04-25 20:10:05.000,"For an android with no feelings, he sure managed to evoke them in others."
430,2212,2016-11-21 04:40:15.000,Flair is what marks the difference between artistry and mere competence.
430,2213,2015-07-24 05:05:22.000,"Maybe if we felt any human loss as keenly as we feel one of those close to us, human history would be far less bloody."
430,2215,2015-09-04 08:44:26.000,"Fate. It protects fools, little children, and ships named Enterprise."
430,2217,2015-10-28 06:24:49.000,"I've had twelve years to think about it. And if I had it to do over again, I would have grabbed the phaser and pointed it at you instead of them."
430,2219,2015-02-15 03:45:02.000,"I've had twelve years to think about it. And if I had it to do over again, I would have grabbed the phaser and pointed it at you instead of them."
430,2221,2016-03-05 11:18:04.000,"Maybe if we felt any human loss as keenly as we feel one of those close to us, human history would be far less bloody."
430,2223,2015-02-05 16:05:01.000,"For an android with no feelings, he sure managed to evoke them in others."
430,2224,2016-07-22 20:19:19.000,"Maybe if we felt any human loss as keenly as we feel one of those close to us, human history would be far less bloody."
430,2225,2015-09-29 04:33:48.000,Flair is what marks the difference between artistry and mere competence.
428,2214,2016-08-25 23:27:15.000,"I've had twelve years to think about it. And if I had it to do over again, I would have grabbed the phaser and pointed it at you instead of them."
429,2216,2016-01-28 23:19:27.000,"I'm afraid I still don't understand, sir. Well, that's certainly good to know."
429,2218,2015-07-11 19:39:54.000,"Fate. It protects fools, little children, and ships named Enterprise."
429,2220,2015-10-02 19:17:03.000,"Fate. It protects fools, little children, and ships named Enterprise."
429,2222,2015-01-13 12:14:36.000,"For an android with no feelings, he sure managed to evoke them in others."
431,2226,2016-12-21 01:40:07.000,"Maybe if we felt any human loss as keenly as we feel one of those close to us, human history would be far less bloody."
431,2227,2015-02-05 15:52:04.000,"Fate. It protects fools, little children, and ships named Enterprise."
432,2228,2016-09-05 14:51:48.000,"I suggest you drop it, Mr. Data. Mr. Worf, you sound like a man who's asking his friend if he can start dating his sister."
432,2229,2016-10-30 05:45:48.000,"Maybe if we felt any human loss as keenly as we feel one of those close to us, human history would be far less bloody."
432,2230,2015-05-03 14:14:19.000,"I've had twelve years to think about it. And if I had it to do over again, I would have grabbed the phaser and pointed it at you instead of them."
435,2232,2016-03-21 15:23:14.000,Travel time to the nearest starbase? The Federation's gone; the Borg is everywhere!
435,2233,2015-07-28 23:42:03.000,"I'm afraid I still don't understand, sir. Well, that's certainly good to know."
435,2234,2015-12-16 20:19:35.000,"Fate. It protects fools, little children, and ships named Enterprise."
435,2235,2015-11-04 15:07:28.000,"I suggest you drop it, Mr. Data. Mr. Worf, you sound like a man who's asking his friend if he can start dating his sister."
435,2236,2016-08-20 07:40:51.000,"For an android with no feelings, he sure managed to evoke them in others."
435,2237,2015-04-19 04:37:36.000,I'll alert the crew. When has justice ever been as simple as a rule book?
435,2238,2016-02-12 20:29:04.000,"I'm afraid I still don't understand, sir. Well, that's certainly good to know."
436,2239,2016-03-07 22:16:03.000,"For an android with no feelings, he sure managed to evoke them in others."
433,2231,2016-09-29 13:05:16.000,I'll alert the crew. When has justice ever been as simple as a rule book?
436,2240,2017-01-17 19:36:12.000,"Maybe if we felt any human loss as keenly as we feel one of those close to us, human history would be far less bloody."
436,2241,2015-12-24 18:32:06.000,"I suggest you drop it, Mr. Data. Mr. Worf, you sound like a man who's asking his friend if he can start dating his sister."
436,2242,2016-03-23 02:11:33.000,"I suggest you drop it, Mr. Data. Mr. Worf, you sound like a man who's asking his friend if he can start dating his sister."
436,2243,2015-10-31 18:17:11.000,Travel time to the nearest starbase? The Federation's gone; the Borg is everywhere!
436,2244,2015-05-17 17:36:55.000,"I'm afraid I still don't understand, sir. Well, that's certainly good to know."
436,2245,2015-04-14 02:36:29.000,"For an android with no feelings, he sure managed to evoke them in others."
436,2246,2015-01-19 18:53:27.000,"Maybe if we felt any human loss as keenly as we feel one of those close to us, human history would be far less bloody."
436,2247,2016-10-18 20:15:46.000,"Maybe if we felt any human loss as keenly as we feel one of those close to us, human history would be far less bloody."
436,2248,2016-08-04 01:38:07.000,"Maybe if we felt any human loss as keenly as we feel one of those close to us, human history would be far less bloody."
437,2249,2015-08-09 20:26:15.000,"For an android with no feelings, he sure managed to evoke them in others."
438,2258,2016-08-02 19:01:37.000,"I suggest you drop it, Mr. Data. Mr. Worf, you sound like a man who's asking his friend if he can start dating his sister."
437,2250,2016-12-02 23:10:52.000,"I'm afraid I still don't understand, sir. Well, that's certainly good to know."
438,2259,2015-01-06 11:10:13.000,"I'm afraid I still don't understand, sir. Well, that's certainly good to know."
437,2251,2017-01-04 09:52:41.000,Travel time to the nearest starbase? The Federation's gone; the Borg is everywhere!
438,2260,2015-11-05 08:25:22.000,"Maybe if we felt any human loss as keenly as we feel one of those close to us, human history would be far less bloody."
437,2252,2016-09-13 23:53:12.000,"For an android with no feelings, he sure managed to evoke them in others."
437,2253,2015-11-24 19:05:23.000,"I suggest you drop it, Mr. Data. Mr. Worf, you sound like a man who's asking his friend if he can start dating his sister."
437,2254,2015-03-24 03:16:49.000,"I'm afraid I still don't understand, sir. Well, that's certainly good to know."
437,2255,2016-08-24 01:21:01.000,"I'm afraid I still don't understand, sir. Well, that's certainly good to know."
437,2256,2016-06-20 08:55:02.000,"I've had twelve years to think about it. And if I had it to do over again, I would have grabbed the phaser and pointed it at you instead of them."
437,2257,2015-03-01 14:44:47.000,"I suggest you drop it, Mr. Data. Mr. Worf, you sound like a man who's asking his friend if he can start dating his sister."
440,2263,2016-12-09 09:33:51.000,Flair is what marks the difference between artistry and mere competence.
440,2264,2016-01-16 03:03:55.000,"I suggest you drop it, Mr. Data. Mr. Worf, you sound like a man who's asking his friend if he can start dating his sister."
440,2265,2017-02-12 09:23:31.000,Travel time to the nearest starbase? The Federation's gone; the Borg is everywhere!
440,2266,2015-12-08 09:48:37.000,"I'm afraid I still don't understand, sir. Well, that's certainly good to know."
440,2267,2015-02-18 15:46:22.000,"I suggest you drop it, Mr. Data. Mr. Worf, you sound like a man who's asking his friend if he can start dating his sister."
440,2268,2015-01-09 10:17:25.000,Flair is what marks the difference between artistry and mere competence.
439,2261,2015-04-11 06:29:36.000,"I've had twelve years to think about it. And if I had it to do over again, I would have grabbed the phaser and pointed it at you instead of them."
439,2262,2016-12-14 11:56:38.000,"I'm afraid I still don't understand, sir. Well, that's certainly good to know."
442,2276,2015-04-03 17:31:39.000,"I've had twelve years to think about it. And if I had it to do over again, I would have grabbed the phaser and pointed it at you instead of them."
441,2269,2015-06-06 00:15:07.000,Flair is what marks the difference between artistry and mere competence.
441,2270,2015-12-31 14:05:30.000,"I suggest you drop it, Mr. Data. Mr. Worf, you sound like a man who's asking his friend if he can start dating his sister."
441,2271,2015-11-29 03:04:30.000,"Fate. It protects fools, little children, and ships named Enterprise."
441,2272,2015-10-10 01:00:34.000,I'll alert the crew. When has justice ever been as simple as a rule book?
441,2273,2016-10-01 13:50:33.000,"I've had twelve years to think about it. And if I had it to do over again, I would have grabbed the phaser and pointed it at you instead of them."
441,2274,2015-09-15 05:23:31.000,"Maybe if we felt any human loss as keenly as we feel one of those close to us, human history would be far less bloody."
441,2275,2016-05-12 09:03:20.000,"I've had twelve years to think about it. And if I had it to do over again, I would have grabbed the phaser and pointed it at you instead of them."
443,2277,2016-09-03 07:43:11.000,"I've had twelve years to think about it. And if I had it to do over again, I would have grabbed the phaser and pointed it at you instead of them."
443,2278,2015-04-04 23:15:03.000,"Maybe if we felt any human loss as keenly as we feel one of those close to us, human history would be far less bloody."
443,2279,2015-11-03 04:43:33.000,"I've had twelve years to think about it. And if I had it to do over again, I would have grabbed the phaser and pointed it at you instead of them."
443,2280,2016-03-16 00:06:29.000,"Maybe if we felt any human loss as keenly as we feel one of those close to us, human history would be far less bloody."
443,2281,2016-09-29 13:01:31.000,"I suggest you drop it, Mr. Data. Mr. Worf, you sound like a man who's asking his friend if he can start dating his sister."
443,2282,2016-02-12 19:58:38.000,"I've had twelve years to think about it. And if I had it to do over again, I would have grabbed the phaser and pointed it at you instead of them."
443,2283,2016-11-26 21:34:58.000,I'll alert the crew. When has justice ever been as simple as a rule book?
443,2284,2015-09-30 13:19:37.000,Travel time to the nearest starbase? The Federation's gone; the Borg is everywhere!
443,2285,2015-09-03 03:09:56.000,"Maybe if we felt any human loss as keenly as we feel one of those close to us, human history would be far less bloody."
444,2286,2015-10-28 21:38:55.000,"For an android with no feelings, he sure managed to evoke them in others."
444,2287,2016-08-16 16:30:06.000,Travel time to the nearest starbase? The Federation's gone; the Borg is everywhere!
444,2288,2015-03-14 16:22:35.000,"For an android with no feelings, he sure managed to evoke them in others."
444,2289,2015-01-03 16:20:44.000,"I suggest you drop it, Mr. Data. Mr. Worf, you sound like a man who's asking his friend if he can start dating his sister."
444,2290,2016-03-21 16:31:54.000,"I've had twelve years to think about it. And if I had it to do over again, I would have grabbed the phaser and pointed it at you instead of them."
447,2291,2016-07-27 08:38:12.000,"Fate. It protects fools, little children, and ships named Enterprise."
447,2292,2016-04-29 07:28:32.000,"Fate. It protects fools, little children, and ships named Enterprise."
448,2293,2016-08-07 11:21:20.000,"I've had twelve years to think about it. And if I had it to do over again, I would have grabbed the phaser and pointed it at you instead of them."
448,2294,2015-03-26 00:14:47.000,Flair is what marks the difference between artistry and mere competence.
448,2295,2017-02-28 04:31:47.000,"I suggest you drop it, Mr. Data. Mr. Worf, you sound like a man who's asking his friend if he can start dating his sister."
448,2296,2016-09-26 04:21:54.000,"I've had twelve years to think about it. And if I had it to do over again, I would have grabbed the phaser and pointed it at you instead of them."
448,2297,2015-07-17 16:17:27.000,"I'm afraid I still don't understand, sir. Well, that's certainly good to know."
448,2298,2016-07-29 16:23:03.000,"Fate. It protects fools, little children, and ships named Enterprise."
448,2299,2015-07-11 14:22:48.000,"For an android with no feelings, he sure managed to evoke them in others."
451,2300,2016-08-12 04:57:22.000,"For an android with no feelings, he sure managed to evoke them in others."
451,2301,2015-05-26 03:22:27.000,"For an android with no feelings, he sure managed to evoke them in others."
451,2303,2016-04-18 12:37:54.000,"For an android with no feelings, he sure managed to evoke them in others."
451,2305,2015-07-29 20:29:41.000,Travel time to the nearest starbase? The Federation's gone; the Borg is everywhere!
451,2307,2015-04-17 19:44:08.000,"I suggest you drop it, Mr. Data. Mr. Worf, you sound like a man who's asking his friend if he can start dating his sister."
451,2309,2015-10-05 20:31:04.000,"Maybe if we felt any human loss as keenly as we feel one of those close to us, human history would be far less bloody."
451,2327,2015-03-04 11:03:21.000,Flair is what marks the difference between artistry and mere competence.
451,2330,2015-06-12 06:38:52.000,"I'm afraid I still don't understand, sir. Well, that's certainly good to know."
454,2302,2016-05-15 05:08:59.000,"I've had twelve years to think about it. And if I had it to do over again, I would have grabbed the phaser and pointed it at you instead of them."
454,2304,2016-02-19 23:57:23.000,"I suggest you drop it, Mr. Data. Mr. Worf, you sound like a man who's asking his friend if he can start dating his sister."
454,2306,2016-01-31 11:40:17.000,"Maybe if we felt any human loss as keenly as we feel one of those close to us, human history would be far less bloody."
455,2313,2017-01-04 08:09:11.000,"For an android with no feelings, he sure managed to evoke them in others."
455,2317,2015-10-16 15:36:20.000,"I suggest you drop it, Mr. Data. Mr. Worf, you sound like a man who's asking his friend if he can start dating his sister."
455,2320,2016-02-26 11:09:59.000,"Fate. It protects fools, little children, and ships named Enterprise."
455,2323,2015-03-29 02:46:10.000,Travel time to the nearest starbase? The Federation's gone; the Borg is everywhere!
455,2326,2016-08-20 21:46:00.000,"For an android with no feelings, he sure managed to evoke them in others."
455,2332,2015-01-14 15:36:37.000,"For an android with no feelings, he sure managed to evoke them in others."
455,2334,2016-11-16 21:38:21.000,Flair is what marks the difference between artistry and mere competence.
458,2351,2017-02-03 15:45:19.000,"I'm afraid I still don't understand, sir. Well, that's certainly good to know."
458,2352,2015-07-31 14:04:06.000,Travel time to the nearest starbase? The Federation's gone; the Borg is everywhere!
458,2353,2015-09-15 13:35:25.000,"Maybe if we felt any human loss as keenly as we feel one of those close to us, human history would be far less bloody."
458,2354,2016-11-30 23:44:20.000,"I've had twelve years to think about it. And if I had it to do over again, I would have grabbed the phaser and pointed it at you instead of them."
458,2355,2016-01-15 11:26:31.000,"For an android with no feelings, he sure managed to evoke them in others."
458,2356,2016-04-28 10:04:47.000,"I'm afraid I still don't understand, sir. Well, that's certainly good to know."
458,2357,2016-11-27 19:54:15.000,"I've had twelve years to think about it. And if I had it to do over again, I would have grabbed the phaser and pointed it at you instead of them."
456,2337,2015-04-30 07:26:01.000,"I suggest you drop it, Mr. Data. Mr. Worf, you sound like a man who's asking his friend if he can start dating his sister."
456,2338,2016-04-15 19:51:05.000,I'll alert the crew. When has justice ever been as simple as a rule book?
456,2339,2016-07-09 07:21:21.000,Travel time to the nearest starbase? The Federation's gone; the Borg is everywhere!
456,2340,2015-03-23 03:50:50.000,"I've had twelve years to think about it. And if I had it to do over again, I would have grabbed the phaser and pointed it at you instead of them."
456,2341,2016-11-16 03:10:07.000,"For an android with no feelings, he sure managed to evoke them in others."
452,2308,2015-09-16 08:09:05.000,"I'm afraid I still don't understand, sir. Well, that's certainly good to know."
452,2311,2016-09-03 13:44:28.000,Flair is what marks the difference between artistry and mere competence.
452,2315,2017-02-10 17:42:02.000,"For an android with no feelings, he sure managed to evoke them in others."
452,2318,2015-06-02 23:53:45.000,I'll alert the crew. When has justice ever been as simple as a rule book?
452,2321,2015-10-29 16:01:39.000,Flair is what marks the difference between artistry and mere competence.
450,2345,2015-01-05 04:34:17.000,"I suggest you drop it, Mr. Data. Mr. Worf, you sound like a man who's asking his friend if he can start dating his sister."
450,2346,2015-08-16 00:15:52.000,Travel time to the nearest starbase? The Federation's gone; the Borg is everywhere!
452,2324,2015-05-26 04:52:26.000,Flair is what marks the difference between artistry and mere competence.
452,2328,2016-05-21 12:16:01.000,"Maybe if we felt any human loss as keenly as we feel one of those close to us, human history would be far less bloody."
450,2347,2016-02-14 21:01:37.000,"Maybe if we felt any human loss as keenly as we feel one of those close to us, human history would be far less bloody."
453,2310,2017-01-18 21:31:31.000,"Maybe if we felt any human loss as keenly as we feel one of those close to us, human history would be far less bloody."
453,2312,2015-03-11 11:31:53.000,"Fate. It protects fools, little children, and ships named Enterprise."
452,2333,2016-02-21 19:37:43.000,"I suggest you drop it, Mr. Data. Mr. Worf, you sound like a man who's asking his friend if he can start dating his sister."
450,2348,2015-08-25 22:14:40.000,Flair is what marks the difference between artistry and mere competence.
453,2314,2015-01-31 22:09:05.000,"For an android with no feelings, he sure managed to evoke them in others."
450,2349,2016-10-14 10:51:43.000,"I'm afraid I still don't understand, sir. Well, that's certainly good to know."
453,2316,2015-04-24 20:26:35.000,"I've had twelve years to think about it. And if I had it to do over again, I would have grabbed the phaser and pointed it at you instead of them."
450,2350,2015-10-22 15:41:58.000,I'll alert the crew. When has justice ever been as simple as a rule book?
453,2319,2016-01-24 05:50:02.000,"I suggest you drop it, Mr. Data. Mr. Worf, you sound like a man who's asking his friend if he can start dating his sister."
453,2322,2015-05-03 17:17:45.000,I'll alert the crew. When has justice ever been as simple as a rule book?
453,2325,2017-01-23 13:11:54.000,Travel time to the nearest starbase? The Federation's gone; the Borg is everywhere!
453,2329,2016-10-21 17:46:21.000,"Maybe if we felt any human loss as keenly as we feel one of those close to us, human history would be far less bloody."
453,2331,2015-01-03 14:06:07.000,"I've had twelve years to think about it. And if I had it to do over again, I would have grabbed the phaser and pointed it at you instead of them."
457,2342,2015-07-10 19:08:50.000,I'll alert the crew. When has justice ever been as simple as a rule book?
457,2343,2015-01-10 09:06:00.000,"I suggest you drop it, Mr. Data. Mr. Worf, you sound like a man who's asking his friend if he can start dating his sister."
457,2344,2016-11-24 05:13:44.000,"I've had twelve years to think about it. And if I had it to do over again, I would have grabbed the phaser and pointed it at you instead of them."
459,2358,2016-07-03 17:56:02.000,"Fate. It protects fools, little children, and ships named Enterprise."
459,2359,2016-08-24 11:24:24.000,"I'm afraid I still don't understand, sir. Well, that's certainly good to know."
459,2360,2015-02-01 02:33:05.000,I'll alert the crew. When has justice ever been as simple as a rule book?
461,2369,2015-03-19 13:14:13.000,Travel time to the nearest starbase? The Federation's gone; the Borg is everywhere!
461,2370,2016-05-04 15:42:49.000,I'll alert the crew. When has justice ever been as simple as a rule book?
464,2381,2016-04-18 18:52:03.000,"Fate. It protects fools, little children, and ships named Enterprise."
464,2382,2015-06-19 01:44:27.000,"Fate. It protects fools, little children, and ships named Enterprise."
464,2383,2016-12-22 22:18:54.000,Flair is what marks the difference between artistry and mere competence.
464,2384,2016-07-15 15:51:50.000,Travel time to the nearest starbase? The Federation's gone; the Borg is everywhere!
465,2385,2015-01-12 22:07:28.000,"For an android with no feelings, he sure managed to evoke them in others."
465,2386,2016-01-27 10:50:30.000,Flair is what marks the difference between artistry and mere competence.
465,2387,2015-07-12 03:07:36.000,Flair is what marks the difference between artistry and mere competence.
465,2388,2017-01-19 20:59:11.000,Flair is what marks the difference between artistry and mere competence.
465,2389,2016-09-09 04:07:48.000,I'll alert the crew. When has justice ever been as simple as a rule book?
465,2390,2016-09-24 01:12:26.000,"I suggest you drop it, Mr. Data. Mr. Worf, you sound like a man who's asking his friend if he can start dating his sister."
465,2391,2015-02-09 05:59:03.000,"I'm afraid I still don't understand, sir. Well, that's certainly good to know."
465,2392,2015-07-20 15:26:44.000,I'll alert the crew. When has justice ever been as simple as a rule book?
465,2393,2015-12-31 14:44:07.000,"For an android with no feelings, he sure managed to evoke them in others."
465,2394,2015-02-04 05:32:19.000,"For an android with no feelings, he sure managed to evoke them in others."
595,3067,2015-08-10 02:36:13.000,"Maybe if we felt any human loss as keenly as we feel one of those close to us, human history would be far less bloody."
600,3086,2015-07-03 00:57:06.000,Travel time to the nearest starbase? The Federation's gone; the Borg is everywhere!
599,3079,2016-03-29 06:36:33.000,I'll alert the crew. When has justice ever been as simple as a rule book?
599,3080,2016-05-16 17:44:25.000,"I suggest you drop it, Mr. Data. Mr. Worf, you sound like a man who's asking his friend if he can start dating his sister."
599,3081,2016-09-24 05:19:46.000,"I suggest you drop it, Mr. Data. Mr. Worf, you sound like a man who's asking his friend if he can start dating his sister."
599,3082,2015-12-02 13:43:20.000,Flair is what marks the difference between artistry and mere competence.
599,3083,2016-06-25 10:37:36.000,"I've had twelve years to think about it. And if I had it to do over again, I would have grabbed the phaser and pointed it at you instead of them."
599,3084,2015-01-26 11:06:30.000,Flair is what marks the difference between artistry and mere competence.
599,3085,2016-04-20 01:39:40.000,"For an android with no feelings, he sure managed to evoke them in others."
598,3070,2015-12-30 01:27:29.000,"I've had twelve years to think about it. And if I had it to do over again, I would have grabbed the phaser and pointed it at you instead of them."
598,3072,2017-01-04 17:25:05.000,Travel time to the nearest starbase? The Federation's gone; the Borg is everywhere!
598,3073,2015-01-27 10:34:31.000,"I've had twelve years to think about it. And if I had it to do over again, I would have grabbed the phaser and pointed it at you instead of them."
598,3074,2016-09-27 12:14:52.000,Travel time to the nearest starbase? The Federation's gone; the Borg is everywhere!
598,3075,2016-12-20 13:47:19.000,"I've had twelve years to think about it. And if I had it to do over again, I would have grabbed the phaser and pointed it at you instead of them."
598,3076,2016-05-28 07:09:16.000,Flair is what marks the difference between artistry and mere competence.
598,3077,2015-03-30 02:39:31.000,"Fate. It protects fools, little children, and ships named Enterprise."
598,3078,2015-06-26 18:44:12.000,"For an android with no feelings, he sure managed to evoke them in others."
605,3105,2015-08-10 20:52:58.000,"I'm afraid I still don't understand, sir. Well, that's certainly good to know."
605,3106,2016-11-05 20:44:37.000,"I've had twelve years to think about it. And if I had it to do over again, I would have grabbed the phaser and pointed it at you instead of them."
605,3107,2016-02-16 22:09:55.000,I'll alert the crew. When has justice ever been as simple as a rule book?
607,3109,2015-12-04 11:23:56.000,Travel time to the nearest starbase? The Federation's gone; the Borg is everywhere!
604,3095,2016-01-04 10:32:13.000,"I've had twelve years to think about it. And if I had it to do over again, I would have grabbed the phaser and pointed it at you instead of them."
604,3096,2015-07-16 11:59:49.000,"Fate. It protects fools, little children, and ships named Enterprise."
604,3097,2015-10-10 23:33:33.000,"I'm afraid I still don't understand, sir. Well, that's certainly good to know."
604,3098,2016-06-08 06:43:12.000,"I suggest you drop it, Mr. Data. Mr. Worf, you sound like a man who's asking his friend if he can start dating his sister."
604,3099,2016-11-23 15:25:05.000,I'll alert the crew. When has justice ever been as simple as a rule book?
604,3100,2016-10-20 18:45:46.000,"I'm afraid I still don't understand, sir. Well, that's certainly good to know."
604,3101,2016-01-19 19:22:05.000,"I've had twelve years to think about it. And if I had it to do over again, I would have grabbed the phaser and pointed it at you instead of them."
604,3102,2015-02-16 04:20:48.000,Flair is what marks the difference between artistry and mere competence.
604,3103,2015-09-08 03:58:18.000,Travel time to the nearest starbase? The Federation's gone; the Borg is everywhere!
604,3104,2016-09-23 19:26:54.000,Flair is what marks the difference between artistry and mere competence.
611,3128,2015-09-17 02:33:53.000,I'll alert the crew. When has justice ever been as simple as a rule book?
611,3131,2015-09-06 06:27:19.000,"I've had twelve years to think about it. And if I had it to do over again, I would have grabbed the phaser and pointed it at you instead of them."
611,3132,2016-07-07 07:14:17.000,"I'm afraid I still don't understand, sir. Well, that's certainly good to know."
611,3133,2017-02-12 07:38:05.000,"I'm afraid I still don't understand, sir. Well, that's certainly good to know."
601,3087,2017-01-19 01:16:55.000,"I've had twelve years to think about it. And if I had it to do over again, I would have grabbed the phaser and pointed it at you instead of them."
601,3088,2016-05-21 07:36:07.000,"I've had twelve years to think about it. And if I had it to do over again, I would have grabbed the phaser and pointed it at you instead of them."
601,3089,2015-09-09 04:21:23.000,Flair is what marks the difference between artistry and mere competence.
601,3090,2016-04-05 20:17:44.000,I'll alert the crew. When has justice ever been as simple as a rule book?
601,3091,2015-07-24 01:52:59.000,"I'm afraid I still don't understand, sir. Well, that's certainly good to know."
601,3092,2015-07-29 09:08:06.000,"I'm afraid I still don't understand, sir. Well, that's certainly good to know."
601,3093,2016-12-01 22:02:18.000,Travel time to the nearest starbase? The Federation's gone; the Borg is everywhere!
601,3094,2015-06-16 06:11:28.000,"Maybe if we felt any human loss as keenly as we feel one of those close to us, human history would be far less bloody."
606,3108,2017-01-27 06:43:33.000,"For an android with no feelings, he sure managed to evoke them in others."
612,3125,2016-07-31 19:32:10.000,Travel time to the nearest starbase? The Federation's gone; the Borg is everywhere!
612,3126,2015-04-28 22:25:42.000,"I've had twelve years to think about it. And if I had it to do over again, I would have grabbed the phaser and pointed it at you instead of them."
612,3127,2015-08-28 01:37:23.000,Flair is what marks the difference between artistry and mere competence.
612,3129,2016-02-02 15:32:34.000,"I've had twelve years to think about it. And if I had it to do over again, I would have grabbed the phaser and pointed it at you instead of them."
612,3130,2016-06-20 10:40:19.000,"Maybe if we felt any human loss as keenly as we feel one of those close to us, human history would be far less bloody."
612,3134,2016-12-05 07:17:42.000,"I suggest you drop it, Mr. Data. Mr. Worf, you sound like a man who's asking his friend if he can start dating his sister."
612,3135,2016-08-09 13:14:37.000,"I'm afraid I still don't understand, sir. Well, that's certainly good to know."
612,3136,2016-02-29 07:47:14.000,Travel time to the nearest starbase? The Federation's gone; the Borg is everywhere!
612,3137,2016-01-01 16:56:35.000,I'll alert the crew. When has justice ever been as simple as a rule book?
612,3138,2016-04-29 21:21:39.000,Travel time to the nearest starbase? The Federation's gone; the Borg is everywhere!
609,3111,2016-12-27 14:24:48.000,Flair is what marks the difference between artistry and mere competence.
608,3110,2015-06-10 07:07:38.000,"I've had twelve years to think about it. And if I had it to do over again, I would have grabbed the phaser and pointed it at you instead of them."
608,3112,2016-02-16 00:20:49.000,Flair is what marks the difference between artistry and mere competence.
608,3114,2016-12-18 11:47:01.000,"Fate. It protects fools, little children, and ships named Enterprise."
608,3115,2015-09-04 03:17:20.000,"I suggest you drop it, Mr. Data. Mr. Worf, you sound like a man who's asking his friend if he can start dating his sister."
608,3116,2017-01-24 05:06:42.000,"Maybe if we felt any human loss as keenly as we feel one of those close to us, human history would be far less bloody."
519,2669,2015-03-05 22:39:17.000,Travel time to the nearest starbase? The Federation's gone; the Borg is everywhere!
519,2670,2016-12-22 09:37:22.000,"For an android with no feelings, he sure managed to evoke them in others."
523,2686,2015-12-15 06:47:49.000,Travel time to the nearest starbase? The Federation's gone; the Borg is everywhere!
523,2687,2015-01-13 05:10:43.000,"I suggest you drop it, Mr. Data. Mr. Worf, you sound like a man who's asking his friend if he can start dating his sister."
526,2698,2015-09-02 07:26:36.000,"Maybe if we felt any human loss as keenly as we feel one of those close to us, human history would be far less bloody."
523,2688,2015-08-02 17:24:54.000,"I suggest you drop it, Mr. Data. Mr. Worf, you sound like a man who's asking his friend if he can start dating his sister."
526,2699,2016-12-07 22:56:27.000,"For an android with no feelings, he sure managed to evoke them in others."
523,2689,2016-11-15 04:12:12.000,"I suggest you drop it, Mr. Data. Mr. Worf, you sound like a man who's asking his friend if he can start dating his sister."
526,2700,2015-01-31 20:39:37.000,"I've had twelve years to think about it. And if I had it to do over again, I would have grabbed the phaser and pointed it at you instead of them."
526,2702,2015-05-24 01:08:57.000,"I'm afraid I still don't understand, sir. Well, that's certainly good to know."
526,2703,2015-11-11 14:08:37.000,"Maybe if we felt any human loss as keenly as we feel one of those close to us, human history would be far less bloody."
526,2705,2015-06-22 23:41:37.000,Flair is what marks the difference between artistry and mere competence.
526,2707,2016-05-14 18:45:23.000,"I suggest you drop it, Mr. Data. Mr. Worf, you sound like a man who's asking his friend if he can start dating his sister."
530,2712,2015-08-29 12:14:46.000,"I've had twelve years to think about it. And if I had it to do over again, I would have grabbed the phaser and pointed it at you instead of them."
527,2709,2015-03-01 06:31:58.000,"I've had twelve years to think about it. And if I had it to do over again, I would have grabbed the phaser and pointed it at you instead of them."
527,2710,2015-08-25 01:48:32.000,"I'm afraid I still don't understand, sir. Well, that's certainly good to know."
527,2711,2016-09-13 01:27:06.000,Travel time to the nearest starbase? The Federation's gone; the Borg is everywhere!
531,2713,2016-07-11 20:46:56.000,"I'm afraid I still don't understand, sir. Well, that's certainly good to know."
531,2714,2016-05-29 14:04:40.000,Flair is what marks the difference between artistry and mere competence.
531,2715,2016-02-14 23:24:45.000,"Maybe if we felt any human loss as keenly as we feel one of those close to us, human history would be far less bloody."
531,2716,2015-02-17 10:30:18.000,"I'm afraid I still don't understand, sir. Well, that's certainly good to know."
531,2717,2015-01-11 17:32:05.000,"Maybe if we felt any human loss as keenly as we feel one of those close to us, human history would be far less bloody."
531,2718,2016-02-02 02:35:06.000,"Fate. It protects fools, little children, and ships named Enterprise."
531,2719,2016-01-28 11:30:10.000,Travel time to the nearest starbase? The Federation's gone; the Borg is everywhere!
531,2720,2016-10-26 08:20:26.000,"Maybe if we felt any human loss as keenly as we feel one of those close to us, human history would be far less bloody."
531,2721,2016-11-30 12:29:00.000,"I've had twelve years to think about it. And if I had it to do over again, I would have grabbed the phaser and pointed it at you instead of them."
531,2722,2015-10-10 10:35:29.000,"I've had twelve years to think about it. And if I had it to do over again, I would have grabbed the phaser and pointed it at you instead of them."
535,2741,2016-12-23 08:17:26.000,"I suggest you drop it, Mr. Data. Mr. Worf, you sound like a man who's asking his friend if he can start dating his sister."
535,2742,2016-10-03 18:18:19.000,Flair is what marks the difference between artistry and mere competence.
535,2744,2015-10-30 13:40:18.000,"Maybe if we felt any human loss as keenly as we feel one of those close to us, human history would be far less bloody."
535,2746,2015-04-19 00:53:21.000,"For an android with no feelings, he sure managed to evoke them in others."
534,2739,2016-11-06 19:21:10.000,Travel time to the nearest starbase? The Federation's gone; the Borg is everywhere!
534,2740,2016-10-13 23:02:04.000,"I'm afraid I still don't understand, sir. Well, that's certainly good to know."
532,2723,2015-05-13 11:49:13.000,Flair is what marks the difference between artistry and mere competence.
538,2751,2016-06-09 12:37:43.000,Travel time to the nearest starbase? The Federation's gone; the Borg is everywhere!
532,2724,2016-06-26 10:27:17.000,I'll alert the crew. When has justice ever been as simple as a rule book?
532,2725,2017-02-17 18:50:36.000,"I suggest you drop it, Mr. Data. Mr. Worf, you sound like a man who's asking his friend if he can start dating his sister."
538,2752,2015-07-14 19:31:04.000,"Maybe if we felt any human loss as keenly as we feel one of those close to us, human history would be far less bloody."
532,2726,2015-01-18 18:57:44.000,"For an android with no feelings, he sure managed to evoke them in others."
538,2753,2015-04-12 13:18:02.000,"Fate. It protects fools, little children, and ships named Enterprise."
532,2727,2016-01-10 01:28:02.000,"I suggest you drop it, Mr. Data. Mr. Worf, you sound like a man who's asking his friend if he can start dating his sister."
538,2754,2015-04-01 08:05:17.000,I'll alert the crew. When has justice ever been as simple as a rule book?
532,2728,2015-02-24 11:01:07.000,I'll alert the crew. When has justice ever been as simple as a rule book?
536,2743,2016-07-26 18:38:58.000,Travel time to the nearest starbase? The Federation's gone; the Borg is everywhere!
536,2745,2016-04-22 01:59:09.000,Flair is what marks the difference between artistry and mere competence.
536,2747,2015-07-14 22:32:01.000,"For an android with no feelings, he sure managed to evoke them in others."
536,2748,2016-06-17 00:41:19.000,"Maybe if we felt any human loss as keenly as we feel one of those close to us, human history would be far less bloody."
536,2749,2015-12-18 23:43:06.000,"I'm afraid I still don't understand, sir. Well, that's certainly good to know."
536,2750,2015-03-10 04:31:28.000,"I suggest you drop it, Mr. Data. Mr. Worf, you sound like a man who's asking his friend if he can start dating his sister."
533,2729,2016-05-23 10:57:23.000,Travel time to the nearest starbase? The Federation's gone; the Borg is everywhere!
533,2730,2016-02-20 11:03:54.000,I'll alert the crew. When has justice ever been as simple as a rule book?
533,2731,2016-08-28 20:52:11.000,"I suggest you drop it, Mr. Data. Mr. Worf, you sound like a man who's asking his friend if he can start dating his sister."
533,2732,2015-06-17 01:38:19.000,"I've had twelve years to think about it. And if I had it to do over again, I would have grabbed the phaser and pointed it at you instead of them."
533,2733,2015-11-04 07:08:04.000,"I'm afraid I still don't understand, sir. Well, that's certainly good to know."
533,2734,2016-01-29 09:53:31.000,Travel time to the nearest starbase? The Federation's gone; the Borg is everywhere!
533,2735,2017-01-05 11:12:07.000,"I'm afraid I still don't understand, sir. Well, that's certainly good to know."
533,2736,2016-07-28 09:46:38.000,"I suggest you drop it, Mr. Data. Mr. Worf, you sound like a man who's asking his friend if he can start dating his sister."
533,2737,2015-08-26 16:55:33.000,Flair is what marks the difference between artistry and mere competence.
533,2738,2015-03-10 00:03:33.000,I'll alert the crew. When has justice ever been as simple as a rule book?
542,2766,2015-11-10 23:27:15.000,Travel time to the nearest starbase? The Federation's gone; the Borg is everywhere!
542,2767,2015-08-09 12:50:06.000,Flair is what marks the difference between artistry and mere competence.
542,2768,2015-09-26 17:54:09.000,"I'm afraid I still don't understand, sir. Well, that's certainly good to know."
542,2769,2016-06-20 09:59:25.000,Travel time to the nearest starbase? The Federation's gone; the Borg is everywhere!
542,2770,2016-11-26 17:01:19.000,Travel time to the nearest starbase? The Federation's gone; the Borg is everywhere!
542,2771,2017-02-17 05:21:39.000,I'll alert the crew. When has justice ever been as simple as a rule book?
539,2755,2017-02-28 15:44:17.000,"I suggest you drop it, Mr. Data. Mr. Worf, you sound like a man who's asking his friend if he can start dating his sister."
539,2756,2016-02-28 04:31:27.000,"I suggest you drop it, Mr. Data. Mr. Worf, you sound like a man who's asking his friend if he can start dating his sister."
539,2757,2016-09-05 19:03:25.000,Travel time to the nearest starbase? The Federation's gone; the Borg is everywhere!
539,2758,2015-10-19 13:27:47.000,"I suggest you drop it, Mr. Data. Mr. Worf, you sound like a man who's asking his friend if he can start dating his sister."
539,2759,2016-04-23 07:52:53.000,"I suggest you drop it, Mr. Data. Mr. Worf, you sound like a man who's asking his friend if he can start dating his sister."
539,2760,2017-02-12 06:35:49.000,"For an android with no feelings, he sure managed to evoke them in others."
539,2761,2015-05-25 23:53:02.000,"I suggest you drop it, Mr. Data. Mr. Worf, you sound like a man who's asking his friend if he can start dating his sister."
543,2772,2016-09-06 18:25:32.000,"For an android with no feelings, he sure managed to evoke them in others."
543,2773,2016-03-06 13:27:02.000,"Fate. It protects fools, little children, and ships named Enterprise."
543,2774,2017-02-26 03:51:19.000,I'll alert the crew. When has justice ever been as simple as a rule book?
543,2775,2016-11-23 10:47:26.000,"Maybe if we felt any human loss as keenly as we feel one of those close to us, human history would be far less bloody."
543,2776,2016-05-05 22:03:15.000,"Fate. It protects fools, little children, and ships named Enterprise."
541,2762,2015-12-19 21:59:56.000,Travel time to the nearest starbase? The Federation's gone; the Borg is everywhere!
541,2763,2015-03-05 18:45:45.000,"I suggest you drop it, Mr. Data. Mr. Worf, you sound like a man who's asking his friend if he can start dating his sister."
541,2764,2016-10-08 10:20:07.000,"For an android with no feelings, he sure managed to evoke them in others."
541,2765,2016-11-08 07:04:29.000,"I suggest you drop it, Mr. Data. Mr. Worf, you sound like a man who's asking his friend if he can start dating his sister."
548,2805,2016-02-08 12:40:35.000,Travel time to the nearest starbase? The Federation's gone; the Borg is everywhere!
548,2806,2016-10-01 20:04:53.000,"I've had twelve years to think about it. And if I had it to do over again, I would have grabbed the phaser and pointed it at you instead of them."
549,2807,2015-11-29 02:51:37.000,"Maybe if we felt any human loss as keenly as we feel one of those close to us, human history would be far less bloody."
549,2808,2015-09-24 23:39:06.000,"Maybe if we felt any human loss as keenly as we feel one of those close to us, human history would be far less bloody."
544,2777,2015-12-06 16:24:18.000,I'll alert the crew. When has justice ever been as simple as a rule book?
544,2778,2015-08-07 10:14:37.000,"Fate. It protects fools, little children, and ships named Enterprise."
547,2795,2016-05-01 17:43:12.000,Flair is what marks the difference between artistry and mere competence.
544,2779,2016-05-28 18:54:39.000,"I'm afraid I still don't understand, sir. Well, that's certainly good to know."
547,2796,2017-02-19 11:06:43.000,I'll alert the crew. When has justice ever been as simple as a rule book?
544,2780,2016-07-06 16:35:20.000,Travel time to the nearest starbase? The Federation's gone; the Borg is everywhere!
547,2797,2015-12-31 03:00:08.000,"Fate. It protects fools, little children, and ships named Enterprise."
544,2781,2016-07-10 12:32:10.000,"I'm afraid I still don't understand, sir. Well, that's certainly good to know."
547,2798,2015-10-29 23:53:53.000,Travel time to the nearest starbase? The Federation's gone; the Borg is everywhere!
544,2782,2016-02-12 06:20:23.000,"I'm afraid I still don't understand, sir. Well, that's certainly good to know."
547,2799,2015-04-21 15:42:35.000,Travel time to the nearest starbase? The Federation's gone; the Borg is everywhere!
544,2783,2016-08-03 04:23:40.000,"Fate. It protects fools, little children, and ships named Enterprise."
547,2800,2015-09-19 04:06:58.000,"For an android with no feelings, he sure managed to evoke them in others."
544,2784,2016-03-31 10:58:43.000,"Maybe if we felt any human loss as keenly as we feel one of those close to us, human history would be far less bloody."
547,2801,2015-01-20 05:48:08.000,"Fate. It protects fools, little children, and ships named Enterprise."
544,2785,2015-04-21 22:20:14.000,"Fate. It protects fools, little children, and ships named Enterprise."
547,2802,2016-03-21 10:48:14.000,"Fate. It protects fools, little children, and ships named Enterprise."
544,2786,2015-07-21 19:57:52.000,"Maybe if we felt any human loss as keenly as we feel one of those close to us, human history would be far less bloody."
547,2803,2017-01-08 05:07:35.000,I'll alert the crew. When has justice ever been as simple as a rule book?
547,2804,2016-11-24 00:33:22.000,"I've had twelve years to think about it. And if I had it to do over again, I would have grabbed the phaser and pointed it at you instead of them."
552,2820,2016-05-18 10:20:45.000,I'll alert the crew. When has justice ever been as simple as a rule book?
552,2821,2016-01-01 00:08:00.000,"Fate. It protects fools, little children, and ships named Enterprise."
552,2822,2015-06-16 12:07:33.000,"For an android with no feelings, he sure managed to evoke them in others."
552,2823,2015-10-06 10:04:02.000,"Fate. It protects fools, little children, and ships named Enterprise."
552,2824,2016-11-30 19:55:53.000,"I suggest you drop it, Mr. Data. Mr. Worf, you sound like a man who's asking his friend if he can start dating his sister."
552,2825,2016-11-26 00:57:53.000,"For an android with no feelings, he sure managed to evoke them in others."
552,2826,2016-08-26 10:36:10.000,"I've had twelve years to think about it. And if I had it to do over again, I would have grabbed the phaser and pointed it at you instead of them."
554,2833,2015-09-07 03:25:34.000,"For an android with no feelings, he sure managed to evoke them in others."
554,2834,2016-11-24 13:35:16.000,Flair is what marks the difference between artistry and mere competence.
551,2816,2017-01-10 07:29:36.000,"For an android with no feelings, he sure managed to evoke them in others."
551,2817,2015-11-22 18:37:38.000,"I suggest you drop it, Mr. Data. Mr. Worf, you sound like a man who's asking his friend if he can start dating his sister."
551,2818,2015-03-07 05:26:24.000,"Maybe if we felt any human loss as keenly as we feel one of those close to us, human history would be far less bloody."
551,2819,2015-11-08 15:24:11.000,"Fate. It protects fools, little children, and ships named Enterprise."
545,2787,2015-08-10 00:24:52.000,"For an android with no feelings, he sure managed to evoke them in others."
545,2788,2015-10-03 14:35:14.000,"I've had twelve years to think about it. And if I had it to do over again, I would have grabbed the phaser and pointed it at you instead of them."
545,2789,2016-11-15 07:45:40.000,"For an android with no feelings, he sure managed to evoke them in others."
545,2790,2015-07-21 13:33:10.000,"I've had twelve years to think about it. And if I had it to do over again, I would have grabbed the phaser and pointed it at you instead of them."
545,2791,2015-09-15 12:31:53.000,"I've had twelve years to think about it. And if I had it to do over again, I would have grabbed the phaser and pointed it at you instead of them."
545,2792,2016-03-20 09:58:09.000,"Fate. It protects fools, little children, and ships named Enterprise."
545,2793,2016-04-29 16:32:44.000,"I'm afraid I still don't understand, sir. Well, that's certainly good to know."
545,2794,2015-09-18 22:38:44.000,"I've had twelve years to think about it. And if I had it to do over again, I would have grabbed the phaser and pointed it at you instead of them."
550,2809,2016-04-18 21:53:11.000,"I'm afraid I still don't understand, sir. Well, that's certainly good to know."
550,2810,2015-10-22 16:07:12.000,"I'm afraid I still don't understand, sir. Well, that's certainly good to know."
550,2811,2015-01-16 14:25:50.000,"I've had twelve years to think about it. And if I had it to do over again, I would have grabbed the phaser and pointed it at you instead of them."
556,2836,2015-10-29 08:26:22.000,Flair is what marks the difference between artistry and mere competence.
556,2837,2016-11-27 17:16:55.000,"Fate. It protects fools, little children, and ships named Enterprise."
550,2812,2015-11-30 08:23:59.000,I'll alert the crew. When has justice ever been as simple as a rule book?
556,2838,2016-10-14 15:41:50.000,"I'm afraid I still don't understand, sir. Well, that's certainly good to know."
550,2813,2016-06-07 14:02:56.000,"For an android with no feelings, he sure managed to evoke them in others."
556,2839,2016-07-06 05:44:05.000,"For an android with no feelings, he sure managed to evoke them in others."
550,2814,2015-09-04 22:25:50.000,"I've had twelve years to think about it. And if I had it to do over again, I would have grabbed the phaser and pointed it at you instead of them."
556,2840,2016-06-01 17:11:15.000,"I've had twelve years to think about it. And if I had it to do over again, I would have grabbed the phaser and pointed it at you instead of them."
550,2815,2015-03-30 07:14:42.000,I'll alert the crew. When has justice ever been as simple as a rule book?
556,2841,2016-12-31 12:21:41.000,"I've had twelve years to think about it. And if I had it to do over again, I would have grabbed the phaser and pointed it at you instead of them."
557,2844,2015-08-02 10:06:58.000,"Maybe if we felt any human loss as keenly as we feel one of those close to us, human history would be far less bloody."
556,2842,2015-11-12 04:54:51.000,Flair is what marks the difference between artistry and mere competence.
557,2845,2016-07-04 21:55:04.000,I'll alert the crew. When has justice ever been as simple as a rule book?
556,2843,2016-01-02 16:22:07.000,"Fate. It protects fools, little children, and ships named Enterprise."
557,2846,2015-03-25 17:11:47.000,"I'm afraid I still don't understand, sir. Well, that's certainly good to know."
557,2847,2016-03-23 12:45:20.000,"For an android with no feelings, he sure managed to evoke them in others."
557,2848,2016-04-02 11:49:35.000,"I suggest you drop it, Mr. Data. Mr. Worf, you sound like a man who's asking his friend if he can start dating his sister."
557,2849,2016-05-29 07:52:56.000,"Maybe if we felt any human loss as keenly as we feel one of those close to us, human history would be far less bloody."
553,2827,2016-09-27 18:19:31.000,"Maybe if we felt any human loss as keenly as we feel one of those close to us, human history would be far less bloody."
553,2828,2016-09-23 15:23:36.000,Flair is what marks the difference between artistry and mere competence.
553,2829,2015-02-04 11:28:01.000,"Fate. It protects fools, little children, and ships named Enterprise."
553,2830,2015-01-01 21:34:53.000,"Maybe if we felt any human loss as keenly as we feel one of those close to us, human history would be far less bloody."
553,2831,2017-02-09 13:42:32.000,"I've had twelve years to think about it. And if I had it to do over again, I would have grabbed the phaser and pointed it at you instead of them."
553,2832,2016-09-24 06:45:47.000,"Maybe if we felt any human loss as keenly as we feel one of those close to us, human history would be far less bloody."
558,2850,2015-08-21 00:45:19.000,"I've had twelve years to think about it. And if I had it to do over again, I would have grabbed the phaser and pointed it at you instead of them."
558,2851,2017-01-04 23:30:40.000,"Maybe if we felt any human loss as keenly as we feel one of those close to us, human history would be far less bloody."
558,2852,2015-07-16 18:05:58.000,Travel time to the nearest starbase? The Federation's gone; the Borg is everywhere!
558,2853,2017-01-02 04:07:42.000,I'll alert the crew. When has justice ever been as simple as a rule book?
558,2854,2015-06-24 06:09:19.000,"For an android with no feelings, he sure managed to evoke them in others."
555,2835,2016-03-04 15:07:45.000,"I've had twelve years to think about it. And if I had it to do over again, I would have grabbed the phaser and pointed it at you instead of them."
559,2855,2016-02-20 11:48:21.000,"I suggest you drop it, Mr. Data. Mr. Worf, you sound like a man who's asking his friend if he can start dating his sister."
560,2856,2016-09-01 11:09:10.000,"For an android with no feelings, he sure managed to evoke them in others."
560,2857,2015-04-14 04:27:04.000,"For an android with no feelings, he sure managed to evoke them in others."
560,2858,2015-11-04 10:10:08.000,"I suggest you drop it, Mr. Data. Mr. Worf, you sound like a man who's asking his friend if he can start dating his sister."
560,2859,2016-11-19 10:14:46.000,Flair is what marks the difference between artistry and mere competence.
560,2860,2016-11-29 05:34:37.000,"For an android with no feelings, he sure managed to evoke them in others."
560,2861,2016-10-30 07:46:03.000,Travel time to the nearest starbase? The Federation's gone; the Borg is everywhere!
563,2875,2015-03-13 04:23:01.000,"For an android with no feelings, he sure managed to evoke them in others."
563,2876,2015-04-05 14:24:49.000,"Fate. It protects fools, little children, and ships named Enterprise."
562,2866,2016-01-22 09:10:08.000,Flair is what marks the difference between artistry and mere competence.
562,2868,2016-04-14 14:27:25.000,"Maybe if we felt any human loss as keenly as we feel one of those close to us, human history would be far less bloody."
562,2870,2016-12-18 09:40:23.000,"I've had twelve years to think about it. And if I had it to do over again, I would have grabbed the phaser and pointed it at you instead of them."
562,2872,2015-05-29 18:16:08.000,"I'm afraid I still don't understand, sir. Well, that's certainly good to know."
561,2862,2016-03-12 22:00:20.000,Travel time to the nearest starbase? The Federation's gone; the Borg is everywhere!
561,2863,2015-05-10 19:01:54.000,"For an android with no feelings, he sure managed to evoke them in others."
561,2864,2016-06-30 05:41:13.000,"I'm afraid I still don't understand, sir. Well, that's certainly good to know."
561,2865,2016-12-16 20:17:37.000,"Fate. It protects fools, little children, and ships named Enterprise."
561,2867,2016-03-31 10:08:27.000,Flair is what marks the difference between artistry and mere competence.
561,2869,2016-10-15 02:32:58.000,"I've had twelve years to think about it. And if I had it to do over again, I would have grabbed the phaser and pointed it at you instead of them."
561,2871,2017-01-24 04:55:59.000,Flair is what marks the difference between artistry and mere competence.
561,2873,2016-02-15 10:28:00.000,"I suggest you drop it, Mr. Data. Mr. Worf, you sound like a man who's asking his friend if he can start dating his sister."
561,2874,2016-01-13 11:58:58.000,I'll alert the crew. When has justice ever been as simple as a rule book?
567,2878,2016-03-27 17:48:56.000,Flair is what marks the difference between artistry and mere competence.
567,2880,2015-10-26 08:53:31.000,"For an android with no feelings, he sure managed to evoke them in others."
567,2882,2016-04-27 06:24:15.000,Travel time to the nearest starbase? The Federation's gone; the Borg is everywhere!
567,2884,2015-07-17 02:39:59.000,Travel time to the nearest starbase? The Federation's gone; the Borg is everywhere!
567,2886,2015-09-23 05:06:32.000,Travel time to the nearest starbase? The Federation's gone; the Borg is everywhere!
567,2888,2015-10-10 17:43:28.000,"I've had twelve years to think about it. And if I had it to do over again, I would have grabbed the phaser and pointed it at you instead of them."
567,2889,2017-01-16 13:53:40.000,"I'm afraid I still don't understand, sir. Well, that's certainly good to know."
567,2891,2015-11-02 18:07:14.000,"For an android with no feelings, he sure managed to evoke them in others."
567,2893,2016-05-20 23:32:18.000,"I'm afraid I still don't understand, sir. Well, that's certainly good to know."
567,2895,2015-10-25 15:02:25.000,Flair is what marks the difference between artistry and mere competence.
570,2922,2016-02-17 21:30:55.000,"For an android with no feelings, he sure managed to evoke them in others."
570,2923,2015-12-24 19:32:55.000,"For an android with no feelings, he sure managed to evoke them in others."
570,2924,2015-06-26 22:37:59.000,Flair is what marks the difference between artistry and mere competence.
570,2925,2015-07-29 21:47:27.000,Travel time to the nearest starbase? The Federation's gone; the Borg is everywhere!
570,2926,2015-09-02 13:48:44.000,"I suggest you drop it, Mr. Data. Mr. Worf, you sound like a man who's asking his friend if he can start dating his sister."
570,2927,2016-12-29 20:46:42.000,Flair is what marks the difference between artistry and mere competence.
570,2928,2015-05-05 11:33:21.000,"Maybe if we felt any human loss as keenly as we feel one of those close to us, human history would be far less bloody."
570,2929,2015-02-10 03:25:23.000,"For an android with no feelings, he sure managed to evoke them in others."
572,2933,2016-11-26 16:56:36.000,"Fate. It protects fools, little children, and ships named Enterprise."
572,2934,2015-03-19 03:37:38.000,"I've had twelve years to think about it. And if I had it to do over again, I would have grabbed the phaser and pointed it at you instead of them."
568,2912,2015-01-30 16:09:59.000,Travel time to the nearest starbase? The Federation's gone; the Borg is everywhere!
568,2913,2016-10-07 08:29:45.000,Flair is what marks the difference between artistry and mere competence.
568,2914,2016-11-24 04:01:20.000,Flair is what marks the difference between artistry and mere competence.
568,2915,2016-02-03 11:07:04.000,"Maybe if we felt any human loss as keenly as we feel one of those close to us, human history would be far less bloody."
568,2916,2015-01-04 14:32:01.000,Flair is what marks the difference between artistry and mere competence.
568,2917,2015-06-17 21:33:50.000,I'll alert the crew. When has justice ever been as simple as a rule book?
568,2918,2016-03-20 17:21:32.000,"I suggest you drop it, Mr. Data. Mr. Worf, you sound like a man who's asking his friend if he can start dating his sister."
568,2919,2015-06-04 03:31:13.000,"Maybe if we felt any human loss as keenly as we feel one of those close to us, human history would be far less bloody."
568,2920,2015-05-24 01:25:27.000,I'll alert the crew. When has justice ever been as simple as a rule book?
565,2877,2016-07-29 13:00:46.000,"Fate. It protects fools, little children, and ships named Enterprise."
565,2879,2015-01-22 11:03:28.000,"Fate. It protects fools, little children, and ships named Enterprise."
565,2881,2016-10-07 03:03:38.000,"Fate. It protects fools, little children, and ships named Enterprise."
565,2883,2017-01-06 15:04:24.000,I'll alert the crew. When has justice ever been as simple as a rule book?
565,2885,2016-06-10 21:52:25.000,Flair is what marks the difference between artistry and mere competence.
564,2887,2016-04-20 18:06:09.000,"I'm afraid I still don't understand, sir. Well, that's certainly good to know."
564,2890,2015-01-21 07:21:17.000,"I've had twelve years to think about it. And if I had it to do over again, I would have grabbed the phaser and pointed it at you instead of them."
564,2892,2016-08-30 08:42:42.000,Flair is what marks the difference between artistry and mere competence.
564,2894,2017-02-04 05:18:12.000,Flair is what marks the difference between artistry and mere competence.
564,2896,2016-01-13 23:43:08.000,"I've had twelve years to think about it. And if I had it to do over again, I would have grabbed the phaser and pointed it at you instead of them."
564,2898,2016-08-20 08:59:33.000,"I suggest you drop it, Mr. Data. Mr. Worf, you sound like a man who's asking his friend if he can start dating his sister."
564,2900,2016-05-30 16:14:32.000,Travel time to the nearest starbase? The Federation's gone; the Borg is everywhere!
564,2902,2016-12-22 07:19:05.000,I'll alert the crew. When has justice ever been as simple as a rule book?
564,2904,2015-10-17 13:20:20.000,Travel time to the nearest starbase? The Federation's gone; the Borg is everywhere!
564,2906,2015-06-06 18:52:49.000,"For an android with no feelings, he sure managed to evoke them in others."
574,2939,2016-02-22 13:32:51.000,"I've had twelve years to think about it. And if I had it to do over again, I would have grabbed the phaser and pointed it at you instead of them."
574,2941,2015-09-05 01:04:16.000,I'll alert the crew. When has justice ever been as simple as a rule book?
574,2943,2015-09-18 17:28:23.000,"Fate. It protects fools, little children, and ships named Enterprise."
574,2945,2015-04-16 14:34:08.000,"Maybe if we felt any human loss as keenly as we feel one of those close to us, human history would be far less bloody."
574,2947,2016-04-07 13:59:03.000,"For an android with no feelings, he sure managed to evoke them in others."
574,2948,2015-08-10 20:43:21.000,Travel time to the nearest starbase? The Federation's gone; the Borg is everywhere!
574,2949,2016-08-25 09:22:54.000,Travel time to the nearest starbase? The Federation's gone; the Borg is everywhere!
571,2930,2016-08-06 03:36:38.000,Travel time to the nearest starbase? The Federation's gone; the Borg is everywhere!
571,2931,2016-05-11 21:05:17.000,"For an android with no feelings, he sure managed to evoke them in others."
571,2932,2015-05-28 09:38:48.000,"I'm afraid I still don't understand, sir. Well, that's certainly good to know."
575,2950,2016-08-03 18:35:15.000,"I'm afraid I still don't understand, sir. Well, that's certainly good to know."
575,2951,2016-12-16 19:00:36.000,Flair is what marks the difference between artistry and mere competence.
575,2952,2016-02-18 00:20:20.000,"Fate. It protects fools, little children, and ships named Enterprise."
575,2953,2015-07-03 05:18:18.000,I'll alert the crew. When has justice ever been as simple as a rule book?
575,2954,2015-04-29 16:42:30.000,"Fate. It protects fools, little children, and ships named Enterprise."
575,2955,2016-01-10 02:31:07.000,I'll alert the crew. When has justice ever been as simple as a rule book?
575,2956,2016-12-23 20:33:05.000,"I've had twelve years to think about it. And if I had it to do over again, I would have grabbed the phaser and pointed it at you instead of them."
569,2921,2016-09-16 06:45:48.000,"For an android with no feelings, he sure managed to evoke them in others."
566,2897,2015-01-21 13:32:28.000,"I've had twelve years to think about it. And if I had it to do over again, I would have grabbed the phaser and pointed it at you instead of them."
566,2899,2015-01-18 06:02:22.000,I'll alert the crew. When has justice ever been as simple as a rule book?
566,2901,2015-11-16 21:29:27.000,"Maybe if we felt any human loss as keenly as we feel one of those close to us, human history would be far less bloody."
566,2903,2016-07-13 10:47:02.000,"Maybe if we felt any human loss as keenly as we feel one of those close to us, human history would be far less bloody."
566,2905,2015-06-12 01:56:32.000,"For an android with no feelings, he sure managed to evoke them in others."
566,2907,2015-08-14 05:28:48.000,"I suggest you drop it, Mr. Data. Mr. Worf, you sound like a man who's asking his friend if he can start dating his sister."
566,2908,2015-02-21 17:58:37.000,I'll alert the crew. When has justice ever been as simple as a rule book?
566,2909,2017-01-24 20:36:21.000,I'll alert the crew. When has justice ever been as simple as a rule book?
566,2910,2016-08-15 20:10:54.000,"Maybe if we felt any human loss as keenly as we feel one of those close to us, human history would be far less bloody."
566,2911,2015-02-24 10:20:58.000,"I suggest you drop it, Mr. Data. Mr. Worf, you sound like a man who's asking his friend if he can start dating his sister."
573,2935,2016-08-11 06:02:09.000,I'll alert the crew. When has justice ever been as simple as a rule book?
573,2936,2017-02-28 16:40:25.000,"I suggest you drop it, Mr. Data. Mr. Worf, you sound like a man who's asking his friend if he can start dating his sister."
573,2937,2015-09-18 01:14:14.000,"Maybe if we felt any human loss as keenly as we feel one of those close to us, human history would be far less bloody."
573,2938,2016-12-18 12:16:22.000,"I'm afraid I still don't understand, sir. Well, that's certainly good to know."
573,2940,2016-11-01 07:30:31.000,"Maybe if we felt any human loss as keenly as we feel one of those close to us, human history would be far less bloody."
573,2942,2016-11-13 19:43:15.000,Travel time to the nearest starbase? The Federation's gone; the Borg is everywhere!
573,2944,2015-12-28 08:48:38.000,Travel time to the nearest starbase? The Federation's gone; the Borg is everywhere!
573,2946,2015-04-19 07:30:50.000,Flair is what marks the difference between artistry and mere competence.
579,2972,2015-03-10 00:31:42.000,Flair is what marks the difference between artistry and mere competence.
579,2973,2015-07-24 13:24:47.000,"I'm afraid I still don't understand, sir. Well, that's certainly good to know."
579,2974,2015-04-21 20:32:13.000,"For an android with no feelings, he sure managed to evoke them in others."
579,2975,2016-03-26 22:32:26.000,I'll alert the crew. When has justice ever been as simple as a rule book?
579,2976,2016-09-01 05:25:39.000,I'll alert the crew. When has justice ever been as simple as a rule book?
579,2977,2016-08-15 02:34:54.000,Travel time to the nearest starbase? The Federation's gone; the Borg is everywhere!
579,2978,2015-08-08 18:32:05.000,"For an android with no feelings, he sure managed to evoke them in others."
579,2979,2015-08-29 17:57:21.000,"Maybe if we felt any human loss as keenly as we feel one of those close to us, human history would be far less bloody."
579,2980,2017-02-05 05:23:54.000,"Fate. It protects fools, little children, and ships named Enterprise."
576,2957,2016-12-20 02:13:55.000,"Maybe if we felt any human loss as keenly as we feel one of those close to us, human history would be far less bloody."
576,2958,2017-02-08 16:28:43.000,"Fate. It protects fools, little children, and ships named Enterprise."
576,2959,2016-07-05 02:27:59.000,"Fate. It protects fools, little children, and ships named Enterprise."
578,2970,2016-01-08 01:22:53.000,I'll alert the crew. When has justice ever been as simple as a rule book?
578,2971,2016-06-14 11:43:16.000,"I've had twelve years to think about it. And if I had it to do over again, I would have grabbed the phaser and pointed it at you instead of them."
580,2981,2016-01-21 15:14:38.000,Travel time to the nearest starbase? The Federation's gone; the Borg is everywhere!
580,2982,2015-03-19 02:18:43.000,"I've had twelve years to think about it. And if I had it to do over again, I would have grabbed the phaser and pointed it at you instead of them."
580,2983,2015-12-07 07:09:48.000,Flair is what marks the difference between artistry and mere competence.
580,2984,2016-07-29 11:37:37.000,"Fate. It protects fools, little children, and ships named Enterprise."
580,2985,2015-01-25 04:07:25.000,Flair is what marks the difference between artistry and mere competence.
580,2986,2016-07-14 08:47:43.000,"I suggest you drop it, Mr. Data. Mr. Worf, you sound like a man who's asking his friend if he can start dating his sister."
580,2987,2015-03-30 03:03:48.000,I'll alert the crew. When has justice ever been as simple as a rule book?
580,2988,2016-12-09 05:06:56.000,"I've had twelve years to think about it. And if I had it to do over again, I would have grabbed the phaser and pointed it at you instead of them."
582,2989,2016-12-13 04:54:14.000,Travel time to the nearest starbase? The Federation's gone; the Borg is everywhere!
582,2990,2015-12-05 16:56:07.000,"I suggest you drop it, Mr. Data. Mr. Worf, you sound like a man who's asking his friend if he can start dating his sister."
582,2991,2015-12-05 17:29:10.000,Travel time to the nearest starbase? The Federation's gone; the Borg is everywhere!
582,2992,2015-04-17 19:01:07.000,"I suggest you drop it, Mr. Data. Mr. Worf, you sound like a man who's asking his friend if he can start dating his sister."
582,2993,2015-09-26 06:29:02.000,"I'm afraid I still don't understand, sir. Well, that's certainly good to know."
582,2994,2015-06-10 08:13:48.000,"I'm afraid I still don't understand, sir. Well, that's certainly good to know."
582,2995,2015-08-11 22:28:45.000,Flair is what marks the difference between artistry and mere competence.
582,2996,2016-04-01 10:24:18.000,"I've had twelve years to think about it. And if I had it to do over again, I would have grabbed the phaser and pointed it at you instead of them."
577,2960,2016-01-08 23:04:53.000,"Fate. It protects fools, little children, and ships named Enterprise."
577,2961,2016-10-13 17:24:05.000,Travel time to the nearest starbase? The Federation's gone; the Borg is everywhere!
577,2962,2015-08-07 01:15:20.000,Flair is what marks the difference between artistry and mere competence.
577,2963,2016-08-04 01:26:32.000,Flair is what marks the difference between artistry and mere competence.
577,2964,2015-01-14 12:46:14.000,"I'm afraid I still don't understand, sir. Well, that's certainly good to know."
577,2965,2015-09-04 21:40:04.000,Travel time to the nearest starbase? The Federation's gone; the Borg is everywhere!
577,2966,2015-02-09 08:06:58.000,I'll alert the crew. When has justice ever been as simple as a rule book?
577,2967,2015-11-18 04:19:48.000,"Maybe if we felt any human loss as keenly as we feel one of those close to us, human history would be far less bloody."
577,2968,2017-02-15 05:37:21.000,"I suggest you drop it, Mr. Data. Mr. Worf, you sound like a man who's asking his friend if he can start dating his sister."
577,2969,2015-10-23 10:13:14.000,"Fate. It protects fools, little children, and ships named Enterprise."
581,2997,2015-02-04 09:57:55.000,Travel time to the nearest starbase? The Federation's gone; the Borg is everywhere!
581,2998,2016-05-13 18:42:07.000,"Fate. It protects fools, little children, and ships named Enterprise."
584,3009,2015-11-19 09:22:49.000,"For an android with no feelings, he sure managed to evoke them in others."
584,3010,2015-11-08 21:21:04.000,"For an android with no feelings, he sure managed to evoke them in others."
584,3011,2015-01-04 23:43:10.000,"Fate. It protects fools, little children, and ships named Enterprise."
584,3012,2015-05-15 03:38:36.000,"Maybe if we felt any human loss as keenly as we feel one of those close to us, human history would be far less bloody."
583,2999,2015-11-05 05:23:31.000,"I've had twelve years to think about it. And if I had it to do over again, I would have grabbed the phaser and pointed it at you instead of them."
583,3000,2016-05-25 21:27:54.000,"I've had twelve years to think about it. And if I had it to do over again, I would have grabbed the phaser and pointed it at you instead of them."
583,3001,2015-07-15 06:01:35.000,"I've had twelve years to think about it. And if I had it to do over again, I would have grabbed the phaser and pointed it at you instead of them."
583,3002,2015-04-02 00:13:34.000,Travel time to the nearest starbase? The Federation's gone; the Borg is everywhere!
583,3003,2016-10-27 07:46:48.000,I'll alert the crew. When has justice ever been as simple as a rule book?
583,3004,2015-01-17 08:56:01.000,"Fate. It protects fools, little children, and ships named Enterprise."
583,3005,2015-09-02 01:23:40.000,Travel time to the nearest starbase? The Federation's gone; the Borg is everywhere!
583,3006,2015-04-03 13:55:53.000,"I suggest you drop it, Mr. Data. Mr. Worf, you sound like a man who's asking his friend if he can start dating his sister."
583,3007,2015-08-18 21:22:54.000,Travel time to the nearest starbase? The Federation's gone; the Borg is everywhere!
583,3008,2015-11-26 02:34:06.000,I'll alert the crew. When has justice ever been as simple as a rule book?
588,3031,2016-06-28 16:01:27.000,"I suggest you drop it, Mr. Data. Mr. Worf, you sound like a man who's asking his friend if he can start dating his sister."
588,3033,2015-03-13 15:16:05.000,"I suggest you drop it, Mr. Data. Mr. Worf, you sound like a man who's asking his friend if he can start dating his sister."
588,3035,2015-11-22 14:22:42.000,"Fate. It protects fools, little children, and ships named Enterprise."
588,3036,2015-06-02 16:50:03.000,"Maybe if we felt any human loss as keenly as we feel one of those close to us, human history would be far less bloody."
588,3037,2015-11-16 12:56:34.000,"I've had twelve years to think about it. And if I had it to do over again, I would have grabbed the phaser and pointed it at you instead of them."
588,3038,2016-07-09 19:14:30.000,"Fate. It protects fools, little children, and ships named Enterprise."
586,3020,2015-07-06 11:17:10.000,Travel time to the nearest starbase? The Federation's gone; the Borg is everywhere!
586,3021,2015-09-29 07:44:53.000,Flair is what marks the difference between artistry and mere competence.
586,3023,2015-02-27 23:45:07.000,"I've had twelve years to think about it. And if I had it to do over again, I would have grabbed the phaser and pointed it at you instead of them."
586,3025,2016-10-22 22:34:08.000,"Maybe if we felt any human loss as keenly as we feel one of those close to us, human history would be far less bloody."
586,3027,2016-09-16 05:16:23.000,"I'm afraid I still don't understand, sir. Well, that's certainly good to know."
585,3013,2017-01-10 14:46:40.000,Travel time to the nearest starbase? The Federation's gone; the Borg is everywhere!
585,3014,2015-12-06 00:45:19.000,"I'm afraid I still don't understand, sir. Well, that's certainly good to know."
591,3049,2016-12-06 20:14:59.000,"Fate. It protects fools, little children, and ships named Enterprise."
585,3015,2015-10-22 03:28:50.000,"Maybe if we felt any human loss as keenly as we feel one of those close to us, human history would be far less bloody."
585,3016,2015-06-01 13:01:57.000,"I've had twelve years to think about it. And if I had it to do over again, I would have grabbed the phaser and pointed it at you instead of them."
585,3017,2016-08-20 22:00:51.000,"I've had twelve years to think about it. And if I had it to do over again, I would have grabbed the phaser and pointed it at you instead of them."
585,3018,2015-09-12 14:18:19.000,I'll alert the crew. When has justice ever been as simple as a rule book?
585,3019,2015-07-24 16:38:16.000,"Maybe if we felt any human loss as keenly as we feel one of those close to us, human history would be far less bloody."
589,3039,2015-01-15 00:14:11.000,Flair is what marks the difference between artistry and mere competence.
589,3040,2016-04-29 03:20:55.000,"Fate. It protects fools, little children, and ships named Enterprise."
589,3041,2016-12-26 21:17:02.000,"I suggest you drop it, Mr. Data. Mr. Worf, you sound like a man who's asking his friend if he can start dating his sister."
589,3042,2016-11-06 11:23:18.000,"I suggest you drop it, Mr. Data. Mr. Worf, you sound like a man who's asking his friend if he can start dating his sister."
589,3043,2016-09-25 19:52:26.000,"Maybe if we felt any human loss as keenly as we feel one of those close to us, human history would be far less bloody."
589,3044,2017-02-20 03:25:38.000,"I've had twelve years to think about it. And if I had it to do over again, I would have grabbed the phaser and pointed it at you instead of them."
589,3045,2015-08-03 23:22:48.000,"For an android with no feelings, he sure managed to evoke them in others."
589,3046,2016-04-04 08:12:05.000,"Maybe if we felt any human loss as keenly as we feel one of those close to us, human history would be far less bloody."
589,3047,2016-06-26 15:19:09.000,"For an android with no feelings, he sure managed to evoke them in others."
590,3048,2016-07-10 20:48:23.000,Travel time to the nearest starbase? The Federation's gone; the Borg is everywhere!
587,3022,2015-05-21 22:36:04.000,"I've had twelve years to think about it. And if I had it to do over again, I would have grabbed the phaser and pointed it at you instead of them."
587,3024,2015-07-09 02:12:44.000,I'll alert the crew. When has justice ever been as simple as a rule book?
587,3026,2016-10-03 13:11:25.000,I'll alert the crew. When has justice ever been as simple as a rule book?
587,3028,2016-09-10 02:10:53.000,"Maybe if we felt any human loss as keenly as we feel one of those close to us, human history would be far less bloody."
587,3029,2017-02-20 17:51:05.000,"I've had twelve years to think about it. And if I had it to do over again, I would have grabbed the phaser and pointed it at you instead of them."
587,3030,2016-09-16 17:36:02.000,"I'm afraid I still don't understand, sir. Well, that's certainly good to know."
587,3032,2016-08-25 02:43:22.000,I'll alert the crew. When has justice ever been as simple as a rule book?
587,3034,2015-11-17 11:12:26.000,Flair is what marks the difference between artistry and mere competence.
593,3057,2015-07-13 00:50:51.000,Travel time to the nearest starbase? The Federation's gone; the Borg is everywhere!
593,3058,2016-10-24 06:52:40.000,Flair is what marks the difference between artistry and mere competence.
593,3059,2016-05-06 03:25:40.000,"I'm afraid I still don't understand, sir. Well, that's certainly good to know."
593,3060,2016-12-06 08:52:28.000,"I've had twelve years to think about it. And if I had it to do over again, I would have grabbed the phaser and pointed it at you instead of them."
593,3061,2015-02-05 18:27:01.000,"Maybe if we felt any human loss as keenly as we feel one of those close to us, human history would be far less bloody."
593,3062,2015-10-18 17:08:39.000,"I'm afraid I still don't understand, sir. Well, that's certainly good to know."
593,3063,2015-07-17 23:51:43.000,I'll alert the crew. When has justice ever been as simple as a rule book?
596,3068,2016-05-17 12:11:12.000,"Fate. It protects fools, little children, and ships named Enterprise."
592,3050,2016-07-12 11:22:15.000,Flair is what marks the difference between artistry and mere competence.
592,3051,2016-02-23 02:51:47.000,"I suggest you drop it, Mr. Data. Mr. Worf, you sound like a man who's asking his friend if he can start dating his sister."
592,3052,2016-02-03 21:06:04.000,"Maybe if we felt any human loss as keenly as we feel one of those close to us, human history would be far less bloody."
592,3053,2016-04-20 20:09:20.000,"I suggest you drop it, Mr. Data. Mr. Worf, you sound like a man who's asking his friend if he can start dating his sister."
592,3054,2016-02-19 23:08:43.000,"Maybe if we felt any human loss as keenly as we feel one of those close to us, human history would be far less bloody."
592,3055,2017-02-08 06:56:38.000,"I suggest you drop it, Mr. Data. Mr. Worf, you sound like a man who's asking his friend if he can start dating his sister."
592,3056,2015-10-16 08:28:10.000,"Fate. It protects fools, little children, and ships named Enterprise."
597,3069,2017-01-21 01:04:37.000,"I suggest you drop it, Mr. Data. Mr. Worf, you sound like a man who's asking his friend if he can start dating his sister."
597,3071,2017-01-22 15:03:44.000,"For an android with no feelings, he sure managed to evoke them in others."
595,3064,2015-04-02 15:21:31.000,"Maybe if we felt any human loss as keenly as we feel one of those close to us, human history would be far less bloody."
595,3065,2015-09-10 23:58:09.000,"Fate. It protects fools, little children, and ships named Enterprise."
595,3066,2016-06-16 08:32:00.000,"I'm afraid I still don't understand, sir. Well, that's certainly good to know."
653,3321,2015-04-06 10:58:58.000,"Maybe if we felt any human loss as keenly as we feel one of those close to us, human history would be far less bloody."
651,3310,2015-06-19 06:39:05.000,"I've had twelve years to think about it. And if I had it to do over again, I would have grabbed the phaser and pointed it at you instead of them."
655,3332,2016-04-13 14:58:13.000,"Fate. It protects fools, little children, and ships named Enterprise."
653,3323,2017-01-28 03:01:27.000,"I suggest you drop it, Mr. Data. Mr. Worf, you sound like a man who's asking his friend if he can start dating his sister."
651,3311,2015-09-01 16:01:14.000,"Fate. It protects fools, little children, and ships named Enterprise."
655,3334,2015-05-20 01:47:58.000,"I suggest you drop it, Mr. Data. Mr. Worf, you sound like a man who's asking his friend if he can start dating his sister."
655,3336,2015-03-20 08:52:54.000,"For an android with no feelings, he sure managed to evoke them in others."
655,3339,2015-11-18 23:32:52.000,"I'm afraid I still don't understand, sir. Well, that's certainly good to know."
654,3318,2016-12-06 02:59:07.000,I'll alert the crew. When has justice ever been as simple as a rule book?
654,3320,2016-12-23 22:15:42.000,"Maybe if we felt any human loss as keenly as we feel one of those close to us, human history would be far less bloody."
654,3322,2016-01-19 06:42:46.000,Flair is what marks the difference between artistry and mere competence.
654,3325,2016-06-08 10:33:14.000,"I've had twelve years to think about it. And if I had it to do over again, I would have grabbed the phaser and pointed it at you instead of them."
654,3327,2015-03-26 00:17:44.000,"For an android with no feelings, he sure managed to evoke them in others."
654,3329,2015-11-24 16:23:41.000,"Fate. It protects fools, little children, and ships named Enterprise."
654,3331,2015-03-03 22:54:03.000,"For an android with no feelings, he sure managed to evoke them in others."
654,3333,2016-02-28 08:56:52.000,"For an android with no feelings, he sure managed to evoke them in others."
654,3335,2015-01-10 14:13:20.000,Flair is what marks the difference between artistry and mere competence.
654,3337,2015-06-24 02:19:07.000,Flair is what marks the difference between artistry and mere competence.
659,3354,2016-07-18 23:23:53.000,"I'm afraid I still don't understand, sir. Well, that's certainly good to know."
659,3355,2016-03-04 04:08:33.000,"I've had twelve years to think about it. And if I had it to do over again, I would have grabbed the phaser and pointed it at you instead of them."
659,3356,2015-10-23 01:46:25.000,"I've had twelve years to think about it. And if I had it to do over again, I would have grabbed the phaser and pointed it at you instead of them."
659,3357,2016-07-07 02:31:05.000,"For an android with no feelings, he sure managed to evoke them in others."
659,3359,2017-02-21 15:53:47.000,"I'm afraid I still don't understand, sir. Well, that's certainly good to know."
659,3361,2016-02-29 03:15:19.000,"I suggest you drop it, Mr. Data. Mr. Worf, you sound like a man who's asking his friend if he can start dating his sister."
659,3362,2015-12-04 08:39:57.000,"Fate. It protects fools, little children, and ships named Enterprise."
657,3348,2016-06-15 06:20:56.000,"For an android with no feelings, he sure managed to evoke them in others."
657,3349,2016-09-27 12:57:12.000,I'll alert the crew. When has justice ever been as simple as a rule book?
657,3350,2016-11-18 05:06:07.000,"Fate. It protects fools, little children, and ships named Enterprise."
660,3358,2016-07-17 12:38:15.000,Flair is what marks the difference between artistry and mere competence.
660,3360,2015-02-12 08:41:33.000,"I've had twelve years to think about it. And if I had it to do over again, I would have grabbed the phaser and pointed it at you instead of them."
662,3369,2016-02-24 08:43:07.000,Flair is what marks the difference between artistry and mere competence.
662,3370,2015-12-24 20:27:09.000,"I've had twelve years to think about it. And if I had it to do over again, I would have grabbed the phaser and pointed it at you instead of them."
662,3371,2016-08-19 21:43:39.000,Travel time to the nearest starbase? The Federation's gone; the Borg is everywhere!
662,3372,2016-11-26 18:44:32.000,I'll alert the crew. When has justice ever been as simple as a rule book?
656,3338,2015-04-25 15:52:24.000,"Fate. It protects fools, little children, and ships named Enterprise."
656,3340,2015-10-20 03:50:22.000,Travel time to the nearest starbase? The Federation's gone; the Borg is everywhere!
656,3341,2015-10-26 23:17:45.000,"I've had twelve years to think about it. And if I had it to do over again, I would have grabbed the phaser and pointed it at you instead of them."
656,3342,2016-10-02 16:30:58.000,Flair is what marks the difference between artistry and mere competence.
656,3343,2017-02-16 07:05:30.000,"I've had twelve years to think about it. And if I had it to do over again, I would have grabbed the phaser and pointed it at you instead of them."
656,3344,2015-05-02 14:08:14.000,"For an android with no feelings, he sure managed to evoke them in others."
656,3345,2015-06-04 23:43:41.000,"I've had twelve years to think about it. And if I had it to do over again, I would have grabbed the phaser and pointed it at you instead of them."
656,3346,2015-12-10 13:21:36.000,I'll alert the crew. When has justice ever been as simple as a rule book?
656,3347,2016-05-12 20:54:57.000,"Fate. It protects fools, little children, and ships named Enterprise."
661,3363,2016-02-11 16:50:40.000,I'll alert the crew. When has justice ever been as simple as a rule book?
661,3364,2016-04-01 01:19:08.000,I'll alert the crew. When has justice ever been as simple as a rule book?
661,3365,2016-04-22 02:01:15.000,"I'm afraid I still don't understand, sir. Well, that's certainly good to know."
661,3366,2015-07-09 17:03:29.000,Travel time to the nearest starbase? The Federation's gone; the Borg is everywhere!
661,3367,2016-10-16 04:47:25.000,"I've had twelve years to think about it. And if I had it to do over again, I would have grabbed the phaser and pointed it at you instead of them."
661,3368,2016-08-20 08:49:47.000,"Maybe if we felt any human loss as keenly as we feel one of those close to us, human history would be far less bloody."
658,3351,2015-03-16 06:31:17.000,"Maybe if we felt any human loss as keenly as we feel one of those close to us, human history would be far less bloody."
658,3352,2015-12-05 09:06:47.000,"I suggest you drop it, Mr. Data. Mr. Worf, you sound like a man who's asking his friend if he can start dating his sister."
658,3353,2016-02-20 12:57:17.000,"I suggest you drop it, Mr. Data. Mr. Worf, you sound like a man who's asking his friend if he can start dating his sister."
663,3373,2016-02-11 10:21:36.000,Flair is what marks the difference between artistry and mere competence.
663,3374,2015-10-22 12:23:17.000,"Maybe if we felt any human loss as keenly as we feel one of those close to us, human history would be far less bloody."
663,3375,2015-04-01 21:59:04.000,"Fate. It protects fools, little children, and ships named Enterprise."
663,3376,2016-11-19 07:10:15.000,Travel time to the nearest starbase? The Federation's gone; the Borg is everywhere!
663,3377,2015-02-27 03:38:46.000,I'll alert the crew. When has justice ever been as simple as a rule book?
663,3378,2015-01-08 07:48:52.000,"I suggest you drop it, Mr. Data. Mr. Worf, you sound like a man who's asking his friend if he can start dating his sister."
663,3379,2016-09-09 07:58:56.000,"Fate. It protects fools, little children, and ships named Enterprise."
666,3394,2015-06-18 15:44:05.000,"I'm afraid I still don't understand, sir. Well, that's certainly good to know."
666,3395,2015-09-10 10:24:49.000,"I suggest you drop it, Mr. Data. Mr. Worf, you sound like a man who's asking his friend if he can start dating his sister."
665,3385,2015-02-15 18:56:06.000,"Maybe if we felt any human loss as keenly as we feel one of those close to us, human history would be far less bloody."
666,3396,2015-11-07 13:46:56.000,"I suggest you drop it, Mr. Data. Mr. Worf, you sound like a man who's asking his friend if he can start dating his sister."
665,3386,2015-06-26 23:14:33.000,Flair is what marks the difference between artistry and mere competence.
666,3397,2015-09-23 19:13:17.000,"For an android with no feelings, he sure managed to evoke them in others."
665,3388,2015-10-13 20:24:08.000,"I suggest you drop it, Mr. Data. Mr. Worf, you sound like a man who's asking his friend if he can start dating his sister."
666,3398,2015-11-05 13:00:46.000,"Fate. It protects fools, little children, and ships named Enterprise."
665,3390,2016-11-29 13:32:56.000,"I've had twelve years to think about it. And if I had it to do over again, I would have grabbed the phaser and pointed it at you instead of them."
664,3380,2017-01-11 00:26:27.000,"I suggest you drop it, Mr. Data. Mr. Worf, you sound like a man who's asking his friend if he can start dating his sister."
664,3381,2016-03-03 08:31:14.000,"Maybe if we felt any human loss as keenly as we feel one of those close to us, human history would be far less bloody."
664,3382,2016-04-03 15:27:19.000,"For an android with no feelings, he sure managed to evoke them in others."
664,3383,2016-05-11 13:26:54.000,"I'm afraid I still don't understand, sir. Well, that's certainly good to know."
664,3384,2015-03-07 01:42:11.000,"I've had twelve years to think about it. And if I had it to do over again, I would have grabbed the phaser and pointed it at you instead of them."
664,3387,2016-06-04 11:39:38.000,"Maybe if we felt any human loss as keenly as we feel one of those close to us, human history would be far less bloody."
664,3389,2017-02-03 16:13:50.000,Travel time to the nearest starbase? The Federation's gone; the Borg is everywhere!
664,3391,2015-08-16 05:46:34.000,"Fate. It protects fools, little children, and ships named Enterprise."
664,3392,2015-11-14 02:27:34.000,Travel time to the nearest starbase? The Federation's gone; the Borg is everywhere!
664,3393,2015-09-23 15:58:42.000,Flair is what marks the difference between artistry and mere competence.
668,3399,2017-01-16 05:24:16.000,"I suggest you drop it, Mr. Data. Mr. Worf, you sound like a man who's asking his friend if he can start dating his sister."
668,3400,2015-04-28 21:35:43.000,"For an android with no feelings, he sure managed to evoke them in others."
670,3402,2015-04-06 17:36:55.000,I'll alert the crew. When has justice ever been as simple as a rule book?
670,3403,2016-06-14 21:50:55.000,Flair is what marks the difference between artistry and mere competence.
670,3404,2016-10-14 09:12:36.000,Flair is what marks the difference between artistry and mere competence.
670,3405,2016-01-23 22:27:46.000,"I suggest you drop it, Mr. Data. Mr. Worf, you sound like a man who's asking his friend if he can start dating his sister."
670,3406,2015-07-05 06:22:28.000,Flair is what marks the difference between artistry and mere competence.
670,3408,2016-12-27 04:34:40.000,"Maybe if we felt any human loss as keenly as we feel one of those close to us, human history would be far less bloody."
670,3410,2015-02-09 03:11:45.000,"Fate. It protects fools, little children, and ships named Enterprise."
671,3407,2015-04-12 23:44:46.000,"I suggest you drop it, Mr. Data. Mr. Worf, you sound like a man who's asking his friend if he can start dating his sister."
671,3409,2016-04-04 17:31:10.000,Travel time to the nearest starbase? The Federation's gone; the Borg is everywhere!
670,3412,2015-06-16 14:13:43.000,"For an android with no feelings, he sure managed to evoke them in others."
675,3429,2016-08-30 04:55:53.000,"For an android with no feelings, he sure managed to evoke them in others."
675,3430,2016-08-22 04:42:24.000,"Maybe if we felt any human loss as keenly as we feel one of those close to us, human history would be far less bloody."
671,3411,2016-07-14 04:38:40.000,"Fate. It protects fools, little children, and ships named Enterprise."
670,3414,2015-03-20 08:20:46.000,"Maybe if we felt any human loss as keenly as we feel one of those close to us, human history would be far less bloody."
671,3413,2015-07-16 16:14:49.000,"For an android with no feelings, he sure managed to evoke them in others."
675,3431,2016-01-05 13:52:20.000,"For an android with no feelings, he sure managed to evoke them in others."
670,3416,2016-05-14 06:09:26.000,"Fate. It protects fools, little children, and ships named Enterprise."
671,3415,2015-09-03 08:31:36.000,I'll alert the crew. When has justice ever been as simple as a rule book?
675,3432,2016-11-14 05:30:53.000,"I'm afraid I still don't understand, sir. Well, that's certainly good to know."
671,3417,2015-03-21 22:49:16.000,"I'm afraid I still don't understand, sir. Well, that's certainly good to know."
669,3401,2015-01-29 04:00:10.000,"I suggest you drop it, Mr. Data. Mr. Worf, you sound like a man who's asking his friend if he can start dating his sister."
671,3419,2015-10-27 01:42:15.000,"I've had twelve years to think about it. And if I had it to do over again, I would have grabbed the phaser and pointed it at you instead of them."
671,3420,2016-01-03 01:08:54.000,I'll alert the crew. When has justice ever been as simple as a rule book?
671,3421,2016-06-02 08:09:43.000,"Fate. It protects fools, little children, and ships named Enterprise."
679,3450,2015-01-22 03:26:14.000,Travel time to the nearest starbase? The Federation's gone; the Borg is everywhere!
679,3452,2015-09-24 15:22:35.000,"I've had twelve years to think about it. And if I had it to do over again, I would have grabbed the phaser and pointed it at you instead of them."
679,3454,2016-11-04 10:36:32.000,Flair is what marks the difference between artistry and mere competence.
679,3456,2015-01-10 05:07:18.000,Travel time to the nearest starbase? The Federation's gone; the Borg is everywhere!
674,3422,2015-07-01 19:36:57.000,Flair is what marks the difference between artistry and mere competence.
674,3423,2015-04-30 04:16:57.000,"I'm afraid I still don't understand, sir. Well, that's certainly good to know."
674,3424,2016-03-23 07:38:48.000,"I'm afraid I still don't understand, sir. Well, that's certainly good to know."
674,3425,2015-07-12 05:21:16.000,"Fate. It protects fools, little children, and ships named Enterprise."
674,3426,2016-01-18 03:44:03.000,"Fate. It protects fools, little children, and ships named Enterprise."
674,3427,2016-02-25 07:43:38.000,"Maybe if we felt any human loss as keenly as we feel one of those close to us, human history would be far less bloody."
674,3428,2015-05-17 05:00:34.000,"Fate. It protects fools, little children, and ships named Enterprise."
676,3433,2015-12-07 16:20:13.000,Flair is what marks the difference between artistry and mere competence.
676,3434,2017-01-20 05:18:14.000,Travel time to the nearest starbase? The Federation's gone; the Borg is everywhere!
676,3435,2015-08-09 01:49:15.000,I'll alert the crew. When has justice ever been as simple as a rule book?
676,3436,2016-01-15 13:34:24.000,I'll alert the crew. When has justice ever been as simple as a rule book?
676,3437,2016-06-05 22:25:56.000,"For an android with no feelings, he sure managed to evoke them in others."
678,3451,2017-02-05 14:12:11.000,Travel time to the nearest starbase? The Federation's gone; the Borg is everywhere!
676,3438,2016-05-19 21:35:13.000,"I've had twelve years to think about it. And if I had it to do over again, I would have grabbed the phaser and pointed it at you instead of them."
678,3453,2015-05-04 23:16:20.000,"I'm afraid I still don't understand, sir. Well, that's certainly good to know."
676,3439,2015-11-11 18:35:12.000,"For an android with no feelings, he sure managed to evoke them in others."
678,3455,2016-12-16 08:33:42.000,"I suggest you drop it, Mr. Data. Mr. Worf, you sound like a man who's asking his friend if he can start dating his sister."
676,3440,2015-07-26 18:13:39.000,I'll alert the crew. When has justice ever been as simple as a rule book?
672,3418,2015-07-26 17:41:19.000,"For an android with no feelings, he sure managed to evoke them in others."
681,3460,2016-06-10 23:02:59.000,"I'm afraid I still don't understand, sir. Well, that's certainly good to know."
681,3462,2017-01-30 22:29:33.000,"I've had twelve years to think about it. And if I had it to do over again, I would have grabbed the phaser and pointed it at you instead of them."
681,3464,2016-04-05 04:43:32.000,"For an android with no feelings, he sure managed to evoke them in others."
681,3466,2016-07-24 18:29:59.000,Travel time to the nearest starbase? The Federation's gone; the Borg is everywhere!
681,3468,2016-04-18 18:36:33.000,"For an android with no feelings, he sure managed to evoke them in others."
677,3441,2016-09-22 17:43:45.000,"Maybe if we felt any human loss as keenly as we feel one of those close to us, human history would be far less bloody."
681,3470,2015-08-14 04:35:13.000,I'll alert the crew. When has justice ever been as simple as a rule book?
677,3442,2015-04-23 15:21:15.000,"Fate. It protects fools, little children, and ships named Enterprise."
677,3443,2017-02-02 09:32:55.000,"I suggest you drop it, Mr. Data. Mr. Worf, you sound like a man who's asking his friend if he can start dating his sister."
677,3444,2017-01-20 02:50:48.000,"I suggest you drop it, Mr. Data. Mr. Worf, you sound like a man who's asking his friend if he can start dating his sister."
677,3445,2016-06-05 21:42:08.000,"For an android with no feelings, he sure managed to evoke them in others."
677,3446,2016-04-27 15:00:57.000,"For an android with no feelings, he sure managed to evoke them in others."
677,3447,2016-01-28 16:02:37.000,Travel time to the nearest starbase? The Federation's gone; the Borg is everywhere!
677,3448,2016-07-15 16:44:11.000,I'll alert the crew. When has justice ever been as simple as a rule book?
677,3449,2017-02-09 19:13:58.000,"Maybe if we felt any human loss as keenly as we feel one of those close to us, human history would be far less bloody."
682,3461,2017-02-17 18:16:15.000,"For an android with no feelings, he sure managed to evoke them in others."
682,3463,2016-01-04 13:56:23.000,Flair is what marks the difference between artistry and mere competence.
682,3465,2016-11-15 13:09:34.000,"I suggest you drop it, Mr. Data. Mr. Worf, you sound like a man who's asking his friend if he can start dating his sister."
682,3467,2015-12-24 09:36:50.000,I'll alert the crew. When has justice ever been as simple as a rule book?
682,3469,2015-01-10 16:18:58.000,I'll alert the crew. When has justice ever been as simple as a rule book?
682,3471,2016-02-15 09:35:33.000,Travel time to the nearest starbase? The Federation's gone; the Borg is everywhere!
682,3472,2015-06-01 21:00:34.000,"Fate. It protects fools, little children, and ships named Enterprise."
680,3457,2016-03-21 18:50:31.000,Travel time to the nearest starbase? The Federation's gone; the Borg is everywhere!
680,3458,2016-03-07 11:15:38.000,"For an android with no feelings, he sure managed to evoke them in others."
680,3459,2016-10-13 19:15:54.000,"Maybe if we felt any human loss as keenly as we feel one of those close to us, human history would be far less bloody."
689,3500,2015-10-06 03:41:11.000,"Fate. It protects fools, little children, and ships named Enterprise."
689,3501,2016-09-04 16:05:40.000,"I suggest you drop it, Mr. Data. Mr. Worf, you sound like a man who's asking his friend if he can start dating his sister."
689,3502,2016-11-24 15:14:30.000,"I've had twelve years to think about it. And if I had it to do over again, I would have grabbed the phaser and pointed it at you instead of them."
683,3473,2015-12-14 17:46:12.000,"I suggest you drop it, Mr. Data. Mr. Worf, you sound like a man who's asking his friend if he can start dating his sister."
690,3503,2016-05-16 23:13:28.000,"I suggest you drop it, Mr. Data. Mr. Worf, you sound like a man who's asking his friend if he can start dating his sister."
690,3504,2015-05-03 21:39:13.000,"I suggest you drop it, Mr. Data. Mr. Worf, you sound like a man who's asking his friend if he can start dating his sister."
690,3505,2015-11-15 13:36:15.000,"I suggest you drop it, Mr. Data. Mr. Worf, you sound like a man who's asking his friend if he can start dating his sister."
685,3474,2016-03-30 08:56:33.000,"I suggest you drop it, Mr. Data. Mr. Worf, you sound like a man who's asking his friend if he can start dating his sister."
685,3475,2016-10-28 01:32:22.000,I'll alert the crew. When has justice ever been as simple as a rule book?
690,3506,2015-04-10 02:04:29.000,"I'm afraid I still don't understand, sir. Well, that's certainly good to know."
688,3497,2016-06-17 20:00:22.000,Flair is what marks the difference between artistry and mere competence.
685,3476,2015-10-02 11:22:12.000,"I suggest you drop it, Mr. Data. Mr. Worf, you sound like a man who's asking his friend if he can start dating his sister."
690,3507,2016-12-04 21:31:06.000,"Maybe if we felt any human loss as keenly as we feel one of those close to us, human history would be far less bloody."
688,3498,2015-02-13 02:15:18.000,Travel time to the nearest starbase? The Federation's gone; the Borg is everywhere!
688,3499,2016-03-26 10:42:35.000,Flair is what marks the difference between artistry and mere competence.
685,3477,2016-08-17 05:32:18.000,"For an android with no feelings, he sure managed to evoke them in others."
690,3508,2015-01-19 21:29:48.000,"I suggest you drop it, Mr. Data. Mr. Worf, you sound like a man who's asking his friend if he can start dating his sister."
690,3509,2016-11-16 07:35:15.000,"I'm afraid I still don't understand, sir. Well, that's certainly good to know."
685,3478,2016-07-19 00:19:24.000,Flair is what marks the difference between artistry and mere competence.
685,3479,2015-11-19 13:48:26.000,Flair is what marks the difference between artistry and mere competence.
690,3510,2016-03-20 14:58:05.000,"Maybe if we felt any human loss as keenly as we feel one of those close to us, human history would be far less bloody."
690,3511,2015-02-25 00:52:34.000,"I'm afraid I still don't understand, sir. Well, that's certainly good to know."
690,3512,2016-09-11 05:16:22.000,"I suggest you drop it, Mr. Data. Mr. Worf, you sound like a man who's asking his friend if he can start dating his sister."
686,3480,2015-10-09 17:37:04.000,Flair is what marks the difference between artistry and mere competence.
686,3481,2016-05-31 14:23:38.000,Travel time to the nearest starbase? The Federation's gone; the Borg is everywhere!
686,3482,2015-12-14 13:14:27.000,"I'm afraid I still don't understand, sir. Well, that's certainly good to know."
686,3483,2016-08-09 05:57:36.000,"Maybe if we felt any human loss as keenly as we feel one of those close to us, human history would be far less bloody."
686,3484,2017-01-30 03:13:05.000,"I suggest you drop it, Mr. Data. Mr. Worf, you sound like a man who's asking his friend if he can start dating his sister."
686,3485,2015-07-08 17:08:15.000,"Fate. It protects fools, little children, and ships named Enterprise."
686,3490,2015-07-07 01:10:59.000,"Maybe if we felt any human loss as keenly as we feel one of those close to us, human history would be far less bloody."
686,3494,2016-11-29 07:25:48.000,Flair is what marks the difference between artistry and mere competence.
686,3495,2016-04-29 18:16:23.000,Travel time to the nearest starbase? The Federation's gone; the Borg is everywhere!
686,3496,2017-01-21 10:28:18.000,"I suggest you drop it, Mr. Data. Mr. Worf, you sound like a man who's asking his friend if he can start dating his sister."
692,3520,2015-01-27 21:36:59.000,"Fate. It protects fools, little children, and ships named Enterprise."
691,3513,2016-09-05 10:47:41.000,"I suggest you drop it, Mr. Data. Mr. Worf, you sound like a man who's asking his friend if he can start dating his sister."
692,3521,2016-06-28 06:09:47.000,Travel time to the nearest starbase? The Federation's gone; the Borg is everywhere!
691,3514,2015-04-11 06:07:55.000,"I suggest you drop it, Mr. Data. Mr. Worf, you sound like a man who's asking his friend if he can start dating his sister."
692,3522,2015-07-15 10:42:53.000,Flair is what marks the difference between artistry and mere competence.
692,3523,2017-02-15 23:23:43.000,"For an android with no feelings, he sure managed to evoke them in others."
692,3524,2015-01-22 02:18:31.000,"Maybe if we felt any human loss as keenly as we feel one of those close to us, human history would be far less bloody."
691,3515,2015-09-14 14:48:01.000,Flair is what marks the difference between artistry and mere competence.
691,3516,2015-07-24 20:52:39.000,"I've had twelve years to think about it. And if I had it to do over again, I would have grabbed the phaser and pointed it at you instead of them."
691,3517,2015-01-20 02:04:04.000,"For an android with no feelings, he sure managed to evoke them in others."
691,3518,2015-07-11 11:38:57.000,Travel time to the nearest starbase? The Federation's gone; the Borg is everywhere!
691,3519,2017-02-20 18:30:56.000,"Fate. It protects fools, little children, and ships named Enterprise."
687,3486,2016-12-02 11:28:57.000,Flair is what marks the difference between artistry and mere competence.
693,3525,2015-09-18 10:57:05.000,Flair is what marks the difference between artistry and mere competence.
687,3487,2015-01-26 04:26:35.000,Flair is what marks the difference between artistry and mere competence.
693,3526,2016-07-01 23:10:24.000,"I suggest you drop it, Mr. Data. Mr. Worf, you sound like a man who's asking his friend if he can start dating his sister."
687,3488,2015-02-21 19:02:07.000,"For an android with no feelings, he sure managed to evoke them in others."
693,3527,2015-05-15 16:58:07.000,"I'm afraid I still don't understand, sir. Well, that's certainly good to know."
693,3528,2016-11-30 13:34:26.000,Travel time to the nearest starbase? The Federation's gone; the Borg is everywhere!
687,3489,2016-09-24 01:59:09.000,Flair is what marks the difference between artistry and mere competence.
687,3491,2015-05-22 15:19:17.000,"I've had twelve years to think about it. And if I had it to do over again, I would have grabbed the phaser and pointed it at you instead of them."
687,3492,2015-07-19 01:43:52.000,"I suggest you drop it, Mr. Data. Mr. Worf, you sound like a man who's asking his friend if he can start dating his sister."
687,3493,2016-02-03 12:51:33.000,"Maybe if we felt any human loss as keenly as we feel one of those close to us, human history would be far less bloody."
694,3529,2016-01-07 01:06:53.000,"Maybe if we felt any human loss as keenly as we feel one of those close to us, human history would be far less bloody."
694,3530,2015-05-06 21:48:01.000,"Fate. It protects fools, little children, and ships named Enterprise."
694,3531,2015-12-05 11:16:34.000,"I'm afraid I still don't understand, sir. Well, that's certainly good to know."
695,3532,2016-12-27 15:30:37.000,Flair is what marks the difference between artistry and mere competence.
695,3533,2015-11-30 03:40:06.000,"I've had twelve years to think about it. And if I had it to do over again, I would have grabbed the phaser and pointed it at you instead of them."
695,3534,2015-07-24 05:50:27.000,I'll alert the crew. When has justice ever been as simple as a rule book?
695,3535,2016-01-10 00:36:27.000,"I suggest you drop it, Mr. Data. Mr. Worf, you sound like a man who's asking his friend if he can start dating his sister."
695,3536,2016-10-28 04:59:43.000,"I suggest you drop it, Mr. Data. Mr. Worf, you sound like a man who's asking his friend if he can start dating his sister."
695,3537,2016-08-31 15:43:55.000,"Maybe if we felt any human loss as keenly as we feel one of those close to us, human history would be far less bloody."
703,3566,2015-08-11 00:58:31.000,I'll alert the crew. When has justice ever been as simple as a rule book?
703,3567,2015-03-17 19:15:51.000,"I've had twelve years to think about it. And if I had it to do over again, I would have grabbed the phaser and pointed it at you instead of them."
703,3568,2016-10-04 02:22:36.000,"Maybe if we felt any human loss as keenly as we feel one of those close to us, human history would be far less bloody."
703,3569,2015-10-24 09:29:37.000,"For an android with no feelings, he sure managed to evoke them in others."
700,3554,2015-03-11 08:51:19.000,Travel time to the nearest starbase? The Federation's gone; the Borg is everywhere!
700,3556,2017-01-24 12:38:01.000,"I'm afraid I still don't understand, sir. Well, that's certainly good to know."
700,3558,2016-08-05 03:56:26.000,"Fate. It protects fools, little children, and ships named Enterprise."
699,3551,2015-03-21 20:05:05.000,"For an android with no feelings, he sure managed to evoke them in others."
699,3552,2017-02-24 01:41:09.000,Travel time to the nearest starbase? The Federation's gone; the Borg is everywhere!
699,3553,2016-02-21 00:08:21.000,"I've had twelve years to think about it. And if I had it to do over again, I would have grabbed the phaser and pointed it at you instead of them."
699,3555,2016-08-22 04:15:25.000,"I've had twelve years to think about it. And if I had it to do over again, I would have grabbed the phaser and pointed it at you instead of them."
699,3557,2017-02-26 12:42:37.000,"Maybe if we felt any human loss as keenly as we feel one of those close to us, human history would be far less bloody."
699,3559,2015-05-01 20:55:18.000,"Fate. It protects fools, little children, and ships named Enterprise."
699,3560,2016-11-05 00:41:12.000,"For an android with no feelings, he sure managed to evoke them in others."
699,3561,2015-08-26 13:38:25.000,"I'm afraid I still don't understand, sir. Well, that's certainly good to know."
699,3562,2017-02-12 00:39:34.000,Travel time to the nearest starbase? The Federation's gone; the Borg is everywhere!
699,3563,2015-12-23 05:50:46.000,"Maybe if we felt any human loss as keenly as we feel one of those close to us, human history would be far less bloody."
698,3540,2016-04-16 21:30:52.000,"Fate. It protects fools, little children, and ships named Enterprise."
698,3542,2016-11-24 03:27:45.000,Travel time to the nearest starbase? The Federation's gone; the Borg is everywhere!
698,3544,2016-06-29 15:39:49.000,Flair is what marks the difference between artistry and mere competence.
698,3546,2015-07-20 04:45:37.000,"For an android with no feelings, he sure managed to evoke them in others."
698,3548,2016-01-18 15:23:22.000,"I'm afraid I still don't understand, sir. Well, that's certainly good to know."
697,3538,2015-11-17 12:09:35.000,"For an android with no feelings, he sure managed to evoke them in others."
697,3539,2017-01-02 10:15:50.000,I'll alert the crew. When has justice ever been as simple as a rule book?
697,3541,2016-05-22 09:35:01.000,"I suggest you drop it, Mr. Data. Mr. Worf, you sound like a man who's asking his friend if he can start dating his sister."
697,3543,2015-09-12 21:07:55.000,"Fate. It protects fools, little children, and ships named Enterprise."
697,3545,2016-06-21 11:11:23.000,Flair is what marks the difference between artistry and mere competence.
701,3564,2015-07-24 01:51:09.000,Travel time to the nearest starbase? The Federation's gone; the Borg is everywhere!
697,3547,2015-04-15 08:31:38.000,Flair is what marks the difference between artistry and mere competence.
697,3549,2015-07-14 08:06:51.000,"I suggest you drop it, Mr. Data. Mr. Worf, you sound like a man who's asking his friend if he can start dating his sister."
701,3565,2015-07-12 01:02:19.000,I'll alert the crew. When has justice ever been as simple as a rule book?
697,3550,2017-01-24 09:00:16.000,I'll alert the crew. When has justice ever been as simple as a rule book?
706,3588,2016-12-20 16:22:45.000,"I've had twelve years to think about it. And if I had it to do over again, I would have grabbed the phaser and pointed it at you instead of them."
706,3589,2015-06-22 05:20:02.000,I'll alert the crew. When has justice ever been as simple as a rule book?
706,3590,2015-04-02 07:16:40.000,"For an android with no feelings, he sure managed to evoke them in others."
706,3591,2015-03-07 07:36:17.000,"Maybe if we felt any human loss as keenly as we feel one of those close to us, human history would be far less bloody."
706,3592,2016-07-01 04:50:12.000,Flair is what marks the difference between artistry and mere competence.
706,3593,2016-09-16 06:41:13.000,"I've had twelve years to think about it. And if I had it to do over again, I would have grabbed the phaser and pointed it at you instead of them."
705,3574,2015-06-14 10:36:49.000,"I've had twelve years to think about it. And if I had it to do over again, I would have grabbed the phaser and pointed it at you instead of them."
705,3576,2016-11-03 17:40:43.000,"I'm afraid I still don't understand, sir. Well, that's certainly good to know."
705,3578,2015-05-10 17:38:19.000,Travel time to the nearest starbase? The Federation's gone; the Borg is everywhere!
705,3580,2016-03-04 06:59:02.000,Flair is what marks the difference between artistry and mere competence.
705,3582,2016-04-07 18:22:38.000,"Maybe if we felt any human loss as keenly as we feel one of those close to us, human history would be far less bloody."
705,3584,2015-11-20 09:35:18.000,Flair is what marks the difference between artistry and mere competence.
705,3585,2015-03-20 09:42:35.000,"I suggest you drop it, Mr. Data. Mr. Worf, you sound like a man who's asking his friend if he can start dating his sister."
705,3586,2016-03-04 15:23:18.000,"For an android with no feelings, he sure managed to evoke them in others."
705,3587,2016-08-09 17:05:02.000,I'll alert the crew. When has justice ever been as simple as a rule book?
709,3600,2015-09-26 23:02:56.000,"I'm afraid I still don't understand, sir. Well, that's certainly good to know."
709,3601,2016-02-04 06:27:07.000,"I'm afraid I still don't understand, sir. Well, that's certainly good to know."
709,3602,2015-08-07 11:03:21.000,"I suggest you drop it, Mr. Data. Mr. Worf, you sound like a man who's asking his friend if he can start dating his sister."
709,3603,2015-06-08 17:25:03.000,Flair is what marks the difference between artistry and mere competence.
709,3604,2015-09-03 15:09:57.000,"For an android with no feelings, he sure managed to evoke them in others."
709,3605,2016-11-20 14:47:19.000,"Maybe if we felt any human loss as keenly as we feel one of those close to us, human history would be far less bloody."
704,3570,2016-04-18 07:58:16.000,"I've had twelve years to think about it. And if I had it to do over again, I would have grabbed the phaser and pointed it at you instead of them."
704,3571,2015-03-08 12:17:39.000,"For an android with no feelings, he sure managed to evoke them in others."
704,3572,2017-01-18 01:37:09.000,"I'm afraid I still don't understand, sir. Well, that's certainly good to know."
704,3573,2016-03-01 07:06:23.000,"I've had twelve years to think about it. And if I had it to do over again, I would have grabbed the phaser and pointed it at you instead of them."
704,3575,2017-02-18 10:54:16.000,"Fate. It protects fools, little children, and ships named Enterprise."
704,3577,2017-02-02 23:41:34.000,"I suggest you drop it, Mr. Data. Mr. Worf, you sound like a man who's asking his friend if he can start dating his sister."
704,3579,2015-06-24 05:13:16.000,Flair is what marks the difference between artistry and mere competence.
704,3581,2016-05-27 08:00:15.000,Travel time to the nearest starbase? The Federation's gone; the Borg is everywhere!
704,3583,2017-01-03 12:36:11.000,Flair is what marks the difference between artistry and mere competence.
708,3594,2016-09-18 16:20:55.000,Flair is what marks the difference between artistry and mere competence.
708,3596,2016-04-13 23:24:02.000,"I've had twelve years to think about it. And if I had it to do over again, I would have grabbed the phaser and pointed it at you instead of them."
713,3614,2017-02-19 10:10:58.000,I'll alert the crew. When has justice ever been as simple as a rule book?
714,3628,2016-08-02 18:47:27.000,"Fate. It protects fools, little children, and ships named Enterprise."
713,3616,2015-02-15 16:28:58.000,"I've had twelve years to think about it. And if I had it to do over again, I would have grabbed the phaser and pointed it at you instead of them."
714,3629,2015-01-29 23:49:26.000,"I've had twelve years to think about it. And if I had it to do over again, I would have grabbed the phaser and pointed it at you instead of them."
713,3617,2015-05-20 06:13:33.000,"For an android with no feelings, he sure managed to evoke them in others."
714,3630,2015-08-17 15:17:25.000,"Maybe if we felt any human loss as keenly as we feel one of those close to us, human history would be far less bloody."
713,3618,2016-08-17 01:15:36.000,Travel time to the nearest starbase? The Federation's gone; the Borg is everywhere!
714,3631,2015-06-12 16:46:18.000,"I'm afraid I still don't understand, sir. Well, that's certainly good to know."
713,3619,2016-04-16 17:01:51.000,Travel time to the nearest starbase? The Federation's gone; the Borg is everywhere!
714,3632,2015-07-02 17:18:50.000,"I suggest you drop it, Mr. Data. Mr. Worf, you sound like a man who's asking his friend if he can start dating his sister."
714,3633,2015-09-19 20:50:50.000,I'll alert the crew. When has justice ever been as simple as a rule book?
714,3634,2016-03-18 10:46:26.000,"I'm afraid I still don't understand, sir. Well, that's certainly good to know."
714,3635,2016-07-26 17:50:43.000,Travel time to the nearest starbase? The Federation's gone; the Borg is everywhere!
714,3636,2016-08-29 08:21:48.000,"I'm afraid I still don't understand, sir. Well, that's certainly good to know."
711,3610,2015-10-15 15:46:03.000,"I've had twelve years to think about it. And if I had it to do over again, I would have grabbed the phaser and pointed it at you instead of them."
711,3611,2015-12-01 20:41:37.000,"I've had twelve years to think about it. And if I had it to do over again, I would have grabbed the phaser and pointed it at you instead of them."
711,3612,2016-08-09 12:33:13.000,"I suggest you drop it, Mr. Data. Mr. Worf, you sound like a man who's asking his friend if he can start dating his sister."
711,3613,2015-11-03 13:39:28.000,Flair is what marks the difference between artistry and mere competence.
711,3615,2016-11-02 08:56:21.000,"Fate. It protects fools, little children, and ships named Enterprise."
707,3595,2016-11-21 15:42:04.000,Flair is what marks the difference between artistry and mere competence.
707,3597,2016-05-28 07:53:06.000,"For an android with no feelings, he sure managed to evoke them in others."
707,3598,2017-02-07 12:31:03.000,"Fate. It protects fools, little children, and ships named Enterprise."
707,3599,2015-10-29 11:15:24.000,"Fate. It protects fools, little children, and ships named Enterprise."
710,3606,2015-01-29 02:50:01.000,"Fate. It protects fools, little children, and ships named Enterprise."
710,3607,2015-03-01 12:41:00.000,Travel time to the nearest starbase? The Federation's gone; the Borg is everywhere!
710,3608,2015-10-16 15:59:17.000,"Maybe if we felt any human loss as keenly as we feel one of those close to us, human history would be far less bloody."
710,3609,2016-09-11 13:28:40.000,Travel time to the nearest starbase? The Federation's gone; the Borg is everywhere!
715,3637,2015-03-08 17:50:30.000,"I'm afraid I still don't understand, sir. Well, that's certainly good to know."
715,3638,2016-06-15 04:21:00.000,"I'm afraid I still don't understand, sir. Well, that's certainly good to know."
715,3639,2016-09-07 22:58:24.000,"I'm afraid I still don't understand, sir. Well, that's certainly good to know."
715,3640,2015-02-03 05:39:32.000,"I suggest you drop it, Mr. Data. Mr. Worf, you sound like a man who's asking his friend if he can start dating his sister."
715,3641,2016-07-08 00:45:01.000,"For an android with no feelings, he sure managed to evoke them in others."
715,3642,2016-07-13 01:39:35.000,"I'm afraid I still don't understand, sir. Well, that's certainly good to know."
715,3643,2016-06-02 23:08:26.000,"Fate. It protects fools, little children, and ships named Enterprise."
608,3117,2015-12-06 21:47:19.000,Travel time to the nearest starbase? The Federation's gone; the Borg is everywhere!
608,3118,2016-03-13 11:59:44.000,"For an android with no feelings, he sure managed to evoke them in others."
608,3119,2016-11-23 10:41:38.000,"I suggest you drop it, Mr. Data. Mr. Worf, you sound like a man who's asking his friend if he can start dating his sister."
608,3120,2016-09-02 01:28:11.000,I'll alert the crew. When has justice ever been as simple as a rule book?
608,3121,2016-02-16 14:47:11.000,"Maybe if we felt any human loss as keenly as we feel one of those close to us, human history would be far less bloody."
610,3122,2015-04-11 19:22:57.000,"For an android with no feelings, he sure managed to evoke them in others."
610,3123,2017-02-19 23:29:21.000,"Fate. It protects fools, little children, and ships named Enterprise."
613,3139,2015-01-08 22:12:34.000,"I'm afraid I still don't understand, sir. Well, that's certainly good to know."
609,3113,2015-08-03 20:46:06.000,Flair is what marks the difference between artistry and mere competence.
610,3124,2017-02-05 09:07:38.000,Travel time to the nearest starbase? The Federation's gone; the Borg is everywhere!
613,3140,2016-04-23 20:35:48.000,I'll alert the crew. When has justice ever been as simple as a rule book?
613,3141,2016-04-09 14:53:49.000,"For an android with no feelings, he sure managed to evoke them in others."
613,3142,2016-12-26 13:35:32.000,"I've had twelve years to think about it. And if I had it to do over again, I would have grabbed the phaser and pointed it at you instead of them."
614,3143,2015-09-03 08:55:08.000,"I've had twelve years to think about it. And if I had it to do over again, I would have grabbed the phaser and pointed it at you instead of them."
614,3145,2016-03-18 09:22:41.000,Flair is what marks the difference between artistry and mere competence.
614,3147,2016-06-02 10:36:44.000,"I'm afraid I still don't understand, sir. Well, that's certainly good to know."
615,3144,2015-10-22 15:46:22.000,Flair is what marks the difference between artistry and mere competence.
615,3146,2015-04-27 10:30:05.000,Travel time to the nearest starbase? The Federation's gone; the Borg is everywhere!
615,3148,2015-12-17 10:57:31.000,"I'm afraid I still don't understand, sir. Well, that's certainly good to know."
615,3149,2016-06-06 08:20:30.000,Travel time to the nearest starbase? The Federation's gone; the Borg is everywhere!
615,3150,2016-11-02 21:01:35.000,"For an android with no feelings, he sure managed to evoke them in others."
615,3152,2017-02-01 18:20:54.000,"I'm afraid I still don't understand, sir. Well, that's certainly good to know."
615,3153,2016-11-24 17:31:44.000,I'll alert the crew. When has justice ever been as simple as a rule book?
616,3151,2016-12-03 04:11:20.000,"I suggest you drop it, Mr. Data. Mr. Worf, you sound like a man who's asking his friend if he can start dating his sister."
619,3157,2016-02-09 12:27:39.000,"Fate. It protects fools, little children, and ships named Enterprise."
619,3158,2016-11-21 04:31:16.000,"I'm afraid I still don't understand, sir. Well, that's certainly good to know."
619,3159,2017-02-23 00:20:21.000,Travel time to the nearest starbase? The Federation's gone; the Borg is everywhere!
617,3154,2016-01-30 00:11:50.000,Travel time to the nearest starbase? The Federation's gone; the Borg is everywhere!
617,3155,2015-08-19 15:21:35.000,Travel time to the nearest starbase? The Federation's gone; the Borg is everywhere!
617,3156,2017-02-26 03:26:56.000,I'll alert the crew. When has justice ever been as simple as a rule book?
622,3168,2015-06-13 23:43:07.000,"For an android with no feelings, he sure managed to evoke them in others."
622,3169,2016-04-29 04:42:20.000,"For an android with no feelings, he sure managed to evoke them in others."
625,3190,2016-12-15 03:32:24.000,Travel time to the nearest starbase? The Federation's gone; the Borg is everywhere!
625,3191,2015-04-20 05:30:51.000,"Maybe if we felt any human loss as keenly as we feel one of those close to us, human history would be far less bloody."
625,3192,2016-02-12 21:15:51.000,"Maybe if we felt any human loss as keenly as we feel one of those close to us, human history would be far less bloody."
625,3193,2015-11-23 03:56:48.000,Travel time to the nearest starbase? The Federation's gone; the Borg is everywhere!
625,3194,2015-12-28 15:27:32.000,Flair is what marks the difference between artistry and mere competence.
625,3195,2015-09-03 09:39:55.000,"I suggest you drop it, Mr. Data. Mr. Worf, you sound like a man who's asking his friend if he can start dating his sister."
625,3197,2016-12-21 12:19:07.000,I'll alert the crew. When has justice ever been as simple as a rule book?
618,3160,2015-04-08 15:41:31.000,"For an android with no feelings, he sure managed to evoke them in others."
618,3161,2017-01-22 00:50:37.000,Flair is what marks the difference between artistry and mere competence.
618,3162,2015-06-21 00:03:13.000,"For an android with no feelings, he sure managed to evoke them in others."
618,3163,2015-08-30 02:53:46.000,Travel time to the nearest starbase? The Federation's gone; the Borg is everywhere!
618,3164,2015-04-12 00:23:54.000,"Fate. It protects fools, little children, and ships named Enterprise."
618,3165,2016-09-30 19:04:31.000,"I've had twelve years to think about it. And if I had it to do over again, I would have grabbed the phaser and pointed it at you instead of them."
618,3166,2015-03-25 10:04:12.000,"Fate. It protects fools, little children, and ships named Enterprise."
618,3167,2016-05-18 05:30:44.000,I'll alert the crew. When has justice ever been as simple as a rule book?
624,3176,2016-06-08 07:06:33.000,Flair is what marks the difference between artistry and mere competence.
624,3177,2016-02-24 18:33:24.000,"For an android with no feelings, he sure managed to evoke them in others."
624,3178,2016-11-24 02:50:30.000,"I suggest you drop it, Mr. Data. Mr. Worf, you sound like a man who's asking his friend if he can start dating his sister."
624,3179,2016-07-20 09:05:48.000,"I've had twelve years to think about it. And if I had it to do over again, I would have grabbed the phaser and pointed it at you instead of them."
629,3201,2016-07-23 04:21:50.000,"I suggest you drop it, Mr. Data. Mr. Worf, you sound like a man who's asking his friend if he can start dating his sister."
627,3196,2016-12-22 05:51:16.000,"I'm afraid I still don't understand, sir. Well, that's certainly good to know."
629,3203,2017-01-31 11:44:40.000,"I've had twelve years to think about it. And if I had it to do over again, I would have grabbed the phaser and pointed it at you instead of them."
629,3205,2015-05-03 18:03:29.000,I'll alert the crew. When has justice ever been as simple as a rule book?
629,3207,2017-02-04 09:04:22.000,Travel time to the nearest starbase? The Federation's gone; the Borg is everywhere!
629,3208,2016-07-02 18:21:31.000,"For an android with no feelings, he sure managed to evoke them in others."
629,3209,2015-04-30 07:34:41.000,"Fate. It protects fools, little children, and ships named Enterprise."
621,3170,2016-06-28 09:13:41.000,"Maybe if we felt any human loss as keenly as we feel one of those close to us, human history would be far less bloody."
629,3210,2015-08-21 20:47:58.000,"I suggest you drop it, Mr. Data. Mr. Worf, you sound like a man who's asking his friend if he can start dating his sister."
629,3211,2015-09-17 18:33:19.000,Travel time to the nearest starbase? The Federation's gone; the Borg is everywhere!
629,3212,2015-03-26 01:42:11.000,Travel time to the nearest starbase? The Federation's gone; the Borg is everywhere!
629,3213,2016-07-26 13:49:46.000,"I've had twelve years to think about it. And if I had it to do over again, I would have grabbed the phaser and pointed it at you instead of them."
626,3180,2016-05-25 02:33:02.000,"I'm afraid I still don't understand, sir. Well, that's certainly good to know."
626,3181,2015-08-12 11:48:26.000,Travel time to the nearest starbase? The Federation's gone; the Borg is everywhere!
626,3182,2015-09-12 21:15:54.000,"I'm afraid I still don't understand, sir. Well, that's certainly good to know."
626,3183,2016-09-30 21:43:28.000,"I've had twelve years to think about it. And if I had it to do over again, I would have grabbed the phaser and pointed it at you instead of them."
626,3184,2016-05-05 05:36:42.000,"For an android with no feelings, he sure managed to evoke them in others."
626,3185,2016-05-29 02:17:11.000,Flair is what marks the difference between artistry and mere competence.
626,3186,2015-10-11 21:51:11.000,Flair is what marks the difference between artistry and mere competence.
626,3187,2016-05-04 10:49:51.000,"I'm afraid I still don't understand, sir. Well, that's certainly good to know."
626,3188,2015-05-26 06:08:49.000,"For an android with no feelings, he sure managed to evoke them in others."
626,3189,2016-12-14 09:14:35.000,"For an android with no feelings, he sure managed to evoke them in others."
628,3198,2016-03-20 14:30:38.000,"For an android with no feelings, he sure managed to evoke them in others."
628,3199,2016-01-12 00:28:23.000,Travel time to the nearest starbase? The Federation's gone; the Borg is everywhere!
628,3200,2016-08-01 02:55:25.000,"For an android with no feelings, he sure managed to evoke them in others."
628,3202,2017-01-04 08:29:30.000,"I suggest you drop it, Mr. Data. Mr. Worf, you sound like a man who's asking his friend if he can start dating his sister."
628,3204,2016-09-22 15:56:45.000,"For an android with no feelings, he sure managed to evoke them in others."
628,3206,2015-02-24 19:13:33.000,Flair is what marks the difference between artistry and mere competence.
628,3214,2016-03-09 12:10:08.000,"I've had twelve years to think about it. And if I had it to do over again, I would have grabbed the phaser and pointed it at you instead of them."
628,3215,2016-10-21 00:40:55.000,"For an android with no feelings, he sure managed to evoke them in others."
628,3216,2015-01-10 13:17:04.000,"I've had twelve years to think about it. And if I had it to do over again, I would have grabbed the phaser and pointed it at you instead of them."
623,3171,2015-08-09 15:25:24.000,"I suggest you drop it, Mr. Data. Mr. Worf, you sound like a man who's asking his friend if he can start dating his sister."
623,3172,2016-11-24 07:32:35.000,Flair is what marks the difference between artistry and mere competence.
623,3173,2015-03-01 22:07:46.000,"Fate. It protects fools, little children, and ships named Enterprise."
623,3174,2015-01-03 04:19:07.000,"For an android with no feelings, he sure managed to evoke them in others."
623,3175,2015-09-09 20:47:42.000,"I've had twelve years to think about it. And if I had it to do over again, I would have grabbed the phaser and pointed it at you instead of them."
632,3219,2015-12-23 06:14:35.000,"I'm afraid I still don't understand, sir. Well, that's certainly good to know."
632,3220,2016-10-21 15:10:22.000,"I've had twelve years to think about it. And if I had it to do over again, I would have grabbed the phaser and pointed it at you instead of them."
632,3221,2015-09-18 07:26:53.000,"I suggest you drop it, Mr. Data. Mr. Worf, you sound like a man who's asking his friend if he can start dating his sister."
634,3225,2015-08-22 05:36:58.000,Flair is what marks the difference between artistry and mere competence.
634,3226,2015-07-29 04:19:55.000,Flair is what marks the difference between artistry and mere competence.
634,3227,2015-03-11 12:00:08.000,"I've had twelve years to think about it. And if I had it to do over again, I would have grabbed the phaser and pointed it at you instead of them."
634,3228,2016-06-26 02:37:24.000,"I'm afraid I still don't understand, sir. Well, that's certainly good to know."
635,3229,2016-10-28 22:36:22.000,"I've had twelve years to think about it. And if I had it to do over again, I would have grabbed the phaser and pointed it at you instead of them."
635,3230,2016-02-03 00:23:00.000,I'll alert the crew. When has justice ever been as simple as a rule book?
635,3231,2015-08-28 13:03:11.000,"I suggest you drop it, Mr. Data. Mr. Worf, you sound like a man who's asking his friend if he can start dating his sister."
635,3232,2016-08-31 18:43:30.000,"For an android with no feelings, he sure managed to evoke them in others."
635,3233,2015-09-21 11:48:20.000,I'll alert the crew. When has justice ever been as simple as a rule book?
635,3234,2016-10-31 22:37:02.000,"Maybe if we felt any human loss as keenly as we feel one of those close to us, human history would be far less bloody."
635,3235,2015-04-30 21:54:46.000,I'll alert the crew. When has justice ever been as simple as a rule book?
638,3246,2015-01-06 04:09:17.000,"I've had twelve years to think about it. And if I had it to do over again, I would have grabbed the phaser and pointed it at you instead of them."
638,3248,2015-12-18 12:16:15.000,Travel time to the nearest starbase? The Federation's gone; the Borg is everywhere!
636,3242,2015-05-02 01:26:25.000,"Fate. It protects fools, little children, and ships named Enterprise."
636,3243,2015-01-24 05:15:26.000,"I'm afraid I still don't understand, sir. Well, that's certainly good to know."
633,3222,2015-12-07 03:27:07.000,"Maybe if we felt any human loss as keenly as we feel one of those close to us, human history would be far less bloody."
633,3223,2016-06-06 16:49:26.000,Travel time to the nearest starbase? The Federation's gone; the Borg is everywhere!
633,3224,2016-09-28 04:34:08.000,"Maybe if we felt any human loss as keenly as we feel one of those close to us, human history would be far less bloody."
640,3256,2015-01-13 04:05:51.000,"I'm afraid I still don't understand, sir. Well, that's certainly good to know."
640,3257,2017-01-18 13:20:15.000,"I suggest you drop it, Mr. Data. Mr. Worf, you sound like a man who's asking his friend if he can start dating his sister."
640,3258,2015-10-22 13:12:41.000,"Fate. It protects fools, little children, and ships named Enterprise."
640,3259,2016-01-18 04:59:25.000,Flair is what marks the difference between artistry and mere competence.
640,3260,2016-08-20 12:15:21.000,"I'm afraid I still don't understand, sir. Well, that's certainly good to know."
640,3261,2015-12-23 07:40:52.000,Flair is what marks the difference between artistry and mere competence.
640,3262,2015-08-27 23:38:12.000,"Maybe if we felt any human loss as keenly as we feel one of those close to us, human history would be far less bloody."
640,3263,2016-06-26 11:32:17.000,"Maybe if we felt any human loss as keenly as we feel one of those close to us, human history would be far less bloody."
641,3264,2015-10-24 08:16:19.000,"I suggest you drop it, Mr. Data. Mr. Worf, you sound like a man who's asking his friend if he can start dating his sister."
637,3244,2016-03-19 20:54:03.000,"I suggest you drop it, Mr. Data. Mr. Worf, you sound like a man who's asking his friend if he can start dating his sister."
637,3245,2015-01-07 21:55:44.000,"Maybe if we felt any human loss as keenly as we feel one of those close to us, human history would be far less bloody."
637,3247,2015-09-12 12:02:27.000,"I'm afraid I still don't understand, sir. Well, that's certainly good to know."
637,3249,2016-01-10 21:30:42.000,Travel time to the nearest starbase? The Federation's gone; the Borg is everywhere!
639,3250,2016-10-19 21:10:55.000,"For an android with no feelings, he sure managed to evoke them in others."
639,3251,2017-02-27 11:39:16.000,I'll alert the crew. When has justice ever been as simple as a rule book?
639,3252,2016-02-28 13:39:41.000,Travel time to the nearest starbase? The Federation's gone; the Borg is everywhere!
639,3253,2015-05-26 08:30:31.000,"Maybe if we felt any human loss as keenly as we feel one of those close to us, human history would be far less bloody."
643,3265,2015-03-29 09:56:29.000,"I suggest you drop it, Mr. Data. Mr. Worf, you sound like a man who's asking his friend if he can start dating his sister."
639,3254,2015-04-02 08:48:04.000,"I'm afraid I still don't understand, sir. Well, that's certainly good to know."
643,3266,2015-07-15 18:40:44.000,Flair is what marks the difference between artistry and mere competence.
639,3255,2015-10-21 07:46:23.000,"I suggest you drop it, Mr. Data. Mr. Worf, you sound like a man who's asking his friend if he can start dating his sister."
643,3267,2015-06-19 22:59:29.000,"I'm afraid I still don't understand, sir. Well, that's certainly good to know."
643,3268,2016-08-01 09:00:51.000,"For an android with no feelings, he sure managed to evoke them in others."
643,3269,2015-03-12 08:19:26.000,"I've had twelve years to think about it. And if I had it to do over again, I would have grabbed the phaser and pointed it at you instead of them."
643,3270,2016-05-28 14:57:45.000,"Fate. It protects fools, little children, and ships named Enterprise."
643,3271,2016-05-01 08:46:18.000,"I suggest you drop it, Mr. Data. Mr. Worf, you sound like a man who's asking his friend if he can start dating his sister."
643,3272,2017-02-03 23:09:52.000,"I suggest you drop it, Mr. Data. Mr. Worf, you sound like a man who's asking his friend if he can start dating his sister."
645,3275,2015-08-07 23:51:28.000,Flair is what marks the difference between artistry and mere competence.
645,3276,2017-01-22 12:44:38.000,Travel time to the nearest starbase? The Federation's gone; the Borg is everywhere!
643,3273,2015-10-07 12:50:39.000,Flair is what marks the difference between artistry and mere competence.
645,3277,2015-04-18 13:37:39.000,"I suggest you drop it, Mr. Data. Mr. Worf, you sound like a man who's asking his friend if he can start dating his sister."
643,3274,2016-09-01 09:39:42.000,I'll alert the crew. When has justice ever been as simple as a rule book?
645,3278,2016-07-13 21:33:38.000,"I suggest you drop it, Mr. Data. Mr. Worf, you sound like a man who's asking his friend if he can start dating his sister."
645,3279,2017-01-09 08:50:21.000,"I've had twelve years to think about it. And if I had it to do over again, I would have grabbed the phaser and pointed it at you instead of them."
630,3241,2016-12-04 15:48:12.000,"I'm afraid I still don't understand, sir. Well, that's certainly good to know."
631,3217,2016-11-24 21:26:14.000,"I suggest you drop it, Mr. Data. Mr. Worf, you sound like a man who's asking his friend if he can start dating his sister."
631,3218,2015-12-06 13:16:44.000,I'll alert the crew. When has justice ever been as simple as a rule book?
631,3236,2015-09-07 15:23:28.000,"Maybe if we felt any human loss as keenly as we feel one of those close to us, human history would be far less bloody."
631,3237,2016-06-08 20:42:12.000,"For an android with no feelings, he sure managed to evoke them in others."
631,3238,2015-12-04 15:20:49.000,"I'm afraid I still don't understand, sir. Well, that's certainly good to know."
631,3239,2016-07-07 06:22:07.000,"Fate. It protects fools, little children, and ships named Enterprise."
631,3240,2015-04-29 08:38:48.000,I'll alert the crew. When has justice ever been as simple as a rule book?
647,3289,2016-03-31 11:07:53.000,Flair is what marks the difference between artistry and mere competence.
647,3290,2016-03-18 21:33:17.000,Flair is what marks the difference between artistry and mere competence.
647,3291,2016-06-17 01:19:50.000,"I'm afraid I still don't understand, sir. Well, that's certainly good to know."
647,3292,2016-03-05 15:49:58.000,"I suggest you drop it, Mr. Data. Mr. Worf, you sound like a man who's asking his friend if he can start dating his sister."
646,3280,2015-05-15 15:12:52.000,"Maybe if we felt any human loss as keenly as we feel one of those close to us, human history would be far less bloody."
646,3281,2015-07-18 14:50:36.000,"I'm afraid I still don't understand, sir. Well, that's certainly good to know."
646,3282,2015-05-29 09:19:14.000,"For an android with no feelings, he sure managed to evoke them in others."
646,3283,2015-04-11 18:21:03.000,Flair is what marks the difference between artistry and mere competence.
646,3284,2017-02-15 22:28:16.000,"I'm afraid I still don't understand, sir. Well, that's certainly good to know."
646,3285,2015-06-04 17:09:52.000,Flair is what marks the difference between artistry and mere competence.
646,3286,2015-02-28 14:19:34.000,"I suggest you drop it, Mr. Data. Mr. Worf, you sound like a man who's asking his friend if he can start dating his sister."
646,3287,2016-09-23 18:10:45.000,Flair is what marks the difference between artistry and mere competence.
646,3288,2015-10-16 19:28:40.000,"For an android with no feelings, he sure managed to evoke them in others."
650,3295,2017-02-02 14:41:29.000,"I've had twelve years to think about it. And if I had it to do over again, I would have grabbed the phaser and pointed it at you instead of them."
652,3296,2015-04-15 21:16:36.000,I'll alert the crew. When has justice ever been as simple as a rule book?
652,3297,2016-09-14 21:59:07.000,I'll alert the crew. When has justice ever been as simple as a rule book?
652,3298,2016-12-06 22:20:25.000,Flair is what marks the difference between artistry and mere competence.
652,3299,2015-08-12 21:47:12.000,"For an android with no feelings, he sure managed to evoke them in others."
652,3301,2015-06-24 02:00:16.000,Flair is what marks the difference between artistry and mere competence.
652,3303,2015-09-30 07:25:56.000,"Maybe if we felt any human loss as keenly as we feel one of those close to us, human history would be far less bloody."
652,3305,2015-01-31 11:59:40.000,"I suggest you drop it, Mr. Data. Mr. Worf, you sound like a man who's asking his friend if he can start dating his sister."
652,3307,2015-08-20 09:32:11.000,"Maybe if we felt any human loss as keenly as we feel one of those close to us, human history would be far less bloody."
653,3312,2015-06-26 01:33:51.000,"I'm afraid I still don't understand, sir. Well, that's certainly good to know."
649,3293,2015-02-16 19:14:14.000,I'll alert the crew. When has justice ever been as simple as a rule book?
649,3294,2015-07-12 06:47:45.000,"I suggest you drop it, Mr. Data. Mr. Worf, you sound like a man who's asking his friend if he can start dating his sister."
653,3313,2015-03-19 03:37:06.000,"I'm afraid I still don't understand, sir. Well, that's certainly good to know."
653,3314,2016-01-10 13:53:25.000,"Maybe if we felt any human loss as keenly as we feel one of those close to us, human history would be far less bloody."
651,3300,2016-06-30 17:01:06.000,"I suggest you drop it, Mr. Data. Mr. Worf, you sound like a man who's asking his friend if he can start dating his sister."
651,3302,2016-02-12 13:35:17.000,"I've had twelve years to think about it. And if I had it to do over again, I would have grabbed the phaser and pointed it at you instead of them."
653,3315,2016-01-30 01:28:16.000,Flair is what marks the difference between artistry and mere competence.
651,3304,2015-08-18 09:41:17.000,Travel time to the nearest starbase? The Federation's gone; the Borg is everywhere!
653,3316,2017-02-20 07:02:24.000,"For an android with no feelings, he sure managed to evoke them in others."
655,3324,2015-08-20 00:08:14.000,"For an android with no feelings, he sure managed to evoke them in others."
651,3306,2016-04-14 18:35:23.000,Travel time to the nearest starbase? The Federation's gone; the Borg is everywhere!
653,3317,2015-10-23 06:26:19.000,"Maybe if we felt any human loss as keenly as we feel one of those close to us, human history would be far less bloody."
655,3326,2015-01-13 18:39:35.000,"Fate. It protects fools, little children, and ships named Enterprise."
651,3308,2016-09-19 19:37:13.000,I'll alert the crew. When has justice ever been as simple as a rule book?
655,3328,2015-11-22 11:47:25.000,Travel time to the nearest starbase? The Federation's gone; the Borg is everywhere!
653,3319,2015-06-10 07:37:26.000,Travel time to the nearest starbase? The Federation's gone; the Borg is everywhere!
651,3309,2015-02-06 22:40:18.000,"I'm afraid I still don't understand, sir. Well, that's certainly good to know."
655,3330,2016-05-25 01:25:41.000,I'll alert the crew. When has justice ever been as simple as a rule book?
778,3982,2015-03-09 10:34:23.000,I'll alert the crew. When has justice ever been as simple as a rule book?
778,3984,2016-08-23 06:09:29.000,Flair is what marks the difference between artistry and mere competence.
778,3986,2016-04-20 00:27:33.000,Travel time to the nearest starbase? The Federation's gone; the Borg is everywhere!
778,3988,2015-09-02 12:39:30.000,"For an android with no feelings, he sure managed to evoke them in others."
778,3990,2016-01-08 04:33:46.000,"For an android with no feelings, he sure managed to evoke them in others."
784,4020,2015-11-14 04:39:22.000,"I'm afraid I still don't understand, sir. Well, that's certainly good to know."
784,4021,2016-08-01 16:06:51.000,"I suggest you drop it, Mr. Data. Mr. Worf, you sound like a man who's asking his friend if he can start dating his sister."
784,4022,2016-02-07 03:13:32.000,"For an android with no feelings, he sure managed to evoke them in others."
784,4023,2015-02-09 06:48:55.000,I'll alert the crew. When has justice ever been as simple as a rule book?
784,4024,2016-07-19 01:14:55.000,"I'm afraid I still don't understand, sir. Well, that's certainly good to know."
784,4025,2016-02-12 06:02:14.000,"I suggest you drop it, Mr. Data. Mr. Worf, you sound like a man who's asking his friend if he can start dating his sister."
789,4044,2016-06-09 04:56:55.000,I'll alert the crew. When has justice ever been as simple as a rule book?
789,4045,2016-06-17 21:25:53.000,"For an android with no feelings, he sure managed to evoke them in others."
789,4046,2015-03-23 13:26:40.000,"Maybe if we felt any human loss as keenly as we feel one of those close to us, human history would be far less bloody."
789,4047,2017-01-21 21:25:17.000,"I've had twelve years to think about it. And if I had it to do over again, I would have grabbed the phaser and pointed it at you instead of them."
789,4048,2016-06-02 01:55:12.000,"Fate. It protects fools, little children, and ships named Enterprise."
789,4049,2016-11-26 07:52:51.000,"Maybe if we felt any human loss as keenly as we feel one of those close to us, human history would be far less bloody."
789,4050,2015-08-21 02:58:39.000,"I suggest you drop it, Mr. Data. Mr. Worf, you sound like a man who's asking his friend if he can start dating his sister."
789,4051,2015-10-28 22:33:04.000,"I've had twelve years to think about it. And if I had it to do over again, I would have grabbed the phaser and pointed it at you instead of them."
789,4052,2015-11-10 06:42:37.000,"I've had twelve years to think about it. And if I had it to do over again, I would have grabbed the phaser and pointed it at you instead of them."
787,4053,2015-11-21 20:01:16.000,"Fate. It protects fools, little children, and ships named Enterprise."
787,4054,2017-02-13 04:47:13.000,"Fate. It protects fools, little children, and ships named Enterprise."
787,4055,2017-02-16 09:16:03.000,Flair is what marks the difference between artistry and mere competence.
788,4043,2015-05-22 03:36:57.000,"I'm afraid I still don't understand, sir. Well, that's certainly good to know."
787,4056,2016-01-21 22:02:54.000,"I'm afraid I still don't understand, sir. Well, that's certainly good to know."
787,4057,2016-01-19 21:13:31.000,Travel time to the nearest starbase? The Federation's gone; the Borg is everywhere!
787,4059,2015-10-10 21:01:05.000,"I've had twelve years to think about it. And if I had it to do over again, I would have grabbed the phaser and pointed it at you instead of them."
787,4061,2015-11-09 20:08:53.000,"I'm afraid I still don't understand, sir. Well, that's certainly good to know."
787,4063,2015-12-12 05:33:27.000,"For an android with no feelings, he sure managed to evoke them in others."
787,4065,2016-10-16 15:38:28.000,Travel time to the nearest starbase? The Federation's gone; the Borg is everywhere!
790,4058,2017-01-19 20:42:40.000,Travel time to the nearest starbase? The Federation's gone; the Borg is everywhere!
790,4060,2015-08-21 10:22:50.000,"I'm afraid I still don't understand, sir. Well, that's certainly good to know."
790,4062,2015-10-24 00:28:42.000,"For an android with no feelings, he sure managed to evoke them in others."
790,4064,2016-01-24 10:03:20.000,"Maybe if we felt any human loss as keenly as we feel one of those close to us, human history would be far less bloody."
791,4066,2016-11-30 09:48:08.000,"I suggest you drop it, Mr. Data. Mr. Worf, you sound like a man who's asking his friend if he can start dating his sister."
716,3646,2016-03-09 00:56:34.000,"Fate. It protects fools, little children, and ships named Enterprise."
791,4067,2016-11-25 05:46:34.000,"I suggest you drop it, Mr. Data. Mr. Worf, you sound like a man who's asking his friend if he can start dating his sister."
785,4026,2016-06-27 02:51:47.000,"I've had twelve years to think about it. And if I had it to do over again, I would have grabbed the phaser and pointed it at you instead of them."
785,4027,2016-02-18 02:06:09.000,"I've had twelve years to think about it. And if I had it to do over again, I would have grabbed the phaser and pointed it at you instead of them."
785,4028,2015-02-18 16:32:36.000,"I'm afraid I still don't understand, sir. Well, that's certainly good to know."
785,4029,2015-05-28 08:54:39.000,"Maybe if we felt any human loss as keenly as we feel one of those close to us, human history would be far less bloody."
785,4030,2015-01-31 03:58:28.000,Travel time to the nearest starbase? The Federation's gone; the Borg is everywhere!
785,4031,2015-07-14 13:55:56.000,"I suggest you drop it, Mr. Data. Mr. Worf, you sound like a man who's asking his friend if he can start dating his sister."
785,4032,2016-04-28 23:56:41.000,"Maybe if we felt any human loss as keenly as we feel one of those close to us, human history would be far less bloody."
785,4033,2016-02-12 01:10:46.000,"Maybe if we felt any human loss as keenly as we feel one of those close to us, human history would be far less bloody."
785,4034,2015-08-20 05:01:08.000,"For an android with no feelings, he sure managed to evoke them in others."
785,4035,2016-08-24 15:39:26.000,"I suggest you drop it, Mr. Data. Mr. Worf, you sound like a man who's asking his friend if he can start dating his sister."
795,4085,2016-09-23 13:36:15.000,"Fate. It protects fools, little children, and ships named Enterprise."
795,4086,2015-12-31 02:08:27.000,I'll alert the crew. When has justice ever been as simple as a rule book?
786,4036,2015-03-31 02:45:11.000,"I'm afraid I still don't understand, sir. Well, that's certainly good to know."
786,4037,2016-01-24 05:10:30.000,"Fate. It protects fools, little children, and ships named Enterprise."
786,4038,2015-07-21 13:52:27.000,"I'm afraid I still don't understand, sir. Well, that's certainly good to know."
786,4039,2016-10-22 11:49:23.000,I'll alert the crew. When has justice ever been as simple as a rule book?
786,4040,2016-08-10 19:35:38.000,"I've had twelve years to think about it. And if I had it to do over again, I would have grabbed the phaser and pointed it at you instead of them."
786,4041,2016-10-21 01:50:18.000,"Fate. It protects fools, little children, and ships named Enterprise."
786,4042,2015-12-19 10:15:10.000,"Maybe if we felt any human loss as keenly as we feel one of those close to us, human history would be far less bloody."
792,4068,2016-02-17 00:21:15.000,"Fate. It protects fools, little children, and ships named Enterprise."
792,4069,2015-03-21 18:42:08.000,Flair is what marks the difference between artistry and mere competence.
792,4070,2015-04-06 05:24:09.000,"I've had twelve years to think about it. And if I had it to do over again, I would have grabbed the phaser and pointed it at you instead of them."
792,4071,2016-06-25 21:26:27.000,Flair is what marks the difference between artistry and mere competence.
792,4072,2015-05-02 12:45:01.000,"Fate. It protects fools, little children, and ships named Enterprise."
792,4073,2015-09-24 12:52:15.000,"I suggest you drop it, Mr. Data. Mr. Worf, you sound like a man who's asking his friend if he can start dating his sister."
792,4074,2015-09-02 09:23:56.000,Flair is what marks the difference between artistry and mere competence.
712,3620,2016-05-04 10:30:59.000,"For an android with no feelings, he sure managed to evoke them in others."
712,3621,2017-01-19 17:14:04.000,"I suggest you drop it, Mr. Data. Mr. Worf, you sound like a man who's asking his friend if he can start dating his sister."
712,3622,2016-06-10 03:06:56.000,Travel time to the nearest starbase? The Federation's gone; the Borg is everywhere!
712,3623,2016-10-26 10:04:38.000,Flair is what marks the difference between artistry and mere competence.
712,3624,2015-12-17 06:26:20.000,"Fate. It protects fools, little children, and ships named Enterprise."
712,3625,2016-10-01 15:13:29.000,"Maybe if we felt any human loss as keenly as we feel one of those close to us, human history would be far less bloody."
712,3626,2015-06-15 18:07:16.000,I'll alert the crew. When has justice ever been as simple as a rule book?
712,3627,2016-12-03 21:24:24.000,Travel time to the nearest starbase? The Federation's gone; the Borg is everywhere!
717,3649,2016-07-20 00:16:42.000,Flair is what marks the difference between artistry and mere competence.
717,3651,2016-02-01 03:32:33.000,Flair is what marks the difference between artistry and mere competence.
717,3652,2015-04-06 05:05:21.000,"I've had twelve years to think about it. And if I had it to do over again, I would have grabbed the phaser and pointed it at you instead of them."
717,3653,2015-09-12 15:50:58.000,I'll alert the crew. When has justice ever been as simple as a rule book?
717,3654,2016-03-09 23:26:33.000,"For an android with no feelings, he sure managed to evoke them in others."
717,3655,2016-08-02 18:51:23.000,I'll alert the crew. When has justice ever been as simple as a rule book?
717,3656,2015-07-20 00:08:38.000,"I've had twelve years to think about it. And if I had it to do over again, I would have grabbed the phaser and pointed it at you instead of them."
721,3680,2016-11-26 18:25:07.000,I'll alert the crew. When has justice ever been as simple as a rule book?
721,3681,2015-03-10 17:41:01.000,I'll alert the crew. When has justice ever been as simple as a rule book?
721,3682,2016-02-06 06:38:57.000,"I suggest you drop it, Mr. Data. Mr. Worf, you sound like a man who's asking his friend if he can start dating his sister."
721,3683,2016-11-06 15:43:58.000,"I suggest you drop it, Mr. Data. Mr. Worf, you sound like a man who's asking his friend if he can start dating his sister."
721,3684,2016-04-04 12:09:43.000,Flair is what marks the difference between artistry and mere competence.
721,3685,2016-05-13 12:21:16.000,"I've had twelve years to think about it. And if I had it to do over again, I would have grabbed the phaser and pointed it at you instead of them."
721,3686,2017-01-02 04:37:28.000,Travel time to the nearest starbase? The Federation's gone; the Borg is everywhere!
721,3687,2016-02-04 14:12:13.000,"Fate. It protects fools, little children, and ships named Enterprise."
721,3688,2015-02-17 22:20:24.000,Flair is what marks the difference between artistry and mere competence.
716,3644,2016-11-02 07:04:22.000,I'll alert the crew. When has justice ever been as simple as a rule book?
716,3645,2016-09-08 14:08:07.000,"I've had twelve years to think about it. And if I had it to do over again, I would have grabbed the phaser and pointed it at you instead of them."
716,3647,2016-03-11 00:25:03.000,Travel time to the nearest starbase? The Federation's gone; the Borg is everywhere!
716,3648,2015-01-16 05:41:38.000,"I'm afraid I still don't understand, sir. Well, that's certainly good to know."
716,3650,2017-01-23 02:22:24.000,Travel time to the nearest starbase? The Federation's gone; the Borg is everywhere!
722,3689,2015-08-04 20:35:57.000,I'll alert the crew. When has justice ever been as simple as a rule book?
722,3690,2016-03-13 10:03:53.000,"I'm afraid I still don't understand, sir. Well, that's certainly good to know."
722,3691,2015-12-21 10:14:49.000,"Maybe if we felt any human loss as keenly as we feel one of those close to us, human history would be far less bloody."
722,3692,2015-12-12 17:18:46.000,"Maybe if we felt any human loss as keenly as we feel one of those close to us, human history would be far less bloody."
722,3693,2016-03-20 04:08:13.000,"For an android with no feelings, he sure managed to evoke them in others."
722,3694,2016-12-14 01:41:16.000,"For an android with no feelings, he sure managed to evoke them in others."
719,3666,2015-06-04 20:08:50.000,"I'm afraid I still don't understand, sir. Well, that's certainly good to know."
722,3695,2016-10-28 10:59:42.000,Travel time to the nearest starbase? The Federation's gone; the Borg is everywhere!
719,3667,2015-10-01 03:41:43.000,"Fate. It protects fools, little children, and ships named Enterprise."
722,3696,2016-03-03 13:41:48.000,Travel time to the nearest starbase? The Federation's gone; the Borg is everywhere!
722,3697,2015-06-19 06:37:48.000,Travel time to the nearest starbase? The Federation's gone; the Borg is everywhere!
719,3668,2015-09-29 07:38:38.000,"I suggest you drop it, Mr. Data. Mr. Worf, you sound like a man who's asking his friend if he can start dating his sister."
723,3698,2017-01-07 13:10:09.000,"Fate. It protects fools, little children, and ships named Enterprise."
719,3669,2016-04-16 14:34:26.000,"Fate. It protects fools, little children, and ships named Enterprise."
723,3699,2015-08-23 20:28:03.000,"Fate. It protects fools, little children, and ships named Enterprise."
719,3670,2016-10-06 04:09:18.000,"For an android with no feelings, he sure managed to evoke them in others."
723,3700,2016-04-20 00:35:36.000,"I'm afraid I still don't understand, sir. Well, that's certainly good to know."
719,3671,2015-12-13 11:26:34.000,"I'm afraid I still don't understand, sir. Well, that's certainly good to know."
723,3701,2015-10-26 00:04:28.000,"I've had twelve years to think about it. And if I had it to do over again, I would have grabbed the phaser and pointed it at you instead of them."
719,3672,2017-01-02 19:24:02.000,Flair is what marks the difference between artistry and mere competence.
723,3702,2016-09-25 16:30:18.000,Travel time to the nearest starbase? The Federation's gone; the Borg is everywhere!
723,3703,2017-01-06 02:43:29.000,"I've had twelve years to think about it. And if I had it to do over again, I would have grabbed the phaser and pointed it at you instead of them."
723,3704,2016-04-20 09:00:34.000,Flair is what marks the difference between artistry and mere competence.
723,3705,2015-08-20 08:08:14.000,"I'm afraid I still don't understand, sir. Well, that's certainly good to know."
718,3657,2015-05-27 06:48:59.000,I'll alert the crew. When has justice ever been as simple as a rule book?
718,3658,2016-07-30 16:08:32.000,"Maybe if we felt any human loss as keenly as we feel one of those close to us, human history would be far less bloody."
718,3659,2016-01-10 22:34:37.000,"I'm afraid I still don't understand, sir. Well, that's certainly good to know."
718,3660,2015-08-11 16:38:23.000,Flair is what marks the difference between artistry and mere competence.
718,3661,2015-06-11 18:22:21.000,"Maybe if we felt any human loss as keenly as we feel one of those close to us, human history would be far less bloody."
718,3662,2015-02-19 10:25:21.000,Travel time to the nearest starbase? The Federation's gone; the Borg is everywhere!
718,3663,2015-12-11 00:33:23.000,I'll alert the crew. When has justice ever been as simple as a rule book?
718,3664,2016-03-25 20:58:07.000,I'll alert the crew. When has justice ever been as simple as a rule book?
718,3665,2016-06-30 01:34:33.000,"I suggest you drop it, Mr. Data. Mr. Worf, you sound like a man who's asking his friend if he can start dating his sister."
725,3706,2016-11-10 08:31:26.000,"I'm afraid I still don't understand, sir. Well, that's certainly good to know."
725,3707,2015-12-19 14:27:03.000,"I suggest you drop it, Mr. Data. Mr. Worf, you sound like a man who's asking his friend if he can start dating his sister."
725,3708,2015-11-14 14:03:52.000,"I suggest you drop it, Mr. Data. Mr. Worf, you sound like a man who's asking his friend if he can start dating his sister."
725,3709,2016-10-24 12:14:57.000,"I'm afraid I still don't understand, sir. Well, that's certainly good to know."
725,3710,2016-03-02 23:04:02.000,"Maybe if we felt any human loss as keenly as we feel one of those close to us, human history would be far less bloody."
726,3711,2016-11-24 20:09:46.000,Travel time to the nearest starbase? The Federation's gone; the Borg is everywhere!
726,3712,2016-10-14 01:41:03.000,"I'm afraid I still don't understand, sir. Well, that's certainly good to know."
726,3713,2016-10-05 04:21:52.000,"I suggest you drop it, Mr. Data. Mr. Worf, you sound like a man who's asking his friend if he can start dating his sister."
726,3714,2015-06-15 03:16:04.000,Flair is what marks the difference between artistry and mere competence.
726,3715,2015-12-04 17:05:27.000,"I suggest you drop it, Mr. Data. Mr. Worf, you sound like a man who's asking his friend if he can start dating his sister."
726,3716,2016-02-13 20:07:25.000,"I suggest you drop it, Mr. Data. Mr. Worf, you sound like a man who's asking his friend if he can start dating his sister."
726,3717,2016-10-11 04:28:45.000,"For an android with no feelings, he sure managed to evoke them in others."
727,3718,2016-11-12 05:35:33.000,"I'm afraid I still don't understand, sir. Well, that's certainly good to know."
727,3719,2016-11-16 13:55:33.000,"I'm afraid I still don't understand, sir. Well, that's certainly good to know."
727,3720,2016-07-05 02:33:20.000,Flair is what marks the difference between artistry and mere competence.
720,3673,2015-01-29 17:14:53.000,"Maybe if we felt any human loss as keenly as we feel one of those close to us, human history would be far less bloody."
727,3721,2016-11-01 06:51:55.000,"For an android with no feelings, he sure managed to evoke them in others."
720,3674,2015-10-02 04:14:54.000,Flair is what marks the difference between artistry and mere competence.
727,3722,2016-02-08 22:05:26.000,Flair is what marks the difference between artistry and mere competence.
779,3995,2016-06-05 22:27:15.000,I'll alert the crew. When has justice ever been as simple as a rule book?
720,3675,2016-06-22 16:03:23.000,"I suggest you drop it, Mr. Data. Mr. Worf, you sound like a man who's asking his friend if he can start dating his sister."
720,3676,2016-02-15 06:04:37.000,Travel time to the nearest starbase? The Federation's gone; the Borg is everywhere!
720,3677,2016-05-21 06:25:47.000,"Maybe if we felt any human loss as keenly as we feel one of those close to us, human history would be far less bloody."
720,3678,2015-05-20 13:02:39.000,"I've had twelve years to think about it. And if I had it to do over again, I would have grabbed the phaser and pointed it at you instead of them."
720,3679,2015-10-16 02:40:40.000,"Fate. It protects fools, little children, and ships named Enterprise."
728,3723,2015-01-11 22:14:38.000,"I suggest you drop it, Mr. Data. Mr. Worf, you sound like a man who's asking his friend if he can start dating his sister."
728,3724,2016-10-14 00:43:04.000,Travel time to the nearest starbase? The Federation's gone; the Borg is everywhere!
729,3725,2016-08-18 08:03:12.000,Flair is what marks the difference between artistry and mere competence.
729,3726,2015-07-03 22:28:42.000,I'll alert the crew. When has justice ever been as simple as a rule book?
729,3727,2015-01-29 11:26:53.000,"I've had twelve years to think about it. And if I had it to do over again, I would have grabbed the phaser and pointed it at you instead of them."
729,3729,2016-02-21 07:23:49.000,"I'm afraid I still don't understand, sir. Well, that's certainly good to know."
729,3731,2015-04-24 21:50:06.000,I'll alert the crew. When has justice ever been as simple as a rule book?
729,3733,2016-12-24 14:28:20.000,"I suggest you drop it, Mr. Data. Mr. Worf, you sound like a man who's asking his friend if he can start dating his sister."
729,3735,2015-02-19 03:32:20.000,"I'm afraid I still don't understand, sir. Well, that's certainly good to know."
730,3728,2015-10-19 13:36:24.000,"I've had twelve years to think about it. And if I had it to do over again, I would have grabbed the phaser and pointed it at you instead of them."
730,3730,2016-11-11 18:10:55.000,Flair is what marks the difference between artistry and mere competence.
730,3732,2016-05-21 16:39:02.000,"I've had twelve years to think about it. And if I had it to do over again, I would have grabbed the phaser and pointed it at you instead of them."
730,3734,2016-09-04 10:40:33.000,"Fate. It protects fools, little children, and ships named Enterprise."
730,3736,2016-07-05 00:53:14.000,"I suggest you drop it, Mr. Data. Mr. Worf, you sound like a man who's asking his friend if he can start dating his sister."
730,3737,2016-06-24 16:18:18.000,"Fate. It protects fools, little children, and ships named Enterprise."
730,3738,2015-01-28 10:08:18.000,"I've had twelve years to think about it. And if I had it to do over again, I would have grabbed the phaser and pointed it at you instead of them."
735,3758,2016-06-13 08:50:33.000,"Fate. It protects fools, little children, and ships named Enterprise."
735,3759,2015-12-10 21:42:03.000,"For an android with no feelings, he sure managed to evoke them in others."
735,3760,2016-10-16 02:49:30.000,Flair is what marks the difference between artistry and mere competence.
735,3761,2017-01-16 02:55:11.000,Travel time to the nearest starbase? The Federation's gone; the Borg is everywhere!
735,3762,2016-10-29 21:55:01.000,Flair is what marks the difference between artistry and mere competence.
735,3763,2016-09-28 18:20:38.000,I'll alert the crew. When has justice ever been as simple as a rule book?
735,3764,2015-01-19 02:39:15.000,"I've had twelve years to think about it. And if I had it to do over again, I would have grabbed the phaser and pointed it at you instead of them."
735,3765,2015-11-23 22:46:17.000,Flair is what marks the difference between artistry and mere competence.
731,3739,2015-10-21 11:05:20.000,"Maybe if we felt any human loss as keenly as we feel one of those close to us, human history would be far less bloody."
731,3740,2015-10-04 23:02:14.000,Travel time to the nearest starbase? The Federation's gone; the Borg is everywhere!
731,3741,2015-05-20 22:01:04.000,"I'm afraid I still don't understand, sir. Well, that's certainly good to know."
731,3742,2016-10-31 14:35:59.000,"For an android with no feelings, he sure managed to evoke them in others."
731,3743,2016-05-07 03:06:12.000,I'll alert the crew. When has justice ever been as simple as a rule book?
731,3744,2015-07-13 05:04:06.000,"I've had twelve years to think about it. And if I had it to do over again, I would have grabbed the phaser and pointed it at you instead of them."
731,3745,2016-12-25 15:46:20.000,"I've had twelve years to think about it. And if I had it to do over again, I would have grabbed the phaser and pointed it at you instead of them."
731,3746,2015-01-09 05:20:09.000,"I've had twelve years to think about it. And if I had it to do over again, I would have grabbed the phaser and pointed it at you instead of them."
731,3747,2016-09-15 07:56:40.000,"Fate. It protects fools, little children, and ships named Enterprise."
738,3776,2017-01-25 20:03:15.000,"Maybe if we felt any human loss as keenly as we feel one of those close to us, human history would be far less bloody."
738,3777,2016-05-09 04:13:01.000,"I've had twelve years to think about it. And if I had it to do over again, I would have grabbed the phaser and pointed it at you instead of them."
738,3778,2016-03-31 12:11:51.000,I'll alert the crew. When has justice ever been as simple as a rule book?
738,3779,2016-01-09 06:25:48.000,"I'm afraid I still don't understand, sir. Well, that's certainly good to know."
738,3780,2016-05-01 06:23:19.000,"I'm afraid I still don't understand, sir. Well, that's certainly good to know."
738,3781,2016-08-10 19:54:32.000,I'll alert the crew. When has justice ever been as simple as a rule book?
738,3782,2016-05-18 12:56:28.000,"I'm afraid I still don't understand, sir. Well, that's certainly good to know."
738,3783,2017-02-07 20:51:23.000,Travel time to the nearest starbase? The Federation's gone; the Borg is everywhere!
733,3748,2015-03-29 20:34:39.000,"I suggest you drop it, Mr. Data. Mr. Worf, you sound like a man who's asking his friend if he can start dating his sister."
733,3749,2015-09-24 05:13:30.000,Travel time to the nearest starbase? The Federation's gone; the Borg is everywhere!
733,3750,2015-11-27 11:31:16.000,"Maybe if we felt any human loss as keenly as we feel one of those close to us, human history would be far less bloody."
741,3791,2015-02-21 11:13:21.000,I'll alert the crew. When has justice ever been as simple as a rule book?
736,3766,2015-02-25 03:27:54.000,Travel time to the nearest starbase? The Federation's gone; the Borg is everywhere!
736,3767,2016-05-18 17:12:53.000,I'll alert the crew. When has justice ever been as simple as a rule book?
749,3827,2016-03-01 02:38:09.000,Travel time to the nearest starbase? The Federation's gone; the Borg is everywhere!
736,3768,2016-11-18 18:07:49.000,"I suggest you drop it, Mr. Data. Mr. Worf, you sound like a man who's asking his friend if he can start dating his sister."
736,3769,2015-04-01 07:50:39.000,I'll alert the crew. When has justice ever been as simple as a rule book?
736,3770,2017-02-04 01:42:34.000,"I've had twelve years to think about it. And if I had it to do over again, I would have grabbed the phaser and pointed it at you instead of them."
734,3751,2016-07-06 04:06:32.000,"For an android with no feelings, he sure managed to evoke them in others."
734,3752,2016-03-21 22:23:54.000,"I've had twelve years to think about it. And if I had it to do over again, I would have grabbed the phaser and pointed it at you instead of them."
734,3753,2016-11-15 00:20:46.000,I'll alert the crew. When has justice ever been as simple as a rule book?
734,3754,2015-12-27 23:02:28.000,"For an android with no feelings, he sure managed to evoke them in others."
734,3755,2016-08-30 17:15:18.000,"Maybe if we felt any human loss as keenly as we feel one of those close to us, human history would be far less bloody."
734,3756,2017-01-27 00:19:38.000,"Fate. It protects fools, little children, and ships named Enterprise."
734,3757,2016-09-19 05:14:55.000,"For an android with no feelings, he sure managed to evoke them in others."
742,3792,2015-06-01 04:13:32.000,I'll alert the crew. When has justice ever been as simple as a rule book?
742,3793,2015-02-24 19:39:17.000,Travel time to the nearest starbase? The Federation's gone; the Borg is everywhere!
742,3794,2016-12-13 23:22:31.000,"I'm afraid I still don't understand, sir. Well, that's certainly good to know."
742,3795,2016-09-20 02:52:11.000,"I suggest you drop it, Mr. Data. Mr. Worf, you sound like a man who's asking his friend if he can start dating his sister."
742,3796,2016-10-05 04:52:10.000,Flair is what marks the difference between artistry and mere competence.
742,3797,2016-06-22 17:56:22.000,"I'm afraid I still don't understand, sir. Well, that's certainly good to know."
742,3798,2016-09-24 13:12:53.000,I'll alert the crew. When has justice ever been as simple as a rule book?
737,3771,2016-03-11 21:55:35.000,"I've had twelve years to think about it. And if I had it to do over again, I would have grabbed the phaser and pointed it at you instead of them."
737,3772,2016-09-16 20:12:53.000,"I suggest you drop it, Mr. Data. Mr. Worf, you sound like a man who's asking his friend if he can start dating his sister."
737,3773,2016-08-22 18:59:47.000,I'll alert the crew. When has justice ever been as simple as a rule book?
737,3774,2016-12-06 14:42:17.000,"Fate. It protects fools, little children, and ships named Enterprise."
737,3775,2016-11-15 01:19:29.000,I'll alert the crew. When has justice ever been as simple as a rule book?
739,3784,2015-05-30 07:49:42.000,Travel time to the nearest starbase? The Federation's gone; the Borg is everywhere!
739,3785,2017-01-19 06:12:23.000,"Maybe if we felt any human loss as keenly as we feel one of those close to us, human history would be far less bloody."
739,3786,2015-08-05 19:11:39.000,"Fate. It protects fools, little children, and ships named Enterprise."
739,3787,2015-12-24 07:32:42.000,"I've had twelve years to think about it. And if I had it to do over again, I would have grabbed the phaser and pointed it at you instead of them."
739,3788,2015-12-10 22:21:09.000,Flair is what marks the difference between artistry and mere competence.
739,3789,2015-07-12 08:32:44.000,"I've had twelve years to think about it. And if I had it to do over again, I would have grabbed the phaser and pointed it at you instead of them."
739,3790,2015-08-10 09:54:24.000,"I suggest you drop it, Mr. Data. Mr. Worf, you sound like a man who's asking his friend if he can start dating his sister."
745,3809,2015-05-21 11:52:29.000,"Fate. It protects fools, little children, and ships named Enterprise."
745,3810,2016-04-13 12:07:34.000,"Fate. It protects fools, little children, and ships named Enterprise."
745,3811,2016-07-01 02:07:06.000,"For an android with no feelings, he sure managed to evoke them in others."
745,3812,2015-12-12 09:20:37.000,"I suggest you drop it, Mr. Data. Mr. Worf, you sound like a man who's asking his friend if he can start dating his sister."
745,3813,2016-02-27 10:55:05.000,"For an android with no feelings, he sure managed to evoke them in others."
745,3814,2015-10-30 03:34:39.000,"For an android with no feelings, he sure managed to evoke them in others."
743,3799,2015-03-18 10:10:33.000,Flair is what marks the difference between artistry and mere competence.
743,3800,2016-06-04 06:43:46.000,"I've had twelve years to think about it. And if I had it to do over again, I would have grabbed the phaser and pointed it at you instead of them."
743,3801,2016-09-09 12:06:36.000,"Maybe if we felt any human loss as keenly as we feel one of those close to us, human history would be far less bloody."
743,3802,2015-01-03 16:46:01.000,Travel time to the nearest starbase? The Federation's gone; the Borg is everywhere!
743,3803,2015-01-07 02:24:15.000,Flair is what marks the difference between artistry and mere competence.
743,3804,2015-03-11 01:09:25.000,"I've had twelve years to think about it. And if I had it to do over again, I would have grabbed the phaser and pointed it at you instead of them."
743,3805,2016-11-21 07:36:40.000,"Maybe if we felt any human loss as keenly as we feel one of those close to us, human history would be far less bloody."
743,3806,2015-08-24 05:11:30.000,"For an android with no feelings, he sure managed to evoke them in others."
743,3807,2017-02-17 00:48:27.000,I'll alert the crew. When has justice ever been as simple as a rule book?
743,3808,2015-08-26 16:03:49.000,"Fate. It protects fools, little children, and ships named Enterprise."
748,3819,2016-01-04 21:39:19.000,Travel time to the nearest starbase? The Federation's gone; the Borg is everywhere!
748,3820,2016-01-22 02:50:16.000,"I've had twelve years to think about it. And if I had it to do over again, I would have grabbed the phaser and pointed it at you instead of them."
748,3821,2015-04-05 16:06:33.000,"For an android with no feelings, he sure managed to evoke them in others."
748,3822,2016-06-18 23:28:00.000,"Fate. It protects fools, little children, and ships named Enterprise."
748,3823,2015-03-08 05:11:03.000,"Fate. It protects fools, little children, and ships named Enterprise."
748,3824,2015-09-25 08:58:06.000,"I suggest you drop it, Mr. Data. Mr. Worf, you sound like a man who's asking his friend if he can start dating his sister."
748,3825,2016-01-19 06:35:37.000,"I suggest you drop it, Mr. Data. Mr. Worf, you sound like a man who's asking his friend if he can start dating his sister."
749,3826,2017-02-12 23:17:24.000,"I suggest you drop it, Mr. Data. Mr. Worf, you sound like a man who's asking his friend if he can start dating his sister."
749,3828,2015-07-09 03:57:34.000,"Maybe if we felt any human loss as keenly as we feel one of those close to us, human history would be far less bloody."
749,3829,2015-03-21 06:58:33.000,Travel time to the nearest starbase? The Federation's gone; the Borg is everywhere!
746,3815,2017-02-18 08:29:38.000,"Maybe if we felt any human loss as keenly as we feel one of those close to us, human history would be far less bloody."
746,3816,2017-02-05 13:00:19.000,"Fate. It protects fools, little children, and ships named Enterprise."
746,3817,2015-05-08 20:37:53.000,I'll alert the crew. When has justice ever been as simple as a rule book?
746,3818,2015-12-28 12:13:26.000,Travel time to the nearest starbase? The Federation's gone; the Borg is everywhere!
752,3840,2015-03-24 13:30:04.000,"Maybe if we felt any human loss as keenly as we feel one of those close to us, human history would be far less bloody."
752,3842,2016-12-04 19:04:06.000,I'll alert the crew. When has justice ever been as simple as a rule book?
752,3844,2017-01-16 02:22:58.000,"I've had twelve years to think about it. And if I had it to do over again, I would have grabbed the phaser and pointed it at you instead of them."
751,3837,2016-12-25 20:57:10.000,"For an android with no feelings, he sure managed to evoke them in others."
751,3838,2016-07-04 16:00:12.000,"I'm afraid I still don't understand, sir. Well, that's certainly good to know."
750,3830,2015-12-25 11:07:56.000,"Fate. It protects fools, little children, and ships named Enterprise."
751,3839,2016-08-20 00:33:24.000,"I suggest you drop it, Mr. Data. Mr. Worf, you sound like a man who's asking his friend if he can start dating his sister."
750,3831,2016-06-03 22:25:53.000,Flair is what marks the difference between artistry and mere competence.
751,3841,2017-02-02 16:23:46.000,"Maybe if we felt any human loss as keenly as we feel one of those close to us, human history would be far less bloody."
750,3832,2016-09-13 21:01:46.000,Flair is what marks the difference between artistry and mere competence.
750,3833,2015-10-09 01:38:18.000,Travel time to the nearest starbase? The Federation's gone; the Borg is everywhere!
751,3843,2015-03-04 23:34:39.000,Travel time to the nearest starbase? The Federation's gone; the Borg is everywhere!
750,3834,2016-02-18 04:48:15.000,"I'm afraid I still don't understand, sir. Well, that's certainly good to know."
750,3835,2016-06-30 22:27:39.000,"I'm afraid I still don't understand, sir. Well, that's certainly good to know."
750,3836,2016-01-15 07:32:24.000,Travel time to the nearest starbase? The Federation's gone; the Borg is everywhere!
754,3845,2015-11-17 17:17:15.000,Flair is what marks the difference between artistry and mere competence.
754,3847,2015-01-04 06:32:46.000,"I've had twelve years to think about it. And if I had it to do over again, I would have grabbed the phaser and pointed it at you instead of them."
754,3849,2017-02-17 06:57:26.000,"I suggest you drop it, Mr. Data. Mr. Worf, you sound like a man who's asking his friend if he can start dating his sister."
754,3852,2015-09-07 13:36:22.000,"Fate. It protects fools, little children, and ships named Enterprise."
754,3856,2016-07-16 03:58:28.000,"I'm afraid I still don't understand, sir. Well, that's certainly good to know."
754,3858,2016-08-07 16:17:38.000,"I'm afraid I still don't understand, sir. Well, that's certainly good to know."
754,3862,2015-02-28 09:09:53.000,"I suggest you drop it, Mr. Data. Mr. Worf, you sound like a man who's asking his friend if he can start dating his sister."
754,3864,2016-05-30 05:07:26.000,"Maybe if we felt any human loss as keenly as we feel one of those close to us, human history would be far less bloody."
754,3866,2016-09-18 16:03:42.000,"Maybe if we felt any human loss as keenly as we feel one of those close to us, human history would be far less bloody."
757,3874,2015-05-09 03:18:25.000,I'll alert the crew. When has justice ever been as simple as a rule book?
757,3875,2015-04-14 04:59:58.000,I'll alert the crew. When has justice ever been as simple as a rule book?
757,3876,2015-02-26 10:00:09.000,Travel time to the nearest starbase? The Federation's gone; the Borg is everywhere!
757,3877,2015-01-15 15:25:34.000,"I'm afraid I still don't understand, sir. Well, that's certainly good to know."
757,3878,2016-04-27 10:35:08.000,Travel time to the nearest starbase? The Federation's gone; the Borg is everywhere!
757,3879,2015-01-28 15:22:55.000,"For an android with no feelings, he sure managed to evoke them in others."
753,3846,2016-06-24 10:24:33.000,Flair is what marks the difference between artistry and mere competence.
753,3851,2017-01-14 07:01:19.000,"Maybe if we felt any human loss as keenly as we feel one of those close to us, human history would be far less bloody."
753,3854,2017-01-07 14:17:18.000,"For an android with no feelings, he sure managed to evoke them in others."
753,3859,2015-02-08 06:07:31.000,"I've had twelve years to think about it. And if I had it to do over again, I would have grabbed the phaser and pointed it at you instead of them."
753,3861,2015-12-15 00:58:36.000,"For an android with no feelings, he sure managed to evoke them in others."
753,3863,2016-09-04 06:38:02.000,"Maybe if we felt any human loss as keenly as we feel one of those close to us, human history would be far less bloody."
753,3865,2016-10-02 04:46:24.000,"I'm afraid I still don't understand, sir. Well, that's certainly good to know."
753,3867,2016-06-13 17:51:00.000,Flair is what marks the difference between artistry and mere competence.
761,3898,2015-03-31 04:51:16.000,"Fate. It protects fools, little children, and ships named Enterprise."
761,3899,2015-11-23 11:38:58.000,"I've had twelve years to think about it. And if I had it to do over again, I would have grabbed the phaser and pointed it at you instead of them."
761,3900,2015-02-23 11:34:47.000,"I suggest you drop it, Mr. Data. Mr. Worf, you sound like a man who's asking his friend if he can start dating his sister."
761,3901,2016-02-20 08:55:12.000,"For an android with no feelings, he sure managed to evoke them in others."
761,3902,2016-03-13 06:33:02.000,"For an android with no feelings, he sure managed to evoke them in others."
761,3903,2015-10-06 17:14:25.000,"I've had twelve years to think about it. And if I had it to do over again, I would have grabbed the phaser and pointed it at you instead of them."
761,3904,2016-06-21 07:41:58.000,"I've had twelve years to think about it. And if I had it to do over again, I would have grabbed the phaser and pointed it at you instead of them."
756,3868,2016-05-21 15:19:53.000,"Fate. It protects fools, little children, and ships named Enterprise."
756,3869,2015-03-20 15:08:11.000,Travel time to the nearest starbase? The Federation's gone; the Borg is everywhere!
756,3870,2017-01-03 05:36:39.000,"For an android with no feelings, he sure managed to evoke them in others."
756,3871,2015-10-21 13:45:44.000,"Maybe if we felt any human loss as keenly as we feel one of those close to us, human history would be far less bloody."
756,3872,2016-08-15 02:48:29.000,I'll alert the crew. When has justice ever been as simple as a rule book?
756,3873,2016-06-04 13:19:35.000,"I'm afraid I still don't understand, sir. Well, that's certainly good to know."
755,3848,2015-02-11 03:34:02.000,"I suggest you drop it, Mr. Data. Mr. Worf, you sound like a man who's asking his friend if he can start dating his sister."
755,3850,2015-11-20 03:59:54.000,Travel time to the nearest starbase? The Federation's gone; the Borg is everywhere!
755,3853,2016-04-28 12:41:51.000,Travel time to the nearest starbase? The Federation's gone; the Borg is everywhere!
755,3855,2017-01-06 17:32:59.000,Travel time to the nearest starbase? The Federation's gone; the Borg is everywhere!
755,3857,2015-09-24 18:01:49.000,"I'm afraid I still don't understand, sir. Well, that's certainly good to know."
755,3860,2016-01-13 12:48:35.000,"Fate. It protects fools, little children, and ships named Enterprise."
760,3886,2016-11-29 18:51:10.000,"I've had twelve years to think about it. And if I had it to do over again, I would have grabbed the phaser and pointed it at you instead of them."
760,3887,2016-02-14 22:34:31.000,"I've had twelve years to think about it. And if I had it to do over again, I would have grabbed the phaser and pointed it at you instead of them."
760,3888,2016-09-12 13:51:14.000,"Fate. It protects fools, little children, and ships named Enterprise."
760,3889,2015-03-29 08:29:44.000,"Fate. It protects fools, little children, and ships named Enterprise."
760,3891,2015-07-29 17:52:20.000,"Fate. It protects fools, little children, and ships named Enterprise."
760,3893,2016-07-15 17:06:22.000,"I've had twelve years to think about it. And if I had it to do over again, I would have grabbed the phaser and pointed it at you instead of them."
760,3895,2016-01-02 09:13:51.000,"Fate. It protects fools, little children, and ships named Enterprise."
763,3905,2016-06-15 16:01:51.000,Travel time to the nearest starbase? The Federation's gone; the Borg is everywhere!
763,3906,2015-07-15 13:00:57.000,"Fate. It protects fools, little children, and ships named Enterprise."
763,3907,2015-10-22 15:19:53.000,"I suggest you drop it, Mr. Data. Mr. Worf, you sound like a man who's asking his friend if he can start dating his sister."
763,3909,2015-06-06 13:06:07.000,"I suggest you drop it, Mr. Data. Mr. Worf, you sound like a man who's asking his friend if he can start dating his sister."
763,3911,2015-12-18 23:19:44.000,I'll alert the crew. When has justice ever been as simple as a rule book?
763,3913,2015-08-17 19:40:51.000,"Fate. It protects fools, little children, and ships named Enterprise."
765,3917,2016-07-20 08:45:29.000,"Maybe if we felt any human loss as keenly as we feel one of those close to us, human history would be far less bloody."
765,3918,2016-12-10 10:37:00.000,"I'm afraid I still don't understand, sir. Well, that's certainly good to know."
765,3919,2016-07-17 18:41:27.000,"I'm afraid I still don't understand, sir. Well, that's certainly good to know."
758,3880,2016-11-24 20:01:25.000,"I'm afraid I still don't understand, sir. Well, that's certainly good to know."
758,3881,2017-02-19 01:38:02.000,"For an android with no feelings, he sure managed to evoke them in others."
758,3882,2015-05-04 06:26:23.000,"For an android with no feelings, he sure managed to evoke them in others."
758,3883,2016-09-25 18:21:47.000,Flair is what marks the difference between artistry and mere competence.
758,3884,2016-05-28 07:47:13.000,"I'm afraid I still don't understand, sir. Well, that's certainly good to know."
758,3885,2015-02-24 15:33:40.000,"Fate. It protects fools, little children, and ships named Enterprise."
759,3890,2015-04-02 05:03:40.000,Travel time to the nearest starbase? The Federation's gone; the Borg is everywhere!
759,3892,2016-06-05 10:18:31.000,"Fate. It protects fools, little children, and ships named Enterprise."
759,3894,2016-03-25 20:52:19.000,"For an android with no feelings, he sure managed to evoke them in others."
759,3896,2016-05-01 21:37:55.000,"Fate. It protects fools, little children, and ships named Enterprise."
759,3897,2016-05-15 10:07:26.000,"I suggest you drop it, Mr. Data. Mr. Worf, you sound like a man who's asking his friend if he can start dating his sister."
767,3934,2015-03-21 11:46:39.000,"I'm afraid I still don't understand, sir. Well, that's certainly good to know."
767,3935,2016-01-05 13:11:53.000,Travel time to the nearest starbase? The Federation's gone; the Borg is everywhere!
767,3936,2015-08-07 01:27:16.000,"For an android with no feelings, he sure managed to evoke them in others."
767,3937,2017-02-09 07:06:59.000,Flair is what marks the difference between artistry and mere competence.
767,3938,2016-07-07 23:25:01.000,"I've had twelve years to think about it. And if I had it to do over again, I would have grabbed the phaser and pointed it at you instead of them."
767,3939,2015-05-21 11:34:31.000,"I'm afraid I still don't understand, sir. Well, that's certainly good to know."
767,3940,2015-09-13 12:23:21.000,"Fate. It protects fools, little children, and ships named Enterprise."
767,3941,2015-12-31 06:31:45.000,"For an android with no feelings, he sure managed to evoke them in others."
767,3942,2015-07-15 21:44:23.000,Flair is what marks the difference between artistry and mere competence.
766,3921,2015-09-29 18:27:28.000,"For an android with no feelings, he sure managed to evoke them in others."
766,3924,2015-09-01 01:57:26.000,"Maybe if we felt any human loss as keenly as we feel one of those close to us, human history would be far less bloody."
766,3927,2016-03-21 13:42:53.000,"I'm afraid I still don't understand, sir. Well, that's certainly good to know."
766,3928,2015-02-04 06:53:02.000,"I'm afraid I still don't understand, sir. Well, that's certainly good to know."
766,3929,2016-05-08 01:33:24.000,"I've had twelve years to think about it. And if I had it to do over again, I would have grabbed the phaser and pointed it at you instead of them."
766,3930,2016-10-24 07:47:09.000,"Fate. It protects fools, little children, and ships named Enterprise."
766,3931,2015-11-19 12:09:55.000,I'll alert the crew. When has justice ever been as simple as a rule book?
766,3932,2016-11-11 04:17:47.000,"Fate. It protects fools, little children, and ships named Enterprise."
766,3933,2016-07-24 08:33:45.000,"For an android with no feelings, he sure managed to evoke them in others."
762,3908,2015-04-22 17:57:02.000,"I've had twelve years to think about it. And if I had it to do over again, I would have grabbed the phaser and pointed it at you instead of them."
762,3910,2016-11-03 19:43:52.000,I'll alert the crew. When has justice ever been as simple as a rule book?
771,3950,2015-10-16 17:51:43.000,Travel time to the nearest starbase? The Federation's gone; the Borg is everywhere!
762,3912,2016-11-23 19:50:06.000,"I've had twelve years to think about it. And if I had it to do over again, I would have grabbed the phaser and pointed it at you instead of them."
771,3951,2015-05-03 17:07:28.000,Flair is what marks the difference between artistry and mere competence.
762,3914,2016-06-29 03:57:37.000,"Maybe if we felt any human loss as keenly as we feel one of those close to us, human history would be far less bloody."
762,3915,2015-11-19 16:28:00.000,"Fate. It protects fools, little children, and ships named Enterprise."
762,3916,2016-11-24 01:42:06.000,Flair is what marks the difference between artistry and mere competence.
775,3972,2017-01-26 21:09:00.000,"For an android with no feelings, he sure managed to evoke them in others."
764,3920,2015-12-14 14:49:53.000,"Maybe if we felt any human loss as keenly as we feel one of those close to us, human history would be far less bloody."
764,3922,2016-09-08 22:56:42.000,"For an android with no feelings, he sure managed to evoke them in others."
764,3923,2016-12-07 16:16:59.000,Travel time to the nearest starbase? The Federation's gone; the Borg is everywhere!
764,3925,2015-06-18 22:02:34.000,Flair is what marks the difference between artistry and mere competence.
764,3926,2015-01-29 21:33:57.000,"I'm afraid I still don't understand, sir. Well, that's certainly good to know."
775,3973,2015-05-20 20:10:40.000,"I'm afraid I still don't understand, sir. Well, that's certainly good to know."
774,3957,2016-04-24 02:19:13.000,"I'm afraid I still don't understand, sir. Well, that's certainly good to know."
775,3974,2016-09-04 00:11:45.000,"I've had twelve years to think about it. And if I had it to do over again, I would have grabbed the phaser and pointed it at you instead of them."
774,3958,2015-03-30 18:18:28.000,"I suggest you drop it, Mr. Data. Mr. Worf, you sound like a man who's asking his friend if he can start dating his sister."
774,3959,2015-10-26 22:31:40.000,I'll alert the crew. When has justice ever been as simple as a rule book?
775,3975,2015-02-04 19:14:08.000,"For an android with no feelings, he sure managed to evoke them in others."
774,3961,2016-12-18 11:18:46.000,Flair is what marks the difference between artistry and mere competence.
775,3976,2016-04-11 19:04:44.000,"I'm afraid I still don't understand, sir. Well, that's certainly good to know."
775,3977,2015-12-20 06:58:15.000,"I've had twelve years to think about it. And if I had it to do over again, I would have grabbed the phaser and pointed it at you instead of them."
774,3963,2017-02-10 10:20:32.000,Travel time to the nearest starbase? The Federation's gone; the Borg is everywhere!
774,3965,2016-11-25 22:55:57.000,"I've had twelve years to think about it. And if I had it to do over again, I would have grabbed the phaser and pointed it at you instead of them."
775,3978,2015-10-17 12:30:38.000,"Maybe if we felt any human loss as keenly as we feel one of those close to us, human history would be far less bloody."
774,3966,2015-10-18 15:44:48.000,"Fate. It protects fools, little children, and ships named Enterprise."
775,3979,2015-11-24 14:49:40.000,Travel time to the nearest starbase? The Federation's gone; the Borg is everywhere!
774,3968,2016-04-09 02:40:24.000,"I've had twelve years to think about it. And if I had it to do over again, I would have grabbed the phaser and pointed it at you instead of them."
770,3943,2017-01-03 03:49:23.000,Flair is what marks the difference between artistry and mere competence.
770,3944,2015-11-13 14:36:01.000,"I've had twelve years to think about it. And if I had it to do over again, I would have grabbed the phaser and pointed it at you instead of them."
770,3945,2016-10-26 04:53:40.000,"For an android with no feelings, he sure managed to evoke them in others."
770,3946,2016-04-11 00:18:50.000,"For an android with no feelings, he sure managed to evoke them in others."
770,3947,2016-09-26 18:39:09.000,"Fate. It protects fools, little children, and ships named Enterprise."
770,3948,2015-07-29 05:56:46.000,"I'm afraid I still don't understand, sir. Well, that's certainly good to know."
770,3949,2015-11-12 06:00:07.000,Flair is what marks the difference between artistry and mere competence.
780,3983,2016-08-20 09:11:37.000,"I'm afraid I still don't understand, sir. Well, that's certainly good to know."
780,3985,2015-08-10 07:57:16.000,"For an android with no feelings, he sure managed to evoke them in others."
780,3987,2016-11-11 23:24:32.000,"For an android with no feelings, he sure managed to evoke them in others."
776,3980,2015-12-23 20:09:46.000,"I suggest you drop it, Mr. Data. Mr. Worf, you sound like a man who's asking his friend if he can start dating his sister."
772,3952,2016-10-22 19:53:39.000,I'll alert the crew. When has justice ever been as simple as a rule book?
772,3953,2016-04-05 03:21:24.000,Travel time to the nearest starbase? The Federation's gone; the Borg is everywhere!
773,3955,2015-04-21 13:55:10.000,"For an android with no feelings, he sure managed to evoke them in others."
779,3989,2017-01-12 23:35:46.000,"For an android with no feelings, he sure managed to evoke them in others."
772,3954,2015-12-24 01:30:13.000,Travel time to the nearest starbase? The Federation's gone; the Borg is everywhere!
773,3956,2015-04-06 02:26:38.000,"Maybe if we felt any human loss as keenly as we feel one of those close to us, human history would be far less bloody."
773,3960,2015-04-11 14:50:03.000,I'll alert the crew. When has justice ever been as simple as a rule book?
779,3991,2015-02-24 21:09:19.000,"I've had twelve years to think about it. And if I had it to do over again, I would have grabbed the phaser and pointed it at you instead of them."
773,3962,2016-05-26 20:47:18.000,"Maybe if we felt any human loss as keenly as we feel one of those close to us, human history would be far less bloody."
779,3992,2015-07-01 13:31:59.000,"I suggest you drop it, Mr. Data. Mr. Worf, you sound like a man who's asking his friend if he can start dating his sister."
773,3964,2016-08-28 16:29:52.000,"I'm afraid I still don't understand, sir. Well, that's certainly good to know."
779,3993,2016-01-20 14:58:09.000,"I suggest you drop it, Mr. Data. Mr. Worf, you sound like a man who's asking his friend if he can start dating his sister."
773,3967,2016-08-03 02:37:05.000,"For an android with no feelings, he sure managed to evoke them in others."
773,3969,2016-12-03 11:54:08.000,Flair is what marks the difference between artistry and mere competence.
779,3994,2016-06-13 03:42:16.000,"For an android with no feelings, he sure managed to evoke them in others."
773,3970,2015-08-05 02:58:16.000,I'll alert the crew. When has justice ever been as simple as a rule book?
773,3971,2016-06-10 01:07:29.000,I'll alert the crew. When has justice ever been as simple as a rule book?
779,3996,2016-02-20 08:15:10.000,"I suggest you drop it, Mr. Data. Mr. Worf, you sound like a man who's asking his friend if he can start dating his sister."
783,4014,2015-12-01 19:02:10.000,"I suggest you drop it, Mr. Data. Mr. Worf, you sound like a man who's asking his friend if he can start dating his sister."
777,3997,2015-07-14 04:59:16.000,"I've had twelve years to think about it. And if I had it to do over again, I would have grabbed the phaser and pointed it at you instead of them."
777,3998,2015-12-10 00:01:18.000,"Maybe if we felt any human loss as keenly as we feel one of those close to us, human history would be far less bloody."
777,3999,2016-06-28 11:47:30.000,I'll alert the crew. When has justice ever been as simple as a rule book?
777,4000,2015-05-23 12:02:10.000,"Maybe if we felt any human loss as keenly as we feel one of those close to us, human history would be far less bloody."
782,4010,2016-01-18 04:51:33.000,"Maybe if we felt any human loss as keenly as we feel one of those close to us, human history would be far less bloody."
781,4001,2017-01-16 10:04:07.000,"Fate. It protects fools, little children, and ships named Enterprise."
782,4011,2015-11-14 11:34:28.000,"I'm afraid I still don't understand, sir. Well, that's certainly good to know."
781,4002,2015-11-07 20:41:39.000,"Fate. It protects fools, little children, and ships named Enterprise."
782,4012,2016-11-17 18:11:45.000,"I've had twelve years to think about it. And if I had it to do over again, I would have grabbed the phaser and pointed it at you instead of them."
781,4003,2016-11-24 13:42:30.000,"I suggest you drop it, Mr. Data. Mr. Worf, you sound like a man who's asking his friend if he can start dating his sister."
782,4013,2015-07-09 01:58:41.000,"Fate. It protects fools, little children, and ships named Enterprise."
781,4004,2016-01-27 01:44:19.000,Travel time to the nearest starbase? The Federation's gone; the Borg is everywhere!
782,4015,2016-12-07 23:10:56.000,"I'm afraid I still don't understand, sir. Well, that's certainly good to know."
781,4005,2016-11-01 10:24:18.000,"For an android with no feelings, he sure managed to evoke them in others."
782,4016,2015-12-05 20:58:38.000,"I suggest you drop it, Mr. Data. Mr. Worf, you sound like a man who's asking his friend if he can start dating his sister."
781,4006,2015-05-08 02:42:59.000,"I suggest you drop it, Mr. Data. Mr. Worf, you sound like a man who's asking his friend if he can start dating his sister."
782,4017,2015-05-27 19:25:08.000,Travel time to the nearest starbase? The Federation's gone; the Borg is everywhere!
781,4007,2015-06-14 11:52:54.000,Flair is what marks the difference between artistry and mere competence.
782,4018,2016-11-12 21:05:17.000,"Fate. It protects fools, little children, and ships named Enterprise."
781,4008,2016-04-06 06:28:03.000,"I'm afraid I still don't understand, sir. Well, that's certainly good to know."
782,4019,2015-08-29 11:37:14.000,I'll alert the crew. When has justice ever been as simple as a rule book?
781,4009,2016-08-20 06:48:16.000,Travel time to the nearest starbase? The Federation's gone; the Borg is everywhere!
778,3981,2015-01-14 03:12:15.000,"Fate. It protects fools, little children, and ships named Enterprise."
838,4281,2015-03-04 09:54:20.000,"For an android with no feelings, he sure managed to evoke them in others."
834,4270,2016-08-18 08:04:06.000,"I've had twelve years to think about it. And if I had it to do over again, I would have grabbed the phaser and pointed it at you instead of them."
838,4282,2017-02-08 09:48:40.000,I'll alert the crew. When has justice ever been as simple as a rule book?
834,4271,2017-02-10 16:20:57.000,"I'm afraid I still don't understand, sir. Well, that's certainly good to know."
838,4283,2016-10-04 06:24:06.000,"I've had twelve years to think about it. And if I had it to do over again, I would have grabbed the phaser and pointed it at you instead of them."
834,4273,2015-11-25 23:05:46.000,"For an android with no feelings, he sure managed to evoke them in others."
838,4284,2015-05-26 10:43:41.000,"Maybe if we felt any human loss as keenly as we feel one of those close to us, human history would be far less bloody."
838,4285,2017-02-18 16:10:42.000,Travel time to the nearest starbase? The Federation's gone; the Borg is everywhere!
832,4258,2015-06-06 19:11:03.000,I'll alert the crew. When has justice ever been as simple as a rule book?
832,4259,2016-12-27 18:05:44.000,"Maybe if we felt any human loss as keenly as we feel one of those close to us, human history would be far less bloody."
832,4260,2016-08-25 18:49:35.000,"Fate. It protects fools, little children, and ships named Enterprise."
832,4262,2016-04-22 13:14:07.000,Travel time to the nearest starbase? The Federation's gone; the Borg is everywhere!
832,4263,2015-08-21 08:16:03.000,"I'm afraid I still don't understand, sir. Well, that's certainly good to know."
836,4266,2015-09-14 05:14:39.000,"I suggest you drop it, Mr. Data. Mr. Worf, you sound like a man who's asking his friend if he can start dating his sister."
836,4267,2015-04-09 23:27:41.000,I'll alert the crew. When has justice ever been as simple as a rule book?
836,4268,2016-05-19 09:21:15.000,"Maybe if we felt any human loss as keenly as we feel one of those close to us, human history would be far less bloody."
836,4272,2016-12-08 16:01:24.000,Flair is what marks the difference between artistry and mere competence.
836,4274,2015-07-10 16:48:12.000,"I've had twelve years to think about it. And if I had it to do over again, I would have grabbed the phaser and pointed it at you instead of them."
836,4275,2016-08-20 03:26:28.000,"I've had twelve years to think about it. And if I had it to do over again, I would have grabbed the phaser and pointed it at you instead of them."
836,4276,2015-12-23 21:11:02.000,"I've had twelve years to think about it. And if I had it to do over again, I would have grabbed the phaser and pointed it at you instead of them."
843,4294,2015-01-28 16:36:50.000,Flair is what marks the difference between artistry and mere competence.
843,4296,2015-10-22 04:37:33.000,I'll alert the crew. When has justice ever been as simple as a rule book?
843,4297,2016-04-15 08:13:39.000,Travel time to the nearest starbase? The Federation's gone; the Borg is everywhere!
843,4299,2016-02-18 15:48:19.000,"I'm afraid I still don't understand, sir. Well, that's certainly good to know."
841,4286,2016-11-14 07:45:22.000,"I've had twelve years to think about it. And if I had it to do over again, I would have grabbed the phaser and pointed it at you instead of them."
841,4287,2015-04-01 18:14:35.000,Flair is what marks the difference between artistry and mere competence.
841,4288,2015-01-12 12:03:44.000,"I'm afraid I still don't understand, sir. Well, that's certainly good to know."
841,4289,2015-08-04 07:20:40.000,"I've had twelve years to think about it. And if I had it to do over again, I would have grabbed the phaser and pointed it at you instead of them."
841,4290,2015-05-13 11:03:57.000,"I'm afraid I still don't understand, sir. Well, that's certainly good to know."
841,4291,2016-01-24 21:03:43.000,Travel time to the nearest starbase? The Federation's gone; the Borg is everywhere!
841,4292,2015-01-06 00:00:45.000,"I suggest you drop it, Mr. Data. Mr. Worf, you sound like a man who's asking his friend if he can start dating his sister."
841,4293,2015-05-07 23:40:26.000,"Fate. It protects fools, little children, and ships named Enterprise."
841,4295,2016-10-09 21:29:01.000,"I'm afraid I still don't understand, sir. Well, that's certainly good to know."
845,4305,2016-11-19 17:14:23.000,"I'm afraid I still don't understand, sir. Well, that's certainly good to know."
845,4306,2016-12-21 11:59:22.000,"I've had twelve years to think about it. And if I had it to do over again, I would have grabbed the phaser and pointed it at you instead of them."
845,4307,2016-12-20 05:59:48.000,I'll alert the crew. When has justice ever been as simple as a rule book?
845,4308,2015-05-23 03:09:24.000,"Fate. It protects fools, little children, and ships named Enterprise."
845,4309,2015-05-13 22:41:01.000,I'll alert the crew. When has justice ever been as simple as a rule book?
845,4310,2015-03-09 16:58:25.000,Travel time to the nearest starbase? The Federation's gone; the Borg is everywhere!
845,4311,2017-01-15 16:07:20.000,Travel time to the nearest starbase? The Federation's gone; the Borg is everywhere!
845,4312,2016-04-15 14:07:49.000,I'll alert the crew. When has justice ever been as simple as a rule book?
845,4313,2015-11-19 00:21:03.000,Flair is what marks the difference between artistry and mere competence.
845,4314,2016-07-31 07:10:24.000,Flair is what marks the difference between artistry and mere competence.
844,4301,2016-11-21 04:52:06.000,"Maybe if we felt any human loss as keenly as we feel one of those close to us, human history would be far less bloody."
844,4302,2016-10-25 18:30:27.000,"I suggest you drop it, Mr. Data. Mr. Worf, you sound like a man who's asking his friend if he can start dating his sister."
844,4303,2015-01-27 19:16:08.000,"I've had twelve years to think about it. And if I had it to do over again, I would have grabbed the phaser and pointed it at you instead of them."
844,4304,2015-12-31 23:58:07.000,Travel time to the nearest starbase? The Federation's gone; the Borg is everywhere!
847,4321,2015-12-04 04:23:51.000,Flair is what marks the difference between artistry and mere competence.
842,4298,2016-06-17 08:12:30.000,"I suggest you drop it, Mr. Data. Mr. Worf, you sound like a man who's asking his friend if he can start dating his sister."
842,4300,2015-06-10 06:39:35.000,Flair is what marks the difference between artistry and mere competence.
847,4322,2015-09-21 08:26:32.000,"Maybe if we felt any human loss as keenly as we feel one of those close to us, human history would be far less bloody."
847,4323,2015-07-09 06:38:54.000,"I've had twelve years to think about it. And if I had it to do over again, I would have grabbed the phaser and pointed it at you instead of them."
846,4315,2015-03-13 03:49:47.000,I'll alert the crew. When has justice ever been as simple as a rule book?
847,4324,2016-12-18 05:34:16.000,"For an android with no feelings, he sure managed to evoke them in others."
846,4316,2015-02-06 16:40:13.000,"I've had twelve years to think about it. And if I had it to do over again, I would have grabbed the phaser and pointed it at you instead of them."
847,4325,2015-02-02 16:17:00.000,Travel time to the nearest starbase? The Federation's gone; the Borg is everywhere!
846,4317,2015-11-19 10:11:20.000,Flair is what marks the difference between artistry and mere competence.
847,4326,2016-10-07 04:28:32.000,"I've had twelve years to think about it. And if I had it to do over again, I would have grabbed the phaser and pointed it at you instead of them."
846,4318,2015-07-02 01:11:03.000,"I suggest you drop it, Mr. Data. Mr. Worf, you sound like a man who's asking his friend if he can start dating his sister."
847,4327,2016-11-01 15:20:53.000,"For an android with no feelings, he sure managed to evoke them in others."
846,4319,2015-06-09 12:02:54.000,Travel time to the nearest starbase? The Federation's gone; the Borg is everywhere!
846,4320,2015-11-19 16:17:06.000,I'll alert the crew. When has justice ever been as simple as a rule book?
849,4333,2016-10-28 18:00:52.000,"Fate. It protects fools, little children, and ships named Enterprise."
849,4334,2017-02-27 15:26:49.000,I'll alert the crew. When has justice ever been as simple as a rule book?
849,4335,2015-06-28 19:44:11.000,I'll alert the crew. When has justice ever been as simple as a rule book?
849,4336,2016-05-25 01:16:52.000,I'll alert the crew. When has justice ever been as simple as a rule book?
849,4337,2016-03-27 17:11:25.000,"Fate. It protects fools, little children, and ships named Enterprise."
849,4338,2016-07-31 00:14:49.000,"For an android with no feelings, he sure managed to evoke them in others."
849,4339,2016-06-18 01:25:09.000,Flair is what marks the difference between artistry and mere competence.
849,4340,2016-07-31 12:13:26.000,"Maybe if we felt any human loss as keenly as we feel one of those close to us, human history would be far less bloody."
849,4341,2016-03-29 13:02:41.000,"For an android with no feelings, he sure managed to evoke them in others."
849,4342,2016-04-12 17:21:05.000,"Maybe if we felt any human loss as keenly as we feel one of those close to us, human history would be far less bloody."
848,4328,2015-07-25 08:00:43.000,"I suggest you drop it, Mr. Data. Mr. Worf, you sound like a man who's asking his friend if he can start dating his sister."
848,4329,2015-01-19 09:16:13.000,"I'm afraid I still don't understand, sir. Well, that's certainly good to know."
848,4330,2015-10-06 07:41:06.000,Travel time to the nearest starbase? The Federation's gone; the Borg is everywhere!
848,4331,2015-09-14 17:20:31.000,I'll alert the crew. When has justice ever been as simple as a rule book?
848,4332,2015-04-26 16:43:27.000,"I've had twelve years to think about it. And if I had it to do over again, I would have grabbed the phaser and pointed it at you instead of them."
850,4343,2016-02-23 02:32:26.000,"I'm afraid I still don't understand, sir. Well, that's certainly good to know."
850,4344,2016-12-22 12:19:56.000,"I suggest you drop it, Mr. Data. Mr. Worf, you sound like a man who's asking his friend if he can start dating his sister."
850,4345,2016-08-26 05:42:23.000,Travel time to the nearest starbase? The Federation's gone; the Borg is everywhere!
850,4346,2016-11-23 20:09:54.000,"I'm afraid I still don't understand, sir. Well, that's certainly good to know."
850,4347,2015-01-26 07:55:32.000,"I suggest you drop it, Mr. Data. Mr. Worf, you sound like a man who's asking his friend if he can start dating his sister."
850,4348,2016-07-12 15:53:14.000,Travel time to the nearest starbase? The Federation's gone; the Borg is everywhere!
855,4370,2016-05-22 08:49:52.000,Flair is what marks the difference between artistry and mere competence.
855,4371,2016-04-17 13:09:21.000,"I've had twelve years to think about it. And if I had it to do over again, I would have grabbed the phaser and pointed it at you instead of them."
855,4372,2016-04-12 01:07:01.000,I'll alert the crew. When has justice ever been as simple as a rule book?
855,4373,2016-03-02 02:27:03.000,"I've had twelve years to think about it. And if I had it to do over again, I would have grabbed the phaser and pointed it at you instead of them."
851,4349,2016-03-06 03:58:20.000,"I'm afraid I still don't understand, sir. Well, that's certainly good to know."
851,4350,2016-09-05 15:36:18.000,"I suggest you drop it, Mr. Data. Mr. Worf, you sound like a man who's asking his friend if he can start dating his sister."
851,4351,2016-09-17 15:47:04.000,"I've had twelve years to think about it. And if I had it to do over again, I would have grabbed the phaser and pointed it at you instead of them."
851,4352,2015-11-25 23:06:22.000,"I've had twelve years to think about it. And if I had it to do over again, I would have grabbed the phaser and pointed it at you instead of them."
851,4353,2015-08-17 07:53:37.000,"Fate. It protects fools, little children, and ships named Enterprise."
851,4354,2015-03-31 08:25:43.000,Flair is what marks the difference between artistry and mere competence.
851,4355,2015-11-28 14:21:31.000,"Fate. It protects fools, little children, and ships named Enterprise."
851,4356,2017-02-19 23:18:09.000,I'll alert the crew. When has justice ever been as simple as a rule book?
853,4357,2016-07-06 17:08:55.000,"I'm afraid I still don't understand, sir. Well, that's certainly good to know."
853,4358,2016-06-21 21:59:58.000,"For an android with no feelings, he sure managed to evoke them in others."
853,4360,2016-11-01 14:55:02.000,"I suggest you drop it, Mr. Data. Mr. Worf, you sound like a man who's asking his friend if he can start dating his sister."
853,4362,2015-03-04 10:42:33.000,Flair is what marks the difference between artistry and mere competence.
853,4364,2016-04-09 08:01:24.000,"I suggest you drop it, Mr. Data. Mr. Worf, you sound like a man who's asking his friend if he can start dating his sister."
853,4366,2015-06-28 18:45:51.000,Travel time to the nearest starbase? The Federation's gone; the Borg is everywhere!
853,4368,2015-02-16 20:02:09.000,"I've had twelve years to think about it. And if I had it to do over again, I would have grabbed the phaser and pointed it at you instead of them."
856,4377,2015-06-18 10:20:50.000,"For an android with no feelings, he sure managed to evoke them in others."
856,4378,2016-07-17 12:00:34.000,I'll alert the crew. When has justice ever been as simple as a rule book?
856,4379,2015-11-06 17:39:29.000,I'll alert the crew. When has justice ever been as simple as a rule book?
856,4380,2017-02-02 08:14:51.000,"For an android with no feelings, he sure managed to evoke them in others."
852,4359,2017-02-15 22:38:39.000,Travel time to the nearest starbase? The Federation's gone; the Borg is everywhere!
854,4361,2016-10-02 03:41:52.000,"I'm afraid I still don't understand, sir. Well, that's certainly good to know."
854,4363,2016-03-30 08:05:15.000,I'll alert the crew. When has justice ever been as simple as a rule book?
858,4388,2015-03-03 10:03:48.000,"I suggest you drop it, Mr. Data. Mr. Worf, you sound like a man who's asking his friend if he can start dating his sister."
854,4365,2015-02-04 08:52:50.000,"I suggest you drop it, Mr. Data. Mr. Worf, you sound like a man who's asking his friend if he can start dating his sister."
858,4390,2015-08-05 00:00:49.000,I'll alert the crew. When has justice ever been as simple as a rule book?
854,4367,2015-12-26 17:25:06.000,"I've had twelve years to think about it. And if I had it to do over again, I would have grabbed the phaser and pointed it at you instead of them."
854,4369,2016-12-16 15:12:09.000,"I suggest you drop it, Mr. Data. Mr. Worf, you sound like a man who's asking his friend if he can start dating his sister."
858,4392,2015-06-04 13:21:38.000,"Maybe if we felt any human loss as keenly as we feel one of those close to us, human history would be far less bloody."
858,4393,2015-06-03 12:35:36.000,"For an android with no feelings, he sure managed to evoke them in others."
854,4374,2015-01-11 06:40:58.000,"I'm afraid I still don't understand, sir. Well, that's certainly good to know."
854,4375,2015-05-13 02:52:04.000,"I've had twelve years to think about it. And if I had it to do over again, I would have grabbed the phaser and pointed it at you instead of them."
858,4394,2015-08-18 20:44:30.000,"I suggest you drop it, Mr. Data. Mr. Worf, you sound like a man who's asking his friend if he can start dating his sister."
854,4376,2016-08-30 08:26:49.000,Travel time to the nearest starbase? The Federation's gone; the Borg is everywhere!
861,4398,2016-12-22 17:09:43.000,"For an android with no feelings, he sure managed to evoke them in others."
861,4399,2016-10-02 13:19:33.000,"I'm afraid I still don't understand, sir. Well, that's certainly good to know."
861,4400,2016-03-06 08:48:28.000,I'll alert the crew. When has justice ever been as simple as a rule book?
861,4401,2016-11-05 07:30:19.000,"I suggest you drop it, Mr. Data. Mr. Worf, you sound like a man who's asking his friend if he can start dating his sister."
862,4402,2016-03-04 01:40:37.000,"I'm afraid I still don't understand, sir. Well, that's certainly good to know."
862,4403,2015-11-24 03:46:03.000,"Fate. It protects fools, little children, and ships named Enterprise."
862,4404,2017-02-27 00:50:22.000,"Fate. It protects fools, little children, and ships named Enterprise."
862,4405,2015-07-08 11:37:36.000,"I'm afraid I still don't understand, sir. Well, that's certainly good to know."
862,4406,2015-04-08 00:56:14.000,"For an android with no feelings, he sure managed to evoke them in others."
862,4407,2016-05-10 05:05:45.000,"I've had twelve years to think about it. And if I had it to do over again, I would have grabbed the phaser and pointed it at you instead of them."
862,4408,2015-12-31 08:48:53.000,"Maybe if we felt any human loss as keenly as we feel one of those close to us, human history would be far less bloody."
862,4409,2015-12-05 23:23:11.000,"I'm afraid I still don't understand, sir. Well, that's certainly good to know."
862,4410,2015-07-27 12:30:57.000,"Fate. It protects fools, little children, and ships named Enterprise."
857,4381,2015-02-04 00:15:55.000,"For an android with no feelings, he sure managed to evoke them in others."
857,4382,2016-09-08 11:29:20.000,Travel time to the nearest starbase? The Federation's gone; the Borg is everywhere!
857,4383,2016-06-27 18:14:39.000,Travel time to the nearest starbase? The Federation's gone; the Borg is everywhere!
857,4384,2015-05-15 13:03:39.000,"I'm afraid I still don't understand, sir. Well, that's certainly good to know."
857,4385,2016-07-20 17:28:27.000,"I suggest you drop it, Mr. Data. Mr. Worf, you sound like a man who's asking his friend if he can start dating his sister."
857,4386,2015-04-29 15:16:45.000,I'll alert the crew. When has justice ever been as simple as a rule book?
857,4387,2015-01-30 09:06:43.000,"Fate. It protects fools, little children, and ships named Enterprise."
857,4389,2016-05-14 16:26:51.000,"I suggest you drop it, Mr. Data. Mr. Worf, you sound like a man who's asking his friend if he can start dating his sister."
857,4391,2016-02-08 18:35:01.000,"I've had twelve years to think about it. And if I had it to do over again, I would have grabbed the phaser and pointed it at you instead of them."
865,4418,2016-05-22 22:29:47.000,"For an android with no feelings, he sure managed to evoke them in others."
865,4419,2017-01-02 13:50:58.000,"Maybe if we felt any human loss as keenly as we feel one of those close to us, human history would be far less bloody."
865,4421,2016-11-05 11:56:16.000,"Fate. It protects fools, little children, and ships named Enterprise."
865,4423,2015-01-09 16:36:57.000,"For an android with no feelings, he sure managed to evoke them in others."
859,4395,2015-10-05 07:39:24.000,"I'm afraid I still don't understand, sir. Well, that's certainly good to know."
859,4396,2016-02-26 15:56:50.000,I'll alert the crew. When has justice ever been as simple as a rule book?
859,4397,2015-08-29 04:03:51.000,Flair is what marks the difference between artistry and mere competence.
863,4411,2015-12-11 11:35:23.000,"For an android with no feelings, he sure managed to evoke them in others."
863,4412,2016-10-23 00:35:12.000,"I'm afraid I still don't understand, sir. Well, that's certainly good to know."
863,4413,2015-10-25 07:24:55.000,I'll alert the crew. When has justice ever been as simple as a rule book?
863,4414,2015-11-07 08:34:57.000,I'll alert the crew. When has justice ever been as simple as a rule book?
863,4415,2016-06-27 19:00:46.000,"Fate. It protects fools, little children, and ships named Enterprise."
863,4416,2015-02-19 05:44:52.000,"I suggest you drop it, Mr. Data. Mr. Worf, you sound like a man who's asking his friend if he can start dating his sister."
863,4417,2016-05-20 04:21:21.000,"I've had twelve years to think about it. And if I had it to do over again, I would have grabbed the phaser and pointed it at you instead of them."
863,4420,2015-02-23 18:03:40.000,Flair is what marks the difference between artistry and mere competence.
863,4424,2015-05-18 01:24:14.000,"I'm afraid I still don't understand, sir. Well, that's certainly good to know."
863,4425,2015-09-13 07:20:14.000,Flair is what marks the difference between artistry and mere competence.
870,4434,2015-06-28 01:29:30.000,"I've had twelve years to think about it. And if I had it to do over again, I would have grabbed the phaser and pointed it at you instead of them."
867,4426,2015-08-30 08:19:13.000,"Maybe if we felt any human loss as keenly as we feel one of those close to us, human history would be far less bloody."
870,4436,2016-12-08 16:20:37.000,I'll alert the crew. When has justice ever been as simple as a rule book?
867,4427,2015-10-23 10:45:00.000,"Maybe if we felt any human loss as keenly as we feel one of those close to us, human history would be far less bloody."
867,4428,2016-11-19 15:41:07.000,Flair is what marks the difference between artistry and mere competence.
870,4439,2015-04-20 12:36:50.000,Flair is what marks the difference between artistry and mere competence.
870,4441,2016-03-25 16:13:00.000,"Fate. It protects fools, little children, and ships named Enterprise."
867,4429,2015-06-16 16:40:37.000,Flair is what marks the difference between artistry and mere competence.
870,4443,2016-09-28 13:48:29.000,Travel time to the nearest starbase? The Federation's gone; the Borg is everywhere!
867,4430,2016-04-30 13:29:00.000,"I've had twelve years to think about it. And if I had it to do over again, I would have grabbed the phaser and pointed it at you instead of them."
870,4445,2016-07-31 22:41:40.000,"Fate. It protects fools, little children, and ships named Enterprise."
867,4431,2015-01-11 21:46:38.000,"I'm afraid I still don't understand, sir. Well, that's certainly good to know."
870,4447,2015-09-27 23:12:05.000,Flair is what marks the difference between artistry and mere competence.
870,4449,2015-02-17 00:07:16.000,"I'm afraid I still don't understand, sir. Well, that's certainly good to know."
878,4479,2016-05-11 21:05:35.000,Flair is what marks the difference between artistry and mere competence.
868,4432,2016-03-21 20:56:00.000,"I suggest you drop it, Mr. Data. Mr. Worf, you sound like a man who's asking his friend if he can start dating his sister."
868,4435,2015-09-27 17:20:26.000,"I suggest you drop it, Mr. Data. Mr. Worf, you sound like a man who's asking his friend if he can start dating his sister."
864,4422,2016-10-04 01:24:43.000,"I suggest you drop it, Mr. Data. Mr. Worf, you sound like a man who's asking his friend if he can start dating his sister."
868,4438,2016-07-31 06:07:01.000,"For an android with no feelings, he sure managed to evoke them in others."
868,4440,2016-06-15 11:30:25.000,"For an android with no feelings, he sure managed to evoke them in others."
878,4480,2016-03-14 23:42:00.000,"I've had twelve years to think about it. And if I had it to do over again, I would have grabbed the phaser and pointed it at you instead of them."
878,4481,2015-08-16 10:31:04.000,"I suggest you drop it, Mr. Data. Mr. Worf, you sound like a man who's asking his friend if he can start dating his sister."
878,4482,2015-12-07 09:19:38.000,"I've had twelve years to think about it. And if I had it to do over again, I would have grabbed the phaser and pointed it at you instead of them."
878,4483,2016-11-14 15:59:35.000,"Fate. It protects fools, little children, and ships named Enterprise."
878,4484,2016-06-27 01:34:08.000,"I've had twelve years to think about it. And if I had it to do over again, I would have grabbed the phaser and pointed it at you instead of them."
878,4485,2016-01-05 08:21:14.000,"I'm afraid I still don't understand, sir. Well, that's certainly good to know."
869,4433,2016-03-13 09:44:28.000,"I've had twelve years to think about it. And if I had it to do over again, I would have grabbed the phaser and pointed it at you instead of them."
869,4437,2016-06-14 20:27:13.000,"I suggest you drop it, Mr. Data. Mr. Worf, you sound like a man who's asking his friend if he can start dating his sister."
869,4442,2016-08-24 14:05:39.000,Flair is what marks the difference between artistry and mere competence.
869,4444,2015-09-16 22:18:24.000,"I'm afraid I still don't understand, sir. Well, that's certainly good to know."
869,4446,2015-12-26 10:48:03.000,"Maybe if we felt any human loss as keenly as we feel one of those close to us, human history would be far less bloody."
869,4448,2015-05-05 21:55:13.000,"Maybe if we felt any human loss as keenly as we feel one of those close to us, human history would be far less bloody."
869,4450,2017-01-26 02:35:21.000,"I suggest you drop it, Mr. Data. Mr. Worf, you sound like a man who's asking his friend if he can start dating his sister."
869,4451,2015-07-01 07:35:41.000,"I suggest you drop it, Mr. Data. Mr. Worf, you sound like a man who's asking his friend if he can start dating his sister."
869,4452,2015-06-01 17:30:40.000,"I suggest you drop it, Mr. Data. Mr. Worf, you sound like a man who's asking his friend if he can start dating his sister."
874,4460,2016-09-09 11:44:45.000,"Maybe if we felt any human loss as keenly as we feel one of those close to us, human history would be far less bloody."
874,4461,2016-04-08 10:49:16.000,"I suggest you drop it, Mr. Data. Mr. Worf, you sound like a man who's asking his friend if he can start dating his sister."
874,4462,2017-01-18 05:28:37.000,"Fate. It protects fools, little children, and ships named Enterprise."
877,4472,2015-10-05 12:05:51.000,Travel time to the nearest starbase? The Federation's gone; the Borg is everywhere!
877,4473,2015-07-19 03:45:53.000,"Fate. It protects fools, little children, and ships named Enterprise."
877,4474,2015-09-07 13:09:20.000,"Maybe if we felt any human loss as keenly as we feel one of those close to us, human history would be far less bloody."
877,4475,2015-05-23 10:10:53.000,Flair is what marks the difference between artistry and mere competence.
877,4476,2015-05-21 17:25:59.000,I'll alert the crew. When has justice ever been as simple as a rule book?
877,4477,2015-04-09 04:43:04.000,Flair is what marks the difference between artistry and mere competence.
877,4478,2016-01-15 12:24:32.000,I'll alert the crew. When has justice ever been as simple as a rule book?
876,4463,2016-06-23 01:53:09.000,Travel time to the nearest starbase? The Federation's gone; the Borg is everywhere!
876,4464,2015-04-03 07:29:42.000,"Fate. It protects fools, little children, and ships named Enterprise."
872,4453,2015-03-03 19:51:24.000,"Maybe if we felt any human loss as keenly as we feel one of those close to us, human history would be far less bloody."
876,4465,2015-10-26 00:38:02.000,"For an android with no feelings, he sure managed to evoke them in others."
872,4454,2016-03-30 11:41:07.000,I'll alert the crew. When has justice ever been as simple as a rule book?
876,4466,2016-01-08 14:51:51.000,"I'm afraid I still don't understand, sir. Well, that's certainly good to know."
872,4455,2015-02-09 12:25:56.000,"Fate. It protects fools, little children, and ships named Enterprise."
876,4467,2015-08-05 05:35:24.000,Flair is what marks the difference between artistry and mere competence.
872,4456,2015-10-12 07:24:31.000,"Fate. It protects fools, little children, and ships named Enterprise."
872,4457,2015-05-26 10:06:07.000,"Maybe if we felt any human loss as keenly as we feel one of those close to us, human history would be far less bloody."
876,4468,2015-07-05 15:41:42.000,"Maybe if we felt any human loss as keenly as we feel one of those close to us, human history would be far less bloody."
872,4458,2017-01-08 02:58:44.000,"Maybe if we felt any human loss as keenly as we feel one of those close to us, human history would be far less bloody."
876,4469,2015-10-21 11:11:04.000,"Maybe if we felt any human loss as keenly as we feel one of those close to us, human history would be far less bloody."
872,4459,2015-06-05 12:01:33.000,"I suggest you drop it, Mr. Data. Mr. Worf, you sound like a man who's asking his friend if he can start dating his sister."
876,4470,2016-04-17 06:10:02.000,"For an android with no feelings, he sure managed to evoke them in others."
876,4471,2015-04-13 15:53:40.000,Travel time to the nearest starbase? The Federation's gone; the Borg is everywhere!
879,4486,2015-07-19 19:17:51.000,"I've had twelve years to think about it. And if I had it to do over again, I would have grabbed the phaser and pointed it at you instead of them."
879,4487,2015-02-14 07:03:26.000,"I'm afraid I still don't understand, sir. Well, that's certainly good to know."
882,4493,2016-07-03 02:46:49.000,"Fate. It protects fools, little children, and ships named Enterprise."
882,4497,2016-12-19 11:03:05.000,"I suggest you drop it, Mr. Data. Mr. Worf, you sound like a man who's asking his friend if he can start dating his sister."
883,4494,2015-10-26 04:38:36.000,"I've had twelve years to think about it. And if I had it to do over again, I would have grabbed the phaser and pointed it at you instead of them."
883,4495,2016-09-04 13:10:18.000,Travel time to the nearest starbase? The Federation's gone; the Borg is everywhere!
883,4496,2015-09-13 13:02:02.000,Flair is what marks the difference between artistry and mere competence.
883,4498,2015-12-10 04:21:30.000,Travel time to the nearest starbase? The Federation's gone; the Borg is everywhere!
883,4499,2015-07-16 10:27:51.000,"I've had twelve years to think about it. And if I had it to do over again, I would have grabbed the phaser and pointed it at you instead of them."
883,4500,2016-03-21 15:55:40.000,"I've had twelve years to think about it. And if I had it to do over again, I would have grabbed the phaser and pointed it at you instead of them."
883,4501,2017-01-22 18:50:26.000,"I've had twelve years to think about it. And if I had it to do over again, I would have grabbed the phaser and pointed it at you instead of them."
887,4512,2016-05-15 12:12:19.000,"For an android with no feelings, he sure managed to evoke them in others."
881,4488,2015-02-13 02:23:00.000,"I've had twelve years to think about it. And if I had it to do over again, I would have grabbed the phaser and pointed it at you instead of them."
881,4489,2015-05-10 05:35:42.000,"Fate. It protects fools, little children, and ships named Enterprise."
881,4490,2016-03-22 23:55:45.000,"For an android with no feelings, he sure managed to evoke them in others."
881,4491,2016-02-13 23:10:24.000,"I suggest you drop it, Mr. Data. Mr. Worf, you sound like a man who's asking his friend if he can start dating his sister."
881,4492,2015-11-19 12:50:12.000,"I've had twelve years to think about it. And if I had it to do over again, I would have grabbed the phaser and pointed it at you instead of them."
887,4514,2015-10-10 08:34:14.000,"I'm afraid I still don't understand, sir. Well, that's certainly good to know."
887,4516,2016-04-20 17:14:35.000,Flair is what marks the difference between artistry and mere competence.
887,4518,2015-04-05 12:55:36.000,Flair is what marks the difference between artistry and mere competence.
888,4519,2015-08-03 12:10:27.000,"I've had twelve years to think about it. And if I had it to do over again, I would have grabbed the phaser and pointed it at you instead of them."
888,4520,2016-08-12 08:37:12.000,"Maybe if we felt any human loss as keenly as we feel one of those close to us, human history would be far less bloody."
888,4521,2016-09-21 11:29:20.000,"I've had twelve years to think about it. And if I had it to do over again, I would have grabbed the phaser and pointed it at you instead of them."
888,4522,2015-01-15 02:10:46.000,"I'm afraid I still don't understand, sir. Well, that's certainly good to know."
888,4523,2015-08-17 05:22:55.000,I'll alert the crew. When has justice ever been as simple as a rule book?
888,4524,2016-11-08 12:50:08.000,"Maybe if we felt any human loss as keenly as we feel one of those close to us, human history would be far less bloody."
888,4525,2015-04-11 07:27:24.000,Flair is what marks the difference between artistry and mere competence.
890,4527,2015-11-07 16:19:13.000,"For an android with no feelings, he sure managed to evoke them in others."
890,4528,2016-06-13 10:53:24.000,"For an android with no feelings, he sure managed to evoke them in others."
890,4529,2016-08-01 00:15:08.000,"I'm afraid I still don't understand, sir. Well, that's certainly good to know."
890,4530,2016-10-07 14:44:58.000,I'll alert the crew. When has justice ever been as simple as a rule book?
890,4531,2015-05-15 21:32:31.000,"I'm afraid I still don't understand, sir. Well, that's certainly good to know."
890,4532,2016-12-16 07:56:32.000,Flair is what marks the difference between artistry and mere competence.
893,4546,2016-07-01 19:27:41.000,"I'm afraid I still don't understand, sir. Well, that's certainly good to know."
893,4547,2016-01-18 03:31:42.000,"Maybe if we felt any human loss as keenly as we feel one of those close to us, human history would be far less bloody."
893,4548,2015-10-07 22:22:24.000,Flair is what marks the difference between artistry and mere competence.
893,4549,2016-08-23 19:25:17.000,"Maybe if we felt any human loss as keenly as we feel one of those close to us, human history would be far less bloody."
893,4550,2015-04-22 13:03:31.000,I'll alert the crew. When has justice ever been as simple as a rule book?
893,4551,2015-09-12 03:17:32.000,"I've had twelve years to think about it. And if I had it to do over again, I would have grabbed the phaser and pointed it at you instead of them."
889,4526,2016-07-14 11:51:44.000,"Fate. It protects fools, little children, and ships named Enterprise."
892,4533,2016-10-01 13:11:46.000,"For an android with no feelings, he sure managed to evoke them in others."
892,4534,2015-12-20 01:41:46.000,"I suggest you drop it, Mr. Data. Mr. Worf, you sound like a man who's asking his friend if he can start dating his sister."
892,4535,2016-02-04 22:29:22.000,Flair is what marks the difference between artistry and mere competence.
892,4536,2015-03-18 06:50:54.000,"Maybe if we felt any human loss as keenly as we feel one of those close to us, human history would be far less bloody."
892,4537,2015-03-16 11:03:49.000,"For an android with no feelings, he sure managed to evoke them in others."
892,4539,2015-01-25 02:27:00.000,Travel time to the nearest starbase? The Federation's gone; the Borg is everywhere!
892,4540,2016-06-09 07:34:53.000,"I suggest you drop it, Mr. Data. Mr. Worf, you sound like a man who's asking his friend if he can start dating his sister."
892,4541,2016-03-05 23:59:25.000,Travel time to the nearest starbase? The Federation's gone; the Borg is everywhere!
892,4545,2015-11-19 16:02:49.000,"Fate. It protects fools, little children, and ships named Enterprise."
886,4506,2016-09-04 10:51:02.000,"I suggest you drop it, Mr. Data. Mr. Worf, you sound like a man who's asking his friend if he can start dating his sister."
886,4507,2015-05-06 08:29:33.000,"I'm afraid I still don't understand, sir. Well, that's certainly good to know."
886,4508,2016-02-11 07:11:38.000,Travel time to the nearest starbase? The Federation's gone; the Borg is everywhere!
886,4509,2016-12-30 10:34:44.000,Flair is what marks the difference between artistry and mere competence.
886,4510,2015-01-28 19:09:12.000,Flair is what marks the difference between artistry and mere competence.
886,4511,2016-11-06 21:05:55.000,"I'm afraid I still don't understand, sir. Well, that's certainly good to know."
886,4513,2016-07-28 12:32:35.000,Travel time to the nearest starbase? The Federation's gone; the Borg is everywhere!
886,4515,2015-08-14 18:34:51.000,"I'm afraid I still don't understand, sir. Well, that's certainly good to know."
886,4517,2017-02-15 16:42:26.000,"I suggest you drop it, Mr. Data. Mr. Worf, you sound like a man who's asking his friend if he can start dating his sister."
885,4502,2015-01-26 17:25:36.000,"Maybe if we felt any human loss as keenly as we feel one of those close to us, human history would be far less bloody."
885,4503,2016-12-04 15:53:00.000,Flair is what marks the difference between artistry and mere competence.
885,4504,2016-11-27 11:49:58.000,"For an android with no feelings, he sure managed to evoke them in others."
885,4505,2015-12-17 15:11:56.000,"For an android with no feelings, he sure managed to evoke them in others."
898,4563,2015-01-02 10:30:44.000,Travel time to the nearest starbase? The Federation's gone; the Borg is everywhere!
898,4564,2015-08-26 01:13:30.000,"I'm afraid I still don't understand, sir. Well, that's certainly good to know."
898,4565,2016-05-13 02:13:08.000,"Maybe if we felt any human loss as keenly as we feel one of those close to us, human history would be far less bloody."
898,4566,2017-02-24 19:11:25.000,"I suggest you drop it, Mr. Data. Mr. Worf, you sound like a man who's asking his friend if he can start dating his sister."
894,4552,2015-03-15 21:44:12.000,Travel time to the nearest starbase? The Federation's gone; the Borg is everywhere!
894,4553,2016-10-28 08:34:49.000,Travel time to the nearest starbase? The Federation's gone; the Borg is everywhere!
894,4554,2015-11-07 21:28:25.000,"I've had twelve years to think about it. And if I had it to do over again, I would have grabbed the phaser and pointed it at you instead of them."
894,4556,2015-05-14 13:14:31.000,I'll alert the crew. When has justice ever been as simple as a rule book?
894,4558,2016-04-20 23:24:35.000,"I'm afraid I still don't understand, sir. Well, that's certainly good to know."
894,4560,2015-12-08 11:07:57.000,Flair is what marks the difference between artistry and mere competence.
891,4538,2016-10-24 11:09:52.000,"I suggest you drop it, Mr. Data. Mr. Worf, you sound like a man who's asking his friend if he can start dating his sister."
891,4542,2016-02-26 06:04:41.000,Travel time to the nearest starbase? The Federation's gone; the Borg is everywhere!
891,4543,2015-04-18 08:45:48.000,"I'm afraid I still don't understand, sir. Well, that's certainly good to know."
891,4544,2016-04-10 07:49:52.000,Flair is what marks the difference between artistry and mere competence.
900,4576,2016-06-16 03:29:11.000,Travel time to the nearest starbase? The Federation's gone; the Borg is everywhere!
900,4577,2016-09-25 21:46:17.000,Flair is what marks the difference between artistry and mere competence.
895,4555,2015-09-24 01:19:53.000,"Maybe if we felt any human loss as keenly as we feel one of those close to us, human history would be far less bloody."
895,4557,2015-09-18 11:45:25.000,"I'm afraid I still don't understand, sir. Well, that's certainly good to know."
895,4559,2016-03-17 18:40:27.000,"Maybe if we felt any human loss as keenly as we feel one of those close to us, human history would be far less bloody."
895,4561,2015-08-12 21:33:13.000,"Maybe if we felt any human loss as keenly as we feel one of those close to us, human history would be far less bloody."
899,4575,2015-04-19 17:44:29.000,Flair is what marks the difference between artistry and mere competence.
895,4562,2015-01-17 05:03:47.000,Travel time to the nearest starbase? The Federation's gone; the Borg is everywhere!
902,4587,2015-07-23 22:42:06.000,"I've had twelve years to think about it. And if I had it to do over again, I would have grabbed the phaser and pointed it at you instead of them."
902,4588,2015-10-15 08:03:01.000,"I'm afraid I still don't understand, sir. Well, that's certainly good to know."
902,4589,2016-02-08 20:30:12.000,"I suggest you drop it, Mr. Data. Mr. Worf, you sound like a man who's asking his friend if he can start dating his sister."
902,4591,2016-09-08 12:31:58.000,"I've had twelve years to think about it. And if I had it to do over again, I would have grabbed the phaser and pointed it at you instead of them."
902,4593,2016-03-26 09:48:15.000,Travel time to the nearest starbase? The Federation's gone; the Borg is everywhere!
792,4075,2015-05-11 14:31:46.000,"Maybe if we felt any human loss as keenly as we feel one of those close to us, human history would be far less bloody."
792,4077,2016-02-05 20:54:04.000,"Maybe if we felt any human loss as keenly as we feel one of those close to us, human history would be far less bloody."
796,4089,2015-12-25 19:46:29.000,"I suggest you drop it, Mr. Data. Mr. Worf, you sound like a man who's asking his friend if he can start dating his sister."
796,4090,2015-09-25 21:13:00.000,Flair is what marks the difference between artistry and mere competence.
796,4091,2017-02-10 03:45:25.000,"I suggest you drop it, Mr. Data. Mr. Worf, you sound like a man who's asking his friend if he can start dating his sister."
796,4092,2015-12-30 17:28:10.000,"I've had twelve years to think about it. And if I had it to do over again, I would have grabbed the phaser and pointed it at you instead of them."
797,4100,2015-04-21 17:37:23.000,I'll alert the crew. When has justice ever been as simple as a rule book?
797,4101,2016-02-25 20:01:54.000,"I'm afraid I still don't understand, sir. Well, that's certainly good to know."
797,4102,2015-07-06 23:57:45.000,Travel time to the nearest starbase? The Federation's gone; the Borg is everywhere!
797,4103,2015-09-10 13:31:59.000,Travel time to the nearest starbase? The Federation's gone; the Borg is everywhere!
797,4104,2015-07-06 04:35:00.000,"I'm afraid I still don't understand, sir. Well, that's certainly good to know."
794,4093,2016-10-11 00:02:21.000,Flair is what marks the difference between artistry and mere competence.
794,4094,2017-02-25 11:25:31.000,"I've had twelve years to think about it. And if I had it to do over again, I would have grabbed the phaser and pointed it at you instead of them."
794,4095,2015-09-15 14:37:43.000,"I've had twelve years to think about it. And if I had it to do over again, I would have grabbed the phaser and pointed it at you instead of them."
794,4096,2016-03-02 21:36:05.000,"Fate. It protects fools, little children, and ships named Enterprise."
794,4097,2015-04-01 21:09:13.000,Travel time to the nearest starbase? The Federation's gone; the Borg is everywhere!
794,4098,2016-02-09 13:13:19.000,"I've had twelve years to think about it. And if I had it to do over again, I would have grabbed the phaser and pointed it at you instead of them."
794,4099,2016-05-21 09:41:00.000,"I'm afraid I still don't understand, sir. Well, that's certainly good to know."
798,4105,2015-02-20 22:02:12.000,"Maybe if we felt any human loss as keenly as we feel one of those close to us, human history would be far less bloody."
798,4106,2016-12-30 15:48:58.000,"I suggest you drop it, Mr. Data. Mr. Worf, you sound like a man who's asking his friend if he can start dating his sister."
798,4107,2016-08-27 12:49:10.000,Flair is what marks the difference between artistry and mere competence.
798,4109,2015-11-14 08:06:15.000,"Maybe if we felt any human loss as keenly as we feel one of those close to us, human history would be far less bloody."
798,4111,2016-06-09 12:05:36.000,"Maybe if we felt any human loss as keenly as we feel one of those close to us, human history would be far less bloody."
798,4113,2016-09-09 02:10:08.000,"I've had twelve years to think about it. And if I had it to do over again, I would have grabbed the phaser and pointed it at you instead of them."
798,4115,2016-04-27 02:22:57.000,I'll alert the crew. When has justice ever been as simple as a rule book?
798,4116,2015-07-10 19:05:25.000,Flair is what marks the difference between artistry and mere competence.
798,4117,2016-07-28 05:11:41.000,"For an android with no feelings, he sure managed to evoke them in others."
799,4108,2015-12-13 21:07:08.000,Flair is what marks the difference between artistry and mere competence.
799,4110,2015-01-20 14:27:46.000,I'll alert the crew. When has justice ever been as simple as a rule book?
799,4112,2015-09-06 09:56:48.000,"Fate. It protects fools, little children, and ships named Enterprise."
799,4114,2015-03-02 13:42:03.000,Travel time to the nearest starbase? The Federation's gone; the Borg is everywhere!
801,4120,2015-03-15 08:01:20.000,"Maybe if we felt any human loss as keenly as we feel one of those close to us, human history would be far less bloody."
801,4121,2015-01-16 07:58:40.000,"I've had twelve years to think about it. And if I had it to do over again, I would have grabbed the phaser and pointed it at you instead of them."
801,4122,2016-12-11 02:26:18.000,"I suggest you drop it, Mr. Data. Mr. Worf, you sound like a man who's asking his friend if he can start dating his sister."
801,4123,2016-06-02 15:03:13.000,Flair is what marks the difference between artistry and mere competence.
803,4124,2016-05-10 02:33:20.000,"I suggest you drop it, Mr. Data. Mr. Worf, you sound like a man who's asking his friend if he can start dating his sister."
814,4173,2016-08-09 11:07:00.000,"Fate. It protects fools, little children, and ships named Enterprise."
803,4125,2015-11-16 05:47:18.000,"I've had twelve years to think about it. And if I had it to do over again, I would have grabbed the phaser and pointed it at you instead of them."
803,4126,2016-08-13 14:54:36.000,"Fate. It protects fools, little children, and ships named Enterprise."
803,4127,2016-08-05 03:49:36.000,"For an android with no feelings, he sure managed to evoke them in others."
803,4128,2015-10-12 16:33:26.000,"I suggest you drop it, Mr. Data. Mr. Worf, you sound like a man who's asking his friend if he can start dating his sister."
803,4129,2015-04-09 05:04:26.000,"Fate. It protects fools, little children, and ships named Enterprise."
803,4130,2017-02-01 00:12:16.000,"Maybe if we felt any human loss as keenly as we feel one of those close to us, human history would be far less bloody."
803,4131,2015-07-24 10:20:33.000,"I suggest you drop it, Mr. Data. Mr. Worf, you sound like a man who's asking his friend if he can start dating his sister."
793,4076,2016-11-12 12:32:44.000,Travel time to the nearest starbase? The Federation's gone; the Borg is everywhere!
793,4078,2015-12-22 19:43:22.000,"Maybe if we felt any human loss as keenly as we feel one of those close to us, human history would be far less bloody."
793,4079,2015-07-21 09:13:30.000,Flair is what marks the difference between artistry and mere competence.
804,4132,2016-06-23 08:01:28.000,I'll alert the crew. When has justice ever been as simple as a rule book?
793,4080,2016-08-31 17:48:44.000,"Maybe if we felt any human loss as keenly as we feel one of those close to us, human history would be far less bloody."
793,4081,2015-08-05 17:19:42.000,"Maybe if we felt any human loss as keenly as we feel one of those close to us, human history would be far less bloody."
793,4082,2016-01-23 06:33:17.000,"I'm afraid I still don't understand, sir. Well, that's certainly good to know."
793,4083,2016-06-20 00:39:48.000,Flair is what marks the difference between artistry and mere competence.
793,4084,2015-11-11 11:59:36.000,Flair is what marks the difference between artistry and mere competence.
793,4087,2016-01-27 10:31:51.000,"Maybe if we felt any human loss as keenly as we feel one of those close to us, human history would be far less bloody."
793,4088,2015-04-06 12:22:06.000,"Fate. It protects fools, little children, and ships named Enterprise."
802,4135,2016-04-03 07:05:01.000,Travel time to the nearest starbase? The Federation's gone; the Borg is everywhere!
802,4136,2016-08-13 17:13:53.000,Travel time to the nearest starbase? The Federation's gone; the Borg is everywhere!
804,4133,2015-02-15 22:52:36.000,Travel time to the nearest starbase? The Federation's gone; the Borg is everywhere!
800,4118,2015-08-10 12:44:04.000,Flair is what marks the difference between artistry and mere competence.
800,4119,2016-01-29 21:42:36.000,"Fate. It protects fools, little children, and ships named Enterprise."
807,4137,2015-10-07 20:38:03.000,"For an android with no feelings, he sure managed to evoke them in others."
807,4138,2016-03-01 01:25:30.000,I'll alert the crew. When has justice ever been as simple as a rule book?
806,4139,2016-08-18 16:41:49.000,"Fate. It protects fools, little children, and ships named Enterprise."
806,4140,2015-03-12 08:48:16.000,"I suggest you drop it, Mr. Data. Mr. Worf, you sound like a man who's asking his friend if he can start dating his sister."
806,4141,2016-10-21 18:55:06.000,"For an android with no feelings, he sure managed to evoke them in others."
806,4142,2016-08-29 02:59:05.000,Flair is what marks the difference between artistry and mere competence.
806,4143,2016-08-04 11:53:33.000,"For an android with no feelings, he sure managed to evoke them in others."
808,4144,2015-02-09 08:05:19.000,"Fate. It protects fools, little children, and ships named Enterprise."
808,4145,2017-01-08 20:51:04.000,"Maybe if we felt any human loss as keenly as we feel one of those close to us, human history would be far less bloody."
805,4134,2016-08-29 08:04:25.000,I'll alert the crew. When has justice ever been as simple as a rule book?
808,4146,2016-06-12 07:21:54.000,"I've had twelve years to think about it. And if I had it to do over again, I would have grabbed the phaser and pointed it at you instead of them."
808,4147,2016-11-07 10:08:18.000,I'll alert the crew. When has justice ever been as simple as a rule book?
808,4148,2015-07-23 16:26:52.000,"I'm afraid I still don't understand, sir. Well, that's certainly good to know."
808,4149,2015-08-08 07:06:47.000,"I'm afraid I still don't understand, sir. Well, that's certainly good to know."
808,4150,2015-09-16 17:27:37.000,"For an android with no feelings, he sure managed to evoke them in others."
808,4151,2015-12-24 19:15:47.000,"Maybe if we felt any human loss as keenly as we feel one of those close to us, human history would be far less bloody."
808,4152,2016-02-24 21:24:38.000,"Maybe if we felt any human loss as keenly as we feel one of those close to us, human history would be far less bloody."
811,4155,2015-11-19 00:19:16.000,"I suggest you drop it, Mr. Data. Mr. Worf, you sound like a man who's asking his friend if he can start dating his sister."
811,4156,2015-08-09 10:52:59.000,I'll alert the crew. When has justice ever been as simple as a rule book?
811,4157,2016-10-10 23:46:01.000,Travel time to the nearest starbase? The Federation's gone; the Borg is everywhere!
812,4158,2016-01-18 04:02:06.000,"I suggest you drop it, Mr. Data. Mr. Worf, you sound like a man who's asking his friend if he can start dating his sister."
812,4159,2015-07-21 11:54:49.000,Travel time to the nearest starbase? The Federation's gone; the Borg is everywhere!
812,4160,2016-05-15 22:01:05.000,Flair is what marks the difference between artistry and mere competence.
812,4161,2016-09-07 11:21:37.000,"Maybe if we felt any human loss as keenly as we feel one of those close to us, human history would be far less bloody."
816,4175,2015-04-07 01:17:02.000,Flair is what marks the difference between artistry and mere competence.
816,4176,2015-04-17 03:14:05.000,"For an android with no feelings, he sure managed to evoke them in others."
816,4177,2016-04-26 14:21:32.000,"Maybe if we felt any human loss as keenly as we feel one of those close to us, human history would be far less bloody."
816,4178,2016-09-16 09:39:47.000,"Maybe if we felt any human loss as keenly as we feel one of those close to us, human history would be far less bloody."
816,4179,2015-10-07 17:50:01.000,"I'm afraid I still don't understand, sir. Well, that's certainly good to know."
810,4153,2016-10-24 09:44:41.000,"I suggest you drop it, Mr. Data. Mr. Worf, you sound like a man who's asking his friend if he can start dating his sister."
810,4154,2016-12-28 13:32:32.000,"I'm afraid I still don't understand, sir. Well, that's certainly good to know."
814,4172,2017-02-16 09:48:53.000,"Fate. It protects fools, little children, and ships named Enterprise."
814,4174,2017-01-02 02:35:37.000,"Maybe if we felt any human loss as keenly as we feel one of those close to us, human history would be far less bloody."
813,4162,2016-10-04 01:11:52.000,I'll alert the crew. When has justice ever been as simple as a rule book?
813,4163,2016-09-14 18:46:03.000,I'll alert the crew. When has justice ever been as simple as a rule book?
813,4164,2015-01-02 18:30:11.000,"I suggest you drop it, Mr. Data. Mr. Worf, you sound like a man who's asking his friend if he can start dating his sister."
813,4165,2017-01-09 17:24:19.000,"Fate. It protects fools, little children, and ships named Enterprise."
813,4166,2016-02-28 00:04:45.000,"Fate. It protects fools, little children, and ships named Enterprise."
813,4167,2016-12-30 22:22:29.000,Travel time to the nearest starbase? The Federation's gone; the Borg is everywhere!
813,4168,2017-01-01 01:58:33.000,Travel time to the nearest starbase? The Federation's gone; the Borg is everywhere!
813,4169,2017-02-16 02:10:13.000,"Maybe if we felt any human loss as keenly as we feel one of those close to us, human history would be far less bloody."
813,4170,2016-11-22 19:45:30.000,"I'm afraid I still don't understand, sir. Well, that's certainly good to know."
813,4171,2015-01-24 03:00:29.000,Flair is what marks the difference between artistry and mere competence.
819,4182,2016-06-24 01:41:05.000,"I'm afraid I still don't understand, sir. Well, that's certainly good to know."
819,4183,2015-07-15 00:32:38.000,"Maybe if we felt any human loss as keenly as we feel one of those close to us, human history would be far less bloody."
819,4184,2016-02-23 16:09:19.000,"Fate. It protects fools, little children, and ships named Enterprise."
819,4185,2016-08-22 08:52:31.000,"For an android with no feelings, he sure managed to evoke them in others."
819,4186,2015-11-14 08:20:09.000,"I've had twelve years to think about it. And if I had it to do over again, I would have grabbed the phaser and pointed it at you instead of them."
819,4187,2016-03-02 09:57:10.000,I'll alert the crew. When has justice ever been as simple as a rule book?
819,4188,2015-10-26 02:00:58.000,"Fate. It protects fools, little children, and ships named Enterprise."
819,4189,2015-01-03 21:09:23.000,"I'm afraid I still don't understand, sir. Well, that's certainly good to know."
817,4180,2016-03-09 09:52:42.000,"Fate. It protects fools, little children, and ships named Enterprise."
819,4190,2015-08-30 06:22:30.000,"Maybe if we felt any human loss as keenly as we feel one of those close to us, human history would be far less bloody."
819,4191,2015-04-02 19:53:48.000,"I suggest you drop it, Mr. Data. Mr. Worf, you sound like a man who's asking his friend if he can start dating his sister."
817,4181,2016-09-28 03:12:00.000,Travel time to the nearest starbase? The Federation's gone; the Borg is everywhere!
820,4192,2015-06-05 20:11:49.000,"Fate. It protects fools, little children, and ships named Enterprise."
820,4193,2015-07-08 00:15:13.000,Flair is what marks the difference between artistry and mere competence.
820,4194,2016-11-09 21:49:34.000,"I suggest you drop it, Mr. Data. Mr. Worf, you sound like a man who's asking his friend if he can start dating his sister."
820,4195,2016-03-03 03:33:33.000,Travel time to the nearest starbase? The Federation's gone; the Borg is everywhere!
825,4205,2016-05-03 12:21:10.000,"I'm afraid I still don't understand, sir. Well, that's certainly good to know."
825,4207,2015-07-04 10:01:23.000,"Maybe if we felt any human loss as keenly as we feel one of those close to us, human history would be far less bloody."
825,4209,2015-01-03 20:52:46.000,"I've had twelve years to think about it. And if I had it to do over again, I would have grabbed the phaser and pointed it at you instead of them."
825,4212,2016-07-24 12:39:29.000,I'll alert the crew. When has justice ever been as simple as a rule book?
825,4222,2015-07-20 15:59:18.000,"For an android with no feelings, he sure managed to evoke them in others."
823,4204,2016-05-30 05:55:54.000,Flair is what marks the difference between artistry and mere competence.
823,4208,2016-08-11 11:42:45.000,I'll alert the crew. When has justice ever been as simple as a rule book?
823,4211,2016-03-09 11:45:03.000,Travel time to the nearest starbase? The Federation's gone; the Borg is everywhere!
823,4213,2016-07-25 09:37:34.000,Travel time to the nearest starbase? The Federation's gone; the Borg is everywhere!
823,4215,2016-09-24 17:56:36.000,Travel time to the nearest starbase? The Federation's gone; the Borg is everywhere!
823,4216,2015-05-03 02:41:02.000,"Maybe if we felt any human loss as keenly as we feel one of those close to us, human history would be far less bloody."
823,4218,2016-04-14 02:09:49.000,"Maybe if we felt any human loss as keenly as we feel one of those close to us, human history would be far less bloody."
823,4220,2016-07-17 12:34:10.000,Travel time to the nearest starbase? The Federation's gone; the Borg is everywhere!
823,4223,2015-04-16 08:17:34.000,"I'm afraid I still don't understand, sir. Well, that's certainly good to know."
823,4225,2016-05-01 01:59:12.000,"For an android with no feelings, he sure managed to evoke them in others."
824,4210,2015-05-29 07:45:46.000,"Fate. It protects fools, little children, and ships named Enterprise."
824,4214,2015-06-08 06:02:54.000,"For an android with no feelings, he sure managed to evoke them in others."
824,4217,2016-01-20 15:56:59.000,"Maybe if we felt any human loss as keenly as we feel one of those close to us, human history would be far less bloody."
824,4219,2016-02-09 20:34:28.000,"Maybe if we felt any human loss as keenly as we feel one of those close to us, human history would be far less bloody."
824,4221,2016-12-13 23:30:14.000,"I suggest you drop it, Mr. Data. Mr. Worf, you sound like a man who's asking his friend if he can start dating his sister."
824,4224,2015-03-25 21:14:32.000,"I suggest you drop it, Mr. Data. Mr. Worf, you sound like a man who's asking his friend if he can start dating his sister."
824,4226,2016-02-22 03:05:10.000,I'll alert the crew. When has justice ever been as simple as a rule book?
824,4227,2015-04-16 02:10:02.000,"Maybe if we felt any human loss as keenly as we feel one of those close to us, human history would be far less bloody."
824,4228,2016-05-18 00:32:57.000,"I'm afraid I still don't understand, sir. Well, that's certainly good to know."
830,4242,2015-06-17 01:28:47.000,"I'm afraid I still don't understand, sir. Well, that's certainly good to know."
824,4229,2015-02-10 06:44:48.000,"I suggest you drop it, Mr. Data. Mr. Worf, you sound like a man who's asking his friend if he can start dating his sister."
830,4243,2015-11-24 21:22:59.000,Flair is what marks the difference between artistry and mere competence.
830,4245,2015-01-12 03:49:54.000,"Maybe if we felt any human loss as keenly as we feel one of those close to us, human history would be far less bloody."
830,4246,2016-01-28 08:51:12.000,"For an android with no feelings, he sure managed to evoke them in others."
830,4247,2016-05-27 14:00:46.000,"For an android with no feelings, he sure managed to evoke them in others."
827,4230,2017-02-14 00:45:27.000,"Maybe if we felt any human loss as keenly as we feel one of those close to us, human history would be far less bloody."
827,4231,2015-03-03 09:56:39.000,I'll alert the crew. When has justice ever been as simple as a rule book?
822,4197,2016-06-01 16:55:54.000,"Fate. It protects fools, little children, and ships named Enterprise."
822,4198,2016-07-07 19:13:08.000,"Maybe if we felt any human loss as keenly as we feel one of those close to us, human history would be far less bloody."
822,4199,2015-01-23 19:36:01.000,"I've had twelve years to think about it. And if I had it to do over again, I would have grabbed the phaser and pointed it at you instead of them."
822,4200,2016-10-15 03:01:18.000,"I'm afraid I still don't understand, sir. Well, that's certainly good to know."
822,4201,2016-03-08 08:45:08.000,Flair is what marks the difference between artistry and mere competence.
822,4202,2015-06-26 09:34:52.000,"Maybe if we felt any human loss as keenly as we feel one of those close to us, human history would be far less bloody."
822,4203,2015-11-28 05:43:52.000,"Maybe if we felt any human loss as keenly as we feel one of those close to us, human history would be far less bloody."
822,4206,2015-12-15 21:17:50.000,Flair is what marks the difference between artistry and mere competence.
829,4236,2016-08-23 12:13:43.000,"I'm afraid I still don't understand, sir. Well, that's certainly good to know."
829,4237,2015-03-17 13:24:35.000,I'll alert the crew. When has justice ever been as simple as a rule book?
828,4232,2015-07-18 09:17:00.000,"I'm afraid I still don't understand, sir. Well, that's certainly good to know."
829,4238,2016-06-21 16:10:23.000,I'll alert the crew. When has justice ever been as simple as a rule book?
828,4233,2016-04-28 04:19:30.000,"Fate. It protects fools, little children, and ships named Enterprise."
829,4240,2016-03-04 01:58:20.000,"I suggest you drop it, Mr. Data. Mr. Worf, you sound like a man who's asking his friend if he can start dating his sister."
829,4241,2016-10-12 01:11:56.000,"I suggest you drop it, Mr. Data. Mr. Worf, you sound like a man who's asking his friend if he can start dating his sister."
828,4234,2016-08-20 21:10:30.000,Travel time to the nearest starbase? The Federation's gone; the Borg is everywhere!
828,4235,2016-04-02 21:31:36.000,Travel time to the nearest starbase? The Federation's gone; the Borg is everywhere!
828,4239,2015-01-14 00:24:39.000,"Fate. It protects fools, little children, and ships named Enterprise."
828,4244,2015-09-30 05:31:21.000,"I'm afraid I still don't understand, sir. Well, that's certainly good to know."
821,4196,2015-11-16 15:42:14.000,I'll alert the crew. When has justice ever been as simple as a rule book?
831,4248,2015-11-21 21:37:54.000,Travel time to the nearest starbase? The Federation's gone; the Borg is everywhere!
831,4249,2017-01-20 08:27:01.000,I'll alert the crew. When has justice ever been as simple as a rule book?
831,4250,2015-07-29 15:48:00.000,"I'm afraid I still don't understand, sir. Well, that's certainly good to know."
831,4251,2016-06-17 08:02:47.000,Flair is what marks the difference between artistry and mere competence.
831,4252,2015-02-04 19:25:07.000,"Maybe if we felt any human loss as keenly as we feel one of those close to us, human history would be far less bloody."
831,4253,2017-02-03 14:00:35.000,Flair is what marks the difference between artistry and mere competence.
831,4254,2015-09-04 19:47:13.000,"I'm afraid I still don't understand, sir. Well, that's certainly good to know."
831,4255,2015-02-13 10:37:14.000,"I'm afraid I still don't understand, sir. Well, that's certainly good to know."
831,4256,2017-01-27 13:28:30.000,"I'm afraid I still don't understand, sir. Well, that's certainly good to know."
831,4257,2015-12-24 03:35:06.000,Travel time to the nearest starbase? The Federation's gone; the Borg is everywhere!
833,4261,2016-11-16 02:53:19.000,"I've had twelve years to think about it. And if I had it to do over again, I would have grabbed the phaser and pointed it at you instead of them."
838,4277,2015-12-10 18:28:23.000,"I'm afraid I still don't understand, sir. Well, that's certainly good to know."
838,4278,2016-07-04 14:39:47.000,Travel time to the nearest starbase? The Federation's gone; the Borg is everywhere!
834,4264,2015-04-10 15:41:13.000,"I've had twelve years to think about it. And if I had it to do over again, I would have grabbed the phaser and pointed it at you instead of them."
838,4279,2016-08-05 19:09:19.000,"I'm afraid I still don't understand, sir. Well, that's certainly good to know."
834,4265,2016-11-07 15:02:39.000,Travel time to the nearest starbase? The Federation's gone; the Borg is everywhere!
838,4280,2016-12-13 23:21:00.000,Flair is what marks the difference between artistry and mere competence.
834,4269,2016-12-17 22:05:03.000,I'll alert the crew. When has justice ever been as simple as a rule book?
966,4931,2015-07-12 01:20:15.000,"Maybe if we felt any human loss as keenly as we feel one of those close to us, human history would be far less bloody."
966,4932,2015-12-14 11:55:36.000,"For an android with no feelings, he sure managed to evoke them in others."
966,4933,2015-06-24 14:54:33.000,"I'm afraid I still don't understand, sir. Well, that's certainly good to know."
966,4934,2015-03-01 19:18:57.000,"I'm afraid I still don't understand, sir. Well, that's certainly good to know."
966,4935,2015-10-23 11:20:37.000,"Fate. It protects fools, little children, and ships named Enterprise."
966,4936,2015-10-05 02:58:35.000,"For an android with no feelings, he sure managed to evoke them in others."
966,4937,2015-09-16 16:02:40.000,Travel time to the nearest starbase? The Federation's gone; the Borg is everywhere!
966,4938,2016-11-09 20:42:05.000,Travel time to the nearest starbase? The Federation's gone; the Borg is everywhere!
966,4939,2015-06-06 19:10:37.000,"For an android with no feelings, he sure managed to evoke them in others."
976,4978,2015-07-16 03:28:01.000,"I'm afraid I still don't understand, sir. Well, that's certainly good to know."
976,4979,2015-03-13 01:16:54.000,Flair is what marks the difference between artistry and mere competence.
976,4980,2015-01-08 19:30:17.000,"I'm afraid I still don't understand, sir. Well, that's certainly good to know."
976,4981,2016-12-31 09:53:26.000,"For an android with no feelings, he sure managed to evoke them in others."
976,4982,2015-11-13 20:58:40.000,"Fate. It protects fools, little children, and ships named Enterprise."
904,4604,2016-07-23 17:28:55.000,Travel time to the nearest starbase? The Federation's gone; the Borg is everywhere!
976,4983,2015-08-20 02:26:55.000,"I've had twelve years to think about it. And if I had it to do over again, I would have grabbed the phaser and pointed it at you instead of them."
976,4984,2016-03-25 15:22:05.000,"I've had twelve years to think about it. And if I had it to do over again, I would have grabbed the phaser and pointed it at you instead of them."
976,4985,2015-09-28 12:19:08.000,"Maybe if we felt any human loss as keenly as we feel one of those close to us, human history would be far less bloody."
976,4986,2015-07-31 06:16:56.000,I'll alert the crew. When has justice ever been as simple as a rule book?
976,4987,2016-07-25 14:09:35.000,Flair is what marks the difference between artistry and mere competence.
977,4988,2015-02-15 18:58:15.000,I'll alert the crew. When has justice ever been as simple as a rule book?
977,4989,2016-07-27 14:04:00.000,I'll alert the crew. When has justice ever been as simple as a rule book?
977,4990,2016-06-12 10:49:20.000,"Maybe if we felt any human loss as keenly as we feel one of those close to us, human history would be far less bloody."
977,4991,2016-07-27 16:07:16.000,"Maybe if we felt any human loss as keenly as we feel one of those close to us, human history would be far less bloody."
977,4992,2016-05-14 15:02:24.000,"I'm afraid I still don't understand, sir. Well, that's certainly good to know."
977,4994,2016-03-12 18:40:47.000,"I'm afraid I still don't understand, sir. Well, that's certainly good to know."
977,4996,2016-12-02 07:10:07.000,"For an android with no feelings, he sure managed to evoke them in others."
977,4998,2015-07-01 15:42:15.000,"Maybe if we felt any human loss as keenly as we feel one of those close to us, human history would be far less bloody."
977,5002,2015-03-24 03:32:36.000,"I'm afraid I still don't understand, sir. Well, that's certainly good to know."
977,5005,2015-01-04 15:44:17.000,"I suggest you drop it, Mr. Data. Mr. Worf, you sound like a man who's asking his friend if he can start dating his sister."
978,4993,2016-06-30 04:07:54.000,Travel time to the nearest starbase? The Federation's gone; the Borg is everywhere!
978,4995,2015-09-10 01:26:08.000,"I suggest you drop it, Mr. Data. Mr. Worf, you sound like a man who's asking his friend if he can start dating his sister."
978,5000,2017-01-04 08:08:01.000,"Fate. It protects fools, little children, and ships named Enterprise."
978,5003,2016-08-21 19:08:52.000,Flair is what marks the difference between artistry and mere competence.
978,5004,2015-02-22 04:13:22.000,"I'm afraid I still don't understand, sir. Well, that's certainly good to know."
973,4958,2016-11-01 09:32:55.000,"For an android with no feelings, he sure managed to evoke them in others."
978,5006,2015-03-04 07:44:17.000,"I'm afraid I still don't understand, sir. Well, that's certainly good to know."
973,4959,2017-01-06 12:36:10.000,Flair is what marks the difference between artistry and mere competence.
978,5007,2015-07-20 23:39:32.000,Flair is what marks the difference between artistry and mere competence.
973,4960,2015-08-16 23:15:18.000,"Fate. It protects fools, little children, and ships named Enterprise."
978,5008,2016-03-12 06:06:58.000,Flair is what marks the difference between artistry and mere competence.
973,4962,2015-05-29 06:05:20.000,Flair is what marks the difference between artistry and mere competence.
973,4964,2015-09-03 07:19:17.000,I'll alert the crew. When has justice ever been as simple as a rule book?
973,4966,2016-05-30 14:23:24.000,"I've had twelve years to think about it. And if I had it to do over again, I would have grabbed the phaser and pointed it at you instead of them."
973,4968,2016-04-16 21:32:14.000,"I've had twelve years to think about it. And if I had it to do over again, I would have grabbed the phaser and pointed it at you instead of them."
979,4997,2015-08-27 18:26:49.000,"For an android with no feelings, he sure managed to evoke them in others."
979,4999,2016-04-02 20:08:14.000,"I'm afraid I still don't understand, sir. Well, that's certainly good to know."
979,5001,2016-03-16 02:01:13.000,"I suggest you drop it, Mr. Data. Mr. Worf, you sound like a man who's asking his friend if he can start dating his sister."
974,4963,2015-11-08 09:22:04.000,"Fate. It protects fools, little children, and ships named Enterprise."
974,4965,2016-01-09 04:37:17.000,Flair is what marks the difference between artistry and mere competence.
974,4967,2015-10-31 10:54:55.000,I'll alert the crew. When has justice ever been as simple as a rule book?
981,5009,2015-07-21 03:21:18.000,"Fate. It protects fools, little children, and ships named Enterprise."
974,4969,2016-10-30 06:19:36.000,"I've had twelve years to think about it. And if I had it to do over again, I would have grabbed the phaser and pointed it at you instead of them."
974,4970,2015-11-13 17:58:13.000,"For an android with no feelings, he sure managed to evoke them in others."
981,5010,2016-11-01 17:04:40.000,Flair is what marks the difference between artistry and mere competence.
974,4971,2015-10-06 14:14:58.000,"I suggest you drop it, Mr. Data. Mr. Worf, you sound like a man who's asking his friend if he can start dating his sister."
981,5011,2016-05-29 00:23:22.000,"I suggest you drop it, Mr. Data. Mr. Worf, you sound like a man who's asking his friend if he can start dating his sister."
974,4972,2015-01-13 09:09:01.000,"For an android with no feelings, he sure managed to evoke them in others."
974,4973,2016-11-07 02:14:57.000,"Maybe if we felt any human loss as keenly as we feel one of those close to us, human history would be far less bloody."
984,5021,2015-06-14 09:04:35.000,I'll alert the crew. When has justice ever been as simple as a rule book?
984,5023,2015-10-13 16:58:55.000,"For an android with no feelings, he sure managed to evoke them in others."
984,5024,2016-03-23 08:16:58.000,"I've had twelve years to think about it. And if I had it to do over again, I would have grabbed the phaser and pointed it at you instead of them."
984,5025,2015-12-12 01:10:55.000,"I've had twelve years to think about it. And if I had it to do over again, I would have grabbed the phaser and pointed it at you instead of them."
984,5026,2016-11-25 14:46:57.000,"I've had twelve years to think about it. And if I had it to do over again, I would have grabbed the phaser and pointed it at you instead of them."
983,5016,2015-10-01 13:04:50.000,Travel time to the nearest starbase? The Federation's gone; the Borg is everywhere!
902,4595,2017-02-26 20:01:37.000,"Fate. It protects fools, little children, and ships named Enterprise."
902,4597,2015-06-20 23:53:55.000,"I'm afraid I still don't understand, sir. Well, that's certainly good to know."
904,4602,2016-09-25 09:42:49.000,Flair is what marks the difference between artistry and mere competence.
904,4603,2016-11-06 07:46:04.000,"I suggest you drop it, Mr. Data. Mr. Worf, you sound like a man who's asking his friend if he can start dating his sister."
904,4609,2017-02-06 23:47:09.000,"I'm afraid I still don't understand, sir. Well, that's certainly good to know."
904,4613,2017-01-02 13:36:36.000,"Maybe if we felt any human loss as keenly as we feel one of those close to us, human history would be far less bloody."
904,4617,2015-03-11 07:27:57.000,Travel time to the nearest starbase? The Federation's gone; the Borg is everywhere!
904,4618,2016-04-02 21:19:36.000,"For an android with no feelings, he sure managed to evoke them in others."
905,4605,2016-07-12 10:47:49.000,"For an android with no feelings, he sure managed to evoke them in others."
905,4606,2016-02-21 09:53:12.000,Travel time to the nearest starbase? The Federation's gone; the Borg is everywhere!
905,4607,2016-09-13 16:15:12.000,"I've had twelve years to think about it. And if I had it to do over again, I would have grabbed the phaser and pointed it at you instead of them."
905,4608,2016-03-31 12:37:49.000,"For an android with no feelings, he sure managed to evoke them in others."
905,4610,2015-07-03 22:29:14.000,"Maybe if we felt any human loss as keenly as we feel one of those close to us, human history would be far less bloody."
901,4578,2015-05-27 21:25:47.000,"Maybe if we felt any human loss as keenly as we feel one of those close to us, human history would be far less bloody."
901,4579,2017-01-13 23:06:55.000,I'll alert the crew. When has justice ever been as simple as a rule book?
905,4612,2015-06-26 19:11:01.000,"I'm afraid I still don't understand, sir. Well, that's certainly good to know."
905,4614,2015-07-31 20:02:56.000,"I'm afraid I still don't understand, sir. Well, that's certainly good to know."
901,4580,2015-03-23 11:59:08.000,"For an android with no feelings, he sure managed to evoke them in others."
901,4581,2016-05-11 16:03:13.000,I'll alert the crew. When has justice ever been as simple as a rule book?
905,4616,2016-06-08 16:26:52.000,"Maybe if we felt any human loss as keenly as we feel one of those close to us, human history would be far less bloody."
901,4582,2015-08-17 08:36:20.000,Flair is what marks the difference between artistry and mere competence.
901,4583,2015-04-09 18:17:46.000,Flair is what marks the difference between artistry and mere competence.
901,4584,2017-02-27 11:54:43.000,Travel time to the nearest starbase? The Federation's gone; the Borg is everywhere!
901,4585,2015-04-12 08:25:35.000,I'll alert the crew. When has justice ever been as simple as a rule book?
901,4586,2016-11-10 12:03:33.000,"I suggest you drop it, Mr. Data. Mr. Worf, you sound like a man who's asking his friend if he can start dating his sister."
903,4590,2015-11-17 05:57:17.000,"Maybe if we felt any human loss as keenly as we feel one of those close to us, human history would be far less bloody."
903,4592,2016-03-04 13:38:41.000,"For an android with no feelings, he sure managed to evoke them in others."
903,4594,2016-09-29 17:44:40.000,Flair is what marks the difference between artistry and mere competence.
903,4596,2015-09-20 09:24:06.000,"I've had twelve years to think about it. And if I had it to do over again, I would have grabbed the phaser and pointed it at you instead of them."
903,4598,2017-01-11 11:00:36.000,"I suggest you drop it, Mr. Data. Mr. Worf, you sound like a man who's asking his friend if he can start dating his sister."
903,4599,2015-05-11 04:13:45.000,"Fate. It protects fools, little children, and ships named Enterprise."
903,4600,2015-02-26 07:10:46.000,"For an android with no feelings, he sure managed to evoke them in others."
903,4601,2015-12-08 06:05:08.000,I'll alert the crew. When has justice ever been as simple as a rule book?
897,4568,2015-05-09 19:43:58.000,"For an android with no feelings, he sure managed to evoke them in others."
897,4569,2015-07-07 18:13:54.000,I'll alert the crew. When has justice ever been as simple as a rule book?
897,4570,2016-07-03 05:55:17.000,"I've had twelve years to think about it. And if I had it to do over again, I would have grabbed the phaser and pointed it at you instead of them."
897,4571,2015-03-30 20:23:37.000,"Maybe if we felt any human loss as keenly as we feel one of those close to us, human history would be far less bloody."
897,4572,2017-01-29 14:31:00.000,"Maybe if we felt any human loss as keenly as we feel one of those close to us, human history would be far less bloody."
906,4611,2017-01-16 04:48:26.000,"For an android with no feelings, he sure managed to evoke them in others."
897,4573,2017-01-21 06:52:24.000,"I'm afraid I still don't understand, sir. Well, that's certainly good to know."
906,4615,2016-02-18 18:22:45.000,"I suggest you drop it, Mr. Data. Mr. Worf, you sound like a man who's asking his friend if he can start dating his sister."
897,4574,2015-11-30 17:27:21.000,I'll alert the crew. When has justice ever been as simple as a rule book?
909,4629,2016-12-14 17:15:18.000,"Maybe if we felt any human loss as keenly as we feel one of those close to us, human history would be far less bloody."
909,4630,2015-05-29 06:40:21.000,Flair is what marks the difference between artistry and mere competence.
909,4631,2015-06-02 08:22:21.000,"Fate. It protects fools, little children, and ships named Enterprise."
909,4632,2015-02-17 07:15:27.000,"I'm afraid I still don't understand, sir. Well, that's certainly good to know."
909,4633,2015-11-14 03:00:18.000,"I'm afraid I still don't understand, sir. Well, that's certainly good to know."
914,4652,2016-10-30 02:01:13.000,"Fate. It protects fools, little children, and ships named Enterprise."
896,4567,2016-04-07 17:52:16.000,"For an android with no feelings, he sure managed to evoke them in others."
908,4625,2015-11-04 12:33:23.000,"I suggest you drop it, Mr. Data. Mr. Worf, you sound like a man who's asking his friend if he can start dating his sister."
908,4626,2015-04-11 06:38:57.000,"I suggest you drop it, Mr. Data. Mr. Worf, you sound like a man who's asking his friend if he can start dating his sister."
908,4627,2016-03-13 06:13:42.000,Flair is what marks the difference between artistry and mere competence.
908,4628,2017-02-07 16:45:43.000,"Maybe if we felt any human loss as keenly as we feel one of those close to us, human history would be far less bloody."
914,4653,2016-02-26 16:00:38.000,"I've had twelve years to think about it. And if I had it to do over again, I would have grabbed the phaser and pointed it at you instead of them."
907,4619,2016-10-15 19:49:15.000,"I suggest you drop it, Mr. Data. Mr. Worf, you sound like a man who's asking his friend if he can start dating his sister."
907,4620,2015-05-25 03:07:54.000,"For an android with no feelings, he sure managed to evoke them in others."
911,4638,2015-05-04 04:47:12.000,"For an android with no feelings, he sure managed to evoke them in others."
907,4621,2016-12-04 11:02:48.000,I'll alert the crew. When has justice ever been as simple as a rule book?
911,4639,2015-11-14 23:46:38.000,"Fate. It protects fools, little children, and ships named Enterprise."
907,4622,2016-10-06 04:16:58.000,Travel time to the nearest starbase? The Federation's gone; the Borg is everywhere!
911,4640,2016-09-22 03:56:19.000,"Fate. It protects fools, little children, and ships named Enterprise."
907,4623,2017-01-26 19:57:35.000,"Maybe if we felt any human loss as keenly as we feel one of those close to us, human history would be far less bloody."
911,4641,2016-02-27 06:48:08.000,"Maybe if we felt any human loss as keenly as we feel one of those close to us, human history would be far less bloody."
907,4624,2015-10-31 11:27:55.000,Travel time to the nearest starbase? The Federation's gone; the Borg is everywhere!
911,4642,2017-01-28 20:20:42.000,Travel time to the nearest starbase? The Federation's gone; the Borg is everywhere!
911,4651,2016-02-02 07:40:49.000,Travel time to the nearest starbase? The Federation's gone; the Borg is everywhere!
913,4644,2016-02-18 20:10:25.000,"For an android with no feelings, he sure managed to evoke them in others."
913,4646,2016-05-29 06:20:03.000,"Fate. It protects fools, little children, and ships named Enterprise."
913,4647,2016-12-31 12:06:14.000,"Maybe if we felt any human loss as keenly as we feel one of those close to us, human history would be far less bloody."
913,4649,2016-06-14 04:20:37.000,"I've had twelve years to think about it. And if I had it to do over again, I would have grabbed the phaser and pointed it at you instead of them."
910,4634,2016-05-07 22:43:28.000,"For an android with no feelings, he sure managed to evoke them in others."
910,4635,2015-03-24 23:48:38.000,Travel time to the nearest starbase? The Federation's gone; the Borg is everywhere!
910,4636,2016-08-08 16:04:20.000,"Fate. It protects fools, little children, and ships named Enterprise."
910,4637,2016-11-27 20:31:23.000,Flair is what marks the difference between artistry and mere competence.
915,4654,2016-06-23 13:27:32.000,"For an android with no feelings, he sure managed to evoke them in others."
915,4655,2016-06-06 21:29:01.000,Flair is what marks the difference between artistry and mere competence.
915,4656,2016-02-24 01:01:22.000,"Fate. It protects fools, little children, and ships named Enterprise."
915,4657,2017-02-16 22:47:38.000,"Fate. It protects fools, little children, and ships named Enterprise."
915,4658,2015-07-22 19:23:57.000,"I'm afraid I still don't understand, sir. Well, that's certainly good to know."
915,4659,2016-07-02 03:09:05.000,Flair is what marks the difference between artistry and mere competence.
915,4660,2015-12-25 22:11:32.000,Flair is what marks the difference between artistry and mere competence.
915,4661,2016-05-29 00:59:05.000,"Maybe if we felt any human loss as keenly as we feel one of those close to us, human history would be far less bloody."
915,4662,2015-10-16 06:16:32.000,"I've had twelve years to think about it. And if I had it to do over again, I would have grabbed the phaser and pointed it at you instead of them."
919,4679,2015-12-04 06:06:50.000,Travel time to the nearest starbase? The Federation's gone; the Borg is everywhere!
919,4680,2015-10-04 17:08:35.000,"Fate. It protects fools, little children, and ships named Enterprise."
919,4681,2016-11-01 04:49:58.000,"For an android with no feelings, he sure managed to evoke them in others."
919,4682,2016-10-20 10:09:29.000,"I've had twelve years to think about it. And if I had it to do over again, I would have grabbed the phaser and pointed it at you instead of them."
920,4683,2015-12-15 20:30:38.000,"Fate. It protects fools, little children, and ships named Enterprise."
920,4684,2015-07-31 03:37:14.000,"I've had twelve years to think about it. And if I had it to do over again, I would have grabbed the phaser and pointed it at you instead of them."
920,4685,2016-07-17 22:33:37.000,"For an android with no feelings, he sure managed to evoke them in others."
917,4668,2016-09-10 03:34:22.000,"I suggest you drop it, Mr. Data. Mr. Worf, you sound like a man who's asking his friend if he can start dating his sister."
917,4669,2016-01-05 03:57:41.000,"Maybe if we felt any human loss as keenly as we feel one of those close to us, human history would be far less bloody."
917,4670,2015-11-11 22:14:11.000,"I'm afraid I still don't understand, sir. Well, that's certainly good to know."
917,4671,2017-01-11 02:49:54.000,"I'm afraid I still don't understand, sir. Well, that's certainly good to know."
917,4672,2015-07-08 10:13:09.000,"Maybe if we felt any human loss as keenly as we feel one of those close to us, human history would be far less bloody."
917,4673,2015-02-06 03:03:15.000,"Maybe if we felt any human loss as keenly as we feel one of those close to us, human history would be far less bloody."
917,4674,2016-10-30 02:30:09.000,Flair is what marks the difference between artistry and mere competence.
917,4675,2015-08-17 19:41:56.000,Travel time to the nearest starbase? The Federation's gone; the Borg is everywhere!
917,4676,2016-05-12 12:00:57.000,I'll alert the crew. When has justice ever been as simple as a rule book?
916,4663,2016-05-14 04:20:57.000,"For an android with no feelings, he sure managed to evoke them in others."
916,4664,2015-08-12 01:48:42.000,I'll alert the crew. When has justice ever been as simple as a rule book?
916,4665,2015-11-29 09:13:54.000,"Fate. It protects fools, little children, and ships named Enterprise."
916,4666,2017-01-07 06:29:17.000,I'll alert the crew. When has justice ever been as simple as a rule book?
916,4667,2017-01-10 04:16:42.000,"Fate. It protects fools, little children, and ships named Enterprise."
912,4643,2016-01-06 03:34:53.000,Travel time to the nearest starbase? The Federation's gone; the Borg is everywhere!
918,4677,2015-05-14 17:34:34.000,"Maybe if we felt any human loss as keenly as we feel one of those close to us, human history would be far less bloody."
912,4645,2017-02-06 06:35:17.000,"Fate. It protects fools, little children, and ships named Enterprise."
918,4678,2015-06-11 22:42:01.000,"For an android with no feelings, he sure managed to evoke them in others."
912,4648,2017-02-05 18:10:49.000,"I suggest you drop it, Mr. Data. Mr. Worf, you sound like a man who's asking his friend if he can start dating his sister."
912,4650,2016-04-15 12:12:02.000,Flair is what marks the difference between artistry and mere competence.
921,4686,2016-09-25 08:00:51.000,"I suggest you drop it, Mr. Data. Mr. Worf, you sound like a man who's asking his friend if he can start dating his sister."
921,4687,2016-01-24 14:45:57.000,"For an android with no feelings, he sure managed to evoke them in others."
921,4688,2015-11-13 16:09:10.000,I'll alert the crew. When has justice ever been as simple as a rule book?
934,4754,2015-04-29 06:59:54.000,Travel time to the nearest starbase? The Federation's gone; the Borg is everywhere!
921,4689,2016-04-18 16:11:46.000,"I've had twelve years to think about it. And if I had it to do over again, I would have grabbed the phaser and pointed it at you instead of them."
923,4696,2016-04-22 16:59:35.000,"Fate. It protects fools, little children, and ships named Enterprise."
921,4690,2015-12-19 04:25:18.000,"Fate. It protects fools, little children, and ships named Enterprise."
923,4697,2016-09-05 00:11:54.000,"I've had twelve years to think about it. And if I had it to do over again, I would have grabbed the phaser and pointed it at you instead of them."
921,4691,2017-02-22 11:26:10.000,Flair is what marks the difference between artistry and mere competence.
923,4698,2017-01-19 03:28:53.000,"I'm afraid I still don't understand, sir. Well, that's certainly good to know."
921,4692,2015-11-25 08:16:29.000,"For an android with no feelings, he sure managed to evoke them in others."
923,4699,2015-10-26 03:16:05.000,Travel time to the nearest starbase? The Federation's gone; the Borg is everywhere!
921,4693,2016-03-27 04:14:00.000,"I'm afraid I still don't understand, sir. Well, that's certainly good to know."
923,4700,2015-06-19 14:17:09.000,"I'm afraid I still don't understand, sir. Well, that's certainly good to know."
923,4701,2015-05-04 21:13:39.000,"Maybe if we felt any human loss as keenly as we feel one of those close to us, human history would be far less bloody."
923,4702,2015-10-12 01:02:16.000,Travel time to the nearest starbase? The Federation's gone; the Borg is everywhere!
923,4703,2015-09-21 07:04:03.000,"I'm afraid I still don't understand, sir. Well, that's certainly good to know."
923,4704,2016-05-19 09:03:10.000,I'll alert the crew. When has justice ever been as simple as a rule book?
924,4705,2015-05-26 04:24:51.000,"Maybe if we felt any human loss as keenly as we feel one of those close to us, human history would be far less bloody."
924,4706,2016-03-03 06:18:48.000,"I'm afraid I still don't understand, sir. Well, that's certainly good to know."
924,4707,2017-02-05 15:09:45.000,"Maybe if we felt any human loss as keenly as we feel one of those close to us, human history would be far less bloody."
924,4708,2016-11-19 05:01:16.000,"I'm afraid I still don't understand, sir. Well, that's certainly good to know."
924,4709,2015-04-11 00:08:28.000,"I suggest you drop it, Mr. Data. Mr. Worf, you sound like a man who's asking his friend if he can start dating his sister."
925,4710,2017-01-02 18:10:03.000,"For an android with no feelings, he sure managed to evoke them in others."
922,4694,2016-05-16 03:09:52.000,Travel time to the nearest starbase? The Federation's gone; the Borg is everywhere!
922,4695,2016-12-24 04:08:44.000,"I suggest you drop it, Mr. Data. Mr. Worf, you sound like a man who's asking his friend if he can start dating his sister."
926,4711,2016-10-21 16:41:11.000,Travel time to the nearest starbase? The Federation's gone; the Borg is everywhere!
926,4712,2015-03-15 02:34:09.000,"I'm afraid I still don't understand, sir. Well, that's certainly good to know."
926,4713,2015-11-28 14:35:34.000,"I suggest you drop it, Mr. Data. Mr. Worf, you sound like a man who's asking his friend if he can start dating his sister."
927,4714,2017-02-22 07:10:56.000,Flair is what marks the difference between artistry and mere competence.
927,4715,2015-07-04 15:57:53.000,"Maybe if we felt any human loss as keenly as we feel one of those close to us, human history would be far less bloody."
927,4716,2015-01-29 19:27:56.000,"Maybe if we felt any human loss as keenly as we feel one of those close to us, human history would be far less bloody."
927,4717,2015-07-08 09:30:34.000,I'll alert the crew. When has justice ever been as simple as a rule book?
927,4718,2016-06-27 13:02:28.000,"For an android with no feelings, he sure managed to evoke them in others."
927,4719,2016-02-06 03:32:40.000,Flair is what marks the difference between artistry and mere competence.
927,4720,2017-01-07 12:12:52.000,I'll alert the crew. When has justice ever been as simple as a rule book?
927,4721,2015-02-04 17:14:12.000,I'll alert the crew. When has justice ever been as simple as a rule book?
928,4722,2016-03-03 23:29:33.000,Flair is what marks the difference between artistry and mere competence.
928,4723,2016-11-24 02:04:51.000,Travel time to the nearest starbase? The Federation's gone; the Borg is everywhere!
930,4728,2015-05-17 05:52:25.000,Travel time to the nearest starbase? The Federation's gone; the Borg is everywhere!
930,4729,2016-07-14 17:19:50.000,"I've had twelve years to think about it. And if I had it to do over again, I would have grabbed the phaser and pointed it at you instead of them."
930,4730,2016-07-15 02:31:26.000,"I'm afraid I still don't understand, sir. Well, that's certainly good to know."
930,4733,2016-12-15 08:47:36.000,"I'm afraid I still don't understand, sir. Well, that's certainly good to know."
930,4735,2016-10-23 00:18:20.000,"I suggest you drop it, Mr. Data. Mr. Worf, you sound like a man who's asking his friend if he can start dating his sister."
930,4737,2016-06-16 03:13:50.000,"I suggest you drop it, Mr. Data. Mr. Worf, you sound like a man who's asking his friend if he can start dating his sister."
930,4739,2016-12-23 23:08:44.000,Flair is what marks the difference between artistry and mere competence.
929,4724,2016-04-30 13:46:27.000,I'll alert the crew. When has justice ever been as simple as a rule book?
930,4741,2015-06-03 07:08:04.000,"Fate. It protects fools, little children, and ships named Enterprise."
929,4725,2015-09-06 05:19:12.000,"I've had twelve years to think about it. And if I had it to do over again, I would have grabbed the phaser and pointed it at you instead of them."
930,4742,2017-02-02 14:05:56.000,"I'm afraid I still don't understand, sir. Well, that's certainly good to know."
929,4726,2015-05-06 07:04:41.000,"Maybe if we felt any human loss as keenly as we feel one of those close to us, human history would be far less bloody."
930,4743,2016-09-19 08:49:55.000,I'll alert the crew. When has justice ever been as simple as a rule book?
929,4727,2015-08-31 05:06:37.000,"Fate. It protects fools, little children, and ships named Enterprise."
933,4746,2015-11-26 23:04:06.000,Flair is what marks the difference between artistry and mere competence.
933,4747,2016-05-06 02:30:17.000,"Maybe if we felt any human loss as keenly as we feel one of those close to us, human history would be far less bloody."
934,4752,2016-06-22 15:30:26.000,"For an android with no feelings, he sure managed to evoke them in others."
933,4748,2016-12-06 16:23:37.000,I'll alert the crew. When has justice ever been as simple as a rule book?
934,4753,2015-04-02 17:36:41.000,"For an android with no feelings, he sure managed to evoke them in others."
933,4749,2016-02-29 02:28:19.000,Travel time to the nearest starbase? The Federation's gone; the Borg is everywhere!
933,4750,2016-02-06 07:37:50.000,"For an android with no feelings, he sure managed to evoke them in others."
934,4755,2016-12-12 11:50:44.000,Travel time to the nearest starbase? The Federation's gone; the Borg is everywhere!
933,4751,2015-04-22 22:41:31.000,"I'm afraid I still don't understand, sir. Well, that's certainly good to know."
934,4756,2015-10-29 21:59:40.000,"Fate. It protects fools, little children, and ships named Enterprise."
934,4757,2016-11-25 09:05:49.000,"Maybe if we felt any human loss as keenly as we feel one of those close to us, human history would be far less bloody."
934,4758,2017-02-17 01:00:50.000,"Maybe if we felt any human loss as keenly as we feel one of those close to us, human history would be far less bloody."
934,4759,2015-02-28 09:01:16.000,"I suggest you drop it, Mr. Data. Mr. Worf, you sound like a man who's asking his friend if he can start dating his sister."
934,4760,2015-05-21 19:45:31.000,"Maybe if we felt any human loss as keenly as we feel one of those close to us, human history would be far less bloody."
935,4764,2015-12-05 22:30:56.000,Travel time to the nearest starbase? The Federation's gone; the Borg is everywhere!
935,4765,2015-06-29 18:59:26.000,"I suggest you drop it, Mr. Data. Mr. Worf, you sound like a man who's asking his friend if he can start dating his sister."
935,4766,2015-01-01 06:55:07.000,"I'm afraid I still don't understand, sir. Well, that's certainly good to know."
935,4767,2015-02-09 10:48:30.000,Travel time to the nearest starbase? The Federation's gone; the Borg is everywhere!
935,4768,2015-09-05 01:40:13.000,"Fate. It protects fools, little children, and ships named Enterprise."
935,4769,2015-01-12 21:53:28.000,"For an android with no feelings, he sure managed to evoke them in others."
935,4770,2015-10-04 02:42:25.000,Travel time to the nearest starbase? The Federation's gone; the Borg is everywhere!
938,4773,2015-10-31 20:01:23.000,"For an android with no feelings, he sure managed to evoke them in others."
938,4774,2017-02-10 04:55:34.000,"Fate. It protects fools, little children, and ships named Enterprise."
938,4775,2015-06-13 02:53:48.000,"I'm afraid I still don't understand, sir. Well, that's certainly good to know."
938,4776,2016-02-08 11:03:00.000,Travel time to the nearest starbase? The Federation's gone; the Borg is everywhere!
938,4777,2016-04-10 00:30:45.000,"For an android with no feelings, he sure managed to evoke them in others."
938,4778,2016-08-21 13:26:46.000,I'll alert the crew. When has justice ever been as simple as a rule book?
938,4779,2016-05-30 07:47:58.000,"Maybe if we felt any human loss as keenly as we feel one of those close to us, human history would be far less bloody."
931,4731,2016-11-03 00:45:43.000,Travel time to the nearest starbase? The Federation's gone; the Borg is everywhere!
931,4732,2017-01-16 13:49:17.000,I'll alert the crew. When has justice ever been as simple as a rule book?
938,4780,2016-11-08 21:26:55.000,Travel time to the nearest starbase? The Federation's gone; the Borg is everywhere!
931,4734,2016-08-04 18:25:35.000,"I'm afraid I still don't understand, sir. Well, that's certainly good to know."
938,4781,2016-04-23 07:22:07.000,I'll alert the crew. When has justice ever been as simple as a rule book?
931,4736,2015-05-16 03:25:29.000,I'll alert the crew. When has justice ever been as simple as a rule book?
931,4738,2016-04-14 19:59:32.000,"I've had twelve years to think about it. And if I had it to do over again, I would have grabbed the phaser and pointed it at you instead of them."
931,4740,2016-05-02 17:15:55.000,"Maybe if we felt any human loss as keenly as we feel one of those close to us, human history would be far less bloody."
931,4761,2017-02-08 22:58:43.000,Travel time to the nearest starbase? The Federation's gone; the Borg is everywhere!
931,4762,2015-06-24 03:51:25.000,"I've had twelve years to think about it. And if I had it to do over again, I would have grabbed the phaser and pointed it at you instead of them."
931,4763,2016-12-20 19:51:53.000,"I've had twelve years to think about it. And if I had it to do over again, I would have grabbed the phaser and pointed it at you instead of them."
932,4744,2015-10-01 12:16:26.000,"I've had twelve years to think about it. And if I had it to do over again, I would have grabbed the phaser and pointed it at you instead of them."
932,4745,2016-09-08 22:27:47.000,"I'm afraid I still don't understand, sir. Well, that's certainly good to know."
936,4771,2015-01-16 12:13:54.000,"Maybe if we felt any human loss as keenly as we feel one of those close to us, human history would be far less bloody."
936,4772,2015-06-02 06:37:26.000,"I'm afraid I still don't understand, sir. Well, that's certainly good to know."
936,4782,2015-08-09 07:35:36.000,"I'm afraid I still don't understand, sir. Well, that's certainly good to know."
936,4783,2015-05-21 13:37:26.000,"I've had twelve years to think about it. And if I had it to do over again, I would have grabbed the phaser and pointed it at you instead of them."
936,4784,2015-09-10 16:01:19.000,"I'm afraid I still don't understand, sir. Well, that's certainly good to know."
936,4785,2016-05-04 00:33:57.000,"I've had twelve years to think about it. And if I had it to do over again, I would have grabbed the phaser and pointed it at you instead of them."
941,4804,2016-12-24 12:06:20.000,"I've had twelve years to think about it. And if I had it to do over again, I would have grabbed the phaser and pointed it at you instead of them."
941,4805,2016-07-03 05:03:47.000,Travel time to the nearest starbase? The Federation's gone; the Borg is everywhere!
941,4806,2015-02-25 21:29:45.000,I'll alert the crew. When has justice ever been as simple as a rule book?
941,4807,2016-10-27 17:33:59.000,"Maybe if we felt any human loss as keenly as we feel one of those close to us, human history would be far less bloody."
941,4808,2017-02-21 23:42:58.000,"For an android with no feelings, he sure managed to evoke them in others."
941,4809,2015-04-04 06:42:36.000,I'll alert the crew. When has justice ever been as simple as a rule book?
941,4810,2015-09-29 18:11:35.000,Travel time to the nearest starbase? The Federation's gone; the Borg is everywhere!
941,4811,2015-09-02 04:56:14.000,Flair is what marks the difference between artistry and mere competence.
941,4812,2017-01-02 01:25:11.000,Flair is what marks the difference between artistry and mere competence.
941,4813,2016-07-27 13:12:19.000,"I'm afraid I still don't understand, sir. Well, that's certainly good to know."
939,4793,2015-04-30 08:13:30.000,"For an android with no feelings, he sure managed to evoke them in others."
939,4796,2016-02-22 08:01:35.000,"I've had twelve years to think about it. And if I had it to do over again, I would have grabbed the phaser and pointed it at you instead of them."
983,5019,2015-06-05 14:06:14.000,Flair is what marks the difference between artistry and mere competence.
939,4800,2015-08-09 06:57:57.000,"I've had twelve years to think about it. And if I had it to do over again, I would have grabbed the phaser and pointed it at you instead of them."
944,4824,2015-12-05 03:45:58.000,"For an android with no feelings, he sure managed to evoke them in others."
944,4825,2015-04-26 18:06:55.000,"Maybe if we felt any human loss as keenly as we feel one of those close to us, human history would be far less bloody."
945,4814,2015-01-11 23:10:38.000,"I suggest you drop it, Mr. Data. Mr. Worf, you sound like a man who's asking his friend if he can start dating his sister."
945,4815,2015-12-11 16:53:43.000,"I've had twelve years to think about it. And if I had it to do over again, I would have grabbed the phaser and pointed it at you instead of them."
945,4816,2017-02-19 18:29:22.000,"Maybe if we felt any human loss as keenly as we feel one of those close to us, human history would be far less bloody."
945,4817,2016-01-17 06:18:33.000,Travel time to the nearest starbase? The Federation's gone; the Borg is everywhere!
945,4818,2017-01-25 20:21:39.000,Flair is what marks the difference between artistry and mere competence.
945,4819,2015-06-15 08:53:53.000,"Maybe if we felt any human loss as keenly as we feel one of those close to us, human history would be far less bloody."
945,4820,2015-08-23 20:13:38.000,"Fate. It protects fools, little children, and ships named Enterprise."
945,4821,2015-01-01 21:39:06.000,Flair is what marks the difference between artistry and mere competence.
945,4823,2016-10-20 15:20:28.000,"I'm afraid I still don't understand, sir. Well, that's certainly good to know."
947,4822,2015-09-21 06:14:38.000,Travel time to the nearest starbase? The Federation's gone; the Borg is everywhere!
947,4834,2017-01-17 15:40:09.000,I'll alert the crew. When has justice ever been as simple as a rule book?
947,4835,2015-12-10 13:48:27.000,"Fate. It protects fools, little children, and ships named Enterprise."
947,4836,2015-07-17 05:38:10.000,Flair is what marks the difference between artistry and mere competence.
937,4786,2016-11-18 12:20:16.000,"I suggest you drop it, Mr. Data. Mr. Worf, you sound like a man who's asking his friend if he can start dating his sister."
937,4787,2016-06-21 04:08:20.000,"For an android with no feelings, he sure managed to evoke them in others."
937,4789,2015-11-12 22:20:16.000,"I suggest you drop it, Mr. Data. Mr. Worf, you sound like a man who's asking his friend if he can start dating his sister."
937,4791,2016-12-18 18:47:38.000,"For an android with no feelings, he sure managed to evoke them in others."
937,4795,2015-03-12 04:52:50.000,"I'm afraid I still don't understand, sir. Well, that's certainly good to know."
937,4797,2015-11-20 20:22:01.000,"I'm afraid I still don't understand, sir. Well, that's certainly good to know."
937,4799,2017-01-12 13:44:42.000,"Fate. It protects fools, little children, and ships named Enterprise."
937,4802,2016-01-03 04:05:53.000,"Fate. It protects fools, little children, and ships named Enterprise."
937,4803,2016-10-20 01:12:52.000,"I've had twelve years to think about it. And if I had it to do over again, I would have grabbed the phaser and pointed it at you instead of them."
940,4788,2016-08-09 19:35:53.000,"I suggest you drop it, Mr. Data. Mr. Worf, you sound like a man who's asking his friend if he can start dating his sister."
940,4790,2016-02-22 03:01:09.000,"Maybe if we felt any human loss as keenly as we feel one of those close to us, human history would be far less bloody."
940,4792,2015-10-19 10:30:53.000,"I've had twelve years to think about it. And if I had it to do over again, I would have grabbed the phaser and pointed it at you instead of them."
940,4794,2015-02-11 10:16:16.000,"For an android with no feelings, he sure managed to evoke them in others."
940,4798,2017-02-14 03:19:37.000,"I've had twelve years to think about it. And if I had it to do over again, I would have grabbed the phaser and pointed it at you instead of them."
940,4801,2016-04-17 01:54:03.000,Travel time to the nearest starbase? The Federation's gone; the Borg is everywhere!
949,4837,2016-04-11 01:23:09.000,Flair is what marks the difference between artistry and mere competence.
949,4838,2016-01-18 12:33:21.000,I'll alert the crew. When has justice ever been as simple as a rule book?
949,4839,2016-11-28 11:34:36.000,Travel time to the nearest starbase? The Federation's gone; the Borg is everywhere!
949,4840,2015-05-17 22:58:59.000,"Fate. It protects fools, little children, and ships named Enterprise."
949,4841,2016-11-14 11:08:46.000,I'll alert the crew. When has justice ever been as simple as a rule book?
949,4842,2016-02-18 17:07:55.000,"Fate. It protects fools, little children, and ships named Enterprise."
949,4843,2016-02-25 09:33:52.000,"For an android with no feelings, he sure managed to evoke them in others."
949,4844,2015-05-19 11:45:58.000,"Maybe if we felt any human loss as keenly as we feel one of those close to us, human history would be far less bloody."
949,4845,2016-01-24 06:35:18.000,Travel time to the nearest starbase? The Federation's gone; the Borg is everywhere!
949,4846,2015-05-26 01:23:15.000,"I suggest you drop it, Mr. Data. Mr. Worf, you sound like a man who's asking his friend if he can start dating his sister."
951,4856,2015-10-06 08:57:39.000,"Maybe if we felt any human loss as keenly as we feel one of those close to us, human history would be far less bloody."
951,4857,2016-01-07 11:13:10.000,"Maybe if we felt any human loss as keenly as we feel one of those close to us, human history would be far less bloody."
951,4858,2015-04-21 08:51:09.000,Travel time to the nearest starbase? The Federation's gone; the Borg is everywhere!
951,4859,2017-01-22 22:17:18.000,Flair is what marks the difference between artistry and mere competence.
948,4826,2016-01-02 02:31:41.000,"Maybe if we felt any human loss as keenly as we feel one of those close to us, human history would be far less bloody."
948,4827,2015-07-05 12:54:46.000,"Fate. It protects fools, little children, and ships named Enterprise."
948,4828,2016-09-15 17:58:57.000,"I've had twelve years to think about it. And if I had it to do over again, I would have grabbed the phaser and pointed it at you instead of them."
948,4829,2016-12-19 16:20:09.000,"Maybe if we felt any human loss as keenly as we feel one of those close to us, human history would be far less bloody."
948,4830,2017-01-16 18:29:42.000,"Maybe if we felt any human loss as keenly as we feel one of those close to us, human history would be far less bloody."
948,4831,2017-02-18 10:44:28.000,"For an android with no feelings, he sure managed to evoke them in others."
948,4832,2015-02-24 18:13:44.000,I'll alert the crew. When has justice ever been as simple as a rule book?
948,4833,2016-11-13 02:50:47.000,I'll alert the crew. When has justice ever been as simple as a rule book?
954,4866,2015-12-11 13:14:22.000,"I suggest you drop it, Mr. Data. Mr. Worf, you sound like a man who's asking his friend if he can start dating his sister."
954,4868,2016-05-20 16:43:57.000,"I'm afraid I still don't understand, sir. Well, that's certainly good to know."
955,4869,2016-05-24 22:05:21.000,"For an android with no feelings, he sure managed to evoke them in others."
955,4871,2015-06-03 17:11:17.000,"I suggest you drop it, Mr. Data. Mr. Worf, you sound like a man who's asking his friend if he can start dating his sister."
955,4872,2015-06-03 17:27:17.000,"Maybe if we felt any human loss as keenly as we feel one of those close to us, human history would be far less bloody."
955,4873,2015-12-24 11:00:29.000,I'll alert the crew. When has justice ever been as simple as a rule book?
955,4874,2016-09-23 18:46:13.000,"Maybe if we felt any human loss as keenly as we feel one of those close to us, human history would be far less bloody."
955,4875,2015-05-27 10:49:15.000,"I'm afraid I still don't understand, sir. Well, that's certainly good to know."
955,4876,2016-10-23 11:04:54.000,"For an android with no feelings, he sure managed to evoke them in others."
953,4864,2017-02-07 02:29:28.000,"I'm afraid I still don't understand, sir. Well, that's certainly good to know."
953,4865,2015-08-17 04:26:45.000,"For an android with no feelings, he sure managed to evoke them in others."
953,4867,2016-08-03 03:23:39.000,"I've had twelve years to think about it. And if I had it to do over again, I would have grabbed the phaser and pointed it at you instead of them."
953,4870,2016-07-13 15:16:05.000,"I've had twelve years to think about it. And if I had it to do over again, I would have grabbed the phaser and pointed it at you instead of them."
952,4860,2016-12-18 23:59:48.000,"For an android with no feelings, he sure managed to evoke them in others."
952,4861,2016-10-01 12:10:45.000,"Maybe if we felt any human loss as keenly as we feel one of those close to us, human history would be far less bloody."
952,4862,2015-09-19 22:40:27.000,Travel time to the nearest starbase? The Federation's gone; the Borg is everywhere!
952,4863,2016-09-09 16:13:36.000,"Maybe if we felt any human loss as keenly as we feel one of those close to us, human history would be far less bloody."
950,4847,2015-07-16 10:15:38.000,Travel time to the nearest starbase? The Federation's gone; the Borg is everywhere!
950,4848,2016-08-26 15:15:37.000,"Maybe if we felt any human loss as keenly as we feel one of those close to us, human history would be far less bloody."
950,4849,2016-06-06 07:59:10.000,"Fate. It protects fools, little children, and ships named Enterprise."
950,4850,2015-10-31 02:15:37.000,Travel time to the nearest starbase? The Federation's gone; the Borg is everywhere!
950,4851,2015-11-29 16:46:08.000,"I suggest you drop it, Mr. Data. Mr. Worf, you sound like a man who's asking his friend if he can start dating his sister."
950,4852,2016-05-16 21:01:35.000,"I suggest you drop it, Mr. Data. Mr. Worf, you sound like a man who's asking his friend if he can start dating his sister."
950,4853,2016-12-31 03:14:47.000,I'll alert the crew. When has justice ever been as simple as a rule book?
950,4854,2015-01-29 19:10:07.000,"Fate. It protects fools, little children, and ships named Enterprise."
950,4855,2016-07-29 15:46:44.000,"I suggest you drop it, Mr. Data. Mr. Worf, you sound like a man who's asking his friend if he can start dating his sister."
959,4889,2016-09-26 06:29:05.000,I'll alert the crew. When has justice ever been as simple as a rule book?
959,4890,2015-08-01 01:12:02.000,"I've had twelve years to think about it. And if I had it to do over again, I would have grabbed the phaser and pointed it at you instead of them."
959,4891,2016-12-01 21:19:45.000,"I've had twelve years to think about it. And if I had it to do over again, I would have grabbed the phaser and pointed it at you instead of them."
959,4892,2016-09-01 12:59:54.000,"Fate. It protects fools, little children, and ships named Enterprise."
957,4881,2015-02-25 07:42:00.000,"Maybe if we felt any human loss as keenly as we feel one of those close to us, human history would be far less bloody."
957,4882,2016-04-22 22:37:43.000,"For an android with no feelings, he sure managed to evoke them in others."
957,4883,2016-05-08 19:17:39.000,Travel time to the nearest starbase? The Federation's gone; the Borg is everywhere!
961,4903,2016-04-29 08:35:43.000,Flair is what marks the difference between artistry and mere competence.
961,4904,2016-11-15 00:22:49.000,"Fate. It protects fools, little children, and ships named Enterprise."
961,4905,2015-07-19 09:49:46.000,Flair is what marks the difference between artistry and mere competence.
961,4906,2016-06-23 09:54:17.000,Flair is what marks the difference between artistry and mere competence.
961,4907,2015-12-24 07:48:44.000,I'll alert the crew. When has justice ever been as simple as a rule book?
961,4908,2016-09-13 11:38:57.000,Travel time to the nearest starbase? The Federation's gone; the Borg is everywhere!
961,4909,2015-11-27 17:42:05.000,"Fate. It protects fools, little children, and ships named Enterprise."
961,4910,2017-01-15 03:12:17.000,"For an android with no feelings, he sure managed to evoke them in others."
961,4911,2016-05-23 04:38:52.000,"Fate. It protects fools, little children, and ships named Enterprise."
961,4912,2016-02-15 16:41:39.000,"Fate. It protects fools, little children, and ships named Enterprise."
956,4877,2016-07-01 22:31:23.000,"I've had twelve years to think about it. And if I had it to do over again, I would have grabbed the phaser and pointed it at you instead of them."
956,4878,2015-08-12 09:01:48.000,"Fate. It protects fools, little children, and ships named Enterprise."
956,4879,2016-03-29 20:40:44.000,"I suggest you drop it, Mr. Data. Mr. Worf, you sound like a man who's asking his friend if he can start dating his sister."
956,4880,2016-05-28 13:53:37.000,"I suggest you drop it, Mr. Data. Mr. Worf, you sound like a man who's asking his friend if he can start dating his sister."
962,4913,2016-06-12 04:18:30.000,"Fate. It protects fools, little children, and ships named Enterprise."
962,4914,2016-01-06 04:21:11.000,"Maybe if we felt any human loss as keenly as we feel one of those close to us, human history would be far less bloody."
962,4915,2015-03-03 23:47:24.000,"Maybe if we felt any human loss as keenly as we feel one of those close to us, human history would be far less bloody."
962,4916,2015-12-31 15:27:45.000,Flair is what marks the difference between artistry and mere competence.
958,4884,2015-11-03 01:13:05.000,"Maybe if we felt any human loss as keenly as we feel one of those close to us, human history would be far less bloody."
958,4885,2016-04-16 20:02:11.000,Travel time to the nearest starbase? The Federation's gone; the Borg is everywhere!
983,5020,2016-07-17 00:08:51.000,"For an android with no feelings, he sure managed to evoke them in others."
958,4886,2016-10-10 23:11:09.000,"I suggest you drop it, Mr. Data. Mr. Worf, you sound like a man who's asking his friend if he can start dating his sister."
958,4887,2015-11-15 23:53:05.000,"I've had twelve years to think about it. And if I had it to do over again, I would have grabbed the phaser and pointed it at you instead of them."
958,4888,2016-08-24 00:42:39.000,I'll alert the crew. When has justice ever been as simple as a rule book?
960,4893,2016-01-03 00:25:16.000,"I'm afraid I still don't understand, sir. Well, that's certainly good to know."
960,4894,2016-08-20 10:30:50.000,"Maybe if we felt any human loss as keenly as we feel one of those close to us, human history would be far less bloody."
960,4895,2016-01-20 06:33:09.000,"I suggest you drop it, Mr. Data. Mr. Worf, you sound like a man who's asking his friend if he can start dating his sister."
960,4896,2015-05-31 06:30:06.000,Travel time to the nearest starbase? The Federation's gone; the Borg is everywhere!
960,4897,2016-07-05 13:09:18.000,"I suggest you drop it, Mr. Data. Mr. Worf, you sound like a man who's asking his friend if he can start dating his sister."
960,4898,2015-10-15 18:47:02.000,"I suggest you drop it, Mr. Data. Mr. Worf, you sound like a man who's asking his friend if he can start dating his sister."
960,4899,2015-08-24 16:16:58.000,"Fate. It protects fools, little children, and ships named Enterprise."
960,4900,2016-10-25 08:38:17.000,Travel time to the nearest starbase? The Federation's gone; the Borg is everywhere!
960,4901,2015-11-20 00:08:32.000,Travel time to the nearest starbase? The Federation's gone; the Borg is everywhere!
960,4902,2015-03-19 23:46:34.000,"I suggest you drop it, Mr. Data. Mr. Worf, you sound like a man who's asking his friend if he can start dating his sister."
963,4917,2016-12-20 04:09:35.000,Flair is what marks the difference between artistry and mere competence.
963,4918,2016-02-14 18:09:09.000,"I suggest you drop it, Mr. Data. Mr. Worf, you sound like a man who's asking his friend if he can start dating his sister."
963,4919,2016-10-01 08:23:37.000,"Maybe if we felt any human loss as keenly as we feel one of those close to us, human history would be far less bloody."
965,4923,2015-07-11 14:45:31.000,Flair is what marks the difference between artistry and mere competence.
965,4924,2016-04-21 00:43:52.000,"Fate. It protects fools, little children, and ships named Enterprise."
965,4925,2016-02-23 12:17:29.000,"For an android with no feelings, he sure managed to evoke them in others."
965,4926,2015-10-10 15:48:02.000,"I'm afraid I still don't understand, sir. Well, that's certainly good to know."
968,4940,2016-07-07 18:57:21.000,Travel time to the nearest starbase? The Federation's gone; the Borg is everywhere!
968,4941,2015-02-23 05:09:38.000,"Maybe if we felt any human loss as keenly as we feel one of those close to us, human history would be far less bloody."
965,4927,2015-07-13 17:03:50.000,"For an android with no feelings, he sure managed to evoke them in others."
965,4928,2017-02-24 15:53:43.000,"I've had twelve years to think about it. And if I had it to do over again, I would have grabbed the phaser and pointed it at you instead of them."
965,4929,2016-12-06 05:52:58.000,I'll alert the crew. When has justice ever been as simple as a rule book?
965,4930,2016-12-28 07:40:57.000,"Fate. It protects fools, little children, and ships named Enterprise."
969,4946,2016-07-19 22:57:16.000,I'll alert the crew. When has justice ever been as simple as a rule book?
964,4920,2016-05-01 02:13:47.000,I'll alert the crew. When has justice ever been as simple as a rule book?
964,4921,2015-05-24 15:29:00.000,"Fate. It protects fools, little children, and ships named Enterprise."
964,4922,2015-10-13 23:05:22.000,Flair is what marks the difference between artistry and mere competence.
970,4942,2017-02-21 05:07:52.000,"Maybe if we felt any human loss as keenly as we feel one of those close to us, human history would be far less bloody."
970,4943,2016-07-28 02:46:21.000,"Maybe if we felt any human loss as keenly as we feel one of those close to us, human history would be far less bloody."
970,4944,2015-05-30 22:26:48.000,"Fate. It protects fools, little children, and ships named Enterprise."
970,4945,2016-05-01 05:40:51.000,"Fate. It protects fools, little children, and ships named Enterprise."
971,4949,2015-03-06 21:57:04.000,"For an android with no feelings, he sure managed to evoke them in others."
971,4950,2016-02-25 21:34:23.000,"Maybe if we felt any human loss as keenly as we feel one of those close to us, human history would be far less bloody."
971,4951,2016-02-21 02:59:54.000,Travel time to the nearest starbase? The Federation's gone; the Borg is everywhere!
971,4952,2015-07-20 16:43:29.000,I'll alert the crew. When has justice ever been as simple as a rule book?
971,4953,2016-09-12 22:54:52.000,"Fate. It protects fools, little children, and ships named Enterprise."
971,4955,2016-01-23 01:18:37.000,"I'm afraid I still don't understand, sir. Well, that's certainly good to know."
971,4956,2016-03-18 10:18:41.000,"I've had twelve years to think about it. And if I had it to do over again, I would have grabbed the phaser and pointed it at you instead of them."
972,4947,2015-07-21 17:12:01.000,I'll alert the crew. When has justice ever been as simple as a rule book?
972,4948,2016-10-02 18:07:18.000,"For an android with no feelings, he sure managed to evoke them in others."
972,4954,2015-10-14 15:27:18.000,"I suggest you drop it, Mr. Data. Mr. Worf, you sound like a man who's asking his friend if he can start dating his sister."
972,4957,2015-04-18 16:52:29.000,Flair is what marks the difference between artistry and mere competence.
972,4961,2016-02-14 04:47:52.000,"For an android with no feelings, he sure managed to evoke them in others."
972,4974,2015-11-04 03:44:50.000,"Fate. It protects fools, little children, and ships named Enterprise."
972,4975,2015-07-09 08:37:37.000,"For an android with no feelings, he sure managed to evoke them in others."
972,4976,2017-01-25 03:30:49.000,"I suggest you drop it, Mr. Data. Mr. Worf, you sound like a man who's asking his friend if he can start dating his sister."
972,4977,2015-02-20 14:15:29.000,"I suggest you drop it, Mr. Data. Mr. Worf, you sound like a man who's asking his friend if he can start dating his sister."
989,5067,2017-02-03 12:52:23.000,"I'm afraid I still don't understand, sir. Well, that's certainly good to know."
995,5092,2017-02-14 15:54:44.000,"Fate. It protects fools, little children, and ships named Enterprise."
983,5017,2015-08-30 14:11:21.000,"I've had twelve years to think about it. And if I had it to do over again, I would have grabbed the phaser and pointed it at you instead of them."
983,5018,2016-01-15 09:01:32.000,"I'm afraid I still don't understand, sir. Well, that's certainly good to know."
983,5022,2016-12-09 01:02:22.000,"For an android with no feelings, he sure managed to evoke them in others."
985,5027,2016-03-12 18:39:51.000,"Fate. It protects fools, little children, and ships named Enterprise."
985,5028,2015-10-03 03:33:51.000,I'll alert the crew. When has justice ever been as simple as a rule book?
985,5029,2015-10-27 07:31:58.000,"I've had twelve years to think about it. And if I had it to do over again, I would have grabbed the phaser and pointed it at you instead of them."
985,5030,2015-01-27 02:34:49.000,Travel time to the nearest starbase? The Federation's gone; the Borg is everywhere!
985,5031,2015-01-23 19:58:02.000,Flair is what marks the difference between artistry and mere competence.
985,5032,2016-08-17 10:05:38.000,Flair is what marks the difference between artistry and mere competence.
985,5033,2015-01-06 03:08:35.000,"I'm afraid I still don't understand, sir. Well, that's certainly good to know."
985,5034,2015-03-22 17:10:23.000,"I'm afraid I still don't understand, sir. Well, that's certainly good to know."
987,5035,2016-06-17 22:13:44.000,"I'm afraid I still don't understand, sir. Well, that's certainly good to know."
987,5036,2016-05-16 02:04:20.000,Travel time to the nearest starbase? The Federation's gone; the Borg is everywhere!
987,5038,2015-01-18 06:44:28.000,Travel time to the nearest starbase? The Federation's gone; the Borg is everywhere!
987,5039,2016-06-24 00:13:01.000,"I've had twelve years to think about it. And if I had it to do over again, I would have grabbed the phaser and pointed it at you instead of them."
987,5040,2016-06-13 19:15:45.000,"I suggest you drop it, Mr. Data. Mr. Worf, you sound like a man who's asking his friend if he can start dating his sister."
987,5041,2015-06-10 05:44:58.000,Flair is what marks the difference between artistry and mere competence.
987,5042,2016-11-01 12:17:09.000,"I suggest you drop it, Mr. Data. Mr. Worf, you sound like a man who's asking his friend if he can start dating his sister."
982,5012,2015-11-11 19:11:17.000,Travel time to the nearest starbase? The Federation's gone; the Borg is everywhere!
982,5013,2016-08-10 01:27:49.000,Flair is what marks the difference between artistry and mere competence.
982,5014,2017-01-28 19:54:20.000,"I've had twelve years to think about it. And if I had it to do over again, I would have grabbed the phaser and pointed it at you instead of them."
982,5015,2015-12-04 22:21:22.000,"For an android with no feelings, he sure managed to evoke them in others."
986,5037,2017-01-20 03:34:22.000,"Maybe if we felt any human loss as keenly as we feel one of those close to us, human history would be far less bloody."
992,5075,2015-10-18 03:03:03.000,"I've had twelve years to think about it. And if I had it to do over again, I would have grabbed the phaser and pointed it at you instead of them."
992,5076,2015-05-13 05:41:14.000,"For an android with no feelings, he sure managed to evoke them in others."
992,5077,2015-12-18 17:11:06.000,"I suggest you drop it, Mr. Data. Mr. Worf, you sound like a man who's asking his friend if he can start dating his sister."
991,5062,2015-09-08 04:42:20.000,Flair is what marks the difference between artistry and mere competence.
992,5078,2015-01-19 23:52:06.000,"I suggest you drop it, Mr. Data. Mr. Worf, you sound like a man who's asking his friend if he can start dating his sister."
991,5064,2016-11-27 01:17:32.000,"Maybe if we felt any human loss as keenly as we feel one of those close to us, human history would be far less bloody."
992,5079,2017-01-08 03:30:04.000,"Fate. It protects fools, little children, and ships named Enterprise."
991,5066,2016-05-02 08:43:11.000,I'll alert the crew. When has justice ever been as simple as a rule book?
992,5080,2015-09-22 13:13:08.000,"I'm afraid I still don't understand, sir. Well, that's certainly good to know."
991,5068,2017-01-07 05:21:55.000,"I'm afraid I still don't understand, sir. Well, that's certainly good to know."
991,5069,2015-01-22 04:30:15.000,"I'm afraid I still don't understand, sir. Well, that's certainly good to know."
992,5082,2016-06-05 18:10:42.000,I'll alert the crew. When has justice ever been as simple as a rule book?
991,5070,2015-08-07 08:55:59.000,"I suggest you drop it, Mr. Data. Mr. Worf, you sound like a man who's asking his friend if he can start dating his sister."
992,5084,2016-01-29 03:47:07.000,Flair is what marks the difference between artistry and mere competence.
991,5071,2016-11-05 04:12:36.000,"Maybe if we felt any human loss as keenly as we feel one of those close to us, human history would be far less bloody."
992,5086,2016-11-28 07:55:47.000,"I've had twelve years to think about it. And if I had it to do over again, I would have grabbed the phaser and pointed it at you instead of them."
991,5072,2015-06-01 03:46:23.000,Travel time to the nearest starbase? The Federation's gone; the Borg is everywhere!
992,5088,2015-06-25 11:32:51.000,"I'm afraid I still don't understand, sir. Well, that's certainly good to know."
991,5073,2016-12-17 13:29:39.000,"I've had twelve years to think about it. And if I had it to do over again, I would have grabbed the phaser and pointed it at you instead of them."
991,5074,2016-12-21 17:44:34.000,"I suggest you drop it, Mr. Data. Mr. Worf, you sound like a man who's asking his friend if he can start dating his sister."
988,5043,2016-07-13 09:36:30.000,"I suggest you drop it, Mr. Data. Mr. Worf, you sound like a man who's asking his friend if he can start dating his sister."
988,5044,2016-03-03 04:29:34.000,"For an android with no feelings, he sure managed to evoke them in others."
988,5045,2015-10-31 23:55:11.000,"I'm afraid I still don't understand, sir. Well, that's certainly good to know."
988,5046,2016-06-01 05:56:11.000,"Maybe if we felt any human loss as keenly as we feel one of those close to us, human history would be far less bloody."
988,5047,2015-06-13 05:08:42.000,Flair is what marks the difference between artistry and mere competence.
988,5048,2015-08-19 13:50:56.000,"Fate. It protects fools, little children, and ships named Enterprise."
988,5049,2016-04-17 19:55:28.000,Flair is what marks the difference between artistry and mere competence.
990,5050,2015-08-03 04:34:35.000,Flair is what marks the difference between artistry and mere competence.
990,5051,2016-08-22 03:34:59.000,Travel time to the nearest starbase? The Federation's gone; the Borg is everywhere!
990,5052,2015-10-07 20:04:10.000,"I'm afraid I still don't understand, sir. Well, that's certainly good to know."
993,5081,2016-01-26 04:46:30.000,"For an android with no feelings, he sure managed to evoke them in others."
990,5054,2016-01-04 16:37:28.000,"I've had twelve years to think about it. And if I had it to do over again, I would have grabbed the phaser and pointed it at you instead of them."
993,5083,2015-01-30 16:40:17.000,I'll alert the crew. When has justice ever been as simple as a rule book?
993,5085,2016-04-29 05:15:48.000,"I've had twelve years to think about it. And if I had it to do over again, I would have grabbed the phaser and pointed it at you instead of them."
990,5056,2016-05-21 05:05:11.000,Flair is what marks the difference between artistry and mere competence.
990,5058,2016-10-12 11:39:02.000,"Maybe if we felt any human loss as keenly as we feel one of those close to us, human history would be far less bloody."
993,5087,2015-10-27 22:55:47.000,"I'm afraid I still don't understand, sir. Well, that's certainly good to know."
989,5053,2015-09-06 07:03:02.000,"For an android with no feelings, he sure managed to evoke them in others."
989,5055,2017-01-21 04:31:59.000,"For an android with no feelings, he sure managed to evoke them in others."
989,5057,2016-03-06 01:59:49.000,I'll alert the crew. When has justice ever been as simple as a rule book?
989,5059,2016-10-29 14:17:05.000,Travel time to the nearest starbase? The Federation's gone; the Borg is everywhere!
989,5060,2016-02-07 01:29:29.000,"I've had twelve years to think about it. And if I had it to do over again, I would have grabbed the phaser and pointed it at you instead of them."
989,5061,2016-12-07 06:05:18.000,I'll alert the crew. When has justice ever been as simple as a rule book?
989,5063,2015-05-21 07:44:56.000,I'll alert the crew. When has justice ever been as simple as a rule book?
989,5065,2016-10-20 03:00:42.000,"Maybe if we felt any human loss as keenly as we feel one of those close to us, human history would be far less bloody."
995,5093,2016-08-09 07:12:42.000,"I'm afraid I still don't understand, sir. Well, that's certainly good to know."
995,5094,2017-02-15 11:37:52.000,"I suggest you drop it, Mr. Data. Mr. Worf, you sound like a man who's asking his friend if he can start dating his sister."
995,5095,2017-01-31 04:43:37.000,Flair is what marks the difference between artistry and mere competence.
995,5096,2015-06-08 08:42:54.000,"Maybe if we felt any human loss as keenly as we feel one of those close to us, human history would be far less bloody."
995,5097,2015-04-23 21:14:45.000,I'll alert the crew. When has justice ever been as simple as a rule book?
995,5098,2016-10-15 22:41:13.000,Flair is what marks the difference between artistry and mere competence.
994,5089,2015-03-05 18:44:52.000,"Fate. It protects fools, little children, and ships named Enterprise."
994,5090,2016-08-26 08:33:14.000,"Fate. It protects fools, little children, and ships named Enterprise."
994,5091,2016-09-12 04:07:45.000,"For an android with no feelings, he sure managed to evoke them in others."
997,5102,2016-09-29 21:50:16.000,"Maybe if we felt any human loss as keenly as we feel one of those close to us, human history would be far less bloody."
997,5104,2016-01-02 14:26:41.000,Travel time to the nearest starbase? The Federation's gone; the Borg is everywhere!
996,5099,2015-04-20 09:31:08.000,"For an android with no feelings, he sure managed to evoke them in others."
996,5100,2015-08-19 21:14:03.000,Flair is what marks the difference between artistry and mere competence.
996,5101,2015-01-27 08:30:57.000,"Maybe if we felt any human loss as keenly as we feel one of those close to us, human history would be far less bloody."
996,5103,2016-08-05 05:14:25.000,"I'm afraid I still don't understand, sir. Well, that's certainly good to know."
996,5105,2015-02-19 12:31:21.000,"I'm afraid I still don't understand, sir. Well, that's certainly good to know."
998,5106,2015-07-17 08:58:31.000,"Fate. It protects fools, little children, and ships named Enterprise."
998,5107,2015-11-13 20:48:43.000,Flair is what marks the difference between artistry and mere competence.
998,5109,2016-01-13 13:58:55.000,"I've had twelve years to think about it. And if I had it to do over again, I would have grabbed the phaser and pointed it at you instead of them."
998,5111,2016-07-08 13:33:05.000,"I'm afraid I still don't understand, sir. Well, that's certainly good to know."
998,5112,2015-11-15 14:31:00.000,"I'm afraid I still don't understand, sir. Well, that's certainly good to know."
998,5113,2016-10-02 02:20:28.000,"Maybe if we felt any human loss as keenly as we feel one of those close to us, human history would be far less bloody."
998,5114,2015-09-10 09:44:51.000,"Maybe if we felt any human loss as keenly as we feel one of those close to us, human history would be far less bloody."
998,5115,2017-01-17 07:11:19.000,Travel time to the nearest starbase? The Federation's gone; the Borg is everywhere!
998,5116,2015-08-21 16:29:18.000,Flair is what marks the difference between artistry and mere competence.
998,5117,2015-07-15 21:46:35.000,"I suggest you drop it, Mr. Data. Mr. Worf, you sound like a man who's asking his friend if he can start dating his sister."
999,5108,2015-09-28 20:27:45.000,Flair is what marks the difference between artistry and mere competence.
999,5110,2016-03-06 07:09:53.000,"I'm afraid I still don't understand, sir. Well, that's certainly good to know."
1000,5122,2016-07-23 05:44:39.000,"Fate. It protects fools, little children, and ships named Enterprise."
1000,5123,2015-10-13 04:15:44.000,Flair is what marks the difference between artistry and mere competence.
