activity_id,case_id,case_date,case_type,status
343,176,2015-09-16 06:14:40.000,Billing Issue,Unresolved
345,177,2015-11-04 14:59:09.000,Billing Issue,Open
346,178,2017-01-28 08:16:18.000,Device Issue,Open
348,179,2015-05-16 10:31:39.000,Device Issue,Closed
349,180,2016-07-27 13:50:02.000,Device Issue,Closed
350,181,2016-09-13 09:52:15.000,Billing Issue,Closed
351,182,2016-05-06 19:47:56.000,Device Issue,Unresolved
352,183,2016-05-12 22:25:43.000,Network Issue,Open
358,184,2015-07-17 00:07:53.000,Network Issue,Unresolved
359,185,2015-04-18 20:22:40.000,Billing Issue,Open
360,186,2015-10-02 22:41:10.000,Device Issue,Open
363,187,2015-06-19 01:59:43.000,Device Issue,Open
364,188,2015-05-31 06:54:14.000,Device Issue,Unresolved
365,189,2015-08-12 01:29:22.000,Billing Issue,Unresolved
368,190,2017-01-30 09:14:32.000,Device Issue,Open
369,191,2015-12-04 00:01:10.000,Device Issue,Open
370,192,2015-05-15 16:50:47.000,Device Issue,Closed
372,193,2016-06-06 17:47:20.000,Network Issue,Unresolved
373,194,2015-06-05 23:47:08.000,Network Issue,Closed
375,195,2016-02-24 02:07:56.000,Device Issue,Open
376,196,2016-11-12 03:44:16.000,Billing Issue,Open
381,197,2015-03-22 04:42:07.000,Device Issue,Open
382,198,2016-07-17 11:35:54.000,Device Issue,Closed
385,199,2016-06-28 00:41:58.000,Network Issue,Closed
386,200,2015-02-12 19:40:24.000,Network Issue,Open
389,201,2015-06-18 06:07:50.000,Device Issue,Unresolved
393,202,2016-03-10 21:35:54.000,Device Issue,Unresolved
394,203,2016-05-09 05:49:58.000,Device Issue,Closed
396,204,2016-05-10 14:30:17.000,Network Issue,Open
399,205,2015-05-22 04:22:11.000,Billing Issue,Unresolved
401,206,2015-06-04 22:58:44.000,Device Issue,Unresolved
402,207,2016-05-11 07:44:04.000,Network Issue,Open
404,208,2015-05-13 22:37:43.000,Network Issue,Open
406,209,2015-01-18 20:53:40.000,Device Issue,Open
407,210,2016-10-29 03:15:25.000,Network Issue,Open
408,211,2015-04-12 18:59:40.000,Billing Issue,Unresolved
409,212,2015-01-26 16:27:42.000,Network Issue,Open
410,213,2016-04-10 22:08:04.000,Billing Issue,Closed
411,214,2016-06-04 12:23:11.000,Billing Issue,Closed
416,215,2016-05-23 02:24:42.000,Billing Issue,Unresolved
418,216,2015-06-21 15:37:56.000,Billing Issue,Closed
420,217,2015-05-02 04:47:46.000,Device Issue,Closed
422,218,2016-05-26 12:50:26.000,Device Issue,Open
428,219,2015-04-21 21:39:26.000,Network Issue,Closed
433,220,2015-08-28 07:42:15.000,Billing Issue,Open
436,221,2016-05-16 19:37:57.000,Network Issue,Open
438,222,2016-05-25 09:17:44.000,Network Issue,Open
439,223,2015-11-14 13:04:52.000,Billing Issue,Unresolved
441,224,2015-02-16 09:34:52.000,Billing Issue,Unresolved
447,225,2016-03-13 23:20:54.000,Device Issue,Unresolved
449,226,2017-02-04 22:08:12.000,Billing Issue,Open
451,227,2016-02-08 12:44:30.000,Network Issue,Open
452,228,2015-12-28 05:58:17.000,Billing Issue,Open
457,229,2015-01-15 15:38:05.000,Device Issue,Open
458,230,2016-05-28 09:39:21.000,Device Issue,Unresolved
460,231,2015-09-28 03:14:23.000,Network Issue,Open
461,232,2015-06-19 11:10:03.000,Device Issue,Open
463,233,2015-11-23 23:24:06.000,Network Issue,Unresolved
466,234,2016-02-02 15:23:49.000,Billing Issue,Unresolved
467,235,2015-03-05 09:45:06.000,Network Issue,Unresolved
468,236,2015-03-09 03:14:36.000,Billing Issue,Open
472,237,2016-07-03 16:40:52.000,Network Issue,Closed
475,238,2015-12-18 19:39:26.000,Device Issue,Unresolved
482,239,2016-05-31 00:35:06.000,Network Issue,Unresolved
485,240,2016-04-19 12:14:49.000,Network Issue,Unresolved
488,241,2016-10-18 23:18:32.000,Billing Issue,Closed
489,242,2016-12-17 22:07:58.000,Network Issue,Closed
490,243,2015-07-07 07:43:52.000,Network Issue,Open
494,244,2015-04-16 13:18:42.000,Network Issue,Unresolved
495,245,2015-06-29 11:04:05.000,Billing Issue,Unresolved
501,246,2015-12-23 04:26:07.000,Device Issue,Open
502,247,2016-05-15 16:44:30.000,Network Issue,Open
503,248,2016-10-19 17:37:26.000,Device Issue,Unresolved
505,249,2017-02-01 17:56:29.000,Network Issue,Closed
507,250,2016-07-04 21:44:46.000,Network Issue,Closed
508,251,2016-07-31 17:10:18.000,Device Issue,Open
510,252,2016-08-19 12:06:45.000,Billing Issue,Open
515,253,2016-05-13 20:46:03.000,Network Issue,Closed
518,254,2015-02-03 23:48:58.000,Billing Issue,Closed
519,255,2015-08-17 18:05:46.000,Device Issue,Unresolved
520,256,2015-01-26 21:57:43.000,Device Issue,Open
523,257,2015-04-30 20:20:23.000,Billing Issue,Closed
527,258,2015-09-06 23:10:55.000,Billing Issue,Open
528,259,2015-02-04 02:17:28.000,Billing Issue,Open
530,260,2016-04-17 00:40:28.000,Device Issue,Open
531,261,2016-09-11 11:00:29.000,Device Issue,Unresolved
533,262,2015-04-26 09:28:18.000,Billing Issue,Open
534,263,2015-09-21 17:00:21.000,Billing Issue,Closed
537,264,2015-01-18 11:53:45.000,Device Issue,Open
539,265,2015-06-20 01:29:58.000,Network Issue,Unresolved
541,266,2016-03-13 09:06:36.000,Network Issue,Closed
543,267,2016-10-21 20:25:47.000,Device Issue,Open
549,268,2015-02-26 06:39:23.000,Billing Issue,Closed
550,269,2015-11-06 15:27:32.000,Billing Issue,Unresolved
553,270,2016-11-03 23:48:30.000,Billing Issue,Unresolved
556,271,2016-04-23 11:57:32.000,Device Issue,Closed
558,272,2015-04-14 03:03:35.000,Device Issue,Open
559,273,2016-11-24 20:30:22.000,Billing Issue,Closed
560,274,2016-12-18 08:17:18.000,Network Issue,Unresolved
561,275,2016-04-30 12:02:26.000,Billing Issue,Closed
563,276,2016-05-17 11:12:00.000,Device Issue,Unresolved
567,277,2016-01-03 01:36:05.000,Billing Issue,Open
570,278,2016-01-22 04:27:18.000,Device Issue,Closed
571,279,2015-08-03 01:44:06.000,Billing Issue,Unresolved
572,280,2015-11-10 15:18:33.000,Billing Issue,Open
573,281,2015-04-12 22:26:09.000,Network Issue,Open
574,282,2016-08-01 03:18:26.000,Billing Issue,Closed
576,283,2016-09-14 00:11:33.000,Billing Issue,Closed
577,284,2016-02-25 01:47:25.000,Device Issue,Unresolved
581,285,2016-06-07 07:28:13.000,Billing Issue,Unresolved
583,286,2016-04-24 12:33:49.000,Billing Issue,Open
589,287,2017-02-05 20:09:24.000,Device Issue,Unresolved
590,288,2015-08-27 05:49:26.000,Device Issue,Open
591,289,2015-12-30 21:00:20.000,Network Issue,Closed
592,290,2015-02-03 00:04:06.000,Network Issue,Closed
593,291,2016-05-31 20:03:39.000,Billing Issue,Closed
597,292,2016-05-09 22:19:19.000,Device Issue,Closed
598,293,2015-12-25 00:09:00.000,Billing Issue,Closed
600,294,2016-06-20 15:25:10.000,Billing Issue,Unresolved
606,295,2016-07-16 18:55:46.000,Billing Issue,Closed
611,296,2015-01-23 02:37:46.000,Device Issue,Open
612,297,2015-08-16 23:33:53.000,Device Issue,Closed
614,298,2017-02-26 22:28:09.000,Network Issue,Unresolved
618,299,2015-07-30 05:33:21.000,Network Issue,Unresolved
620,300,2016-05-12 18:37:45.000,Device Issue,Unresolved
621,301,2015-04-23 20:20:54.000,Network Issue,Unresolved
622,302,2016-04-15 21:00:02.000,Billing Issue,Unresolved
623,303,2016-09-21 10:45:45.000,Device Issue,Unresolved
625,304,2015-02-22 05:10:54.000,Billing Issue,Closed
626,305,2015-05-17 09:30:44.000,Billing Issue,Closed
627,306,2015-07-18 12:17:44.000,Network Issue,Closed
628,307,2016-12-21 03:23:35.000,Device Issue,Open
630,308,2015-03-28 04:43:32.000,Network Issue,Unresolved
632,309,2016-06-30 13:29:15.000,Device Issue,Open
637,310,2015-07-02 04:28:03.000,Device Issue,Open
640,311,2016-11-23 20:55:53.000,Device Issue,Unresolved
641,312,2016-02-28 21:04:33.000,Network Issue,Closed
642,313,2016-02-12 21:54:19.000,Device Issue,Closed
643,314,2016-10-16 00:18:49.000,Device Issue,Open
647,315,2016-07-20 00:45:36.000,Device Issue,Closed
648,316,2016-09-13 13:07:44.000,Billing Issue,Closed
650,317,2017-01-23 13:19:14.000,Device Issue,Open
651,318,2015-12-28 23:08:12.000,Billing Issue,Unresolved
652,319,2015-04-05 06:34:48.000,Billing Issue,Closed
654,320,2016-07-24 11:24:35.000,Billing Issue,Unresolved
655,321,2015-04-13 04:07:47.000,Network Issue,Open
656,322,2017-02-23 00:27:26.000,Billing Issue,Closed
658,323,2015-08-14 04:34:19.000,Network Issue,Closed
661,324,2017-01-11 15:31:02.000,Network Issue,Closed
666,325,2015-11-21 03:39:13.000,Device Issue,Closed
668,326,2015-08-03 13:42:06.000,Device Issue,Closed
669,327,2015-12-26 01:45:35.000,Network Issue,Closed
670,328,2016-06-01 18:22:37.000,Device Issue,Closed
673,329,2016-11-06 07:25:16.000,Billing Issue,Unresolved
675,330,2015-01-28 00:08:47.000,Device Issue,Unresolved
676,331,2016-12-13 19:00:29.000,Billing Issue,Unresolved
678,332,2016-12-26 10:53:01.000,Device Issue,Unresolved
679,333,2015-06-29 06:43:48.000,Billing Issue,Closed
680,334,2015-09-24 01:01:30.000,Device Issue,Open
681,335,2015-01-31 17:42:33.000,Network Issue,Unresolved
682,336,2016-05-27 22:57:10.000,Billing Issue,Closed
683,337,2015-08-02 10:31:29.000,Device Issue,Open
685,338,2016-03-11 12:23:07.000,Device Issue,Closed
686,339,2016-11-29 08:41:38.000,Billing Issue,Unresolved
689,340,2016-12-19 19:05:41.000,Device Issue,Unresolved
690,341,2015-09-07 04:55:06.000,Billing Issue,Closed
691,342,2016-01-14 23:32:43.000,Network Issue,Unresolved
695,343,2016-02-16 20:00:11.000,Device Issue,Open
698,344,2015-12-28 10:08:02.000,Device Issue,Open
699,345,2015-11-06 05:26:36.000,Device Issue,Closed
700,346,2016-12-03 13:48:07.000,Device Issue,Unresolved
1356,689,2015-08-19 09:40:54.000,Billing Issue,Unresolved
1357,690,2015-01-30 14:00:11.000,Network Issue,Open
1358,691,2016-12-14 19:23:06.000,Device Issue,Closed
1361,692,2015-04-15 00:05:46.000,Device Issue,Closed
1363,693,2016-08-05 01:02:32.000,Device Issue,Unresolved
1366,694,2016-09-02 16:31:30.000,Network Issue,Closed
1367,695,2015-09-26 18:59:07.000,Device Issue,Unresolved
1370,696,2016-01-08 11:34:00.000,Network Issue,Unresolved
1377,697,2015-01-16 05:38:56.000,Device Issue,Closed
1379,698,2016-10-27 07:03:03.000,Billing Issue,Open
1382,699,2015-12-03 22:26:07.000,Billing Issue,Closed
1386,700,2017-01-18 22:21:59.000,Device Issue,Unresolved
1392,701,2016-09-23 11:09:49.000,Billing Issue,Closed
1393,702,2015-03-11 01:16:10.000,Billing Issue,Closed
1394,703,2017-02-23 23:20:43.000,Billing Issue,Unresolved
1396,704,2015-05-18 11:59:45.000,Billing Issue,Closed
1397,705,2017-02-10 12:02:57.000,Network Issue,Unresolved
1399,706,2016-11-14 11:48:02.000,Billing Issue,Unresolved
1401,707,2016-07-13 11:48:54.000,Device Issue,Open
1403,708,2015-12-09 09:26:54.000,Billing Issue,Open
1405,709,2015-01-15 17:24:34.000,Billing Issue,Unresolved
1410,710,2017-02-11 22:03:05.000,Device Issue,Unresolved
1412,711,2016-06-12 10:56:36.000,Billing Issue,Closed
1413,712,2015-01-01 17:06:22.000,Billing Issue,Open
1414,713,2015-06-01 15:34:18.000,Billing Issue,Closed
1415,714,2015-09-14 15:04:19.000,Network Issue,Open
1416,715,2015-04-18 16:58:30.000,Billing Issue,Open
1417,716,2015-07-20 11:14:30.000,Billing Issue,Open
1419,717,2015-04-25 09:40:39.000,Network Issue,Open
1421,718,2015-07-16 14:07:52.000,Device Issue,Closed
1422,719,2015-12-30 21:15:18.000,Billing Issue,Open
1426,720,2015-09-09 10:18:34.000,Network Issue,Open
1427,721,2016-05-01 06:36:06.000,Billing Issue,Closed
1430,722,2016-02-06 14:11:56.000,Network Issue,Closed
1431,723,2016-05-26 20:29:33.000,Billing Issue,Open
1432,724,2017-01-21 08:00:46.000,Device Issue,Closed
1433,725,2015-10-02 21:06:54.000,Network Issue,Closed
1437,726,2017-02-12 19:45:25.000,Billing Issue,Closed
1441,727,2016-07-17 01:53:11.000,Billing Issue,Open
1442,728,2016-11-09 07:32:24.000,Device Issue,Open
1445,729,2016-10-15 08:04:36.000,Billing Issue,Unresolved
1446,730,2015-09-19 14:32:02.000,Billing Issue,Unresolved
1448,731,2016-12-13 22:27:38.000,Network Issue,Unresolved
1450,732,2017-02-27 19:46:41.000,Billing Issue,Open
1464,733,2016-09-05 21:20:44.000,Device Issue,Unresolved
1465,734,2015-02-13 15:46:04.000,Network Issue,Open
1466,735,2016-05-12 22:42:43.000,Network Issue,Unresolved
1467,736,2016-03-11 19:21:13.000,Device Issue,Closed
1469,737,2015-11-28 14:31:10.000,Network Issue,Closed
1471,738,2016-10-10 20:42:56.000,Device Issue,Closed
1472,739,2017-02-13 05:52:53.000,Device Issue,Closed
1475,740,2015-06-25 07:07:45.000,Network Issue,Closed
1477,741,2016-02-27 09:24:51.000,Network Issue,Open
1481,742,2016-09-17 11:08:31.000,Network Issue,Closed
1484,743,2015-09-13 17:28:13.000,Billing Issue,Unresolved
1486,744,2016-10-16 21:33:27.000,Billing Issue,Unresolved
1487,745,2016-01-28 17:25:27.000,Device Issue,Closed
1489,746,2016-07-20 16:31:35.000,Billing Issue,Closed
1490,747,2015-10-24 16:00:27.000,Network Issue,Unresolved
1494,748,2016-01-09 15:06:50.000,Device Issue,Open
1495,749,2015-10-13 11:42:22.000,Network Issue,Closed
1496,750,2015-05-28 04:50:21.000,Network Issue,Open
1497,751,2016-02-04 20:16:26.000,Billing Issue,Closed
1498,752,2016-05-17 16:06:49.000,Network Issue,Unresolved
1500,753,2015-04-30 07:23:15.000,Network Issue,Closed
1503,754,2015-09-30 13:58:59.000,Billing Issue,Closed
1506,755,2015-06-09 01:12:03.000,Network Issue,Unresolved
1507,756,2015-08-09 04:05:43.000,Billing Issue,Unresolved
1508,757,2016-01-27 07:16:19.000,Network Issue,Unresolved
1509,758,2015-11-20 08:40:28.000,Device Issue,Unresolved
1512,759,2015-10-04 04:52:59.000,Billing Issue,Closed
1513,760,2016-04-21 08:23:51.000,Network Issue,Closed
1514,761,2015-01-24 18:53:53.000,Device Issue,Unresolved
1515,762,2016-11-07 23:08:51.000,Billing Issue,Unresolved
1523,763,2015-09-17 15:59:21.000,Billing Issue,Closed
1525,764,2015-05-31 17:53:18.000,Network Issue,Closed
1528,765,2015-12-27 12:48:31.000,Network Issue,Open
1531,766,2016-07-13 13:42:50.000,Billing Issue,Unresolved
1534,767,2016-08-28 05:31:26.000,Billing Issue,Unresolved
1535,768,2016-10-11 01:44:56.000,Device Issue,Open
1536,769,2016-05-01 21:12:16.000,Device Issue,Closed
1538,770,2017-01-05 13:51:02.000,Billing Issue,Closed
1541,771,2016-10-21 20:35:11.000,Device Issue,Open
1545,772,2016-07-07 22:17:17.000,Network Issue,Closed
1549,773,2016-06-26 23:48:49.000,Network Issue,Open
1550,774,2015-03-24 22:43:54.000,Device Issue,Unresolved
1551,775,2015-10-21 22:31:03.000,Billing Issue,Unresolved
1552,776,2015-07-17 08:23:01.000,Network Issue,Unresolved
1553,777,2015-07-20 04:04:43.000,Device Issue,Closed
1556,778,2015-03-25 04:20:14.000,Billing Issue,Closed
1559,779,2015-05-31 03:54:49.000,Billing Issue,Unresolved
1561,780,2016-07-02 09:06:14.000,Billing Issue,Open
1563,781,2016-12-31 16:13:46.000,Device Issue,Open
1564,782,2015-07-02 14:51:28.000,Billing Issue,Unresolved
1565,783,2015-02-10 00:15:42.000,Billing Issue,Closed
1568,784,2016-04-25 06:05:40.000,Network Issue,Closed
1573,785,2016-05-12 22:25:08.000,Device Issue,Closed
1576,786,2015-06-10 18:07:09.000,Billing Issue,Open
1577,787,2015-04-12 20:41:36.000,Device Issue,Open
1578,788,2015-03-23 23:05:07.000,Network Issue,Unresolved
1582,789,2015-05-17 19:53:08.000,Device Issue,Open
1585,790,2015-12-26 03:28:38.000,Billing Issue,Unresolved
1587,791,2015-11-20 13:43:17.000,Billing Issue,Unresolved
1588,792,2016-06-23 05:16:21.000,Billing Issue,Open
1590,793,2017-02-13 21:20:07.000,Device Issue,Unresolved
1591,794,2016-02-14 06:37:36.000,Device Issue,Closed
1596,795,2015-08-17 03:58:08.000,Network Issue,Unresolved
1599,796,2017-01-17 12:08:52.000,Device Issue,Open
1605,797,2016-02-25 23:27:22.000,Device Issue,Closed
1609,798,2016-01-01 22:18:10.000,Billing Issue,Unresolved
1611,799,2015-10-20 04:16:30.000,Billing Issue,Closed
1613,800,2015-06-27 11:19:48.000,Network Issue,Unresolved
1614,801,2016-01-05 15:02:01.000,Billing Issue,Open
1615,802,2015-08-22 03:28:05.000,Network Issue,Closed
1617,803,2015-08-02 17:26:11.000,Network Issue,Unresolved
1619,804,2015-07-18 02:56:29.000,Network Issue,Closed
1622,805,2016-09-11 12:41:40.000,Device Issue,Closed
1623,806,2015-12-12 19:32:31.000,Billing Issue,Unresolved
1624,807,2016-10-17 04:09:43.000,Billing Issue,Open
1626,808,2015-04-21 06:44:53.000,Network Issue,Unresolved
1629,809,2015-03-05 14:31:54.000,Billing Issue,Unresolved
1630,810,2015-06-17 02:05:30.000,Network Issue,Closed
1632,811,2016-10-22 10:46:11.000,Network Issue,Unresolved
1633,812,2016-08-24 22:53:50.000,Network Issue,Unresolved
1635,813,2016-10-27 16:25:12.000,Network Issue,Closed
1636,814,2015-12-03 01:45:16.000,Billing Issue,Closed
1639,815,2015-12-19 11:27:19.000,Device Issue,Closed
1641,816,2016-05-12 19:41:48.000,Billing Issue,Unresolved
1649,817,2016-02-27 00:39:02.000,Device Issue,Closed
1650,818,2017-02-15 16:47:49.000,Billing Issue,Unresolved
1651,819,2016-07-27 07:33:58.000,Billing Issue,Closed
1652,820,2016-01-20 03:30:20.000,Billing Issue,Open
1656,821,2015-01-30 11:40:05.000,Network Issue,Closed
1659,822,2016-07-10 18:25:08.000,Billing Issue,Unresolved
1662,823,2016-09-29 00:59:50.000,Billing Issue,Unresolved
1663,824,2015-06-27 07:32:29.000,Network Issue,Open
1667,825,2015-04-06 19:28:12.000,Network Issue,Unresolved
1668,826,2015-02-19 19:51:35.000,Billing Issue,Open
1669,827,2015-09-10 04:38:22.000,Network Issue,Unresolved
1670,828,2016-03-25 20:19:28.000,Device Issue,Closed
1671,829,2015-02-27 13:10:24.000,Network Issue,Unresolved
1672,830,2017-02-27 11:27:35.000,Billing Issue,Closed
1674,831,2016-09-28 12:26:52.000,Device Issue,Open
1675,832,2015-01-22 21:39:40.000,Billing Issue,Unresolved
1676,833,2016-10-24 17:03:27.000,Device Issue,Open
1677,834,2015-09-10 03:58:02.000,Network Issue,Open
1681,835,2015-01-23 02:32:43.000,Device Issue,Unresolved
1682,836,2016-09-14 23:36:13.000,Network Issue,Closed
1683,837,2016-06-28 11:38:31.000,Device Issue,Unresolved
1684,838,2016-06-14 15:57:26.000,Device Issue,Closed
1687,839,2015-02-16 08:54:02.000,Network Issue,Open
1691,840,2016-01-07 19:11:04.000,Billing Issue,Open
1692,841,2016-12-07 06:30:51.000,Network Issue,Open
1693,842,2015-05-13 21:43:25.000,Device Issue,Closed
1694,843,2015-08-13 15:29:20.000,Billing Issue,Open
1696,844,2017-01-08 03:03:03.000,Billing Issue,Open
1697,845,2016-05-16 07:18:13.000,Billing Issue,Closed
1698,846,2015-11-08 08:23:29.000,Billing Issue,Closed
1700,847,2016-10-12 03:12:50.000,Billing Issue,Closed
1701,848,2016-09-14 23:28:48.000,Billing Issue,Closed
1702,849,2015-05-30 16:00:48.000,Network Issue,Closed
1703,850,2016-12-14 05:14:46.000,Billing Issue,Open
1705,851,2016-09-05 21:55:33.000,Device Issue,Closed
1706,852,2016-08-07 07:18:54.000,Network Issue,Open
1707,853,2015-02-02 09:50:02.000,Network Issue,Closed
1709,854,2016-06-29 14:44:44.000,Device Issue,Unresolved
1710,855,2017-02-28 23:42:12.000,Billing Issue,Open
1712,856,2015-06-25 18:24:40.000,Network Issue,Unresolved
1714,857,2016-08-23 00:13:52.000,Network Issue,Unresolved
1717,858,2015-08-13 07:21:15.000,Network Issue,Open
701,347,2015-04-18 07:09:35.000,Network Issue,Unresolved
702,348,2017-01-30 17:15:20.000,Network Issue,Unresolved
706,349,2016-06-09 03:04:26.000,Billing Issue,Unresolved
707,350,2016-05-30 08:42:36.000,Billing Issue,Closed
708,351,2016-10-14 15:58:33.000,Billing Issue,Unresolved
709,352,2016-09-06 10:44:01.000,Billing Issue,Open
710,353,2016-07-21 01:53:24.000,Billing Issue,Closed
711,354,2016-03-29 15:55:26.000,Network Issue,Unresolved
714,355,2016-11-10 22:16:20.000,Device Issue,Unresolved
716,356,2016-02-10 00:45:05.000,Device Issue,Unresolved
717,357,2015-12-11 14:22:28.000,Network Issue,Closed
720,358,2015-11-03 02:53:55.000,Device Issue,Unresolved
722,359,2015-08-10 20:13:54.000,Network Issue,Unresolved
723,360,2016-10-11 03:28:46.000,Device Issue,Closed
725,361,2015-08-21 18:39:44.000,Network Issue,Unresolved
726,362,2016-07-12 01:21:49.000,Device Issue,Unresolved
729,363,2016-10-02 17:58:19.000,Device Issue,Open
733,364,2015-01-19 21:11:37.000,Billing Issue,Unresolved
734,365,2016-01-29 18:32:16.000,Billing Issue,Open
736,366,2017-02-10 12:46:17.000,Device Issue,Unresolved
739,367,2016-11-12 13:45:02.000,Device Issue,Unresolved
740,368,2015-12-28 09:07:46.000,Device Issue,Unresolved
742,369,2017-02-02 21:11:45.000,Billing Issue,Unresolved
747,370,2015-09-09 08:08:20.000,Network Issue,Unresolved
748,371,2015-11-04 03:06:00.000,Network Issue,Open
751,372,2015-11-09 01:37:35.000,Network Issue,Unresolved
753,373,2016-11-08 22:29:16.000,Device Issue,Unresolved
755,374,2016-05-24 10:24:53.000,Network Issue,Closed
756,375,2016-01-11 01:53:07.000,Billing Issue,Open
757,376,2015-05-08 14:27:59.000,Network Issue,Unresolved
758,377,2015-09-14 15:41:17.000,Device Issue,Closed
761,378,2015-12-07 00:28:55.000,Device Issue,Closed
762,379,2016-03-20 06:47:53.000,Device Issue,Unresolved
764,380,2016-01-10 10:20:39.000,Network Issue,Closed
767,381,2016-03-30 17:22:29.000,Device Issue,Open
768,382,2016-12-23 04:15:32.000,Device Issue,Unresolved
769,383,2016-10-12 00:22:35.000,Device Issue,Closed
770,384,2015-06-17 21:01:07.000,Network Issue,Open
771,385,2016-07-01 11:57:31.000,Billing Issue,Open
773,386,2015-11-23 11:50:31.000,Network Issue,Closed
774,387,2015-03-04 12:55:24.000,Device Issue,Unresolved
776,388,2015-01-30 13:14:51.000,Device Issue,Unresolved
778,389,2015-02-04 18:26:52.000,Billing Issue,Unresolved
779,390,2016-03-18 02:55:53.000,Network Issue,Open
780,391,2015-08-16 03:09:12.000,Billing Issue,Closed
782,392,2017-01-16 04:33:46.000,Billing Issue,Unresolved
783,393,2015-08-16 08:52:27.000,Network Issue,Unresolved
785,394,2016-12-31 22:30:27.000,Network Issue,Closed
791,395,2016-01-16 10:24:56.000,Billing Issue,Unresolved
792,396,2015-11-05 10:52:44.000,Billing Issue,Open
794,397,2016-06-06 08:54:34.000,Device Issue,Closed
795,398,2015-09-01 23:03:28.000,Device Issue,Unresolved
799,399,2016-10-10 06:22:11.000,Device Issue,Unresolved
801,400,2016-06-26 19:26:30.000,Billing Issue,Open
803,401,2016-07-20 05:15:46.000,Device Issue,Open
805,402,2015-11-09 07:15:31.000,Network Issue,Closed
806,403,2015-11-06 00:45:31.000,Network Issue,Closed
807,404,2016-02-15 06:39:16.000,Device Issue,Open
809,405,2016-10-16 21:02:38.000,Network Issue,Open
811,406,2015-06-20 09:34:14.000,Billing Issue,Open
813,407,2015-01-23 15:27:37.000,Billing Issue,Open
814,408,2015-08-31 18:32:31.000,Network Issue,Closed
817,409,2015-12-30 13:36:28.000,Billing Issue,Closed
821,410,2017-01-16 14:07:50.000,Network Issue,Open
822,411,2017-02-19 21:19:40.000,Device Issue,Unresolved
824,412,2016-02-03 07:21:19.000,Network Issue,Unresolved
825,413,2015-03-11 20:03:06.000,Network Issue,Open
828,414,2015-06-08 10:33:17.000,Billing Issue,Open
830,415,2015-01-02 15:45:20.000,Billing Issue,Unresolved
834,416,2015-09-11 10:20:16.000,Billing Issue,Closed
835,417,2015-04-03 00:55:47.000,Device Issue,Open
837,418,2016-05-13 22:54:36.000,Network Issue,Open
838,419,2016-10-05 20:09:27.000,Network Issue,Open
841,420,2015-06-01 19:06:26.000,Device Issue,Unresolved
843,421,2015-02-15 16:31:08.000,Billing Issue,Closed
847,422,2015-10-10 21:27:46.000,Network Issue,Unresolved
849,423,2015-10-02 07:12:33.000,Billing Issue,Unresolved
850,424,2017-01-08 04:37:34.000,Network Issue,Open
851,425,2016-12-31 04:54:52.000,Network Issue,Open
855,426,2016-11-11 10:21:34.000,Billing Issue,Unresolved
856,427,2016-02-24 03:29:02.000,Network Issue,Unresolved
858,428,2016-12-21 12:28:15.000,Device Issue,Closed
860,429,2015-03-19 05:22:59.000,Device Issue,Closed
862,430,2015-02-22 10:24:22.000,Billing Issue,Open
864,431,2016-09-21 18:58:01.000,Billing Issue,Unresolved
868,432,2016-02-28 12:40:29.000,Network Issue,Closed
869,433,2015-03-20 02:10:27.000,Network Issue,Closed
872,434,2015-04-20 21:44:06.000,Network Issue,Open
876,435,2016-12-16 20:50:58.000,Device Issue,Closed
878,436,2017-01-28 13:00:53.000,Billing Issue,Open
879,437,2015-10-19 04:42:43.000,Device Issue,Closed
881,438,2016-06-13 20:44:36.000,Billing Issue,Open
883,439,2016-08-10 19:55:49.000,Billing Issue,Open
886,440,2015-02-26 05:43:03.000,Billing Issue,Open
889,441,2015-10-09 19:43:05.000,Network Issue,Unresolved
892,442,2016-02-19 19:14:12.000,Network Issue,Closed
893,443,2016-05-30 02:41:59.000,Network Issue,Closed
894,444,2015-04-16 16:09:21.000,Device Issue,Closed
899,445,2015-05-28 20:56:28.000,Billing Issue,Closed
901,446,2017-01-02 05:24:33.000,Device Issue,Open
908,447,2015-01-16 01:57:35.000,Billing Issue,Closed
909,448,2015-11-01 11:44:31.000,Billing Issue,Unresolved
911,449,2015-04-29 06:35:39.000,Billing Issue,Closed
913,450,2016-08-30 19:52:15.000,Network Issue,Open
916,451,2015-07-30 13:43:10.000,Billing Issue,Open
919,452,2015-01-27 10:15:53.000,Billing Issue,Unresolved
922,453,2015-07-01 21:11:23.000,Network Issue,Open
923,454,2015-09-01 08:11:47.000,Network Issue,Closed
924,455,2017-01-16 11:06:09.000,Device Issue,Open
933,456,2016-04-28 20:42:16.000,Network Issue,Closed
934,457,2015-05-14 17:11:48.000,Billing Issue,Unresolved
938,458,2015-10-12 07:06:51.000,Billing Issue,Closed
940,459,2015-02-21 08:47:02.000,Billing Issue,Unresolved
943,460,2015-08-22 12:20:27.000,Device Issue,Closed
944,461,2017-02-13 01:37:44.000,Device Issue,Open
946,462,2015-04-10 06:33:58.000,Network Issue,Open
948,463,2015-05-12 03:10:26.000,Billing Issue,Open
949,464,2017-01-17 20:57:45.000,Network Issue,Unresolved
952,465,2016-04-16 20:39:36.000,Billing Issue,Closed
953,466,2017-02-06 08:55:58.000,Device Issue,Unresolved
958,467,2015-04-13 15:58:38.000,Device Issue,Unresolved
959,468,2015-10-06 22:45:05.000,Network Issue,Unresolved
961,469,2015-04-10 03:08:03.000,Device Issue,Open
964,470,2015-08-07 09:31:48.000,Network Issue,Open
965,471,2016-06-29 04:36:57.000,Network Issue,Unresolved
966,472,2016-04-16 04:41:05.000,Billing Issue,Closed
967,473,2017-01-18 10:41:14.000,Billing Issue,Unresolved
968,474,2015-02-18 21:19:29.000,Device Issue,Unresolved
969,475,2015-04-09 02:44:10.000,Billing Issue,Open
970,476,2015-08-16 16:29:05.000,Network Issue,Open
976,477,2016-08-27 21:23:02.000,Billing Issue,Open
977,478,2017-01-23 01:23:42.000,Billing Issue,Unresolved
978,479,2015-10-24 21:51:55.000,Device Issue,Open
979,480,2016-06-14 16:19:05.000,Device Issue,Closed
980,481,2016-06-08 22:53:26.000,Device Issue,Closed
981,482,2017-01-11 07:14:14.000,Device Issue,Closed
982,483,2016-06-14 23:06:28.000,Device Issue,Closed
984,484,2015-11-26 06:11:02.000,Network Issue,Closed
985,485,2016-06-01 11:39:06.000,Network Issue,Closed
986,486,2015-08-24 04:53:57.000,Network Issue,Open
987,487,2016-03-04 17:09:43.000,Device Issue,Open
988,488,2015-10-29 19:09:06.000,Billing Issue,Closed
989,489,2015-03-24 04:31:19.000,Network Issue,Open
990,490,2017-02-03 16:46:10.000,Device Issue,Closed
991,491,2015-08-19 06:31:23.000,Billing Issue,Open
992,492,2015-08-06 13:47:03.000,Device Issue,Closed
995,493,2016-04-29 02:59:24.000,Billing Issue,Unresolved
997,494,2015-07-10 02:08:24.000,Billing Issue,Closed
998,495,2015-12-31 03:21:58.000,Device Issue,Unresolved
1002,496,2015-12-05 07:34:18.000,Network Issue,Closed
1003,497,2016-09-29 06:12:42.000,Billing Issue,Closed
1004,498,2015-03-07 05:22:40.000,Network Issue,Closed
1005,499,2016-06-13 21:02:39.000,Device Issue,Unresolved
1006,500,2016-08-09 20:09:29.000,Network Issue,Unresolved
1010,501,2015-07-22 22:17:57.000,Billing Issue,Open
1013,502,2016-04-15 09:37:19.000,Network Issue,Open
1014,503,2015-08-31 05:31:33.000,Device Issue,Open
1017,504,2015-01-23 23:41:50.000,Device Issue,Unresolved
1019,505,2016-08-05 21:50:12.000,Network Issue,Open
1020,506,2016-11-05 11:28:49.000,Billing Issue,Closed
1022,507,2016-05-26 19:37:11.000,Device Issue,Unresolved
1023,508,2016-12-03 08:13:00.000,Billing Issue,Closed
1024,509,2015-11-02 09:35:03.000,Billing Issue,Open
1025,510,2016-11-18 03:24:42.000,Device Issue,Open
1026,511,2015-08-07 11:59:42.000,Device Issue,Open
1028,512,2015-07-07 10:32:16.000,Billing Issue,Unresolved
1029,513,2015-02-23 18:24:34.000,Network Issue,Open
1030,514,2016-03-16 10:28:04.000,Device Issue,Closed
1031,515,2016-09-02 02:44:18.000,Billing Issue,Unresolved
1033,516,2016-08-31 16:11:25.000,Billing Issue,Open
1036,517,2016-04-30 16:19:43.000,Device Issue,Closed
1038,518,2016-04-21 03:55:26.000,Billing Issue,Open
1039,519,2016-06-06 08:49:16.000,Network Issue,Open
1042,520,2015-06-19 01:04:19.000,Network Issue,Unresolved
1043,521,2015-12-02 04:17:06.000,Device Issue,Unresolved
1045,522,2016-07-02 19:01:31.000,Device Issue,Open
1046,523,2015-09-17 20:56:40.000,Network Issue,Unresolved
1047,524,2015-05-17 22:35:35.000,Device Issue,Unresolved
1048,525,2016-12-16 00:11:53.000,Network Issue,Closed
1052,526,2016-03-25 22:15:54.000,Network Issue,Open
1053,527,2016-08-19 20:15:43.000,Billing Issue,Unresolved
1055,528,2015-11-21 08:00:48.000,Device Issue,Closed
1056,529,2015-06-02 19:50:16.000,Device Issue,Open
1058,530,2016-01-04 22:54:15.000,Billing Issue,Unresolved
1059,531,2015-10-27 14:35:03.000,Billing Issue,Unresolved
1060,532,2015-08-11 17:21:23.000,Billing Issue,Unresolved
1061,533,2015-01-02 01:55:24.000,Billing Issue,Open
1062,534,2016-10-06 13:53:38.000,Device Issue,Open
1064,535,2015-01-13 15:13:17.000,Network Issue,Open
1067,536,2016-03-30 01:38:39.000,Network Issue,Unresolved
1068,537,2016-02-26 23:49:25.000,Billing Issue,Closed
1069,538,2016-12-18 19:42:59.000,Billing Issue,Closed
1071,539,2015-09-04 04:26:36.000,Device Issue,Closed
1073,540,2015-05-09 20:25:30.000,Device Issue,Closed
1075,541,2015-04-17 11:43:31.000,Network Issue,Open
1077,542,2015-03-15 11:49:03.000,Network Issue,Closed
1078,543,2015-06-05 21:05:38.000,Network Issue,Open
1080,544,2016-05-08 15:38:24.000,Billing Issue,Closed
1081,545,2017-01-10 08:04:26.000,Billing Issue,Open
1082,546,2017-02-25 02:00:46.000,Device Issue,Closed
1083,547,2016-01-02 17:42:13.000,Device Issue,Closed
1085,548,2016-09-19 11:06:33.000,Network Issue,Closed
1086,549,2015-09-25 17:46:56.000,Device Issue,Open
1090,550,2017-02-07 16:41:01.000,Device Issue,Unresolved
1091,551,2016-12-10 01:25:52.000,Network Issue,Unresolved
1092,552,2016-06-17 12:42:28.000,Network Issue,Unresolved
1093,553,2015-12-01 06:34:35.000,Network Issue,Unresolved
1094,554,2016-05-14 08:28:19.000,Device Issue,Open
1101,555,2016-05-26 23:13:22.000,Device Issue,Open
1104,556,2016-11-08 10:17:48.000,Billing Issue,Closed
1106,557,2016-06-21 15:56:58.000,Network Issue,Closed
1107,558,2016-05-05 10:04:54.000,Device Issue,Closed
1108,559,2016-01-26 07:42:39.000,Device Issue,Closed
1109,560,2016-12-28 22:49:40.000,Billing Issue,Open
1111,561,2015-09-11 19:44:28.000,Network Issue,Closed
1114,562,2015-10-09 10:31:15.000,Device Issue,Open
1115,563,2016-02-15 11:59:11.000,Device Issue,Open
1117,564,2016-11-01 01:26:33.000,Device Issue,Open
1120,565,2017-02-12 15:00:55.000,Device Issue,Unresolved
1121,566,2017-02-14 04:14:27.000,Billing Issue,Closed
1122,567,2016-01-31 08:49:20.000,Device Issue,Closed
1123,568,2016-09-18 15:14:18.000,Billing Issue,Open
1125,569,2016-04-20 03:09:54.000,Network Issue,Open
1126,570,2015-10-12 15:11:57.000,Device Issue,Closed
1128,571,2015-09-03 16:27:55.000,Network Issue,Closed
1129,572,2016-07-31 21:24:24.000,Network Issue,Closed
1136,573,2015-03-31 22:29:30.000,Billing Issue,Unresolved
1137,574,2016-05-29 20:50:39.000,Network Issue,Closed
1138,575,2015-07-14 18:07:55.000,Device Issue,Open
1140,576,2015-09-09 21:29:17.000,Device Issue,Closed
1145,577,2015-04-15 14:46:18.000,Network Issue,Closed
1147,578,2016-05-11 13:12:08.000,Device Issue,Unresolved
1149,579,2017-02-09 18:27:31.000,Device Issue,Open
1151,580,2015-03-11 04:14:50.000,Billing Issue,Unresolved
1157,581,2015-09-14 07:12:18.000,Billing Issue,Open
1160,582,2017-01-12 01:10:05.000,Network Issue,Closed
1161,583,2016-07-09 18:54:01.000,Device Issue,Open
1162,584,2016-11-07 18:14:40.000,Billing Issue,Closed
1165,585,2016-04-14 11:39:00.000,Network Issue,Unresolved
1166,586,2016-03-15 19:09:18.000,Billing Issue,Open
1167,587,2015-11-08 22:46:28.000,Network Issue,Unresolved
1170,588,2016-07-18 04:39:46.000,Network Issue,Closed
1172,589,2016-03-26 11:29:29.000,Device Issue,Unresolved
1173,590,2016-08-23 22:54:04.000,Device Issue,Unresolved
1175,591,2016-07-29 03:54:15.000,Network Issue,Unresolved
1177,592,2015-12-18 21:42:12.000,Billing Issue,Closed
1179,593,2015-12-29 04:31:55.000,Device Issue,Open
1180,594,2015-10-27 03:31:25.000,Network Issue,Closed
1181,595,2016-06-16 02:41:59.000,Network Issue,Closed
1182,596,2016-12-04 21:48:35.000,Network Issue,Unresolved
1187,597,2015-11-26 14:38:14.000,Network Issue,Open
1188,598,2015-10-07 19:35:41.000,Device Issue,Closed
1189,599,2016-12-19 08:24:29.000,Network Issue,Closed
1190,600,2015-03-25 23:51:45.000,Network Issue,Closed
1192,601,2016-02-19 05:37:34.000,Device Issue,Open
1193,602,2016-06-10 02:18:12.000,Billing Issue,Closed
1194,603,2016-10-30 03:56:21.000,Device Issue,Closed
1195,604,2016-05-24 08:18:25.000,Billing Issue,Unresolved
1196,605,2015-12-17 10:12:17.000,Device Issue,Unresolved
1199,606,2016-01-25 22:50:19.000,Network Issue,Open
1200,607,2016-02-15 15:53:51.000,Network Issue,Open
1201,608,2016-07-18 17:32:43.000,Network Issue,Closed
1202,609,2015-09-07 14:05:14.000,Device Issue,Open
1204,610,2015-03-21 10:43:03.000,Billing Issue,Closed
1207,611,2017-01-12 13:53:26.000,Network Issue,Open
1208,612,2016-01-06 12:57:05.000,Network Issue,Open
1210,613,2016-01-10 22:40:19.000,Network Issue,Open
1212,614,2016-10-04 17:00:24.000,Network Issue,Open
1213,615,2016-09-08 04:36:03.000,Billing Issue,Unresolved
1214,616,2016-06-29 04:41:26.000,Device Issue,Closed
1215,617,2015-11-03 17:03:43.000,Billing Issue,Closed
1217,618,2015-08-23 00:34:23.000,Billing Issue,Unresolved
1220,619,2016-03-18 01:06:16.000,Network Issue,Unresolved
1224,620,2015-08-15 02:58:11.000,Device Issue,Unresolved
1226,621,2015-11-24 13:40:06.000,Billing Issue,Closed
1231,622,2016-07-10 16:11:15.000,Device Issue,Unresolved
1234,623,2017-02-12 02:45:25.000,Network Issue,Closed
1236,624,2016-02-23 04:40:28.000,Network Issue,Unresolved
1238,625,2015-10-28 13:43:39.000,Network Issue,Unresolved
1239,626,2016-06-26 01:23:45.000,Billing Issue,Closed
1240,627,2015-02-25 23:15:00.000,Billing Issue,Closed
1243,628,2016-12-30 23:46:58.000,Billing Issue,Closed
1245,629,2016-05-10 01:26:24.000,Network Issue,Open
1247,630,2016-04-18 14:39:58.000,Device Issue,Unresolved
1248,631,2016-10-11 14:14:23.000,Device Issue,Unresolved
1249,632,2015-07-31 11:06:34.000,Network Issue,Open
1251,633,2016-04-26 12:13:55.000,Network Issue,Open
1255,634,2016-10-20 21:24:16.000,Network Issue,Open
1256,635,2016-11-05 01:36:10.000,Billing Issue,Open
1257,636,2016-06-20 02:42:45.000,Billing Issue,Unresolved
1258,637,2016-07-06 09:28:57.000,Device Issue,Unresolved
1261,638,2016-11-15 11:25:28.000,Billing Issue,Open
1265,639,2015-02-02 21:48:40.000,Billing Issue,Unresolved
1266,640,2015-02-03 03:37:52.000,Device Issue,Open
1268,641,2017-02-02 23:06:49.000,Billing Issue,Unresolved
1270,642,2017-02-04 09:15:49.000,Device Issue,Closed
1271,643,2015-03-28 01:53:14.000,Network Issue,Closed
1273,644,2016-11-01 10:03:02.000,Device Issue,Closed
1274,645,2015-06-28 20:56:39.000,Network Issue,Closed
1277,646,2016-03-14 15:14:58.000,Billing Issue,Open
1278,647,2016-07-26 21:58:18.000,Billing Issue,Unresolved
1280,648,2015-05-01 15:48:48.000,Device Issue,Open
1281,649,2016-03-13 23:05:22.000,Device Issue,Open
1282,650,2015-03-17 15:09:02.000,Network Issue,Unresolved
1284,651,2015-03-26 07:49:05.000,Device Issue,Unresolved
1286,652,2015-12-07 03:28:51.000,Device Issue,Unresolved
1287,653,2016-05-20 18:19:31.000,Device Issue,Closed
1290,654,2016-09-30 23:08:20.000,Network Issue,Closed
1292,655,2015-10-18 04:48:21.000,Network Issue,Closed
1293,656,2015-11-11 20:10:13.000,Device Issue,Unresolved
1295,657,2016-08-01 02:06:38.000,Device Issue,Closed
1297,658,2015-11-13 18:31:16.000,Network Issue,Unresolved
1298,659,2016-10-31 22:58:33.000,Billing Issue,Open
1299,660,2017-02-12 11:50:13.000,Device Issue,Closed
1301,661,2015-04-09 06:27:04.000,Network Issue,Unresolved
1303,662,2017-01-22 23:35:50.000,Device Issue,Unresolved
1304,663,2016-11-03 18:21:19.000,Billing Issue,Unresolved
1305,664,2015-10-17 06:32:01.000,Billing Issue,Unresolved
1310,665,2015-12-29 05:37:25.000,Network Issue,Unresolved
1311,666,2015-01-10 05:48:49.000,Network Issue,Closed
1312,667,2016-05-27 21:00:29.000,Network Issue,Unresolved
1315,668,2015-03-13 18:53:57.000,Device Issue,Open
1317,669,2016-09-26 07:42:40.000,Network Issue,Unresolved
1319,670,2016-01-23 02:38:21.000,Billing Issue,Unresolved
1320,671,2016-05-30 05:45:49.000,Network Issue,Unresolved
1321,672,2016-04-13 05:47:04.000,Device Issue,Closed
1323,673,2016-02-22 07:20:40.000,Device Issue,Unresolved
1324,674,2015-06-21 23:56:04.000,Billing Issue,Unresolved
1328,675,2015-07-26 15:56:19.000,Device Issue,Closed
1329,676,2015-05-14 22:51:52.000,Billing Issue,Closed
1337,677,2015-07-29 18:36:14.000,Device Issue,Unresolved
1338,678,2015-09-09 03:50:15.000,Network Issue,Closed
1341,679,2016-11-09 04:52:27.000,Network Issue,Open
1343,680,2016-04-22 10:38:32.000,Device Issue,Unresolved
1344,681,2015-10-19 12:12:35.000,Device Issue,Open
1345,682,2017-02-28 14:14:43.000,Network Issue,Open
1346,683,2015-01-20 23:57:33.000,Network Issue,Open
1348,684,2016-02-03 20:32:17.000,Network Issue,Closed
1349,685,2016-08-22 08:33:58.000,Billing Issue,Open
1350,686,2016-08-10 08:32:54.000,Billing Issue,Open
1351,687,2016-09-21 07:48:05.000,Device Issue,Unresolved
1355,688,2016-05-28 23:30:37.000,Network Issue,Closed
1,1,2015-07-01 14:42:16.000,Billing Issue,Closed
4,2,2015-04-06 04:33:36.000,Device Issue,Closed
5,3,2016-05-17 05:25:53.000,Device Issue,Unresolved
8,4,2015-10-06 00:10:05.000,Network Issue,Open
9,5,2015-09-14 02:30:51.000,Billing Issue,Unresolved
12,6,2017-02-22 22:56:08.000,Network Issue,Unresolved
17,7,2015-12-06 07:03:27.000,Device Issue,Unresolved
19,8,2016-09-19 08:19:20.000,Network Issue,Open
22,9,2015-09-12 12:34:16.000,Device Issue,Unresolved
26,10,2015-01-30 18:24:10.000,Network Issue,Closed
29,11,2015-01-27 05:46:30.000,Network Issue,Closed
30,12,2016-04-17 02:10:07.000,Device Issue,Unresolved
32,13,2016-05-27 02:57:51.000,Network Issue,Open
33,14,2015-06-04 15:36:46.000,Billing Issue,Open
37,15,2017-02-15 20:18:32.000,Device Issue,Unresolved
38,16,2015-07-19 04:40:08.000,Billing Issue,Open
39,17,2016-04-02 16:38:02.000,Billing Issue,Open
41,18,2015-10-19 12:28:21.000,Billing Issue,Closed
42,19,2015-09-16 01:38:06.000,Device Issue,Unresolved
45,20,2015-01-22 00:41:16.000,Billing Issue,Unresolved
48,21,2016-11-23 19:47:29.000,Network Issue,Closed
51,22,2015-08-01 07:44:34.000,Network Issue,Closed
53,23,2015-01-04 19:45:38.000,Billing Issue,Open
55,24,2015-05-28 01:19:55.000,Device Issue,Closed
56,25,2015-10-06 10:10:36.000,Billing Issue,Closed
59,26,2015-03-06 04:30:38.000,Network Issue,Unresolved
60,27,2016-02-26 07:29:32.000,Billing Issue,Unresolved
61,28,2015-07-28 09:51:45.000,Device Issue,Closed
62,29,2015-03-10 23:46:22.000,Network Issue,Open
63,30,2015-07-21 06:42:33.000,Billing Issue,Open
64,31,2015-04-24 19:03:11.000,Billing Issue,Closed
65,32,2015-10-31 12:50:44.000,Device Issue,Closed
66,33,2016-12-05 09:58:44.000,Network Issue,Open
68,34,2015-10-28 01:22:46.000,Billing Issue,Open
70,35,2016-01-06 23:56:45.000,Device Issue,Open
72,36,2015-06-05 08:34:04.000,Network Issue,Closed
73,37,2016-12-21 20:25:25.000,Billing Issue,Unresolved
77,38,2016-02-11 18:59:57.000,Billing Issue,Open
78,39,2015-08-06 20:24:42.000,Device Issue,Closed
79,40,2015-08-05 08:34:01.000,Network Issue,Open
83,41,2015-05-10 19:33:09.000,Device Issue,Closed
85,42,2015-10-01 02:12:39.000,Billing Issue,Open
87,43,2016-04-06 19:38:16.000,Network Issue,Closed
88,44,2015-01-16 16:34:34.000,Network Issue,Open
89,45,2017-01-15 16:39:39.000,Network Issue,Closed
90,46,2016-03-23 21:45:43.000,Device Issue,Unresolved
91,47,2016-07-10 08:25:49.000,Network Issue,Open
93,48,2016-06-01 10:26:39.000,Billing Issue,Closed
94,49,2016-01-16 01:14:32.000,Device Issue,Closed
97,50,2016-06-26 09:29:44.000,Device Issue,Closed
98,51,2015-11-29 06:05:58.000,Network Issue,Closed
99,52,2016-10-02 10:26:57.000,Billing Issue,Open
100,53,2016-01-19 02:08:30.000,Device Issue,Open
101,54,2016-08-16 11:01:03.000,Billing Issue,Closed
104,55,2016-01-19 07:00:56.000,Device Issue,Open
105,56,2016-03-12 18:58:44.000,Network Issue,Closed
106,57,2015-08-14 11:21:00.000,Billing Issue,Unresolved
107,58,2016-06-25 15:44:25.000,Device Issue,Open
108,59,2016-10-25 08:49:54.000,Device Issue,Unresolved
111,60,2015-01-21 05:17:34.000,Network Issue,Unresolved
112,61,2015-11-01 19:45:52.000,Network Issue,Closed
113,62,2016-04-10 17:47:10.000,Billing Issue,Closed
117,63,2015-10-23 11:18:21.000,Billing Issue,Open
118,64,2016-01-12 17:44:00.000,Billing Issue,Closed
119,65,2016-01-03 22:57:37.000,Network Issue,Closed
120,66,2016-01-13 08:41:13.000,Network Issue,Unresolved
121,67,2016-02-24 13:20:54.000,Device Issue,Unresolved
122,68,2015-11-26 13:18:35.000,Device Issue,Closed
123,69,2015-09-18 19:50:30.000,Device Issue,Unresolved
124,70,2015-08-04 11:59:33.000,Billing Issue,Closed
125,71,2015-05-26 23:14:10.000,Network Issue,Closed
126,72,2016-12-09 14:15:50.000,Billing Issue,Unresolved
128,73,2016-05-25 09:01:23.000,Device Issue,Closed
129,74,2015-10-06 20:14:47.000,Device Issue,Open
130,75,2016-05-28 23:34:45.000,Network Issue,Closed
131,76,2015-06-02 11:29:02.000,Billing Issue,Closed
134,77,2015-08-12 03:36:43.000,Device Issue,Open
135,78,2016-12-17 05:08:59.000,Network Issue,Open
137,79,2016-12-30 11:31:46.000,Billing Issue,Unresolved
138,80,2015-04-04 02:51:14.000,Device Issue,Closed
144,81,2016-04-19 19:16:01.000,Network Issue,Closed
147,82,2016-07-09 00:17:47.000,Network Issue,Unresolved
154,83,2016-07-29 07:37:54.000,Device Issue,Unresolved
155,84,2015-06-16 06:11:44.000,Billing Issue,Closed
156,85,2016-05-27 14:08:12.000,Billing Issue,Open
158,86,2015-03-12 13:09:45.000,Network Issue,Open
159,87,2015-07-20 18:33:43.000,Billing Issue,Open
160,88,2016-04-18 18:31:54.000,Device Issue,Open
161,89,2016-10-03 04:12:27.000,Network Issue,Open
163,90,2015-06-11 09:36:49.000,Billing Issue,Closed
164,91,2016-04-21 22:41:45.000,Network Issue,Unresolved
165,92,2015-04-13 16:15:50.000,Device Issue,Open
168,93,2015-06-17 16:25:02.000,Network Issue,Open
169,94,2015-11-16 17:18:30.000,Billing Issue,Open
170,95,2015-10-05 22:34:46.000,Network Issue,Open
171,96,2015-11-30 15:19:38.000,Network Issue,Closed
175,97,2016-02-02 00:13:34.000,Device Issue,Unresolved
177,98,2016-04-28 01:53:27.000,Device Issue,Closed
178,99,2016-11-17 09:47:54.000,Network Issue,Unresolved
180,100,2015-07-15 03:47:23.000,Device Issue,Closed
182,101,2015-02-08 19:17:32.000,Billing Issue,Unresolved
187,102,2016-05-06 10:07:42.000,Billing Issue,Closed
189,103,2015-04-11 16:30:46.000,Device Issue,Unresolved
190,104,2016-08-27 06:50:21.000,Network Issue,Unresolved
191,105,2015-03-28 08:14:08.000,Network Issue,Unresolved
193,106,2015-08-08 05:01:11.000,Device Issue,Closed
194,107,2015-07-08 04:13:34.000,Billing Issue,Closed
196,108,2016-08-06 23:57:52.000,Device Issue,Closed
200,109,2015-09-21 03:43:27.000,Network Issue,Closed
201,110,2017-02-27 01:49:03.000,Network Issue,Open
202,111,2016-03-16 07:39:07.000,Network Issue,Closed
204,112,2015-09-23 00:21:24.000,Billing Issue,Open
207,113,2016-06-16 03:19:49.000,Device Issue,Unresolved
211,114,2016-03-03 00:35:54.000,Network Issue,Closed
215,115,2016-02-05 01:39:06.000,Device Issue,Unresolved
217,116,2015-02-25 06:14:11.000,Network Issue,Open
223,117,2016-04-06 20:58:24.000,Device Issue,Open
224,118,2016-12-17 09:49:06.000,Billing Issue,Unresolved
228,119,2016-12-23 01:26:43.000,Device Issue,Closed
229,120,2016-02-22 21:00:39.000,Network Issue,Open
230,121,2017-02-20 16:33:58.000,Network Issue,Open
234,122,2015-12-06 18:33:09.000,Billing Issue,Unresolved
235,123,2015-03-21 13:29:36.000,Device Issue,Open
240,124,2015-01-10 14:59:42.000,Billing Issue,Unresolved
244,125,2015-10-08 04:47:42.000,Device Issue,Unresolved
245,126,2016-06-16 03:20:14.000,Device Issue,Unresolved
249,127,2017-01-13 12:39:17.000,Billing Issue,Closed
252,128,2015-07-06 18:19:52.000,Billing Issue,Closed
253,129,2016-12-30 05:33:50.000,Device Issue,Open
254,130,2015-03-06 13:33:58.000,Device Issue,Open
255,131,2016-06-14 09:10:16.000,Billing Issue,Open
257,132,2015-06-16 04:46:13.000,Billing Issue,Closed
258,133,2015-02-23 00:13:15.000,Device Issue,Unresolved
259,134,2016-03-16 12:33:30.000,Device Issue,Open
260,135,2015-01-01 22:29:40.000,Network Issue,Unresolved
263,136,2016-11-18 03:48:54.000,Network Issue,Closed
269,137,2017-01-21 15:11:27.000,Billing Issue,Unresolved
272,138,2015-03-14 21:16:46.000,Billing Issue,Unresolved
273,139,2016-03-11 12:55:08.000,Network Issue,Unresolved
274,140,2015-01-03 20:18:21.000,Device Issue,Unresolved
278,141,2015-05-11 23:58:05.000,Billing Issue,Unresolved
279,142,2015-07-30 00:08:04.000,Billing Issue,Open
280,143,2016-10-23 22:41:01.000,Billing Issue,Open
281,144,2015-10-25 14:31:33.000,Device Issue,Closed
282,145,2016-10-15 00:26:29.000,Billing Issue,Open
284,146,2015-06-07 07:23:13.000,Device Issue,Open
285,147,2016-07-24 20:25:04.000,Device Issue,Closed
288,148,2015-02-06 15:43:46.000,Network Issue,Closed
290,149,2015-11-30 12:12:21.000,Network Issue,Unresolved
292,150,2016-11-24 21:50:17.000,Billing Issue,Closed
293,151,2015-04-06 12:55:06.000,Billing Issue,Unresolved
295,152,2015-04-01 21:59:00.000,Network Issue,Closed
297,153,2015-08-30 11:52:04.000,Billing Issue,Open
299,154,2017-02-26 06:50:32.000,Network Issue,Closed
301,155,2015-12-01 11:52:04.000,Billing Issue,Closed
302,156,2016-12-11 08:21:36.000,Network Issue,Open
303,157,2015-07-22 10:37:04.000,Billing Issue,Closed
305,158,2015-04-08 21:16:34.000,Billing Issue,Unresolved
306,159,2016-08-27 04:02:08.000,Network Issue,Open
308,160,2017-02-16 03:59:20.000,Network Issue,Unresolved
311,161,2016-02-23 10:46:53.000,Network Issue,Closed
313,162,2015-06-30 18:15:39.000,Network Issue,Unresolved
317,163,2015-04-22 02:35:18.000,Network Issue,Closed
319,164,2015-06-15 11:13:06.000,Network Issue,Unresolved
321,165,2016-03-07 08:52:43.000,Billing Issue,Unresolved
322,166,2015-03-06 22:07:13.000,Device Issue,Open
323,167,2015-02-20 17:35:27.000,Device Issue,Open
324,168,2016-12-08 00:52:29.000,Device Issue,Open
325,169,2016-08-04 01:25:35.000,Billing Issue,Closed
326,170,2016-10-28 19:45:04.000,Network Issue,Open
329,171,2015-03-11 22:53:54.000,Network Issue,Closed
337,172,2016-06-02 07:21:14.000,Device Issue,Unresolved
339,173,2016-01-13 04:27:36.000,Network Issue,Unresolved
340,174,2017-02-10 20:44:54.000,Network Issue,Open
342,175,2016-02-04 08:53:41.000,Device Issue,Closed
2734,1359,2015-04-05 03:32:04.000,Device Issue,Open
2773,1379,2016-10-25 03:09:14.000,Billing Issue,Open
2736,1360,2016-07-10 09:29:41.000,Billing Issue,Unresolved
2774,1380,2017-02-08 14:11:24.000,Network Issue,Closed
2737,1361,2015-10-08 00:46:16.000,Device Issue,Unresolved
2775,1381,2016-12-29 21:03:00.000,Device Issue,Unresolved
2776,1382,2016-03-09 12:36:54.000,Network Issue,Open
2755,1370,2016-01-18 23:38:04.000,Billing Issue,Open
2757,1371,2015-06-17 21:13:18.000,Billing Issue,Closed
2758,1372,2015-02-04 12:51:56.000,Device Issue,Open
2764,1373,2016-02-03 13:29:45.000,Billing Issue,Closed
2807,1397,2016-02-04 19:34:29.000,Billing Issue,Open
2805,1391,2015-04-04 09:55:33.000,Network Issue,Open
2806,1393,2015-11-19 13:07:50.000,Network Issue,Closed
2823,1403,2015-09-03 21:18:38.000,Billing Issue,Closed
2795,1389,2015-08-29 01:42:22.000,Device Issue,Unresolved
2797,1390,2015-09-12 12:56:24.000,Billing Issue,Open
2799,1392,2015-11-17 14:40:05.000,Network Issue,Closed
2800,1394,2015-03-16 12:45:07.000,Network Issue,Open
2802,1395,2016-01-18 02:04:29.000,Network Issue,Closed
2803,1396,2016-06-15 19:39:30.000,Billing Issue,Closed
2780,1383,2016-12-11 03:15:04.000,Billing Issue,Closed
2782,1384,2016-10-06 04:52:40.000,Network Issue,Unresolved
2783,1385,2015-05-05 07:58:45.000,Billing Issue,Closed
2785,1386,2016-05-28 07:37:02.000,Device Issue,Open
2833,1409,2016-02-12 01:51:02.000,Device Issue,Closed
2834,1410,2016-01-10 22:15:05.000,Device Issue,Unresolved
2836,1412,2015-08-30 18:01:54.000,Billing Issue,Unresolved
2837,1413,2016-08-13 17:32:59.000,Device Issue,Closed
2838,1414,2015-02-19 23:20:15.000,Network Issue,Open
2839,1415,2016-07-02 04:23:25.000,Device Issue,Unresolved
2840,1416,2015-04-13 14:38:27.000,Device Issue,Unresolved
2844,1419,2016-08-05 10:20:31.000,Billing Issue,Unresolved
2849,1420,2015-02-26 23:07:07.000,Device Issue,Open
2841,1417,2015-08-13 17:55:34.000,Network Issue,Unresolved
2843,1418,2016-08-19 11:18:21.000,Billing Issue,Open
2817,1401,2015-09-03 14:36:04.000,Network Issue,Closed
2818,1402,2016-09-25 14:24:05.000,Network Issue,Open
2791,1387,2016-03-11 09:13:24.000,Billing Issue,Unresolved
2794,1388,2016-05-14 22:18:28.000,Network Issue,Unresolved
2809,1398,2015-05-25 14:05:53.000,Network Issue,Closed
2811,1399,2016-04-27 06:40:38.000,Device Issue,Unresolved
2813,1400,2015-01-26 06:36:38.000,Network Issue,Closed
2827,1404,2016-03-17 05:49:17.000,Network Issue,Closed
2829,1405,2016-06-21 22:59:03.000,Device Issue,Unresolved
2830,1406,2016-09-02 09:18:23.000,Device Issue,Open
2831,1407,2016-08-23 21:57:21.000,Network Issue,Unresolved
2832,1408,2016-07-01 17:43:09.000,Network Issue,Closed
2850,1421,2016-04-02 13:28:00.000,Network Issue,Open
2852,1422,2016-07-27 22:07:52.000,Device Issue,Closed
2853,1423,2016-07-03 03:14:33.000,Network Issue,Open
2854,1424,2016-05-13 13:16:29.000,Network Issue,Closed
2856,1425,2016-12-24 01:24:56.000,Device Issue,Open
2857,1426,2015-11-06 11:36:59.000,Device Issue,Open
2858,1427,2015-07-26 09:32:03.000,Device Issue,Open
2860,1428,2015-01-03 12:25:01.000,Billing Issue,Unresolved
2835,1411,2016-11-05 23:08:52.000,Device Issue,Unresolved
2875,1435,2016-05-11 13:24:19.000,Billing Issue,Open
2868,1429,2015-08-17 15:03:05.000,Device Issue,Unresolved
2870,1430,2016-08-17 23:46:52.000,Device Issue,Open
2882,1441,2015-05-04 19:12:02.000,Device Issue,Closed
2884,1442,2016-08-08 18:19:08.000,Network Issue,Open
2888,1443,2015-08-22 16:12:42.000,Billing Issue,Open
2891,1444,2016-11-20 21:17:30.000,Billing Issue,Unresolved
2895,1445,2016-08-05 04:40:11.000,Network Issue,Open
2862,1431,2015-01-20 09:50:29.000,Network Issue,Open
2863,1432,2015-02-12 18:22:42.000,Billing Issue,Open
2873,1433,2016-06-22 23:11:22.000,Device Issue,Closed
2874,1434,2015-10-29 18:52:31.000,Device Issue,Unresolved
2922,1458,2015-12-11 22:06:55.000,Network Issue,Closed
2923,1459,2016-11-03 15:23:58.000,Billing Issue,Open
2924,1460,2016-04-27 16:33:57.000,Billing Issue,Unresolved
2926,1461,2015-06-17 00:02:56.000,Network Issue,Unresolved
2929,1462,2015-03-30 14:06:31.000,Device Issue,Unresolved
2933,1465,2016-02-08 08:39:36.000,Billing Issue,Open
2914,1453,2015-12-29 19:45:02.000,Billing Issue,Unresolved
2915,1454,2016-06-22 17:24:52.000,Device Issue,Unresolved
2916,1455,2015-10-13 11:42:52.000,Device Issue,Closed
2918,1456,2015-08-30 06:52:45.000,Network Issue,Open
2920,1457,2015-03-26 12:45:34.000,Network Issue,Unresolved
2877,1436,2016-04-19 01:05:51.000,Billing Issue,Unresolved
2879,1437,2016-10-04 11:25:27.000,Billing Issue,Unresolved
2881,1438,2015-04-21 12:14:43.000,Billing Issue,Unresolved
2883,1439,2015-03-23 14:01:09.000,Billing Issue,Unresolved
2885,1440,2015-11-19 06:17:57.000,Network Issue,Unresolved
2892,1446,2015-03-20 23:07:36.000,Billing Issue,Unresolved
2896,1447,2015-04-12 12:43:21.000,Network Issue,Closed
2902,1448,2016-04-03 21:12:27.000,Device Issue,Open
2939,1468,2015-07-13 12:24:28.000,Network Issue,Closed
2947,1469,2016-12-06 09:43:07.000,Billing Issue,Unresolved
2950,1470,2017-02-11 21:16:19.000,Network Issue,Unresolved
2951,1472,2016-02-01 23:16:11.000,Device Issue,Closed
2952,1474,2016-03-19 15:15:49.000,Billing Issue,Open
2953,1475,2016-10-05 02:10:34.000,Device Issue,Closed
2954,1476,2015-06-24 15:41:25.000,Network Issue,Closed
2955,1477,2016-03-06 22:42:21.000,Billing Issue,Closed
2930,1463,2016-07-03 02:54:29.000,Billing Issue,Unresolved
2956,1478,2015-12-18 06:24:49.000,Device Issue,Unresolved
2932,1464,2015-11-30 01:39:55.000,Device Issue,Closed
2938,1466,2015-09-18 00:16:23.000,Network Issue,Unresolved
2942,1467,2016-08-12 07:47:02.000,Device Issue,Open
2897,1449,2016-06-11 22:41:16.000,Network Issue,Closed
2899,1450,2015-02-05 04:09:08.000,Billing Issue,Open
2901,1451,2016-03-22 18:34:27.000,Network Issue,Unresolved
2909,1452,2016-12-21 21:15:53.000,Device Issue,Open
2973,1486,2017-02-22 04:17:28.000,Device Issue,Closed
2978,1487,2016-03-10 13:43:08.000,Network Issue,Closed
2979,1488,2016-07-09 00:32:02.000,Device Issue,Unresolved
2957,1471,2015-03-31 13:37:08.000,Network Issue,Open
2958,1473,2016-04-19 13:57:30.000,Device Issue,Closed
2981,1489,2017-02-14 15:07:34.000,Device Issue,Unresolved
2984,1490,2015-11-21 18:28:29.000,Billing Issue,Open
2985,1491,2015-06-19 01:25:26.000,Network Issue,Unresolved
2986,1492,2016-03-24 21:17:43.000,Device Issue,Unresolved
2970,1483,2015-10-27 11:48:44.000,Billing Issue,Closed
2971,1485,2015-06-05 16:49:23.000,Device Issue,Open
2989,1493,2016-10-27 03:30:38.000,Billing Issue,Closed
2990,1494,2015-03-22 18:12:57.000,Billing Issue,Open
2994,1495,2015-06-14 09:50:06.000,Device Issue,Open
2996,1496,2015-06-08 13:00:02.000,Device Issue,Closed
3009,1503,2016-10-04 19:58:18.000,Billing Issue,Unresolved
3011,1504,2016-06-04 10:00:19.000,Network Issue,Unresolved
2961,1479,2016-11-22 16:31:41.000,Billing Issue,Closed
2962,1480,2016-01-01 15:52:08.000,Device Issue,Unresolved
2963,1481,2016-05-06 20:43:43.000,Billing Issue,Unresolved
2964,1482,2015-08-21 17:52:17.000,Billing Issue,Unresolved
2967,1484,2016-01-22 18:33:13.000,Billing Issue,Closed
3003,1497,2016-06-12 08:28:14.000,Network Issue,Closed
3004,1498,2016-03-22 12:48:23.000,Device Issue,Unresolved
3005,1499,2015-05-22 07:44:58.000,Device Issue,Closed
3006,1500,2015-09-11 23:32:05.000,Network Issue,Unresolved
3007,1501,2015-05-07 14:37:07.000,Device Issue,Closed
3008,1502,2016-04-14 02:26:59.000,Billing Issue,Closed
3031,1514,2016-01-14 11:18:31.000,Network Issue,Open
3033,1515,2015-03-06 04:28:04.000,Device Issue,Unresolved
3035,1516,2015-07-24 08:16:53.000,Device Issue,Open
3037,1517,2016-11-28 03:17:42.000,Billing Issue,Open
3038,1518,2016-02-23 02:34:15.000,Device Issue,Open
3021,1509,2015-07-28 00:09:10.000,Device Issue,Unresolved
3039,1519,2016-12-23 01:18:46.000,Device Issue,Closed
3023,1510,2016-10-06 12:05:46.000,Network Issue,Open
3040,1520,2016-11-23 18:57:35.000,Network Issue,Unresolved
3041,1522,2016-01-01 06:04:10.000,Device Issue,Closed
3043,1523,2015-05-25 12:16:35.000,Device Issue,Unresolved
3013,1505,2017-01-30 05:59:09.000,Device Issue,Open
3016,1506,2017-02-05 00:47:51.000,Network Issue,Open
3018,1507,2015-05-21 06:59:37.000,Billing Issue,Open
3019,1508,2017-01-27 15:34:05.000,Device Issue,Unresolved
3048,1521,2016-05-15 10:58:48.000,Network Issue,Open
3022,1511,2015-05-06 15:57:20.000,Device Issue,Unresolved
3028,1512,2015-02-03 17:40:13.000,Network Issue,Open
3029,1513,2017-02-11 08:00:46.000,Device Issue,Open
3057,1528,2016-07-03 08:01:15.000,Network Issue,Unresolved
3059,1529,2016-04-26 22:52:57.000,Network Issue,Unresolved
3068,1532,2015-08-26 08:31:26.000,Device Issue,Closed
3069,1533,2015-06-02 04:31:18.000,Network Issue,Unresolved
3051,1524,2016-08-15 18:48:11.000,Network Issue,Closed
3052,1525,2015-02-23 22:49:53.000,Network Issue,Open
3055,1526,2016-04-05 10:39:00.000,Billing Issue,Closed
3056,1527,2015-11-28 10:33:16.000,Device Issue,Unresolved
3064,1530,2015-11-16 14:37:26.000,Billing Issue,Open
3067,1531,2015-05-25 16:00:14.000,Network Issue,Closed
3080,1539,2016-08-12 02:17:41.000,Network Issue,Open
3082,1540,2016-06-23 01:44:35.000,Billing Issue,Closed
3084,1541,2015-09-15 17:20:27.000,Billing Issue,Closed
3085,1542,2016-08-05 12:15:47.000,Network Issue,Unresolved
3070,1534,2015-11-28 06:09:22.000,Billing Issue,Open
3072,1535,2016-02-03 09:54:08.000,Billing Issue,Open
3074,1536,2016-10-11 04:47:16.000,Device Issue,Open
3076,1537,2016-05-07 04:52:38.000,Network Issue,Open
3077,1538,2016-03-02 06:03:10.000,Billing Issue,Closed
3105,1557,2015-08-04 11:52:57.000,Device Issue,Closed
3106,1558,2016-11-19 02:36:01.000,Billing Issue,Open
3095,1550,2016-05-16 05:21:02.000,Billing Issue,Unresolved
3096,1551,2015-10-23 08:42:55.000,Device Issue,Open
3097,1552,2015-06-16 13:27:34.000,Network Issue,Unresolved
3100,1553,2016-08-03 21:31:10.000,Billing Issue,Unresolved
3101,1554,2015-10-15 22:48:50.000,Billing Issue,Closed
3102,1555,2015-04-17 13:14:18.000,Network Issue,Closed
3103,1556,2015-07-06 06:25:34.000,Network Issue,Closed
3087,1543,2017-02-07 06:38:34.000,Network Issue,Closed
3089,1544,2015-08-21 02:52:05.000,Network Issue,Open
3090,1545,2016-06-06 16:08:37.000,Device Issue,Open
3091,1546,2015-07-16 01:53:16.000,Device Issue,Closed
3092,1547,2016-12-19 17:31:43.000,Network Issue,Unresolved
3093,1548,2016-02-15 00:11:54.000,Device Issue,Open
3094,1549,2016-05-10 05:59:49.000,Network Issue,Unresolved
3125,1568,2016-05-21 16:59:52.000,Device Issue,Closed
3126,1569,2016-09-24 04:25:35.000,Device Issue,Closed
3108,1559,2015-08-02 06:49:12.000,Device Issue,Open
3127,1570,2016-03-03 10:29:24.000,Billing Issue,Open
3134,1571,2015-08-21 18:20:29.000,Device Issue,Open
3135,1572,2016-02-12 09:44:31.000,Network Issue,Open
3112,1562,2015-11-04 01:53:13.000,Network Issue,Open
3115,1563,2015-02-20 18:02:25.000,Network Issue,Unresolved
3116,1564,2015-11-20 11:45:29.000,Network Issue,Open
3120,1565,2017-01-29 04:23:57.000,Device Issue,Unresolved
3111,1560,2016-10-02 02:31:53.000,Device Issue,Unresolved
3113,1561,2015-03-09 14:06:06.000,Network Issue,Closed
3139,1573,2015-02-15 13:17:18.000,Device Issue,Open
3123,1566,2015-07-22 01:00:11.000,Device Issue,Unresolved
3124,1567,2016-04-14 02:55:11.000,Billing Issue,Unresolved
3157,1582,2017-02-17 14:10:23.000,Device Issue,Open
3158,1583,2015-09-22 01:32:41.000,Device Issue,Closed
3146,1575,2015-12-15 09:40:48.000,Device Issue,Open
3159,1584,2015-07-09 12:46:16.000,Billing Issue,Closed
3148,1576,2015-02-21 06:47:33.000,Network Issue,Unresolved
3150,1577,2015-07-14 13:16:34.000,Network Issue,Closed
3152,1578,2015-06-06 05:56:28.000,Network Issue,Closed
3153,1579,2016-05-28 10:55:02.000,Billing Issue,Closed
3155,1580,2015-05-12 11:43:00.000,Network Issue,Closed
3156,1581,2015-02-07 03:24:11.000,Device Issue,Unresolved
3151,1574,2015-09-15 14:15:14.000,Device Issue,Open
3169,1588,2017-02-21 20:21:39.000,Device Issue,Closed
3190,1596,2016-02-13 11:37:48.000,Billing Issue,Unresolved
3192,1597,2015-08-29 22:17:38.000,Network Issue,Unresolved
3195,1598,2015-08-21 18:40:00.000,Billing Issue,Unresolved
3197,1599,2016-09-30 00:37:48.000,Device Issue,Open
3161,1585,2016-05-31 15:49:56.000,Device Issue,Open
3162,1586,2017-02-19 08:25:10.000,Device Issue,Open
3163,1587,2016-10-21 00:35:14.000,Billing Issue,Unresolved
3165,1589,2016-07-13 20:08:17.000,Network Issue,Unresolved
3201,1601,2016-05-08 12:44:39.000,Network Issue,Open
3208,1602,2015-11-03 01:59:12.000,Device Issue,Closed
3210,1603,2015-04-06 20:28:32.000,Device Issue,Open
3211,1604,2015-10-05 16:07:51.000,Device Issue,Open
3212,1605,2016-02-15 08:29:24.000,Device Issue,Open
3170,1590,2016-10-25 00:30:37.000,Device Issue,Open
3180,1593,2015-02-15 07:45:26.000,Billing Issue,Open
3181,1594,2017-01-10 19:31:57.000,Device Issue,Open
3186,1595,2015-12-19 00:53:07.000,Network Issue,Open
3189,1600,2015-04-09 07:30:05.000,Network Issue,Closed
3200,1606,2016-09-05 18:16:05.000,Network Issue,Unresolved
3202,1607,2015-05-03 08:37:56.000,Billing Issue,Open
3204,1608,2015-03-30 02:44:48.000,Billing Issue,Closed
3206,1609,2016-05-23 21:14:09.000,Network Issue,Unresolved
3171,1591,2015-09-26 23:06:34.000,Network Issue,Open
3172,1592,2015-03-18 02:06:54.000,Device Issue,Unresolved
3219,1610,2015-08-23 02:15:23.000,Billing Issue,Closed
3220,1611,2015-08-03 11:44:29.000,Device Issue,Closed
3225,1613,2016-09-19 21:53:28.000,Device Issue,Closed
3246,1619,2015-04-14 20:35:12.000,Network Issue,Closed
3230,1614,2016-08-16 07:24:48.000,Network Issue,Closed
3231,1615,2017-01-03 17:00:49.000,Network Issue,Open
3232,1616,2016-08-08 17:19:24.000,Device Issue,Open
3223,1612,2016-05-17 00:11:16.000,Network Issue,Closed
3256,1624,2016-05-10 21:56:13.000,Device Issue,Closed
3257,1625,2017-02-15 19:16:38.000,Network Issue,Open
3259,1626,2016-05-16 15:08:08.000,Network Issue,Closed
3263,1627,2015-02-07 12:23:21.000,Device Issue,Unresolved
3249,1620,2016-03-01 07:46:25.000,Billing Issue,Open
3277,1636,2016-03-12 22:21:10.000,Billing Issue,Unresolved
3278,1637,2015-04-30 08:20:50.000,Network Issue,Unresolved
3279,1638,2016-01-05 17:43:25.000,Billing Issue,Closed
3265,1628,2017-02-17 19:21:44.000,Device Issue,Closed
3266,1629,2016-04-24 23:02:49.000,Billing Issue,Closed
3267,1630,2015-03-13 07:29:02.000,Device Issue,Closed
3268,1631,2015-09-01 11:03:33.000,Network Issue,Unresolved
3270,1632,2016-09-09 22:06:50.000,Device Issue,Open
3250,1621,2016-12-15 16:43:34.000,Billing Issue,Open
3271,1633,2016-11-26 12:08:20.000,Billing Issue,Closed
3254,1622,2015-08-05 22:08:49.000,Billing Issue,Unresolved
3255,1623,2016-12-05 01:53:29.000,Device Issue,Unresolved
3272,1634,2015-04-07 20:50:03.000,Billing Issue,Closed
3273,1635,2016-03-20 22:15:42.000,Network Issue,Unresolved
3241,1618,2016-08-19 19:02:43.000,Network Issue,Open
3237,1617,2016-11-08 06:45:59.000,Device Issue,Open
3289,1645,2016-10-22 19:05:41.000,Device Issue,Open
3290,1646,2015-11-27 21:10:23.000,Billing Issue,Unresolved
3292,1647,2016-08-25 09:52:16.000,Billing Issue,Closed
3280,1639,2015-12-22 19:04:52.000,Billing Issue,Unresolved
3281,1640,2016-04-20 07:49:22.000,Network Issue,Unresolved
3284,1641,2016-04-08 17:44:39.000,Billing Issue,Unresolved
3285,1642,2016-04-01 15:38:17.000,Network Issue,Unresolved
3286,1643,2015-07-09 18:16:38.000,Network Issue,Unresolved
3288,1644,2016-10-31 06:35:54.000,Billing Issue,Closed
3307,1649,2016-12-13 09:20:59.000,Billing Issue,Closed
3313,1652,2015-09-18 18:01:20.000,Billing Issue,Open
3315,1653,2017-01-29 16:21:16.000,Device Issue,Open
3317,1654,2016-08-09 20:29:08.000,Device Issue,Closed
3324,1661,2016-09-15 03:14:57.000,Device Issue,Closed
3319,1655,2016-01-03 19:55:34.000,Billing Issue,Open
3328,1663,2015-08-05 11:03:06.000,Device Issue,Unresolved
3330,1664,2016-05-26 10:49:02.000,Device Issue,Closed
3321,1656,2015-07-11 19:20:05.000,Network Issue,Unresolved
3323,1657,2015-06-27 05:30:40.000,Billing Issue,Closed
3304,1650,2015-07-21 21:10:34.000,Billing Issue,Open
3310,1651,2017-02-23 18:04:15.000,Network Issue,Unresolved
3293,1648,2015-07-01 12:10:33.000,Billing Issue,Open
3318,1658,2017-01-25 12:17:12.000,Network Issue,Closed
3325,1659,2016-02-11 08:08:30.000,Network Issue,Open
3329,1660,2015-05-02 06:13:00.000,Billing Issue,Unresolved
3335,1662,2016-05-23 20:37:47.000,Billing Issue,Closed
3357,1672,2016-10-19 09:18:31.000,Device Issue,Unresolved
3361,1673,2015-09-21 21:33:21.000,Device Issue,Open
3360,1671,2016-12-18 08:31:49.000,Device Issue,Unresolved
3349,1669,2015-12-17 16:49:22.000,Device Issue,Unresolved
3370,1674,2015-10-24 22:14:05.000,Billing Issue,Closed
3372,1675,2016-02-01 08:45:32.000,Device Issue,Closed
3340,1665,2015-08-19 08:19:30.000,Device Issue,Closed
3341,1666,2016-05-31 02:39:55.000,Network Issue,Unresolved
3343,1667,2015-08-09 10:30:30.000,Device Issue,Closed
3344,1668,2015-02-05 07:23:25.000,Device Issue,Closed
3353,1670,2016-03-06 18:09:24.000,Device Issue,Unresolved
3375,1676,2015-12-09 00:30:52.000,Device Issue,Closed
3376,1677,2016-12-02 02:39:26.000,Billing Issue,Unresolved
3378,1678,2015-12-17 08:08:12.000,Network Issue,Closed
3379,1679,2016-12-16 13:51:42.000,Network Issue,Unresolved
3394,1683,2015-08-31 13:11:55.000,Device Issue,Open
3397,1684,2016-03-06 10:34:23.000,Billing Issue,Open
3381,1680,2016-01-18 03:48:05.000,Billing Issue,Closed
3387,1681,2016-06-13 03:43:13.000,Device Issue,Closed
3392,1682,2016-11-07 23:25:09.000,Device Issue,Unresolved
3399,1685,2016-02-26 22:31:47.000,Device Issue,Open
3400,1686,2016-10-04 01:11:25.000,Network Issue,Closed
3431,1701,2016-06-17 00:30:22.000,Network Issue,Open
3432,1702,2016-11-13 17:42:17.000,Device Issue,Unresolved
3402,1687,2016-01-25 10:20:50.000,Network Issue,Open
3405,1688,2016-06-02 05:56:36.000,Network Issue,Open
3409,1691,2015-05-07 07:24:37.000,Device Issue,Open
3411,1692,2016-06-21 21:17:49.000,Network Issue,Closed
3406,1689,2016-03-12 22:51:03.000,Device Issue,Closed
3413,1693,2016-01-21 22:12:30.000,Network Issue,Closed
3412,1690,2016-03-17 14:55:03.000,Device Issue,Open
3415,1694,2015-07-26 03:47:38.000,Network Issue,Closed
3417,1695,2015-04-03 21:46:16.000,Billing Issue,Closed
3419,1696,2015-03-23 23:02:34.000,Device Issue,Unresolved
3421,1697,2015-09-29 10:33:17.000,Network Issue,Open
3452,1709,2015-08-20 08:55:58.000,Device Issue,Unresolved
3454,1711,2015-03-28 08:59:47.000,Billing Issue,Unresolved
3423,1698,2015-11-13 19:52:11.000,Billing Issue,Closed
3426,1699,2016-03-16 02:17:15.000,Device Issue,Closed
3427,1700,2015-12-28 19:31:06.000,Billing Issue,Unresolved
3453,1710,2017-02-07 18:03:56.000,Device Issue,Open
3455,1712,2016-01-28 05:22:06.000,Billing Issue,Closed
3436,1703,2016-09-21 09:43:28.000,Network Issue,Unresolved
3437,1704,2017-01-10 21:30:17.000,Device Issue,Open
3438,1705,2016-03-11 20:07:24.000,Billing Issue,Unresolved
3464,1714,2015-01-21 05:56:25.000,Billing Issue,Open
3466,1715,2015-09-01 15:01:09.000,Device Issue,Open
3468,1716,2016-10-14 05:35:21.000,Device Issue,Unresolved
3461,1717,2015-12-05 16:47:11.000,Device Issue,Unresolved
3469,1718,2015-11-25 11:48:42.000,Billing Issue,Closed
3471,1719,2016-02-15 15:53:54.000,Network Issue,Closed
3443,1706,2016-07-16 12:46:28.000,Billing Issue,Unresolved
3447,1707,2015-06-29 04:59:22.000,Device Issue,Unresolved
3448,1708,2015-04-26 20:51:57.000,Billing Issue,Unresolved
3502,1730,2016-06-17 03:51:34.000,Device Issue,Closed
3458,1713,2016-07-25 04:59:05.000,Billing Issue,Unresolved
3503,1731,2015-10-09 15:25:47.000,Billing Issue,Closed
3504,1732,2016-07-20 05:36:03.000,Network Issue,Open
3505,1733,2017-02-02 16:22:02.000,Network Issue,Closed
3508,1734,2016-10-18 08:55:45.000,Network Issue,Closed
3509,1735,2015-04-23 00:05:03.000,Device Issue,Open
3510,1736,2015-03-02 13:59:37.000,Device Issue,Closed
3499,1729,2015-02-03 03:35:57.000,Billing Issue,Unresolved
3475,1720,2015-05-13 14:37:17.000,Network Issue,Closed
3476,1721,2015-10-04 13:43:52.000,Device Issue,Closed
3480,1725,2016-09-18 04:16:51.000,Device Issue,Open
3485,1726,2016-10-29 22:50:21.000,Billing Issue,Open
3490,1727,2016-09-20 07:38:02.000,Device Issue,Closed
3495,1728,2015-02-23 03:39:53.000,Network Issue,Closed
3525,1743,2015-08-08 01:28:12.000,Network Issue,Open
3520,1741,2015-02-10 09:42:08.000,Network Issue,Closed
3527,1744,2015-10-25 08:30:29.000,Billing Issue,Unresolved
3523,1742,2016-08-04 13:59:05.000,Device Issue,Closed
3513,1737,2015-10-25 10:35:34.000,Device Issue,Open
3514,1738,2016-07-22 13:32:58.000,Device Issue,Closed
3516,1739,2015-10-07 19:06:19.000,Network Issue,Closed
3517,1740,2015-07-11 14:45:52.000,Device Issue,Open
3486,1722,2016-12-26 03:11:28.000,Network Issue,Unresolved
3488,1723,2015-03-18 23:15:31.000,Network Issue,Unresolved
3493,1724,2016-10-03 21:26:39.000,Network Issue,Closed
3536,1745,2015-06-26 02:03:37.000,Network Issue,Unresolved
3537,1746,2016-07-09 17:58:13.000,Device Issue,Open
3567,1764,2016-05-31 07:40:44.000,Billing Issue,Open
3569,1765,2017-02-16 13:59:50.000,Network Issue,Open
3554,1754,2016-05-31 06:05:53.000,Billing Issue,Open
3551,1756,2017-01-22 14:18:53.000,Device Issue,Unresolved
3552,1757,2016-03-03 11:41:46.000,Billing Issue,Open
3553,1758,2015-01-04 01:12:29.000,Device Issue,Open
3555,1759,2015-02-06 17:59:35.000,Billing Issue,Closed
3557,1760,2016-06-26 15:49:40.000,Billing Issue,Open
3562,1761,2016-07-02 08:25:34.000,Billing Issue,Open
3563,1762,2016-10-05 13:48:20.000,Network Issue,Open
3542,1747,2016-02-20 17:25:41.000,Device Issue,Closed
3544,1751,2015-08-01 11:05:21.000,Device Issue,Closed
3548,1755,2016-01-28 19:31:02.000,Billing Issue,Open
3538,1748,2015-09-18 03:21:19.000,Device Issue,Closed
3543,1749,2016-05-23 23:57:10.000,Network Issue,Closed
3545,1750,2015-09-16 14:44:08.000,Billing Issue,Closed
3547,1752,2017-01-20 01:42:56.000,Device Issue,Open
3549,1753,2015-06-12 02:52:07.000,Billing Issue,Closed
3588,1778,2015-03-01 14:40:30.000,Network Issue,Closed
3591,1779,2015-10-24 06:30:16.000,Network Issue,Unresolved
3592,1780,2016-09-20 07:37:05.000,Billing Issue,Unresolved
3565,1763,2015-05-13 21:26:07.000,Device Issue,Unresolved
3602,1783,2015-02-14 21:54:07.000,Network Issue,Closed
3603,1784,2016-12-20 01:32:01.000,Device Issue,Unresolved
3576,1768,2016-02-21 16:41:20.000,Device Issue,Unresolved
3604,1785,2017-01-01 14:47:41.000,Network Issue,Open
3578,1770,2015-02-28 14:07:13.000,Device Issue,Open
3582,1772,2016-10-30 12:14:19.000,Billing Issue,Unresolved
3585,1774,2017-01-12 23:12:35.000,Network Issue,Closed
3586,1776,2016-10-02 10:30:58.000,Device Issue,Closed
3587,1777,2016-09-19 10:05:23.000,Billing Issue,Unresolved
3572,1766,2016-07-12 12:55:00.000,Network Issue,Open
3632,1798,2015-06-06 05:34:07.000,Device Issue,Open
3573,1767,2015-07-11 06:27:56.000,Billing Issue,Unresolved
3633,1799,2016-10-08 10:33:04.000,Billing Issue,Closed
3577,1769,2015-01-14 13:19:37.000,Billing Issue,Closed
3634,1800,2016-12-23 21:04:58.000,Billing Issue,Open
3579,1771,2017-02-17 18:20:51.000,Device Issue,Unresolved
3635,1801,2015-09-22 11:14:50.000,Network Issue,Closed
3616,1789,2017-02-28 16:59:27.000,Billing Issue,Unresolved
3581,1773,2015-04-09 14:12:40.000,Device Issue,Closed
3583,1775,2016-06-19 12:53:49.000,Network Issue,Closed
3617,1791,2015-04-18 06:26:36.000,Network Issue,Unresolved
3618,1793,2016-03-28 10:13:26.000,Network Issue,Open
3619,1794,2015-08-29 14:41:23.000,Device Issue,Unresolved
3610,1788,2015-07-01 18:26:58.000,Network Issue,Open
3613,1790,2015-06-08 00:17:56.000,Network Issue,Closed
3615,1792,2016-05-09 04:30:57.000,Device Issue,Closed
3595,1781,2016-08-23 07:05:17.000,Billing Issue,Open
3599,1782,2016-10-11 11:42:08.000,Network Issue,Open
3637,1802,2016-10-25 05:12:04.000,Network Issue,Closed
3639,1803,2015-07-25 15:05:58.000,Billing Issue,Open
3641,1804,2016-10-26 02:15:16.000,Device Issue,Closed
3643,1805,2015-06-27 12:17:16.000,Device Issue,Open
3606,1786,2017-01-30 20:31:52.000,Network Issue,Open
3607,1787,2015-01-27 04:01:03.000,Network Issue,Closed
3621,1795,2015-08-14 10:51:14.000,Device Issue,Unresolved
3622,1796,2016-09-11 07:57:33.000,Device Issue,Unresolved
3624,1797,2016-09-04 05:38:48.000,Network Issue,Open
3685,1823,2015-04-12 03:14:17.000,Device Issue,Closed
3686,1824,2015-05-07 11:58:48.000,Network Issue,Closed
3651,1808,2016-06-05 22:00:20.000,Device Issue,Open
3652,1809,2016-12-31 15:51:20.000,Billing Issue,Open
3653,1810,2015-12-29 03:23:51.000,Device Issue,Closed
3656,1811,2015-08-21 16:45:48.000,Network Issue,Unresolved
3691,1825,2016-04-19 11:25:02.000,Device Issue,Open
3696,1826,2016-11-04 17:03:59.000,Network Issue,Unresolved
3700,1827,2016-11-15 12:16:59.000,Network Issue,Open
3702,1828,2015-08-10 11:56:42.000,Device Issue,Open
3703,1829,2016-05-21 12:26:56.000,Billing Issue,Open
3667,1816,2015-07-23 12:39:25.000,Network Issue,Closed
3670,1817,2016-06-13 09:14:19.000,Network Issue,Unresolved
3672,1818,2015-09-30 04:35:48.000,Device Issue,Unresolved
3646,1806,2016-03-08 11:07:20.000,Network Issue,Unresolved
3648,1807,2016-05-10 02:01:38.000,Billing Issue,Unresolved
3706,1830,2016-02-07 15:15:39.000,Network Issue,Unresolved
3707,1831,2015-08-05 21:39:19.000,Network Issue,Unresolved
3708,1832,2016-10-17 15:01:53.000,Network Issue,Unresolved
3709,1833,2017-02-13 19:38:18.000,Billing Issue,Open
3658,1812,2016-01-24 17:59:54.000,Device Issue,Closed
3660,1813,2016-03-13 12:17:25.000,Device Issue,Unresolved
3661,1814,2015-04-30 11:57:04.000,Billing Issue,Closed
3662,1815,2015-01-06 11:30:17.000,Billing Issue,Closed
3715,1834,2016-01-25 21:03:56.000,Network Issue,Closed
3716,1835,2016-07-07 01:20:20.000,Device Issue,Closed
3717,1836,2015-02-13 23:47:12.000,Network Issue,Open
3720,1837,2016-06-21 05:08:55.000,Network Issue,Open
3673,1819,2016-09-19 04:38:29.000,Device Issue,Unresolved
3675,1820,2015-01-11 12:39:15.000,Billing Issue,Closed
3677,1821,2016-05-25 06:22:01.000,Billing Issue,Closed
3678,1822,2016-05-01 20:10:20.000,Billing Issue,Closed
3723,1838,2015-12-14 03:03:17.000,Network Issue,Unresolved
3725,1839,2016-10-02 20:50:58.000,Network Issue,Closed
3727,1840,2016-12-11 04:54:24.000,Network Issue,Open
3729,1842,2016-02-27 01:03:53.000,Network Issue,Open
3758,1856,2016-02-15 20:42:56.000,Device Issue,Open
3760,1857,2016-09-25 20:34:13.000,Network Issue,Closed
3761,1858,2015-02-09 20:02:55.000,Network Issue,Open
3762,1859,2016-10-08 22:52:32.000,Billing Issue,Closed
3763,1860,2015-06-24 04:52:02.000,Device Issue,Closed
3728,1841,2015-10-24 07:43:54.000,Network Issue,Closed
3732,1843,2015-06-28 10:50:02.000,Network Issue,Unresolved
3736,1844,2016-10-21 21:35:03.000,Network Issue,Open
3737,1845,2016-12-12 03:51:58.000,Device Issue,Open
3738,1846,2015-04-27 21:01:24.000,Network Issue,Open
3739,1847,2017-01-18 20:53:21.000,Billing Issue,Unresolved
3742,1848,2015-05-23 15:12:41.000,Billing Issue,Closed
3743,1849,2016-07-01 10:13:51.000,Billing Issue,Closed
3746,1850,2016-11-10 13:51:59.000,Billing Issue,Open
3779,1864,2016-09-22 03:49:09.000,Device Issue,Unresolved
3780,1865,2015-01-23 01:15:20.000,Billing Issue,Closed
3782,1866,2016-04-08 20:42:29.000,Billing Issue,Closed
3783,1867,2015-10-14 03:53:18.000,Network Issue,Closed
3750,1851,2016-07-15 06:15:19.000,Network Issue,Open
3792,1871,2016-10-23 20:56:56.000,Billing Issue,Unresolved
3794,1872,2016-04-05 10:48:29.000,Network Issue,Unresolved
3796,1873,2015-06-06 18:38:21.000,Network Issue,Open
3798,1874,2015-03-05 09:38:49.000,Device Issue,Closed
3753,1852,2016-07-18 11:49:20.000,Network Issue,Unresolved
3754,1853,2015-07-31 05:49:46.000,Network Issue,Open
3756,1854,2016-11-25 13:48:04.000,Network Issue,Closed
3757,1855,2015-07-27 05:01:18.000,Billing Issue,Unresolved
3773,1861,2016-01-29 21:40:32.000,Billing Issue,Unresolved
3774,1862,2016-01-06 15:32:52.000,Billing Issue,Closed
3775,1863,2016-04-20 18:51:04.000,Billing Issue,Closed
3786,1868,2015-03-22 09:31:39.000,Network Issue,Open
3788,1869,2015-03-08 14:33:37.000,Billing Issue,Open
3790,1870,2016-06-05 18:19:09.000,Device Issue,Unresolved
3809,1879,2016-07-12 05:20:10.000,Device Issue,Open
3811,1880,2016-03-27 10:00:12.000,Device Issue,Closed
3799,1875,2015-01-08 14:13:56.000,Billing Issue,Unresolved
3800,1876,2015-02-20 15:03:12.000,Device Issue,Open
3804,1877,2015-09-22 18:25:13.000,Network Issue,Closed
3819,1883,2016-03-13 16:03:54.000,Billing Issue,Unresolved
3805,1878,2015-11-03 05:38:42.000,Network Issue,Open
3820,1884,2016-01-09 18:33:50.000,Device Issue,Closed
3821,1885,2016-11-19 15:24:37.000,Device Issue,Unresolved
3822,1886,2016-03-08 12:19:18.000,Network Issue,Open
3823,1887,2015-09-25 22:28:48.000,Billing Issue,Unresolved
3824,1888,2016-02-26 17:39:39.000,Device Issue,Open
3825,1889,2016-09-19 09:39:44.000,Billing Issue,Open
3826,1890,2016-04-17 15:07:35.000,Device Issue,Closed
3827,1891,2017-01-12 04:45:22.000,Device Issue,Open
3829,1892,2016-05-11 18:06:05.000,Network Issue,Closed
3815,1881,2015-05-09 08:18:41.000,Network Issue,Unresolved
3818,1882,2016-09-08 06:42:08.000,Device Issue,Unresolved
3841,1896,2016-09-18 11:50:13.000,Network Issue,Open
3831,1893,2015-03-24 09:55:06.000,Billing Issue,Closed
3835,1894,2016-10-25 04:52:49.000,Device Issue,Closed
3836,1895,2017-01-28 19:50:00.000,Billing Issue,Unresolved
3845,1901,2015-07-12 18:26:36.000,Network Issue,Closed
3866,1904,2015-04-13 18:39:33.000,Network Issue,Unresolved
3877,1909,2015-05-15 17:57:41.000,Network Issue,Closed
3899,1920,2017-02-04 04:34:52.000,Billing Issue,Unresolved
3903,1921,2015-05-08 03:50:06.000,Device Issue,Open
3904,1922,2015-06-09 14:05:17.000,Billing Issue,Unresolved
3851,1902,2016-02-18 04:51:32.000,Device Issue,Open
3865,1905,2015-05-25 09:14:25.000,Network Issue,Closed
3867,1906,2015-12-20 11:54:34.000,Billing Issue,Closed
3869,1907,2016-02-10 04:38:21.000,Device Issue,Unresolved
3872,1908,2016-07-18 16:03:19.000,Network Issue,Closed
3848,1897,2017-01-03 16:41:46.000,Device Issue,Open
3853,1898,2017-02-13 20:40:36.000,Billing Issue,Unresolved
3855,1899,2016-08-27 21:05:39.000,Device Issue,Unresolved
3857,1900,2016-09-04 07:13:42.000,Network Issue,Open
3860,1903,2016-12-19 22:00:07.000,Billing Issue,Unresolved
3905,1923,2015-08-04 07:28:38.000,Network Issue,Closed
3906,1924,2015-08-11 18:51:31.000,Network Issue,Closed
3907,1925,2015-09-28 08:49:25.000,Billing Issue,Open
3909,1926,2016-05-17 14:01:47.000,Network Issue,Closed
3911,1927,2016-04-03 11:56:41.000,Network Issue,Open
3886,1911,2016-04-25 03:44:28.000,Billing Issue,Unresolved
3887,1912,2015-03-21 23:50:18.000,Network Issue,Closed
3888,1914,2015-04-04 06:04:16.000,Device Issue,Closed
3889,1916,2016-08-30 02:40:58.000,Billing Issue,Unresolved
3891,1918,2015-03-01 15:00:22.000,Billing Issue,Closed
3937,1938,2015-04-10 05:47:55.000,Device Issue,Closed
3938,1939,2015-06-05 07:25:02.000,Network Issue,Closed
3940,1940,2017-01-03 23:30:58.000,Network Issue,Open
3941,1941,2015-11-29 22:28:19.000,Device Issue,Unresolved
3882,1910,2016-05-03 07:23:39.000,Device Issue,Closed
3890,1913,2016-06-17 05:21:19.000,Device Issue,Open
3892,1915,2016-03-12 18:06:12.000,Device Issue,Open
3894,1917,2015-05-28 07:11:57.000,Billing Issue,Closed
3896,1919,2016-11-27 19:26:24.000,Device Issue,Open
3921,1932,2015-04-23 10:46:24.000,Network Issue,Closed
3924,1933,2016-09-14 11:56:55.000,Device Issue,Closed
3927,1934,2016-10-07 07:40:03.000,Billing Issue,Open
3928,1935,2015-02-01 14:52:10.000,Network Issue,Closed
3930,1936,2016-05-18 01:43:06.000,Device Issue,Closed
3933,1937,2016-05-07 21:23:18.000,Billing Issue,Open
3951,1946,2015-12-02 10:46:49.000,Network Issue,Unresolved
3920,1930,2017-02-19 22:26:45.000,Device Issue,Open
3925,1931,2017-02-02 12:22:47.000,Network Issue,Unresolved
3908,1928,2015-11-23 00:30:49.000,Device Issue,Unresolved
3910,1929,2016-03-11 13:43:51.000,Device Issue,Unresolved
3973,1955,2016-08-26 09:03:05.000,Billing Issue,Closed
3974,1956,2016-03-08 17:55:46.000,Device Issue,Open
3975,1957,2015-05-17 15:05:05.000,Device Issue,Open
3976,1958,2015-01-28 22:54:10.000,Billing Issue,Closed
3977,1959,2015-11-27 18:02:22.000,Device Issue,Open
3978,1960,2015-05-18 07:02:55.000,Device Issue,Closed
3979,1961,2016-01-10 09:24:50.000,Network Issue,Closed
3957,1949,2015-04-30 16:48:31.000,Network Issue,Open
3963,1950,2016-10-29 21:17:49.000,Billing Issue,Closed
3943,1942,2015-04-20 04:35:33.000,Network Issue,Closed
3945,1943,2017-02-17 20:28:34.000,Network Issue,Unresolved
3947,1944,2015-03-10 09:36:27.000,Billing Issue,Open
3948,1945,2015-07-12 06:38:23.000,Network Issue,Open
3983,1962,2016-03-17 01:40:18.000,Device Issue,Unresolved
3987,1963,2016-07-13 18:38:20.000,Billing Issue,Open
3960,1951,2015-09-23 12:36:59.000,Network Issue,Unresolved
3969,1952,2016-07-19 20:42:14.000,Billing Issue,Open
3970,1953,2015-06-20 18:36:56.000,Device Issue,Open
3971,1954,2017-02-24 15:55:07.000,Device Issue,Unresolved
3952,1947,2015-10-10 06:52:06.000,Billing Issue,Unresolved
3954,1948,2016-07-28 08:35:32.000,Network Issue,Open
4014,1977,2016-04-25 00:40:15.000,Network Issue,Open
3991,1967,2015-02-18 10:25:27.000,Billing Issue,Closed
3992,1968,2016-04-30 22:38:44.000,Billing Issue,Unresolved
3993,1969,2016-09-20 07:19:27.000,Billing Issue,Closed
3994,1970,2016-09-04 04:17:35.000,Network Issue,Closed
4010,1978,2015-08-12 05:49:44.000,Network Issue,Closed
4012,1979,2015-11-22 02:48:18.000,Network Issue,Unresolved
4016,1980,2016-11-18 12:03:34.000,Network Issue,Closed
4017,1981,2016-05-07 07:23:28.000,Billing Issue,Open
4018,1982,2017-01-29 12:40:52.000,Billing Issue,Unresolved
4019,1983,2015-11-20 15:54:44.000,Network Issue,Closed
4002,1973,2016-12-10 20:15:07.000,Billing Issue,Open
4003,1974,2016-06-28 18:01:09.000,Billing Issue,Closed
4005,1975,2016-07-24 10:00:57.000,Billing Issue,Open
4009,1976,2015-03-16 00:49:17.000,Device Issue,Unresolved
3997,1971,2016-04-21 00:47:52.000,Device Issue,Closed
3999,1972,2015-04-25 02:53:41.000,Network Issue,Open
3982,1964,2015-05-30 06:33:43.000,Billing Issue,Closed
3988,1965,2016-08-28 09:00:03.000,Device Issue,Open
3990,1966,2017-01-15 08:47:21.000,Device Issue,Unresolved
4020,1984,2015-12-03 09:44:17.000,Billing Issue,Unresolved
4021,1985,2016-02-28 08:15:19.000,Billing Issue,Open
4044,1996,2015-02-19 08:41:28.000,Network Issue,Open
4049,1997,2015-03-25 05:26:11.000,Network Issue,Open
4022,1986,2016-04-23 13:56:01.000,Network Issue,Unresolved
4025,1987,2015-11-14 03:11:52.000,Network Issue,Unresolved
4050,1998,2015-09-17 05:57:00.000,Device Issue,Open
4051,1999,2015-02-28 12:54:09.000,Billing Issue,Unresolved
4053,2001,2016-08-11 03:34:30.000,Network Issue,Open
4054,2003,2015-04-11 03:48:14.000,Network Issue,Unresolved
4056,2004,2015-04-24 03:45:05.000,Billing Issue,Unresolved
4065,2005,2016-08-14 04:58:59.000,Device Issue,Closed
4058,2000,2016-06-02 11:58:38.000,Billing Issue,Open
4064,2002,2016-10-01 12:39:46.000,Network Issue,Closed
4067,2006,2015-01-21 22:06:33.000,Network Issue,Closed
4027,1988,2016-09-19 09:49:30.000,Billing Issue,Closed
4029,1989,2016-05-13 22:48:44.000,Network Issue,Open
4032,1990,2016-07-26 04:59:14.000,Billing Issue,Closed
4034,1991,2016-02-07 05:21:10.000,Device Issue,Open
4085,2013,2016-02-23 10:39:21.000,Network Issue,Unresolved
4086,2014,2016-07-28 08:49:02.000,Device Issue,Open
4037,1992,2016-11-20 03:47:10.000,Device Issue,Open
4038,1993,2015-07-21 05:33:00.000,Billing Issue,Open
4041,1994,2016-03-15 07:15:21.000,Billing Issue,Open
4042,1995,2016-10-25 14:09:27.000,Network Issue,Closed
4068,2007,2016-06-16 05:42:54.000,Billing Issue,Open
4070,2008,2016-06-11 01:51:28.000,Network Issue,Closed
4071,2009,2016-08-17 13:12:52.000,Device Issue,Open
4072,2010,2015-10-24 04:15:11.000,Network Issue,Unresolved
4074,2011,2015-04-20 23:14:39.000,Network Issue,Unresolved
4075,2012,2016-08-12 08:48:24.000,Billing Issue,Open
4090,2015,2016-01-29 17:27:08.000,Billing Issue,Unresolved
4091,2016,2015-08-12 11:59:48.000,Billing Issue,Closed
4101,2026,2016-01-18 14:08:02.000,Device Issue,Closed
4102,2027,2015-09-01 09:28:50.000,Device Issue,Unresolved
4104,2028,2016-11-22 03:27:03.000,Device Issue,Closed
4107,2032,2016-04-30 19:31:19.000,Network Issue,Open
4111,2034,2016-09-15 04:57:56.000,Device Issue,Open
4115,2035,2016-01-23 20:16:50.000,Device Issue,Closed
4093,2018,2015-03-07 04:20:34.000,Billing Issue,Closed
4095,2019,2015-12-27 14:20:43.000,Network Issue,Closed
4096,2020,2015-11-17 00:22:11.000,Network Issue,Unresolved
4098,2021,2015-03-05 19:55:00.000,Device Issue,Unresolved
4099,2022,2016-09-18 02:23:00.000,Network Issue,Unresolved
4123,2037,2016-11-03 00:40:04.000,Network Issue,Unresolved
4108,2030,2015-02-01 20:17:28.000,Device Issue,Open
4112,2031,2015-01-19 13:03:54.000,Device Issue,Closed
4114,2033,2015-03-23 07:53:25.000,Device Issue,Open
4126,2038,2015-05-25 16:31:15.000,Billing Issue,Open
4127,2039,2015-07-16 06:29:36.000,Billing Issue,Open
4128,2040,2016-01-30 03:00:25.000,Billing Issue,Closed
4076,2017,2015-07-22 00:20:31.000,Network Issue,Open
4079,2023,2015-02-27 02:19:42.000,Billing Issue,Unresolved
4082,2024,2016-07-24 11:55:54.000,Billing Issue,Unresolved
4083,2025,2015-05-28 12:44:00.000,Device Issue,Open
4087,2029,2015-04-19 20:03:40.000,Billing Issue,Closed
4135,2044,2015-03-27 21:09:24.000,Device Issue,Open
4136,2045,2016-07-19 08:11:13.000,Network Issue,Unresolved
4118,2036,2016-03-29 09:22:05.000,Device Issue,Closed
4137,2046,2017-01-16 22:39:16.000,Network Issue,Open
4132,2041,2015-08-01 21:07:43.000,Billing Issue,Unresolved
4133,2042,2015-01-30 20:55:15.000,Billing Issue,Open
4139,2047,2015-03-23 02:17:34.000,Device Issue,Unresolved
4140,2048,2016-05-07 21:16:38.000,Billing Issue,Open
4141,2049,2017-01-06 02:56:58.000,Network Issue,Unresolved
4142,2050,2015-11-28 23:09:57.000,Billing Issue,Open
4145,2051,2016-08-08 16:16:44.000,Device Issue,Unresolved
4146,2052,2015-02-05 16:16:29.000,Billing Issue,Unresolved
4148,2053,2016-01-02 09:47:59.000,Billing Issue,Open
4151,2054,2017-01-12 12:34:20.000,Device Issue,Unresolved
4152,2055,2016-10-06 20:02:57.000,Billing Issue,Open
4134,2043,2017-02-18 02:58:29.000,Device Issue,Unresolved
4155,2056,2016-07-27 09:36:02.000,Device Issue,Closed
4161,2057,2015-06-14 23:28:46.000,Network Issue,Open
4178,2062,2016-02-15 20:20:51.000,Billing Issue,Closed
4179,2063,2016-08-31 10:01:47.000,Billing Issue,Closed
4162,2058,2016-11-22 12:56:22.000,Network Issue,Unresolved
4165,2059,2015-05-03 18:38:16.000,Billing Issue,Unresolved
4167,2060,2016-06-27 12:39:15.000,Network Issue,Open
4169,2061,2017-01-19 18:14:36.000,Network Issue,Unresolved
4183,2065,2016-02-23 16:31:36.000,Device Issue,Closed
4184,2066,2015-06-16 16:27:29.000,Device Issue,Unresolved
4186,2067,2016-02-13 17:14:52.000,Network Issue,Closed
4187,2068,2015-11-04 23:16:04.000,Network Issue,Unresolved
4191,2069,2015-08-28 17:49:07.000,Billing Issue,Closed
4180,2064,2015-04-07 21:48:54.000,Device Issue,Open
4192,2070,2015-02-15 05:44:45.000,Device Issue,Closed
4193,2071,2015-03-02 15:27:46.000,Billing Issue,Unresolved
4195,2072,2015-09-07 20:42:33.000,Billing Issue,Unresolved
4207,2078,2015-04-29 14:59:02.000,Device Issue,Open
4212,2079,2016-05-01 08:45:51.000,Billing Issue,Open
4222,2080,2016-07-24 05:08:16.000,Network Issue,Open
4204,2081,2015-11-17 17:17:51.000,Billing Issue,Open
4215,2082,2015-01-06 08:18:37.000,Network Issue,Open
4216,2083,2016-12-26 00:03:59.000,Device Issue,Open
4218,2084,2015-03-20 12:33:28.000,Billing Issue,Open
4220,2085,2015-07-29 20:27:15.000,Device Issue,Closed
4225,2090,2015-06-21 23:06:22.000,Network Issue,Unresolved
4246,2096,2015-02-10 19:54:35.000,Network Issue,Closed
4247,2097,2016-11-09 23:10:19.000,Billing Issue,Open
4219,2086,2016-02-24 08:29:49.000,Network Issue,Open
4221,2087,2016-12-09 00:43:29.000,Network Issue,Closed
4228,2088,2015-05-26 23:41:58.000,Billing Issue,Unresolved
4229,2089,2016-09-11 18:47:27.000,Device Issue,Open
4230,2091,2015-10-07 17:01:30.000,Device Issue,Closed
4232,2095,2015-01-09 05:12:23.000,Device Issue,Open
4235,2098,2015-12-07 12:07:07.000,Billing Issue,Open
4237,2092,2016-01-12 00:30:58.000,Billing Issue,Unresolved
4240,2093,2015-06-27 07:17:08.000,Device Issue,Closed
4241,2094,2015-12-09 00:17:46.000,Device Issue,Unresolved
4198,2073,2017-01-03 14:42:56.000,Network Issue,Open
4200,2074,2016-05-28 16:04:12.000,Billing Issue,Closed
4201,2075,2016-04-12 14:32:33.000,Network Issue,Closed
4202,2076,2015-10-20 02:27:13.000,Network Issue,Open
4203,2077,2015-09-01 20:12:03.000,Network Issue,Open
4261,2107,2016-07-21 13:27:31.000,Device Issue,Open
4249,2099,2016-03-03 11:54:56.000,Device Issue,Unresolved
4250,2100,2015-03-18 02:09:48.000,Billing Issue,Open
4251,2101,2015-11-15 18:45:49.000,Network Issue,Open
4252,2102,2017-01-31 06:02:05.000,Network Issue,Open
4253,2103,2016-02-26 20:32:59.000,Network Issue,Unresolved
4255,2104,2016-09-14 17:16:03.000,Billing Issue,Unresolved
4256,2105,2016-11-03 12:41:18.000,Network Issue,Unresolved
4257,2106,2017-02-06 19:01:23.000,Billing Issue,Unresolved
4279,2118,2015-12-08 17:32:25.000,Network Issue,Unresolved
4281,2119,2015-08-26 17:03:17.000,Billing Issue,Open
4284,2120,2016-05-16 11:52:44.000,Device Issue,Unresolved
4285,2121,2016-11-02 23:14:42.000,Network Issue,Unresolved
4265,2109,2015-10-23 03:05:54.000,Device Issue,Open
4270,2110,2015-08-15 13:14:29.000,Network Issue,Unresolved
4271,2111,2016-03-23 09:07:43.000,Device Issue,Unresolved
4273,2113,2015-04-17 16:00:37.000,Billing Issue,Closed
4263,2108,2016-04-01 03:27:10.000,Device Issue,Closed
4294,2124,2016-04-09 17:16:30.000,Device Issue,Open
4299,2126,2016-11-14 22:40:36.000,Billing Issue,Closed
4266,2112,2016-09-20 16:53:56.000,Device Issue,Open
4267,2114,2015-08-22 21:58:31.000,Device Issue,Closed
4272,2115,2015-04-15 06:59:10.000,Network Issue,Unresolved
4274,2116,2017-01-15 12:35:43.000,Billing Issue,Open
4275,2117,2015-02-23 01:22:22.000,Network Issue,Closed
4287,2122,2015-05-24 22:26:07.000,Device Issue,Unresolved
4288,2123,2017-02-09 08:50:46.000,Network Issue,Closed
4291,2125,2015-10-30 03:42:59.000,Billing Issue,Open
4292,2128,2015-01-18 10:13:02.000,Network Issue,Unresolved
4307,2133,2015-12-21 21:11:29.000,Network Issue,Open
4311,2134,2015-08-05 21:48:03.000,Network Issue,Unresolved
4312,2135,2016-01-26 19:38:41.000,Billing Issue,Unresolved
4302,2130,2015-06-08 19:12:20.000,Billing Issue,Unresolved
4303,2131,2016-08-07 06:52:10.000,Device Issue,Closed
4304,2132,2016-10-11 18:05:02.000,Device Issue,Unresolved
4322,2137,2015-02-08 15:44:44.000,Device Issue,Unresolved
4323,2138,2015-10-09 13:04:46.000,Billing Issue,Closed
4324,2139,2015-09-15 21:55:36.000,Billing Issue,Closed
4325,2140,2016-09-10 10:15:52.000,Billing Issue,Unresolved
4333,2144,2015-11-11 00:48:52.000,Billing Issue,Unresolved
4334,2145,2016-12-18 19:09:23.000,Network Issue,Unresolved
4335,2146,2016-02-06 11:40:39.000,Network Issue,Open
4339,2147,2016-04-08 16:44:30.000,Device Issue,Open
4342,2148,2016-08-25 17:44:54.000,Billing Issue,Closed
4298,2127,2015-04-14 04:02:04.000,Billing Issue,Unresolved
4300,2129,2015-05-06 10:37:19.000,Billing Issue,Open
4320,2136,2016-08-15 16:19:52.000,Billing Issue,Unresolved
4329,2141,2017-01-18 04:35:06.000,Device Issue,Unresolved
4331,2142,2015-11-30 16:40:59.000,Billing Issue,Unresolved
4332,2143,2015-10-06 06:47:38.000,Network Issue,Unresolved
4370,2162,2015-06-06 20:33:46.000,Device Issue,Closed
4344,2149,2016-07-24 08:25:28.000,Network Issue,Open
4346,2150,2016-04-28 14:36:45.000,Billing Issue,Closed
4371,2163,2015-07-20 02:14:54.000,Billing Issue,Open
4372,2164,2015-01-13 11:55:34.000,Billing Issue,Unresolved
4347,2151,2017-01-17 17:05:08.000,Billing Issue,Unresolved
4348,2152,2016-10-09 18:16:20.000,Billing Issue,Closed
4357,2157,2015-04-24 21:57:45.000,Billing Issue,Open
4358,2158,2015-04-06 18:30:48.000,Network Issue,Unresolved
4362,2159,2016-09-08 10:02:00.000,Network Issue,Closed
4377,2169,2016-08-05 07:49:35.000,Billing Issue,Open
4352,2153,2017-01-05 17:01:01.000,Network Issue,Unresolved
4364,2160,2016-11-27 07:19:12.000,Billing Issue,Closed
4354,2154,2016-10-31 20:26:04.000,Billing Issue,Open
4368,2161,2015-02-14 21:01:40.000,Network Issue,Open
4355,2155,2015-10-10 09:02:04.000,Billing Issue,Unresolved
4359,2156,2015-09-19 11:23:05.000,Network Issue,Closed
4388,2173,2015-05-14 21:31:46.000,Billing Issue,Closed
4394,2174,2016-06-07 21:14:40.000,Billing Issue,Unresolved
4398,2175,2015-11-04 05:42:04.000,Network Issue,Unresolved
4401,2176,2015-10-19 12:59:13.000,Network Issue,Unresolved
4402,2177,2016-03-09 16:08:10.000,Device Issue,Open
4403,2178,2016-11-06 18:02:47.000,Device Issue,Unresolved
4406,2179,2016-09-03 20:54:01.000,Network Issue,Unresolved
4408,2180,2016-02-04 17:58:10.000,Network Issue,Closed
4409,2181,2015-03-30 15:17:45.000,Device Issue,Open
4363,2165,2016-07-31 02:02:07.000,Network Issue,Closed
4365,2166,2015-04-22 02:46:06.000,Device Issue,Unresolved
4369,2167,2016-10-07 03:28:39.000,Network Issue,Closed
4375,2168,2015-12-31 00:30:51.000,Network Issue,Closed
4421,2183,2017-02-01 21:56:10.000,Network Issue,Closed
4382,2170,2016-12-19 08:18:22.000,Device Issue,Open
4384,2171,2016-01-23 12:49:09.000,Network Issue,Open
4385,2172,2015-09-07 08:05:34.000,Billing Issue,Open
4411,2184,2016-01-31 18:31:48.000,Network Issue,Closed
4412,2185,2015-05-26 20:32:23.000,Network Issue,Closed
4413,2186,2016-12-19 12:33:17.000,Billing Issue,Unresolved
4414,2187,2016-10-07 20:06:34.000,Billing Issue,Unresolved
4416,2188,2015-08-16 01:53:23.000,Network Issue,Unresolved
4436,2194,2015-11-15 19:56:22.000,Device Issue,Unresolved
4445,2195,2016-10-04 15:58:28.000,Device Issue,Open
4449,2196,2015-02-19 19:26:10.000,Network Issue,Open
4429,2189,2016-02-17 00:54:35.000,Device Issue,Open
4431,2190,2015-10-09 09:08:11.000,Device Issue,Closed
4432,2191,2015-03-28 16:57:19.000,Device Issue,Closed
4438,2192,2017-02-15 18:32:59.000,Device Issue,Unresolved
4440,2193,2016-11-06 17:20:48.000,Billing Issue,Unresolved
4422,2182,2016-04-23 10:58:56.000,Network Issue,Unresolved
4480,2211,2015-09-01 04:03:00.000,Device Issue,Open
4484,2212,2016-07-10 18:19:59.000,Network Issue,Unresolved
4437,2197,2016-09-05 14:09:49.000,Network Issue,Open
4442,2198,2015-01-09 04:22:40.000,Device Issue,Unresolved
4444,2199,2016-01-07 06:33:44.000,Network Issue,Open
4448,2200,2015-10-20 04:42:29.000,Billing Issue,Unresolved
4474,2209,2017-02-13 03:03:53.000,Device Issue,Unresolved
4477,2210,2015-10-14 15:11:49.000,Billing Issue,Unresolved
4462,2204,2016-02-29 22:46:59.000,Device Issue,Open
4456,2201,2015-09-09 20:31:46.000,Billing Issue,Open
4458,2202,2017-01-18 21:26:20.000,Device Issue,Closed
4459,2203,2016-08-20 01:59:23.000,Network Issue,Unresolved
4465,2205,2016-11-23 22:05:19.000,Network Issue,Open
4467,2206,2016-08-31 06:45:47.000,Billing Issue,Closed
4468,2207,2017-01-03 22:50:39.000,Device Issue,Closed
4470,2208,2015-12-30 03:25:46.000,Device Issue,Closed
4486,2213,2017-02-18 23:55:34.000,Billing Issue,Open
4487,2214,2015-04-06 03:32:49.000,Device Issue,Open
4493,2219,2015-03-06 04:44:28.000,Device Issue,Open
4494,2220,2015-05-09 02:04:29.000,Billing Issue,Unresolved
4496,2221,2016-07-11 19:32:34.000,Device Issue,Unresolved
4499,2222,2016-10-14 06:40:52.000,Billing Issue,Closed
4488,2215,2016-10-23 16:04:59.000,Network Issue,Unresolved
4490,2216,2016-11-03 03:19:22.000,Network Issue,Open
4491,2217,2016-01-08 02:04:34.000,Device Issue,Closed
4492,2218,2015-07-05 01:49:01.000,Network Issue,Unresolved
4520,2231,2015-08-31 02:34:34.000,Device Issue,Open
4521,2232,2015-04-15 05:59:45.000,Network Issue,Open
4522,2233,2015-12-08 20:18:31.000,Network Issue,Closed
4523,2234,2015-01-21 02:24:19.000,Network Issue,Open
4524,2235,2015-10-30 11:11:52.000,Billing Issue,Unresolved
4525,2236,2015-08-09 04:55:08.000,Billing Issue,Closed
1718,859,2016-09-26 20:28:56.000,Device Issue,Unresolved
1720,860,2015-09-08 15:11:46.000,Billing Issue,Unresolved
1721,861,2016-09-03 10:22:12.000,Network Issue,Open
1724,862,2015-02-24 04:29:20.000,Billing Issue,Unresolved
1725,863,2015-09-23 15:21:38.000,Billing Issue,Unresolved
1726,864,2015-12-13 16:49:39.000,Network Issue,Unresolved
1727,865,2016-04-13 00:34:00.000,Device Issue,Closed
1728,866,2016-11-25 05:28:36.000,Device Issue,Unresolved
1729,867,2016-12-15 00:44:36.000,Network Issue,Closed
1730,868,2015-09-18 10:55:20.000,Network Issue,Open
1732,869,2016-11-25 11:36:40.000,Billing Issue,Open
1733,870,2016-06-27 15:19:34.000,Device Issue,Unresolved
1741,871,2015-05-21 06:49:31.000,Device Issue,Unresolved
1742,872,2016-02-09 00:17:07.000,Device Issue,Unresolved
1743,873,2017-02-23 08:36:00.000,Device Issue,Closed
1744,874,2016-06-19 21:52:55.000,Billing Issue,Closed
1745,875,2015-01-26 00:22:05.000,Device Issue,Unresolved
1746,876,2016-02-15 08:05:22.000,Network Issue,Open
1748,877,2015-04-16 03:09:31.000,Device Issue,Closed
1750,878,2015-04-14 05:37:22.000,Network Issue,Closed
1751,879,2016-08-31 11:04:33.000,Billing Issue,Closed
1752,880,2016-04-22 03:20:16.000,Billing Issue,Unresolved
1753,881,2016-06-21 08:33:56.000,Network Issue,Open
1756,882,2016-09-03 23:35:18.000,Device Issue,Open
1757,883,2015-09-09 03:38:44.000,Billing Issue,Closed
1761,884,2016-05-09 11:49:03.000,Network Issue,Open
1762,885,2016-07-30 10:13:20.000,Billing Issue,Closed
1766,886,2016-10-23 22:09:52.000,Network Issue,Unresolved
1767,887,2016-11-13 08:22:24.000,Network Issue,Closed
1768,888,2015-06-16 17:46:52.000,Device Issue,Unresolved
1769,889,2016-11-06 11:12:05.000,Network Issue,Unresolved
1770,890,2016-08-10 11:04:09.000,Device Issue,Closed
1771,891,2015-05-13 20:33:42.000,Network Issue,Closed
1772,892,2015-08-22 01:12:22.000,Network Issue,Open
1773,893,2016-05-18 22:57:33.000,Network Issue,Closed
1776,894,2015-06-12 20:51:08.000,Network Issue,Closed
1779,895,2016-07-23 00:50:01.000,Device Issue,Unresolved
1781,896,2017-01-04 08:03:57.000,Device Issue,Open
1785,897,2015-09-07 10:22:28.000,Network Issue,Closed
1786,898,2015-04-23 08:33:07.000,Billing Issue,Closed
1787,899,2015-01-03 22:06:50.000,Network Issue,Open
1791,900,2016-11-17 18:50:08.000,Network Issue,Closed
1793,901,2015-04-03 14:10:31.000,Billing Issue,Open
1795,902,2015-01-10 09:46:57.000,Billing Issue,Open
1796,903,2015-07-10 07:27:07.000,Device Issue,Unresolved
1799,904,2016-08-08 10:23:30.000,Billing Issue,Open
1800,905,2016-01-23 17:56:44.000,Network Issue,Open
1801,906,2015-04-19 17:36:53.000,Network Issue,Unresolved
1806,907,2015-05-27 16:25:14.000,Network Issue,Open
1809,908,2016-05-08 00:58:08.000,Billing Issue,Open
1811,909,2015-08-31 07:04:11.000,Network Issue,Open
1812,910,2015-11-29 16:46:22.000,Device Issue,Closed
1813,911,2015-04-25 13:36:53.000,Billing Issue,Unresolved
1814,912,2016-09-21 22:40:53.000,Billing Issue,Unresolved
1819,913,2016-08-18 19:07:25.000,Billing Issue,Closed
1820,914,2015-07-01 06:32:49.000,Billing Issue,Closed
1821,915,2016-03-11 13:38:44.000,Network Issue,Unresolved
1822,916,2016-10-16 21:46:03.000,Billing Issue,Open
1823,917,2015-03-19 12:02:58.000,Network Issue,Unresolved
1825,918,2015-12-25 20:43:43.000,Network Issue,Open
1826,919,2015-09-20 13:33:58.000,Billing Issue,Open
1827,920,2015-12-19 23:04:37.000,Billing Issue,Unresolved
1831,921,2017-02-01 19:57:11.000,Device Issue,Open
1832,922,2015-08-02 14:00:22.000,Billing Issue,Closed
1838,923,2015-08-14 19:09:33.000,Device Issue,Unresolved
1839,924,2017-02-08 19:52:14.000,Device Issue,Open
1840,925,2016-02-18 01:07:50.000,Billing Issue,Closed
1841,926,2016-12-12 23:47:17.000,Device Issue,Unresolved
1842,927,2015-12-04 08:43:41.000,Billing Issue,Closed
1845,928,2015-07-14 23:34:23.000,Device Issue,Closed
1846,929,2016-09-01 09:51:33.000,Network Issue,Unresolved
1848,930,2015-08-12 21:36:16.000,Network Issue,Unresolved
1850,931,2016-06-08 15:19:47.000,Network Issue,Closed
1853,932,2016-09-06 23:13:55.000,Billing Issue,Closed
1855,933,2016-07-31 01:59:38.000,Device Issue,Unresolved
1856,934,2016-01-03 00:54:50.000,Billing Issue,Open
1857,935,2017-02-07 23:48:43.000,Billing Issue,Closed
1860,936,2015-07-21 10:45:45.000,Billing Issue,Open
1862,937,2015-06-16 11:21:22.000,Device Issue,Unresolved
1865,938,2016-09-27 08:56:26.000,Network Issue,Closed
1867,939,2016-09-21 23:45:45.000,Device Issue,Open
1869,940,2015-01-17 19:33:35.000,Network Issue,Open
1870,941,2016-02-29 17:49:23.000,Network Issue,Open
1872,942,2015-03-26 13:23:14.000,Network Issue,Open
1874,943,2016-04-26 08:30:05.000,Device Issue,Open
1875,944,2015-06-14 08:26:49.000,Device Issue,Closed
1877,945,2015-10-26 04:17:07.000,Billing Issue,Closed
1879,946,2016-08-04 12:47:50.000,Device Issue,Closed
1880,947,2015-10-17 19:59:05.000,Device Issue,Closed
1881,948,2016-11-20 22:33:30.000,Billing Issue,Closed
1882,949,2016-11-29 10:33:21.000,Device Issue,Closed
1886,950,2015-11-12 18:34:52.000,Device Issue,Open
1888,951,2017-01-08 16:01:21.000,Network Issue,Unresolved
1889,952,2016-05-13 01:52:10.000,Network Issue,Closed
1890,953,2016-02-26 10:07:30.000,Billing Issue,Open
1892,954,2015-11-02 03:41:44.000,Billing Issue,Unresolved
1894,955,2015-09-12 16:26:10.000,Network Issue,Open
1897,956,2016-01-07 02:53:37.000,Network Issue,Closed
1900,957,2016-10-17 00:27:05.000,Billing Issue,Unresolved
1901,958,2015-01-27 22:36:30.000,Billing Issue,Closed
1905,959,2015-01-20 09:22:03.000,Billing Issue,Closed
1907,960,2016-03-12 01:59:40.000,Device Issue,Closed
1908,961,2016-02-08 10:50:39.000,Device Issue,Unresolved
1909,962,2015-05-15 22:58:56.000,Device Issue,Unresolved
1913,963,2016-03-30 19:08:49.000,Device Issue,Unresolved
1915,964,2015-01-29 04:33:13.000,Network Issue,Closed
1917,965,2015-04-03 13:16:04.000,Device Issue,Closed
1918,966,2015-05-28 14:40:00.000,Billing Issue,Closed
1919,967,2016-01-11 16:48:53.000,Device Issue,Closed
1921,968,2015-07-03 19:10:23.000,Device Issue,Closed
1923,969,2016-11-01 04:27:13.000,Device Issue,Closed
1925,970,2015-07-14 04:46:24.000,Network Issue,Closed
1927,971,2016-06-23 11:39:41.000,Network Issue,Unresolved
1930,972,2015-08-30 19:12:59.000,Network Issue,Closed
1931,973,2016-06-09 22:32:27.000,Device Issue,Closed
1934,974,2015-11-29 12:13:22.000,Billing Issue,Closed
1935,975,2016-10-06 17:56:15.000,Billing Issue,Closed
1936,976,2015-07-20 06:16:30.000,Network Issue,Closed
1937,977,2015-02-24 07:36:52.000,Device Issue,Open
1938,978,2016-06-20 12:48:31.000,Device Issue,Unresolved
1939,979,2015-03-06 21:36:01.000,Device Issue,Unresolved
1949,983,2016-03-25 16:47:48.000,Network Issue,Unresolved
1951,984,2015-07-28 21:08:56.000,Device Issue,Open
1953,985,2015-02-06 10:50:00.000,Billing Issue,Open
1940,980,2016-02-14 14:04:50.000,Network Issue,Closed
1944,981,2015-04-15 06:39:11.000,Billing Issue,Closed
1946,982,2015-07-25 11:51:07.000,Network Issue,Open
1958,986,2016-06-07 15:37:56.000,Billing Issue,Open
1959,987,2016-08-18 10:35:28.000,Device Issue,Open
1961,988,2016-10-24 22:26:04.000,Billing Issue,Unresolved
1965,991,2016-06-30 03:37:21.000,Network Issue,Closed
1962,989,2016-07-09 14:36:01.000,Billing Issue,Open
1964,990,2016-03-10 18:00:43.000,Device Issue,Open
1966,992,2017-01-25 12:40:23.000,Device Issue,Unresolved
1967,993,2016-02-23 19:11:11.000,Billing Issue,Closed
1972,994,2016-01-13 01:19:16.000,Device Issue,Open
1975,995,2016-11-21 22:42:42.000,Device Issue,Unresolved
1976,996,2016-06-14 15:08:03.000,Billing Issue,Open
1978,997,2016-10-19 18:41:44.000,Network Issue,Open
1980,998,2016-10-18 04:05:45.000,Device Issue,Unresolved
1981,999,2015-08-09 12:01:11.000,Billing Issue,Open
1983,1000,2015-01-10 03:56:19.000,Network Issue,Unresolved
1984,1001,2016-10-27 03:16:47.000,Network Issue,Closed
1986,1002,2015-07-26 03:26:48.000,Billing Issue,Unresolved
1989,1003,2015-07-26 17:42:34.000,Network Issue,Open
2010,1014,2015-09-30 06:43:16.000,Billing Issue,Closed
1991,1004,2016-03-04 10:14:33.000,Device Issue,Open
1992,1005,2016-10-20 15:17:48.000,Device Issue,Unresolved
1994,1006,2015-11-14 18:09:22.000,Billing Issue,Open
1995,1007,2015-06-14 12:26:58.000,Network Issue,Open
1996,1008,2016-01-04 04:57:06.000,Device Issue,Unresolved
1997,1009,2015-01-21 10:50:18.000,Network Issue,Open
2000,1010,2015-11-28 20:29:59.000,Device Issue,Open
2002,1011,2015-01-30 11:17:57.000,Billing Issue,Unresolved
2003,1012,2015-05-14 03:10:40.000,Billing Issue,Closed
2006,1013,2016-07-04 12:00:15.000,Network Issue,Open
2016,1016,2015-12-13 04:50:51.000,Network Issue,Open
2017,1017,2015-06-02 18:58:07.000,Device Issue,Unresolved
2019,1018,2016-10-11 09:49:42.000,Billing Issue,Open
2022,1019,2017-01-23 22:40:26.000,Network Issue,Open
2012,1015,2015-03-10 15:09:29.000,Device Issue,Closed
2025,1023,2015-03-25 12:36:46.000,Network Issue,Unresolved
2029,1024,2016-02-12 22:02:11.000,Device Issue,Open
2031,1025,2016-02-04 05:23:18.000,Device Issue,Unresolved
2023,1020,2015-11-11 03:36:24.000,Billing Issue,Unresolved
2026,1021,2016-05-17 12:01:58.000,Network Issue,Closed
2030,1022,2016-04-10 06:29:35.000,Network Issue,Closed
2044,1029,2017-01-04 15:29:52.000,Network Issue,Open
2045,1030,2016-11-26 11:01:56.000,Device Issue,Unresolved
2038,1026,2016-12-01 00:28:41.000,Billing Issue,Closed
2041,1027,2016-12-23 05:30:49.000,Device Issue,Closed
2042,1028,2015-05-27 11:48:25.000,Network Issue,Closed
2060,1038,2016-12-03 20:37:06.000,Network Issue,Open
2061,1039,2015-08-15 20:42:23.000,Network Issue,Unresolved
2062,1040,2017-02-28 08:35:35.000,Network Issue,Unresolved
2064,1041,2016-03-27 10:38:00.000,Device Issue,Unresolved
2052,1033,2015-10-20 15:21:04.000,Network Issue,Unresolved
2053,1034,2015-11-23 17:22:15.000,Billing Issue,Unresolved
2054,1035,2016-07-08 16:00:47.000,Device Issue,Open
2046,1031,2016-09-11 07:37:51.000,Billing Issue,Closed
2047,1032,2015-12-22 20:58:26.000,Device Issue,Open
2057,1036,2016-06-12 18:08:13.000,Device Issue,Open
2058,1037,2015-11-05 18:58:47.000,Network Issue,Closed
2065,1042,2016-01-15 02:38:16.000,Billing Issue,Closed
2074,1047,2015-06-11 22:27:13.000,Billing Issue,Open
2075,1048,2015-03-17 19:51:39.000,Billing Issue,Closed
2076,1049,2015-05-14 02:50:53.000,Device Issue,Unresolved
2067,1043,2017-01-15 08:07:46.000,Device Issue,Unresolved
2069,1044,2015-08-29 05:40:49.000,Device Issue,Unresolved
2071,1045,2016-11-06 13:56:33.000,Device Issue,Closed
2072,1046,2015-07-16 12:51:04.000,Billing Issue,Unresolved
2088,1057,2015-09-04 10:13:44.000,Billing Issue,Open
2090,1058,2016-01-10 13:04:41.000,Device Issue,Unresolved
2091,1059,2016-07-23 23:26:13.000,Device Issue,Unresolved
2096,1063,2016-05-21 08:26:33.000,Network Issue,Unresolved
2100,1065,2015-06-25 17:45:51.000,Billing Issue,Unresolved
2102,1066,2015-03-06 10:40:58.000,Device Issue,Open
2104,1067,2016-04-25 22:32:08.000,Billing Issue,Open
2106,1068,2017-01-31 20:19:37.000,Network Issue,Closed
2107,1069,2015-08-23 16:34:43.000,Device Issue,Open
2095,1060,2016-06-16 21:33:24.000,Billing Issue,Open
2101,1061,2016-04-15 20:39:59.000,Device Issue,Open
2103,1062,2016-05-07 12:48:15.000,Billing Issue,Unresolved
2105,1064,2016-08-27 02:52:10.000,Billing Issue,Unresolved
2077,1050,2016-05-04 18:35:26.000,Billing Issue,Closed
2078,1051,2015-06-12 14:41:06.000,Billing Issue,Unresolved
2109,1070,2016-03-18 10:08:46.000,Billing Issue,Closed
2079,1052,2016-03-09 14:41:00.000,Device Issue,Closed
2111,1071,2017-01-15 10:49:52.000,Billing Issue,Unresolved
2080,1053,2016-03-25 17:52:17.000,Device Issue,Unresolved
2113,1072,2015-08-04 11:10:07.000,Network Issue,Closed
2081,1054,2015-09-12 05:54:34.000,Network Issue,Unresolved
2085,1055,2015-12-24 01:54:12.000,Network Issue,Unresolved
2086,1056,2015-04-07 02:28:30.000,Network Issue,Open
2127,1081,2016-11-01 22:05:02.000,Device Issue,Unresolved
2129,1082,2016-11-09 02:15:21.000,Network Issue,Closed
2123,1078,2015-05-28 09:40:05.000,Network Issue,Open
2125,1079,2016-01-07 11:34:38.000,Billing Issue,Unresolved
2126,1080,2015-05-15 08:54:55.000,Billing Issue,Unresolved
2115,1073,2016-06-01 11:37:19.000,Network Issue,Unresolved
2116,1074,2015-03-24 15:58:03.000,Network Issue,Closed
2118,1075,2016-12-19 20:14:28.000,Device Issue,Unresolved
2120,1076,2016-06-11 10:13:35.000,Network Issue,Closed
2122,1077,2015-09-21 06:43:03.000,Network Issue,Open
2130,1083,2015-10-05 12:15:50.000,Network Issue,Open
2132,1084,2016-04-22 23:23:09.000,Device Issue,Unresolved
2133,1085,2017-02-19 21:48:07.000,Device Issue,Unresolved
2151,1094,2015-08-24 10:03:52.000,Billing Issue,Closed
2158,1095,2016-02-03 16:42:38.000,Network Issue,Unresolved
2161,1096,2015-06-11 11:29:00.000,Network Issue,Unresolved
2168,1097,2015-10-14 09:26:31.000,Device Issue,Unresolved
2169,1098,2016-02-21 16:55:27.000,Billing Issue,Unresolved
2138,1086,2015-10-14 15:38:52.000,Billing Issue,Unresolved
2141,1087,2017-01-25 06:43:09.000,Device Issue,Unresolved
2142,1088,2016-04-17 19:37:26.000,Billing Issue,Open
2143,1089,2015-03-08 19:04:11.000,Billing Issue,Unresolved
2145,1090,2016-07-25 22:51:11.000,Device Issue,Open
2147,1091,2015-02-03 05:42:31.000,Billing Issue,Closed
2148,1092,2016-08-22 05:10:47.000,Device Issue,Closed
2154,1093,2016-05-09 02:26:01.000,Billing Issue,Open
2172,1099,2015-11-28 21:04:52.000,Device Issue,Unresolved
2182,1100,2016-05-28 04:12:02.000,Device Issue,Unresolved
2183,1101,2016-07-17 08:27:45.000,Device Issue,Open
2184,1102,2017-02-19 23:26:43.000,Network Issue,Closed
2188,1103,2016-12-09 03:36:59.000,Billing Issue,Unresolved
2197,1106,2016-01-01 16:54:25.000,Billing Issue,Unresolved
2198,1107,2015-09-16 01:50:08.000,Network Issue,Open
2199,1108,2016-01-20 02:07:52.000,Device Issue,Unresolved
2200,1109,2016-02-21 15:11:01.000,Billing Issue,Unresolved
2201,1110,2016-11-21 16:08:29.000,Device Issue,Open
2192,1104,2016-11-29 00:04:28.000,Network Issue,Unresolved
2193,1105,2016-09-26 01:57:21.000,Network Issue,Open
2205,1111,2015-01-18 08:26:33.000,Billing Issue,Closed
2207,1112,2015-04-22 19:19:50.000,Network Issue,Closed
2208,1113,2016-04-16 08:50:51.000,Device Issue,Unresolved
2211,1114,2016-02-17 04:41:43.000,Billing Issue,Open
2212,1118,2015-10-18 20:08:23.000,Billing Issue,Closed
2213,1119,2017-02-11 23:09:38.000,Billing Issue,Open
2215,1120,2016-01-22 06:54:35.000,Billing Issue,Open
2217,1121,2015-03-12 20:17:27.000,Network Issue,Unresolved
2219,1122,2015-01-02 12:58:11.000,Device Issue,Open
2223,1123,2016-05-26 16:21:16.000,Network Issue,Open
2225,1124,2015-02-13 18:24:43.000,Network Issue,Closed
2216,1115,2016-09-17 14:22:07.000,Network Issue,Unresolved
2218,1116,2016-10-29 16:36:31.000,Network Issue,Unresolved
2220,1117,2016-06-03 19:48:36.000,Billing Issue,Closed
2229,1125,2017-01-21 21:24:26.000,Network Issue,Open
2232,1127,2016-08-20 09:11:17.000,Device Issue,Open
2233,1128,2016-05-29 22:11:48.000,Billing Issue,Open
2234,1129,2016-03-23 16:07:36.000,Network Issue,Closed
2236,1130,2016-12-31 10:42:40.000,Device Issue,Open
2239,1131,2016-08-05 23:57:08.000,Billing Issue,Open
2240,1132,2016-10-18 09:01:55.000,Billing Issue,Closed
2242,1133,2016-01-28 07:14:09.000,Billing Issue,Closed
2246,1134,2016-09-26 02:56:28.000,Network Issue,Unresolved
2258,1139,2016-06-16 10:35:54.000,Billing Issue,Open
2231,1126,2016-05-23 07:31:12.000,Billing Issue,Open
2249,1135,2016-07-15 07:29:44.000,Billing Issue,Unresolved
2251,1136,2015-07-27 22:10:08.000,Network Issue,Open
2252,1137,2016-01-13 18:27:12.000,Network Issue,Open
2256,1138,2016-04-10 15:23:29.000,Billing Issue,Unresolved
2264,1141,2016-10-17 19:58:54.000,Billing Issue,Open
2266,1142,2016-03-25 06:34:06.000,Device Issue,Closed
2267,1143,2015-03-22 13:59:46.000,Network Issue,Unresolved
2261,1140,2016-07-25 10:58:01.000,Device Issue,Unresolved
2276,1146,2016-08-25 13:46:41.000,Network Issue,Open
2271,1144,2015-11-17 04:39:03.000,Billing Issue,Unresolved
2275,1145,2015-07-11 21:33:04.000,Device Issue,Unresolved
2277,1147,2015-08-18 07:28:23.000,Billing Issue,Open
2278,1148,2017-02-11 18:12:19.000,Network Issue,Unresolved
2279,1149,2016-02-07 16:25:09.000,Billing Issue,Unresolved
2285,1150,2016-07-24 23:58:19.000,Device Issue,Open
2287,1151,2016-10-18 11:57:50.000,Network Issue,Unresolved
2288,1152,2015-07-11 07:07:26.000,Network Issue,Unresolved
2289,1153,2016-12-20 07:33:55.000,Billing Issue,Open
2291,1154,2015-11-29 11:22:49.000,Network Issue,Closed
2292,1155,2016-09-03 12:18:08.000,Network Issue,Open
2294,1156,2016-04-27 01:02:42.000,Billing Issue,Closed
2297,1157,2015-12-19 08:08:36.000,Device Issue,Unresolved
2299,1158,2016-07-11 00:51:24.000,Device Issue,Unresolved
2305,1161,2016-10-25 09:22:46.000,Network Issue,Unresolved
2307,1162,2016-08-14 00:22:13.000,Network Issue,Unresolved
2330,1164,2015-04-19 15:58:32.000,Network Issue,Closed
2302,1159,2016-05-24 14:29:17.000,Device Issue,Closed
2304,1160,2016-09-08 11:19:09.000,Network Issue,Unresolved
2313,1166,2015-03-23 04:08:19.000,Device Issue,Unresolved
2317,1170,2015-06-16 03:07:46.000,Network Issue,Open
2320,1172,2016-09-07 10:34:45.000,Billing Issue,Unresolved
2323,1175,2015-05-03 01:42:45.000,Device Issue,Open
2332,1177,2017-01-04 18:18:30.000,Device Issue,Unresolved
2352,1184,2015-07-25 15:00:28.000,Network Issue,Unresolved
2353,1185,2016-07-07 15:32:43.000,Network Issue,Closed
2355,1186,2015-11-25 21:24:35.000,Network Issue,Unresolved
2356,1187,2016-04-19 23:12:04.000,Device Issue,Closed
2339,1179,2016-04-07 14:50:31.000,Billing Issue,Unresolved
2344,1180,2016-11-24 15:10:00.000,Network Issue,Unresolved
2346,1181,2015-11-11 05:29:53.000,Billing Issue,Open
2348,1182,2015-01-31 02:48:14.000,Device Issue,Open
2350,1183,2015-10-11 06:36:55.000,Network Issue,Closed
2308,1167,2015-12-18 11:00:21.000,Billing Issue,Unresolved
2315,1169,2015-09-21 02:19:53.000,Device Issue,Unresolved
2321,1174,2016-03-30 22:12:43.000,Billing Issue,Unresolved
2333,1178,2016-06-09 05:48:45.000,Device Issue,Unresolved
2310,1163,2016-08-12 23:42:09.000,Device Issue,Unresolved
2359,1188,2016-12-07 09:25:05.000,Billing Issue,Closed
2360,1189,2016-11-30 06:54:44.000,Billing Issue,Unresolved
2312,1165,2015-12-11 11:16:30.000,Billing Issue,Unresolved
2314,1168,2016-01-22 04:24:08.000,Network Issue,Closed
2316,1171,2015-03-14 21:51:29.000,Device Issue,Closed
2319,1173,2015-06-13 23:54:13.000,Network Issue,Unresolved
2329,1176,2016-04-26 15:07:55.000,Billing Issue,Closed
2369,1192,2017-02-20 02:43:58.000,Billing Issue,Unresolved
2381,1199,2015-03-17 02:33:48.000,Device Issue,Unresolved
2382,1200,2015-06-24 02:48:57.000,Device Issue,Unresolved
2384,1201,2015-05-11 11:51:08.000,Device Issue,Open
2385,1202,2015-12-17 12:07:53.000,Network Issue,Unresolved
2386,1203,2016-04-28 05:27:05.000,Network Issue,Unresolved
2387,1204,2017-02-22 19:07:40.000,Network Issue,Open
2391,1205,2016-05-24 17:13:33.000,Billing Issue,Closed
2392,1206,2015-11-29 13:55:52.000,Network Issue,Unresolved
2394,1207,2015-01-10 19:08:45.000,Device Issue,Open
2371,1193,2015-03-31 02:31:16.000,Device Issue,Open
2372,1194,2016-01-22 23:53:46.000,Device Issue,Unresolved
2373,1195,2016-05-18 03:06:50.000,Device Issue,Unresolved
2374,1196,2016-09-20 02:41:21.000,Network Issue,Closed
2375,1197,2016-08-05 20:05:23.000,Billing Issue,Unresolved
2380,1198,2015-10-27 02:24:51.000,Network Issue,Open
2365,1190,2016-07-01 10:25:57.000,Billing Issue,Closed
2366,1191,2016-08-27 01:58:37.000,Billing Issue,Closed
2397,1208,2016-05-10 16:28:34.000,Billing Issue,Closed
2398,1209,2016-09-05 20:36:18.000,Network Issue,Closed
2400,1210,2015-11-22 08:27:30.000,Device Issue,Unresolved
2434,1225,2015-04-28 17:34:05.000,Network Issue,Closed
2435,1226,2016-07-27 14:42:41.000,Device Issue,Open
2429,1224,2016-11-06 05:06:30.000,Billing Issue,Open
2405,1211,2016-11-12 17:31:50.000,Billing Issue,Open
2406,1212,2015-09-15 14:02:29.000,Device Issue,Open
2408,1213,2016-04-02 10:37:13.000,Device Issue,Closed
2410,1214,2016-09-22 21:08:46.000,Billing Issue,Closed
2448,1227,2016-06-01 05:49:29.000,Billing Issue,Open
2449,1228,2015-06-02 18:54:36.000,Device Issue,Closed
2411,1215,2015-08-04 02:59:00.000,Billing Issue,Open
2413,1216,2016-07-17 22:44:31.000,Billing Issue,Open
2451,1229,2016-10-22 01:17:07.000,Device Issue,Unresolved
2458,1230,2016-03-17 20:32:39.000,Billing Issue,Unresolved
2416,1217,2016-03-29 19:27:31.000,Billing Issue,Unresolved
2420,1218,2015-04-26 23:32:51.000,Device Issue,Closed
2422,1219,2015-07-05 01:46:08.000,Device Issue,Open
2424,1220,2016-11-19 07:47:12.000,Billing Issue,Unresolved
2425,1221,2015-01-07 03:57:31.000,Billing Issue,Open
2426,1222,2016-04-11 10:04:34.000,Network Issue,Unresolved
2428,1223,2016-12-12 20:52:38.000,Billing Issue,Unresolved
2469,1233,2015-05-17 10:45:51.000,Network Issue,Open
2470,1234,2016-01-12 17:39:59.000,Device Issue,Open
2472,1235,2017-02-16 19:46:49.000,Device Issue,Closed
2464,1231,2015-04-18 00:47:31.000,Network Issue,Unresolved
2466,1232,2015-01-27 22:07:39.000,Network Issue,Open
2487,1238,2016-03-04 04:43:07.000,Billing Issue,Closed
2488,1239,2016-05-07 08:38:53.000,Device Issue,Unresolved
2475,1236,2015-06-08 14:43:08.000,Device Issue,Open
2480,1237,2016-03-05 14:54:49.000,Device Issue,Unresolved
2498,1243,2015-04-18 23:31:23.000,Billing Issue,Open
2499,1244,2016-03-22 16:08:03.000,Billing Issue,Unresolved
2500,1245,2015-01-22 19:15:03.000,Device Issue,Unresolved
2502,1246,2016-06-16 06:19:01.000,Network Issue,Closed
2491,1240,2016-02-23 18:47:15.000,Network Issue,Closed
2493,1241,2016-08-14 07:09:18.000,Billing Issue,Open
2495,1242,2016-04-12 18:37:32.000,Network Issue,Unresolved
2506,1247,2015-02-26 22:58:04.000,Billing Issue,Unresolved
2508,1248,2016-04-09 01:56:11.000,Billing Issue,Closed
2509,1249,2016-01-23 07:58:43.000,Device Issue,Closed
2522,1255,2017-02-20 06:45:04.000,Network Issue,Closed
2510,1250,2015-09-23 10:02:08.000,Device Issue,Closed
2523,1256,2016-02-14 10:26:34.000,Billing Issue,Closed
2511,1251,2016-04-28 00:36:06.000,Network Issue,Closed
2525,1257,2016-04-26 16:35:54.000,Billing Issue,Open
2526,1258,2017-01-18 18:29:58.000,Device Issue,Unresolved
2516,1252,2015-04-13 22:25:24.000,Device Issue,Closed
2519,1253,2016-10-15 21:34:12.000,Billing Issue,Closed
2520,1254,2016-01-30 13:37:06.000,Billing Issue,Closed
2543,1269,2015-03-10 17:35:58.000,Billing Issue,Unresolved
2555,1274,2016-10-30 18:00:10.000,Network Issue,Open
2547,1270,2016-02-06 13:43:17.000,Device Issue,Open
2551,1271,2015-03-30 16:52:12.000,Billing Issue,Open
2553,1272,2016-02-17 20:15:10.000,Device Issue,Unresolved
2554,1273,2016-02-03 08:21:34.000,Device Issue,Unresolved
2560,1275,2015-07-04 04:51:55.000,Network Issue,Open
2567,1276,2016-02-05 11:26:50.000,Billing Issue,Closed
2530,1259,2015-08-03 18:22:47.000,Billing Issue,Open
2531,1260,2015-07-21 07:59:00.000,Billing Issue,Closed
2533,1261,2015-01-19 14:15:56.000,Billing Issue,Unresolved
2534,1262,2017-01-19 09:23:45.000,Billing Issue,Open
2536,1263,2015-06-17 20:22:32.000,Network Issue,Unresolved
2546,1265,2015-05-23 08:23:50.000,Billing Issue,Unresolved
2548,1267,2015-03-06 02:31:26.000,Device Issue,Open
2569,1277,2015-09-30 20:23:08.000,Device Issue,Open
2572,1278,2015-03-22 12:03:05.000,Network Issue,Open
2574,1279,2016-02-20 22:57:22.000,Network Issue,Closed
2538,1264,2015-08-21 17:20:46.000,Device Issue,Unresolved
2539,1266,2016-04-03 07:37:39.000,Billing Issue,Closed
2542,1268,2016-01-21 14:06:15.000,Device Issue,Closed
2584,1285,2016-12-22 17:55:37.000,Billing Issue,Unresolved
2576,1280,2016-06-27 06:29:57.000,Network Issue,Closed
2585,1286,2016-12-10 08:41:32.000,Billing Issue,Open
2586,1287,2016-06-30 18:06:47.000,Network Issue,Closed
2577,1281,2015-03-08 21:36:13.000,Billing Issue,Closed
2578,1282,2016-02-29 09:27:06.000,Network Issue,Unresolved
2588,1288,2016-09-23 04:02:40.000,Billing Issue,Open
2580,1283,2015-03-16 14:12:55.000,Billing Issue,Open
2589,1289,2015-12-16 08:43:30.000,Network Issue,Unresolved
2582,1284,2016-11-24 13:58:21.000,Network Issue,Open
2590,1290,2015-02-18 12:33:18.000,Billing Issue,Open
2591,1291,2016-10-06 03:23:56.000,Network Issue,Open
2600,1294,2016-05-15 10:21:44.000,Network Issue,Open
2602,1296,2016-03-10 17:07:13.000,Network Issue,Open
2603,1298,2015-04-23 05:51:31.000,Network Issue,Closed
2606,1299,2016-03-15 21:23:13.000,Billing Issue,Open
2609,1300,2016-02-23 21:17:48.000,Network Issue,Closed
2610,1301,2016-07-22 13:24:17.000,Billing Issue,Open
2597,1292,2016-04-03 16:30:57.000,Network Issue,Closed
2599,1293,2015-04-22 23:39:27.000,Billing Issue,Unresolved
2601,1295,2016-10-07 18:05:34.000,Billing Issue,Closed
2607,1297,2016-02-18 07:23:11.000,Network Issue,Closed
2619,1307,2016-06-01 23:48:35.000,Network Issue,Unresolved
2620,1308,2015-03-20 04:44:53.000,Device Issue,Closed
2611,1302,2016-09-16 07:28:06.000,Device Issue,Unresolved
2612,1303,2015-04-21 09:27:51.000,Device Issue,Closed
2621,1309,2015-11-10 21:05:16.000,Billing Issue,Open
2615,1304,2016-04-29 21:59:35.000,Device Issue,Closed
2616,1305,2016-09-08 03:58:39.000,Network Issue,Closed
2617,1306,2016-05-31 08:53:43.000,Device Issue,Open
2627,1312,2016-12-08 22:33:26.000,Billing Issue,Open
2628,1313,2016-01-18 05:07:13.000,Device Issue,Open
2636,1314,2016-09-15 22:17:32.000,Network Issue,Open
2640,1316,2016-07-02 18:18:01.000,Billing Issue,Closed
2646,1319,2016-07-04 12:59:27.000,Network Issue,Closed
2648,1323,2015-08-19 18:20:00.000,Billing Issue,Unresolved
2656,1325,2015-07-23 23:56:07.000,Device Issue,Closed
2644,1315,2016-04-04 19:46:45.000,Device Issue,Open
2649,1317,2016-08-24 21:03:20.000,Device Issue,Closed
2653,1321,2016-11-06 14:00:51.000,Device Issue,Unresolved
2660,1324,2015-07-19 00:57:55.000,Device Issue,Unresolved
2629,1310,2015-11-14 21:06:25.000,Network Issue,Unresolved
2633,1311,2015-01-21 21:43:21.000,Device Issue,Open
2639,1318,2015-06-15 19:33:07.000,Billing Issue,Closed
2641,1320,2015-02-07 00:19:31.000,Device Issue,Unresolved
2645,1322,2015-11-02 08:19:47.000,Device Issue,Closed
2647,1327,2016-09-12 12:32:12.000,Billing Issue,Closed
2693,1333,2016-06-16 01:39:29.000,Billing Issue,Closed
2696,1334,2017-01-31 17:56:11.000,Device Issue,Unresolved
2701,1335,2015-06-28 02:55:12.000,Network Issue,Unresolved
2690,1336,2016-01-05 03:31:26.000,Billing Issue,Closed
2706,1337,2015-05-20 19:21:04.000,Network Issue,Open
2694,1338,2016-01-31 05:54:38.000,Billing Issue,Open
2697,1339,2015-12-26 11:20:15.000,Device Issue,Unresolved
2680,1330,2015-08-27 22:56:05.000,Billing Issue,Open
2682,1331,2016-06-05 09:46:47.000,Network Issue,Closed
2684,1332,2017-01-05 10:07:29.000,Billing Issue,Closed
2673,1329,2016-03-18 01:14:42.000,Device Issue,Closed
2650,1326,2015-11-20 03:02:19.000,Device Issue,Closed
2698,1340,2016-08-14 20:06:29.000,Network Issue,Open
2659,1328,2015-12-16 21:03:27.000,Network Issue,Open
2700,1341,2016-10-16 02:03:56.000,Billing Issue,Open
2702,1342,2016-11-12 01:16:38.000,Device Issue,Closed
2703,1343,2015-08-19 15:07:20.000,Billing Issue,Closed
2707,1344,2016-05-12 16:45:53.000,Billing Issue,Closed
2714,1348,2016-07-28 10:49:09.000,Device Issue,Open
2709,1345,2016-11-07 13:08:41.000,Device Issue,Closed
2717,1349,2016-08-04 01:57:54.000,Network Issue,Open
2710,1346,2016-01-31 23:18:57.000,Network Issue,Unresolved
2711,1347,2016-01-13 19:01:11.000,Network Issue,Closed
2721,1350,2016-07-20 14:03:33.000,Billing Issue,Unresolved
2741,1363,2015-07-11 10:43:07.000,Billing Issue,Closed
2740,1362,2015-03-12 10:45:24.000,Network Issue,Unresolved
2751,1368,2015-03-29 23:40:45.000,Network Issue,Open
2752,1369,2015-07-19 12:25:32.000,Device Issue,Open
2724,1351,2015-10-06 13:53:39.000,Billing Issue,Open
2726,1352,2015-03-01 23:23:22.000,Billing Issue,Closed
2727,1353,2016-03-13 13:21:36.000,Device Issue,Closed
2728,1354,2015-07-05 07:34:54.000,Device Issue,Closed
2745,1364,2015-07-23 21:14:23.000,Network Issue,Open
2748,1365,2016-09-27 14:36:39.000,Billing Issue,Unresolved
2749,1366,2016-12-24 05:50:02.000,Device Issue,Closed
2750,1367,2016-05-22 19:47:36.000,Network Issue,Unresolved
2767,1374,2016-11-20 02:13:24.000,Billing Issue,Open
2768,1375,2015-08-11 23:21:47.000,Device Issue,Open
2769,1376,2015-03-08 19:14:42.000,Network Issue,Closed
2771,1377,2015-04-08 11:56:00.000,Device Issue,Open
2729,1355,2015-09-10 22:06:15.000,Network Issue,Unresolved
2730,1356,2016-08-10 10:04:38.000,Billing Issue,Open
2731,1357,2016-09-28 23:08:19.000,Billing Issue,Closed
2732,1358,2016-03-27 21:09:38.000,Network Issue,Open
2772,1378,2015-09-27 03:34:08.000,Network Issue,Open
4528,2238,2016-02-14 07:50:44.000,Network Issue,Unresolved
4531,2239,2015-12-19 06:01:58.000,Billing Issue,Unresolved
4547,2249,2016-04-05 04:36:04.000,Billing Issue,Unresolved
4549,2251,2015-10-01 17:41:52.000,Billing Issue,Closed
4526,2237,2015-02-11 14:02:23.000,Billing Issue,Open
4533,2242,2015-02-23 15:05:09.000,Device Issue,Closed
4534,2244,2016-12-19 00:42:19.000,Network Issue,Closed
4535,2245,2016-07-05 16:29:02.000,Billing Issue,Closed
4537,2246,2015-01-07 13:38:12.000,Device Issue,Unresolved
4539,2247,2016-01-23 06:11:04.000,Billing Issue,Closed
4540,2248,2016-11-26 22:46:29.000,Billing Issue,Open
4545,2250,2015-11-10 02:22:19.000,Network Issue,Open
4506,2227,2016-03-05 02:20:48.000,Device Issue,Closed
4510,2228,2016-11-21 13:41:28.000,Billing Issue,Open
4515,2229,2015-12-21 07:55:27.000,Billing Issue,Open
4517,2230,2015-05-22 03:45:21.000,Network Issue,Unresolved
4563,2258,2015-03-01 15:38:25.000,Network Issue,Closed
4502,2223,2015-12-13 21:51:18.000,Device Issue,Closed
4564,2259,2015-04-10 11:35:24.000,Device Issue,Closed
4503,2224,2016-06-24 18:41:01.000,Billing Issue,Open
4504,2225,2015-11-18 10:33:51.000,Billing Issue,Unresolved
4505,2226,2015-02-27 12:22:42.000,Billing Issue,Unresolved
4554,2252,2015-04-19 21:37:36.000,Billing Issue,Closed
4556,2253,2016-10-22 12:15:28.000,Device Issue,Unresolved
4560,2255,2015-06-17 13:24:12.000,Network Issue,Closed
4538,2240,2016-09-01 09:27:15.000,Network Issue,Closed
4542,2241,2015-11-23 22:30:09.000,Device Issue,Open
4576,2265,2016-04-22 01:28:52.000,Billing Issue,Unresolved
4543,2243,2015-05-25 19:42:18.000,Network Issue,Open
4589,2272,2016-08-09 06:29:52.000,Billing Issue,Closed
4591,2273,2016-03-28 13:24:19.000,Network Issue,Open
4593,2274,2016-08-12 05:05:58.000,Billing Issue,Unresolved
4597,2275,2016-04-04 12:40:19.000,Billing Issue,Open
4555,2254,2016-01-02 05:25:56.000,Billing Issue,Unresolved
4561,2256,2015-01-08 23:50:55.000,Network Issue,Closed
4562,2257,2016-04-03 01:14:20.000,Billing Issue,Closed
4603,2284,2015-11-17 13:54:18.000,Network Issue,Unresolved
4609,2285,2016-10-25 22:21:32.000,Network Issue,Unresolved
4613,2286,2016-09-11 19:54:39.000,Network Issue,Unresolved
4618,2287,2016-01-26 12:08:52.000,Device Issue,Closed
4606,2282,2017-02-02 16:50:23.000,Network Issue,Unresolved
4608,2288,2015-03-07 06:59:50.000,Device Issue,Open
4610,2289,2015-02-21 05:15:21.000,Billing Issue,Closed
4616,2290,2016-09-02 09:53:28.000,Device Issue,Open
4578,2266,2015-03-21 20:58:32.000,Device Issue,Closed
4579,2267,2016-01-14 15:58:07.000,Network Issue,Unresolved
4580,2268,2017-02-03 10:57:25.000,Device Issue,Closed
4581,2269,2015-04-25 07:21:01.000,Billing Issue,Open
4582,2270,2016-09-14 14:59:12.000,Billing Issue,Unresolved
4584,2271,2015-12-24 12:40:27.000,Network Issue,Unresolved
4590,2276,2015-06-28 00:52:44.000,Device Issue,Open
4594,2277,2016-08-19 21:13:27.000,Billing Issue,Closed
4596,2278,2016-09-23 01:12:07.000,Billing Issue,Unresolved
4599,2279,2016-10-06 09:46:18.000,Device Issue,Closed
4600,2280,2016-02-05 12:01:10.000,Billing Issue,Closed
4629,2299,2016-07-04 14:23:46.000,Device Issue,Closed
4632,2300,2015-08-04 20:19:40.000,Billing Issue,Unresolved
4611,2281,2015-08-02 11:24:52.000,Device Issue,Open
4633,2301,2016-10-01 00:49:50.000,Device Issue,Unresolved
4615,2283,2015-02-25 03:55:10.000,Billing Issue,Unresolved
4569,2261,2016-01-11 22:43:31.000,Device Issue,Closed
4572,2262,2015-04-09 03:20:10.000,Device Issue,Unresolved
4573,2263,2016-06-05 21:05:11.000,Network Issue,Closed
4574,2264,2015-08-21 12:00:50.000,Network Issue,Unresolved
4567,2260,2015-03-03 19:32:18.000,Billing Issue,Open
4625,2296,2016-06-14 18:19:00.000,Device Issue,Unresolved
4626,2297,2015-06-30 04:01:52.000,Billing Issue,Closed
4627,2298,2016-04-09 14:21:55.000,Network Issue,Closed
4652,2311,2015-08-21 07:11:33.000,Billing Issue,Unresolved
4640,2308,2015-04-11 16:26:49.000,Device Issue,Closed
4651,2310,2015-07-04 09:30:03.000,Network Issue,Open
4647,2304,2015-05-13 08:05:01.000,Network Issue,Open
4649,2305,2015-12-23 06:46:23.000,Billing Issue,Closed
4619,2291,2016-04-22 18:08:41.000,Device Issue,Open
4620,2292,2017-01-13 22:54:23.000,Billing Issue,Closed
4622,2293,2017-02-22 19:24:18.000,Device Issue,Open
4623,2294,2015-01-31 11:43:11.000,Network Issue,Open
4624,2295,2015-03-17 07:03:50.000,Network Issue,Unresolved
4654,2312,2015-10-19 21:39:23.000,Device Issue,Unresolved
4655,2313,2015-01-04 05:21:22.000,Device Issue,Closed
4658,2314,2016-04-12 02:08:17.000,Network Issue,Open
4659,2315,2016-03-09 10:17:29.000,Device Issue,Unresolved
4635,2302,2017-02-22 17:11:39.000,Billing Issue,Open
4636,2303,2015-12-01 07:14:57.000,Device Issue,Open
4660,2316,2016-11-26 06:20:19.000,Device Issue,Closed
4662,2318,2015-03-18 14:03:29.000,Network Issue,Open
4683,2325,2015-08-29 07:03:36.000,Network Issue,Closed
4685,2326,2015-12-30 02:13:09.000,Device Issue,Unresolved
4668,2320,2016-07-27 04:40:25.000,Network Issue,Open
4670,2321,2015-05-03 13:41:33.000,Billing Issue,Open
4671,2322,2015-06-12 03:47:51.000,Billing Issue,Open
4672,2323,2016-06-28 03:21:45.000,Network Issue,Open
4676,2324,2015-03-03 07:14:36.000,Device Issue,Open
4663,2317,2016-09-01 17:49:23.000,Network Issue,Open
4667,2319,2015-07-15 03:47:50.000,Billing Issue,Open
4645,2306,2016-03-14 01:08:41.000,Billing Issue,Closed
4648,2307,2015-04-28 15:56:26.000,Network Issue,Open
4650,2309,2016-07-06 14:04:08.000,Billing Issue,Unresolved
4689,2327,2015-07-14 09:53:04.000,Network Issue,Closed
4697,2330,2016-11-23 01:47:39.000,Billing Issue,Open
4705,2334,2015-06-18 10:03:06.000,Device Issue,Unresolved
4706,2336,2015-05-29 20:34:07.000,Network Issue,Closed
4708,2337,2016-09-28 02:24:39.000,Network Issue,Closed
4698,2331,2015-05-16 03:00:21.000,Device Issue,Open
4709,2338,2016-09-19 08:48:52.000,Device Issue,Open
4700,2332,2015-05-11 20:51:22.000,Network Issue,Open
4702,2333,2015-12-21 13:53:57.000,Billing Issue,Unresolved
4703,2335,2016-08-20 09:36:11.000,Network Issue,Unresolved
4710,2339,2016-08-21 12:58:12.000,Network Issue,Unresolved
4711,2340,2015-07-16 14:28:05.000,Billing Issue,Open
4712,2341,2016-12-07 15:03:38.000,Device Issue,Open
4713,2342,2015-10-21 12:02:28.000,Device Issue,Open
4694,2328,2015-09-07 01:36:49.000,Device Issue,Open
4695,2329,2016-01-05 06:11:11.000,Device Issue,Unresolved
4714,2343,2016-03-16 09:24:20.000,Billing Issue,Open
4716,2344,2016-04-02 11:58:48.000,Device Issue,Closed
4720,2345,2015-07-24 06:28:50.000,Network Issue,Open
4721,2346,2016-07-12 11:53:12.000,Network Issue,Unresolved
4728,2350,2016-08-08 13:07:24.000,Device Issue,Unresolved
4729,2351,2016-10-28 01:22:53.000,Network Issue,Closed
4730,2352,2015-07-15 09:49:22.000,Network Issue,Open
4735,2353,2016-01-17 06:02:32.000,Device Issue,Closed
4737,2354,2015-03-27 06:01:51.000,Device Issue,Closed
4742,2355,2016-01-10 15:35:03.000,Billing Issue,Closed
4752,2358,2016-10-28 11:01:35.000,Network Issue,Unresolved
4753,2359,2015-06-01 04:11:20.000,Device Issue,Open
4723,2347,2017-01-09 14:26:28.000,Billing Issue,Closed
4757,2360,2016-06-17 01:43:31.000,Network Issue,Unresolved
4758,2361,2016-07-06 13:41:34.000,Network Issue,Open
4759,2362,2017-01-24 14:42:56.000,Device Issue,Unresolved
4746,2356,2015-09-03 10:57:38.000,Billing Issue,Closed
4747,2357,2017-01-23 01:48:29.000,Billing Issue,Unresolved
4724,2348,2016-05-31 05:09:41.000,Billing Issue,Closed
4725,2349,2015-03-03 21:08:58.000,Device Issue,Unresolved
4765,2369,2015-06-26 05:44:26.000,Network Issue,Unresolved
4768,2370,2015-06-16 15:33:20.000,Billing Issue,Unresolved
4769,2371,2016-06-03 05:48:34.000,Device Issue,Closed
4770,2372,2015-05-27 15:05:14.000,Device Issue,Unresolved
4775,2373,2015-04-27 17:00:39.000,Billing Issue,Unresolved
4778,2374,2015-02-28 08:17:29.000,Billing Issue,Open
4779,2375,2015-07-31 04:06:03.000,Billing Issue,Open
4781,2376,2016-02-13 19:15:58.000,Device Issue,Open
4731,2363,2016-12-17 13:13:05.000,Network Issue,Closed
4734,2364,2016-07-01 12:21:00.000,Device Issue,Unresolved
4738,2365,2016-10-24 19:59:08.000,Billing Issue,Open
4740,2366,2017-01-28 20:27:22.000,Billing Issue,Unresolved
4762,2367,2016-01-05 03:24:30.000,Network Issue,Unresolved
4763,2368,2016-03-12 03:27:12.000,Device Issue,Open
4782,2377,2015-03-03 08:53:05.000,Device Issue,Closed
4783,2378,2016-08-13 17:27:25.000,Billing Issue,Closed
4784,2379,2016-01-31 21:18:05.000,Network Issue,Open
4804,2389,2015-02-19 20:37:44.000,Device Issue,Closed
4805,2390,2017-01-20 04:23:22.000,Device Issue,Closed
4809,2391,2015-10-25 06:45:23.000,Device Issue,Closed
4810,2392,2015-04-30 17:17:52.000,Network Issue,Closed
4811,2393,2016-09-14 23:23:36.000,Network Issue,Closed
4813,2394,2016-01-02 06:26:36.000,Device Issue,Open
4796,2380,2016-09-09 03:59:44.000,Device Issue,Closed
4825,2398,2015-07-20 15:27:16.000,Network Issue,Closed
4817,2395,2017-02-24 17:47:47.000,Device Issue,Open
4819,2396,2016-08-07 17:52:08.000,Network Issue,Unresolved
4821,2397,2017-01-24 16:11:05.000,Network Issue,Unresolved
4834,2404,2016-05-24 15:44:11.000,Billing Issue,Closed
4835,2405,2016-08-25 19:23:54.000,Billing Issue,Closed
4789,2382,2016-04-26 03:39:53.000,Device Issue,Open
4791,2384,2015-09-30 13:24:30.000,Device Issue,Unresolved
4799,2386,2015-11-24 06:26:19.000,Network Issue,Closed
4802,2387,2015-07-09 14:00:39.000,Network Issue,Closed
4803,2388,2015-07-09 12:17:49.000,Network Issue,Open
4840,2406,2016-12-05 06:59:34.000,Billing Issue,Unresolved
4788,2381,2016-07-16 06:58:38.000,Billing Issue,Open
4842,2407,2015-04-30 03:31:27.000,Device Issue,Unresolved
4798,2383,2016-07-16 00:50:20.000,Billing Issue,Open
4801,2385,2016-03-25 16:07:27.000,Billing Issue,Unresolved
4843,2408,2016-03-19 01:33:52.000,Device Issue,Open
4844,2409,2016-05-22 21:31:53.000,Network Issue,Unresolved
4845,2410,2015-06-27 03:25:29.000,Billing Issue,Unresolved
4846,2411,2016-05-06 13:05:38.000,Billing Issue,Open
4856,2419,2017-01-04 03:12:26.000,Device Issue,Unresolved
4859,2420,2016-07-23 00:41:53.000,Device Issue,Unresolved
4866,2423,2015-02-06 18:21:50.000,Device Issue,Open
4868,2424,2016-05-01 13:43:34.000,Network Issue,Closed
4826,2399,2015-05-09 07:57:33.000,Network Issue,Open
4827,2400,2015-11-25 00:11:07.000,Device Issue,Open
4828,2401,2015-01-31 00:56:24.000,Device Issue,Closed
4831,2402,2017-02-03 16:49:14.000,Billing Issue,Unresolved
4832,2403,2016-01-01 08:21:57.000,Network Issue,Unresolved
4869,2427,2016-02-25 18:38:56.000,Device Issue,Open
4872,2428,2016-10-27 18:00:55.000,Billing Issue,Unresolved
4873,2429,2016-01-05 15:59:12.000,Network Issue,Closed
4874,2430,2016-01-06 07:51:43.000,Network Issue,Open
4875,2431,2015-10-17 02:44:33.000,Network Issue,Unresolved
4867,2425,2015-08-09 07:27:55.000,Network Issue,Unresolved
4870,2426,2015-10-18 04:00:16.000,Network Issue,Unresolved
4861,2421,2015-05-06 14:13:35.000,Network Issue,Closed
4862,2422,2016-03-15 15:59:29.000,Billing Issue,Unresolved
4847,2412,2016-12-21 16:34:26.000,Device Issue,Open
4848,2413,2015-04-03 13:06:02.000,Network Issue,Closed
4849,2414,2015-03-18 21:51:03.000,Network Issue,Closed
4851,2415,2017-02-24 06:10:39.000,Network Issue,Unresolved
4853,2416,2015-11-20 00:45:54.000,Network Issue,Open
4854,2417,2015-08-27 05:06:29.000,Network Issue,Open
4855,2418,2017-01-23 20:09:07.000,Billing Issue,Open
4905,2446,2015-11-11 08:20:22.000,Device Issue,Unresolved
4906,2447,2016-12-14 22:59:09.000,Network Issue,Unresolved
4911,2448,2015-03-29 00:23:22.000,Billing Issue,Closed
4912,2449,2015-01-22 09:22:39.000,Billing Issue,Unresolved
4891,2442,2015-08-27 14:54:56.000,Device Issue,Closed
4881,2435,2016-02-19 07:30:03.000,Network Issue,Closed
4882,2436,2016-09-17 22:34:07.000,Billing Issue,Open
4883,2437,2015-06-07 10:00:54.000,Device Issue,Closed
4878,2432,2016-04-18 11:23:42.000,Network Issue,Unresolved
4879,2433,2015-04-07 02:26:23.000,Device Issue,Unresolved
4880,2434,2015-12-29 06:01:57.000,Billing Issue,Open
4913,2450,2017-01-27 05:18:23.000,Billing Issue,Open
4917,2451,2016-11-07 17:15:33.000,Network Issue,Closed
4919,2452,2016-07-02 22:45:20.000,Billing Issue,Closed
4893,2443,2015-07-11 07:36:14.000,Network Issue,Closed
4896,2444,2015-02-10 04:10:16.000,Network Issue,Closed
4885,2438,2016-06-06 09:46:55.000,Billing Issue,Closed
4901,2445,2015-03-27 13:11:43.000,Device Issue,Closed
4886,2439,2015-09-29 07:47:22.000,Network Issue,Open
4887,2440,2016-06-25 00:57:38.000,Device Issue,Unresolved
4888,2441,2015-05-08 20:09:27.000,Network Issue,Closed
4924,2455,2016-10-13 03:09:54.000,Device Issue,Unresolved
4925,2456,2015-02-19 01:59:17.000,Network Issue,Unresolved
4928,2457,2015-11-08 03:59:55.000,Device Issue,Open
4929,2458,2015-04-05 05:18:11.000,Device Issue,Closed
4943,2463,2016-05-09 04:11:31.000,Billing Issue,Closed
4944,2464,2015-07-12 17:51:19.000,Network Issue,Unresolved
4945,2465,2015-12-25 05:56:57.000,Device Issue,Unresolved
4920,2453,2015-12-19 16:51:48.000,Network Issue,Open
4921,2454,2015-07-05 01:32:38.000,Billing Issue,Unresolved
4961,2470,2016-11-14 12:02:12.000,Device Issue,Closed
4974,2471,2015-08-14 02:27:31.000,Device Issue,Unresolved
4975,2472,2015-07-01 15:32:10.000,Device Issue,Unresolved
4976,2473,2016-05-08 22:24:43.000,Network Issue,Unresolved
4980,2478,2016-11-26 09:14:57.000,Billing Issue,Unresolved
4981,2479,2016-11-02 02:42:44.000,Billing Issue,Closed
4982,2480,2015-05-05 02:26:32.000,Device Issue,Closed
4986,2481,2015-06-24 07:07:52.000,Billing Issue,Open
4934,2459,2015-05-09 01:14:48.000,Device Issue,Open
4935,2460,2016-07-26 23:17:14.000,Device Issue,Open
4937,2461,2016-12-24 12:22:02.000,Network Issue,Open
4938,2462,2015-08-18 10:47:26.000,Device Issue,Open
4991,2483,2016-01-11 22:19:37.000,Network Issue,Open
4992,2484,2015-12-12 07:32:29.000,Billing Issue,Unresolved
4996,2486,2016-10-25 19:23:55.000,Network Issue,Unresolved
4998,2488,2015-08-25 08:39:33.000,Network Issue,Closed
5002,2490,2015-03-28 20:48:00.000,Billing Issue,Unresolved
5003,2485,2015-04-06 21:43:11.000,Network Issue,Unresolved
5004,2487,2016-06-12 08:28:04.000,Billing Issue,Closed
5006,2489,2016-02-07 11:19:55.000,Network Issue,Unresolved
4959,2466,2016-10-20 04:39:15.000,Device Issue,Unresolved
4960,2467,2015-03-24 02:58:21.000,Billing Issue,Closed
4964,2468,2016-09-15 15:52:13.000,Network Issue,Open
4968,2469,2016-02-27 21:03:53.000,Network Issue,Open
4999,2482,2016-10-15 03:54:58.000,Device Issue,Open
5011,2491,2016-12-31 10:40:27.000,Network Issue,Closed
5021,2499,2016-03-02 08:55:13.000,Billing Issue,Closed
5023,2500,2015-07-13 17:49:40.000,Network Issue,Open
5024,2501,2015-03-24 12:16:32.000,Billing Issue,Unresolved
4963,2474,2017-02-18 09:36:11.000,Device Issue,Unresolved
5025,2502,2016-07-31 06:44:46.000,Network Issue,Open
4967,2475,2016-05-17 16:53:57.000,Network Issue,Unresolved
5026,2503,2016-04-05 00:48:35.000,Billing Issue,Open
4969,2476,2017-01-05 10:36:26.000,Device Issue,Unresolved
4970,2477,2015-11-04 02:05:53.000,Network Issue,Open
5016,2495,2017-02-04 15:36:18.000,Billing Issue,Unresolved
5017,2496,2015-11-10 21:07:31.000,Billing Issue,Closed
5019,2497,2017-02-19 14:00:37.000,Billing Issue,Closed
5020,2498,2015-01-14 02:08:12.000,Network Issue,Closed
5027,2504,2015-12-29 20:59:31.000,Device Issue,Closed
5029,2505,2016-03-04 03:11:15.000,Network Issue,Closed
5031,2506,2015-10-25 19:46:09.000,Network Issue,Open
5038,2508,2016-12-20 01:14:02.000,Device Issue,Unresolved
5012,2492,2017-01-29 09:38:07.000,Billing Issue,Unresolved
5013,2493,2015-11-11 01:40:46.000,Billing Issue,Closed
5015,2494,2015-06-04 04:21:44.000,Network Issue,Closed
5037,2507,2015-05-15 17:41:38.000,Network Issue,Open
5075,2531,2016-09-27 20:16:51.000,Device Issue,Open
5076,2532,2015-10-24 11:10:28.000,Device Issue,Closed
5077,2533,2016-05-04 18:04:15.000,Network Issue,Closed
5078,2534,2016-09-09 17:28:41.000,Billing Issue,Unresolved
5082,2535,2017-02-21 05:46:39.000,Device Issue,Unresolved
5086,2536,2015-06-11 20:13:20.000,Billing Issue,Unresolved
5062,2523,2016-09-24 11:35:04.000,Network Issue,Closed
5088,2537,2016-03-21 07:56:42.000,Network Issue,Unresolved
5066,2524,2015-05-14 08:47:22.000,Device Issue,Unresolved
5068,2525,2016-04-11 12:36:56.000,Billing Issue,Closed
5069,2526,2016-10-09 21:03:21.000,Network Issue,Unresolved
5070,2527,2015-01-09 21:30:09.000,Billing Issue,Unresolved
5071,2528,2015-12-04 14:28:39.000,Billing Issue,Unresolved
5072,2529,2016-11-16 18:30:04.000,Billing Issue,Closed
5052,2513,2016-04-18 08:04:22.000,Network Issue,Open
5054,2514,2016-08-23 18:04:20.000,Billing Issue,Unresolved
5083,2530,2017-01-31 17:48:01.000,Billing Issue,Unresolved
5056,2515,2016-08-26 17:23:31.000,Billing Issue,Unresolved
5058,2516,2015-05-14 13:33:18.000,Device Issue,Open
5043,2509,2015-10-28 00:59:42.000,Device Issue,Open
5044,2510,2015-10-12 12:29:55.000,Device Issue,Unresolved
5047,2511,2015-08-16 18:11:56.000,Network Issue,Closed
5048,2512,2016-10-23 06:37:49.000,Network Issue,Closed
5055,2517,2015-12-11 14:23:04.000,Network Issue,Unresolved
5057,2518,2015-08-14 05:15:11.000,Device Issue,Unresolved
5060,2519,2016-06-26 02:13:52.000,Device Issue,Open
5061,2520,2015-01-20 23:10:20.000,Network Issue,Unresolved
5065,2521,2015-04-10 00:01:27.000,Billing Issue,Open
5067,2522,2016-11-02 15:58:36.000,Device Issue,Unresolved
5093,2540,2016-12-20 19:37:45.000,Network Issue,Open
5096,2541,2016-04-13 18:25:07.000,Device Issue,Open
5097,2542,2015-10-26 18:39:10.000,Device Issue,Closed
5102,2544,2016-07-28 20:45:55.000,Device Issue,Closed
5104,2546,2016-10-14 21:45:30.000,Device Issue,Closed
5089,2538,2015-02-18 06:27:56.000,Billing Issue,Unresolved
5090,2539,2015-07-20 15:55:16.000,Network Issue,Unresolved
5099,2543,2015-09-20 20:01:27.000,Device Issue,Closed
5103,2545,2016-11-21 13:35:32.000,Billing Issue,Closed
5105,2547,2015-05-31 10:41:44.000,Billing Issue,Open
5106,2549,2016-11-04 20:52:43.000,Network Issue,Open
5113,2550,2016-05-04 05:47:41.000,Network Issue,Unresolved
5110,2548,2016-12-15 16:52:44.000,Network Issue,Unresolved
5123,2553,2016-07-19 15:56:17.000,Network Issue,Unresolved
