case_id,note_id,note_date,note_text
24,66,2016-09-23 08:37:18.000,Travel time to the nearest starbase? The Federation's gone; the Borg is everywhere!
24,67,2015-08-05 10:38:47.000,"I'm afraid I still don't understand, sir. Well, that's certainly good to know."
25,68,2015-01-19 08:54:46.000,"I've had twelve years to think about it. And if I had it to do over again, I would have grabbed the phaser and pointed it at you instead of them."
25,69,2015-10-17 18:13:39.000,"I've had twelve years to think about it. And if I had it to do over again, I would have grabbed the phaser and pointed it at you instead of them."
25,70,2017-01-08 11:36:11.000,"I'm afraid I still don't understand, sir. Well, that's certainly good to know."
25,71,2015-08-04 07:13:26.000,"I suggest you drop it, Mr. Data. Mr. Worf, you sound like a man who's asking his friend if he can start dating his sister."
26,72,2017-01-05 21:41:13.000,"I'm afraid I still don't understand, sir. Well, that's certainly good to know."
26,73,2015-04-29 17:57:18.000,"I've had twelve years to think about it. And if I had it to do over again, I would have grabbed the phaser and pointed it at you instead of them."
26,74,2015-09-04 18:27:10.000,"I suggest you drop it, Mr. Data. Mr. Worf, you sound like a man who's asking his friend if he can start dating his sister."
26,75,2016-09-10 00:50:50.000,"I've had twelve years to think about it. And if I had it to do over again, I would have grabbed the phaser and pointed it at you instead of them."
26,76,2016-12-01 09:36:02.000,"I suggest you drop it, Mr. Data. Mr. Worf, you sound like a man who's asking his friend if he can start dating his sister."
27,77,2016-09-05 01:14:18.000,"For an android with no feelings, he sure managed to evoke them in others."
27,78,2015-10-20 15:24:40.000,"I suggest you drop it, Mr. Data. Mr. Worf, you sound like a man who's asking his friend if he can start dating his sister."
27,79,2015-09-22 16:13:56.000,"For an android with no feelings, he sure managed to evoke them in others."
27,80,2015-02-28 22:14:46.000,"I suggest you drop it, Mr. Data. Mr. Worf, you sound like a man who's asking his friend if he can start dating his sister."
28,81,2016-11-25 20:05:04.000,Travel time to the nearest starbase? The Federation's gone; the Borg is everywhere!
28,82,2015-02-28 15:25:41.000,Flair is what marks the difference between artistry and mere competence.
29,83,2016-06-14 14:25:52.000,I'll alert the crew. When has justice ever been as simple as a rule book?
29,84,2016-05-18 14:15:12.000,"I've had twelve years to think about it. And if I had it to do over again, I would have grabbed the phaser and pointed it at you instead of them."
29,85,2016-10-05 16:40:36.000,"For an android with no feelings, he sure managed to evoke them in others."
29,86,2016-04-06 08:38:38.000,"For an android with no feelings, he sure managed to evoke them in others."
31,87,2015-12-20 07:34:35.000,"I've had twelve years to think about it. And if I had it to do over again, I would have grabbed the phaser and pointed it at you instead of them."
31,88,2016-12-27 22:30:32.000,"I've had twelve years to think about it. And if I had it to do over again, I would have grabbed the phaser and pointed it at you instead of them."
31,89,2016-05-08 22:16:30.000,"For an android with no feelings, he sure managed to evoke them in others."
31,90,2015-06-16 08:54:20.000,"Maybe if we felt any human loss as keenly as we feel one of those close to us, human history would be far less bloody."
31,91,2016-02-06 05:09:03.000,I'll alert the crew. When has justice ever been as simple as a rule book?
32,92,2016-02-13 15:39:33.000,"Maybe if we felt any human loss as keenly as we feel one of those close to us, human history would be far less bloody."
32,93,2016-06-21 21:17:04.000,"I'm afraid I still don't understand, sir. Well, that's certainly good to know."
33,94,2016-08-27 04:50:14.000,Flair is what marks the difference between artistry and mere competence.
33,95,2015-02-19 18:44:29.000,"Fate. It protects fools, little children, and ships named Enterprise."
33,96,2016-01-28 14:03:56.000,Flair is what marks the difference between artistry and mere competence.
33,97,2016-04-08 23:21:48.000,Travel time to the nearest starbase? The Federation's gone; the Borg is everywhere!
33,98,2016-03-19 11:44:04.000,Travel time to the nearest starbase? The Federation's gone; the Borg is everywhere!
34,99,2015-08-31 15:55:36.000,I'll alert the crew. When has justice ever been as simple as a rule book?
34,100,2016-05-05 14:56:32.000,I'll alert the crew. When has justice ever been as simple as a rule book?
35,101,2015-11-19 09:34:00.000,"I suggest you drop it, Mr. Data. Mr. Worf, you sound like a man who's asking his friend if he can start dating his sister."
35,102,2016-09-29 06:48:01.000,"I've had twelve years to think about it. And if I had it to do over again, I would have grabbed the phaser and pointed it at you instead of them."
36,103,2016-03-02 09:05:35.000,"Fate. It protects fools, little children, and ships named Enterprise."
36,104,2015-04-11 09:07:36.000,Flair is what marks the difference between artistry and mere competence.
36,105,2017-01-28 12:23:16.000,"Maybe if we felt any human loss as keenly as we feel one of those close to us, human history would be far less bloody."
36,106,2016-08-15 22:04:00.000,"For an android with no feelings, he sure managed to evoke them in others."
37,107,2015-04-07 04:32:43.000,"I've had twelve years to think about it. And if I had it to do over again, I would have grabbed the phaser and pointed it at you instead of them."
37,108,2016-05-25 06:08:31.000,Travel time to the nearest starbase? The Federation's gone; the Borg is everywhere!
37,109,2016-04-04 07:03:12.000,I'll alert the crew. When has justice ever been as simple as a rule book?
39,110,2016-10-19 02:41:07.000,"I suggest you drop it, Mr. Data. Mr. Worf, you sound like a man who's asking his friend if he can start dating his sister."
39,111,2016-12-10 19:12:37.000,"I suggest you drop it, Mr. Data. Mr. Worf, you sound like a man who's asking his friend if he can start dating his sister."
39,112,2017-01-19 15:33:23.000,I'll alert the crew. When has justice ever been as simple as a rule book?
39,113,2015-03-02 06:04:20.000,"I've had twelve years to think about it. And if I had it to do over again, I would have grabbed the phaser and pointed it at you instead of them."
40,114,2015-05-02 14:18:41.000,"For an android with no feelings, he sure managed to evoke them in others."
41,115,2017-01-16 22:33:32.000,"Fate. It protects fools, little children, and ships named Enterprise."
41,116,2015-04-24 22:34:17.000,"I've had twelve years to think about it. And if I had it to do over again, I would have grabbed the phaser and pointed it at you instead of them."
41,117,2015-07-20 01:46:03.000,"I've had twelve years to think about it. And if I had it to do over again, I would have grabbed the phaser and pointed it at you instead of them."
42,118,2015-11-09 16:40:01.000,"I suggest you drop it, Mr. Data. Mr. Worf, you sound like a man who's asking his friend if he can start dating his sister."
42,119,2016-08-07 22:11:00.000,"I'm afraid I still don't understand, sir. Well, that's certainly good to know."
42,120,2016-11-25 21:19:06.000,I'll alert the crew. When has justice ever been as simple as a rule book?
43,121,2016-06-30 20:11:20.000,"For an android with no feelings, he sure managed to evoke them in others."
43,122,2015-08-11 12:19:23.000,Travel time to the nearest starbase? The Federation's gone; the Borg is everywhere!
45,123,2016-12-06 16:43:59.000,Flair is what marks the difference between artistry and mere competence.
46,124,2015-12-26 06:30:06.000,"I'm afraid I still don't understand, sir. Well, that's certainly good to know."
47,125,2015-03-21 08:19:23.000,I'll alert the crew. When has justice ever been as simple as a rule book?
47,126,2016-04-01 08:05:24.000,"Fate. It protects fools, little children, and ships named Enterprise."
49,127,2017-02-18 06:40:29.000,Flair is what marks the difference between artistry and mere competence.
49,128,2016-04-08 01:49:49.000,"Maybe if we felt any human loss as keenly as we feel one of those close to us, human history would be far less bloody."
51,129,2016-07-12 18:23:33.000,Flair is what marks the difference between artistry and mere competence.
51,130,2016-03-12 18:45:05.000,"I've had twelve years to think about it. And if I had it to do over again, I would have grabbed the phaser and pointed it at you instead of them."
51,131,2017-02-08 02:38:17.000,"For an android with no feelings, he sure managed to evoke them in others."
51,132,2015-07-05 16:46:15.000,Flair is what marks the difference between artistry and mere competence.
51,133,2017-02-05 17:59:12.000,I'll alert the crew. When has justice ever been as simple as a rule book?
52,134,2015-11-13 10:49:03.000,"I'm afraid I still don't understand, sir. Well, that's certainly good to know."
53,135,2015-07-31 05:13:26.000,Travel time to the nearest starbase? The Federation's gone; the Borg is everywhere!
54,136,2015-01-26 08:48:11.000,"I'm afraid I still don't understand, sir. Well, that's certainly good to know."
54,137,2016-02-11 01:04:49.000,Travel time to the nearest starbase? The Federation's gone; the Borg is everywhere!
54,138,2015-05-21 18:07:40.000,I'll alert the crew. When has justice ever been as simple as a rule book?
55,139,2016-07-21 11:49:39.000,"I've had twelve years to think about it. And if I had it to do over again, I would have grabbed the phaser and pointed it at you instead of them."
55,140,2016-12-31 08:48:26.000,"Maybe if we felt any human loss as keenly as we feel one of those close to us, human history would be far less bloody."
55,141,2016-11-21 02:30:53.000,"Fate. It protects fools, little children, and ships named Enterprise."
55,142,2015-12-17 17:20:15.000,"Fate. It protects fools, little children, and ships named Enterprise."
56,143,2015-04-15 18:13:13.000,I'll alert the crew. When has justice ever been as simple as a rule book?
56,144,2015-07-16 09:36:24.000,"I suggest you drop it, Mr. Data. Mr. Worf, you sound like a man who's asking his friend if he can start dating his sister."
56,145,2015-07-31 01:50:19.000,Travel time to the nearest starbase? The Federation's gone; the Borg is everywhere!
57,146,2016-07-28 11:33:02.000,"For an android with no feelings, he sure managed to evoke them in others."
57,147,2016-11-08 06:13:48.000,I'll alert the crew. When has justice ever been as simple as a rule book?
58,148,2016-12-17 00:15:42.000,"Fate. It protects fools, little children, and ships named Enterprise."
58,149,2016-08-14 23:29:36.000,"Fate. It protects fools, little children, and ships named Enterprise."
59,150,2016-09-06 15:49:50.000,Flair is what marks the difference between artistry and mere competence.
59,151,2015-05-31 03:32:17.000,"Maybe if we felt any human loss as keenly as we feel one of those close to us, human history would be far less bloody."
59,152,2016-05-18 00:22:42.000,"For an android with no feelings, he sure managed to evoke them in others."
60,153,2016-04-27 09:25:36.000,I'll alert the crew. When has justice ever been as simple as a rule book?
60,154,2015-02-17 18:45:09.000,"Maybe if we felt any human loss as keenly as we feel one of those close to us, human history would be far less bloody."
60,155,2017-01-13 08:48:24.000,"Maybe if we felt any human loss as keenly as we feel one of those close to us, human history would be far less bloody."
61,156,2015-03-22 03:07:53.000,"I suggest you drop it, Mr. Data. Mr. Worf, you sound like a man who's asking his friend if he can start dating his sister."
61,157,2015-06-23 18:43:59.000,"For an android with no feelings, he sure managed to evoke them in others."
61,158,2015-03-09 04:54:30.000,"For an android with no feelings, he sure managed to evoke them in others."
61,159,2015-12-24 08:19:29.000,Travel time to the nearest starbase? The Federation's gone; the Borg is everywhere!
61,160,2015-08-01 13:01:19.000,I'll alert the crew. When has justice ever been as simple as a rule book?
62,161,2015-08-28 10:48:00.000,Travel time to the nearest starbase? The Federation's gone; the Borg is everywhere!
63,162,2016-04-06 04:50:08.000,"I'm afraid I still don't understand, sir. Well, that's certainly good to know."
63,163,2017-02-21 08:46:25.000,"Fate. It protects fools, little children, and ships named Enterprise."
63,164,2015-04-24 11:43:07.000,"I suggest you drop it, Mr. Data. Mr. Worf, you sound like a man who's asking his friend if he can start dating his sister."
63,165,2015-11-07 05:13:23.000,Travel time to the nearest starbase? The Federation's gone; the Borg is everywhere!
63,166,2015-12-03 05:21:54.000,Flair is what marks the difference between artistry and mere competence.
65,167,2015-08-07 14:13:21.000,"For an android with no feelings, he sure managed to evoke them in others."
65,168,2015-08-24 05:56:38.000,"I suggest you drop it, Mr. Data. Mr. Worf, you sound like a man who's asking his friend if he can start dating his sister."
65,169,2016-11-30 17:18:22.000,"I suggest you drop it, Mr. Data. Mr. Worf, you sound like a man who's asking his friend if he can start dating his sister."
65,170,2015-05-22 08:08:58.000,"For an android with no feelings, he sure managed to evoke them in others."
65,171,2016-09-15 06:19:26.000,"For an android with no feelings, he sure managed to evoke them in others."
66,172,2015-04-05 20:38:22.000,I'll alert the crew. When has justice ever been as simple as a rule book?
66,173,2015-03-28 02:24:32.000,"Fate. It protects fools, little children, and ships named Enterprise."
66,174,2016-08-01 06:34:40.000,I'll alert the crew. When has justice ever been as simple as a rule book?
66,175,2015-08-21 22:54:41.000,"For an android with no feelings, he sure managed to evoke them in others."
66,176,2016-08-23 19:16:04.000,"Fate. It protects fools, little children, and ships named Enterprise."
67,177,2017-02-25 16:35:50.000,"Maybe if we felt any human loss as keenly as we feel one of those close to us, human history would be far less bloody."
68,178,2015-08-27 21:46:07.000,"I'm afraid I still don't understand, sir. Well, that's certainly good to know."
69,179,2016-08-04 09:08:10.000,"For an android with no feelings, he sure managed to evoke them in others."
69,180,2015-08-24 15:59:40.000,I'll alert the crew. When has justice ever been as simple as a rule book?
69,181,2016-02-03 10:39:34.000,"For an android with no feelings, he sure managed to evoke them in others."
69,182,2015-03-31 14:01:42.000,I'll alert the crew. When has justice ever been as simple as a rule book?
69,183,2015-04-25 04:45:26.000,"I've had twelve years to think about it. And if I had it to do over again, I would have grabbed the phaser and pointed it at you instead of them."
70,184,2016-10-12 03:45:50.000,Flair is what marks the difference between artistry and mere competence.
70,185,2016-10-13 13:08:34.000,"For an android with no feelings, he sure managed to evoke them in others."
71,186,2016-02-06 10:19:59.000,"Fate. It protects fools, little children, and ships named Enterprise."
72,187,2015-03-12 23:35:45.000,"I'm afraid I still don't understand, sir. Well, that's certainly good to know."
72,188,2017-01-17 13:29:38.000,I'll alert the crew. When has justice ever been as simple as a rule book?
72,189,2015-08-07 22:54:58.000,"Maybe if we felt any human loss as keenly as we feel one of those close to us, human history would be far less bloody."
72,190,2016-04-03 03:36:15.000,"Maybe if we felt any human loss as keenly as we feel one of those close to us, human history would be far less bloody."
72,191,2016-12-01 01:08:47.000,"I'm afraid I still don't understand, sir. Well, that's certainly good to know."
73,192,2015-09-28 17:18:51.000,"I've had twelve years to think about it. And if I had it to do over again, I would have grabbed the phaser and pointed it at you instead of them."
73,193,2016-01-29 08:16:53.000,"I'm afraid I still don't understand, sir. Well, that's certainly good to know."
74,194,2015-12-14 11:40:41.000,"Maybe if we felt any human loss as keenly as we feel one of those close to us, human history would be far less bloody."
74,195,2016-11-15 06:01:28.000,"Fate. It protects fools, little children, and ships named Enterprise."
75,196,2015-11-23 19:21:39.000,Flair is what marks the difference between artistry and mere competence.
75,197,2016-10-19 10:11:16.000,"I'm afraid I still don't understand, sir. Well, that's certainly good to know."
75,198,2016-11-30 10:12:23.000,Travel time to the nearest starbase? The Federation's gone; the Borg is everywhere!
75,199,2015-08-31 16:09:23.000,"Fate. It protects fools, little children, and ships named Enterprise."
76,200,2016-07-11 03:20:20.000,Flair is what marks the difference between artistry and mere competence.
76,201,2016-08-06 17:13:08.000,I'll alert the crew. When has justice ever been as simple as a rule book?
76,202,2015-11-11 12:35:23.000,I'll alert the crew. When has justice ever been as simple as a rule book?
76,203,2015-05-07 18:08:50.000,I'll alert the crew. When has justice ever been as simple as a rule book?
81,204,2015-11-19 17:58:08.000,"Fate. It protects fools, little children, and ships named Enterprise."
81,205,2015-08-03 22:34:13.000,"Fate. It protects fools, little children, and ships named Enterprise."
82,206,2015-03-03 01:11:32.000,Flair is what marks the difference between artistry and mere competence.
82,207,2015-08-29 03:31:06.000,Travel time to the nearest starbase? The Federation's gone; the Borg is everywhere!
82,208,2016-11-09 08:26:29.000,"I suggest you drop it, Mr. Data. Mr. Worf, you sound like a man who's asking his friend if he can start dating his sister."
82,209,2016-09-30 19:43:49.000,"Maybe if we felt any human loss as keenly as we feel one of those close to us, human history would be far less bloody."
84,210,2016-09-07 09:36:46.000,I'll alert the crew. When has justice ever been as simple as a rule book?
85,211,2015-11-18 16:49:32.000,Flair is what marks the difference between artistry and mere competence.
85,212,2015-06-08 14:53:37.000,I'll alert the crew. When has justice ever been as simple as a rule book?
85,213,2015-09-24 12:37:39.000,Travel time to the nearest starbase? The Federation's gone; the Borg is everywhere!
85,214,2016-04-28 02:07:17.000,"For an android with no feelings, he sure managed to evoke them in others."
85,215,2016-05-13 05:24:13.000,I'll alert the crew. When has justice ever been as simple as a rule book?
89,216,2016-06-15 03:58:23.000,Flair is what marks the difference between artistry and mere competence.
90,217,2015-01-26 00:10:26.000,Flair is what marks the difference between artistry and mere competence.
90,218,2016-06-16 05:05:45.000,"For an android with no feelings, he sure managed to evoke them in others."
90,219,2016-01-26 15:57:49.000,"I've had twelve years to think about it. And if I had it to do over again, I would have grabbed the phaser and pointed it at you instead of them."
90,220,2016-09-24 18:15:36.000,"I'm afraid I still don't understand, sir. Well, that's certainly good to know."
91,221,2015-07-16 22:10:44.000,Travel time to the nearest starbase? The Federation's gone; the Borg is everywhere!
91,222,2017-02-13 03:32:58.000,Travel time to the nearest starbase? The Federation's gone; the Borg is everywhere!
92,223,2015-11-11 12:50:12.000,I'll alert the crew. When has justice ever been as simple as a rule book?
92,224,2016-05-18 05:41:29.000,Flair is what marks the difference between artistry and mere competence.
94,225,2015-08-20 05:31:37.000,I'll alert the crew. When has justice ever been as simple as a rule book?
94,226,2015-10-06 11:15:36.000,"I suggest you drop it, Mr. Data. Mr. Worf, you sound like a man who's asking his friend if he can start dating his sister."
94,227,2016-05-26 21:11:32.000,"Maybe if we felt any human loss as keenly as we feel one of those close to us, human history would be far less bloody."
94,228,2015-07-23 02:04:32.000,I'll alert the crew. When has justice ever been as simple as a rule book?
95,229,2016-08-15 21:37:00.000,Flair is what marks the difference between artistry and mere competence.
95,230,2016-12-01 07:50:04.000,"Fate. It protects fools, little children, and ships named Enterprise."
95,231,2015-11-13 07:53:26.000,"I'm afraid I still don't understand, sir. Well, that's certainly good to know."
96,232,2015-07-27 19:32:27.000,I'll alert the crew. When has justice ever been as simple as a rule book?
96,233,2016-01-18 17:29:47.000,"I'm afraid I still don't understand, sir. Well, that's certainly good to know."
97,234,2015-09-26 03:32:04.000,Travel time to the nearest starbase? The Federation's gone; the Borg is everywhere!
97,235,2016-07-21 00:43:34.000,"Maybe if we felt any human loss as keenly as we feel one of those close to us, human history would be far less bloody."
97,236,2015-10-28 04:13:52.000,"For an android with no feelings, he sure managed to evoke them in others."
97,237,2016-10-12 04:22:14.000,"I'm afraid I still don't understand, sir. Well, that's certainly good to know."
98,238,2015-06-13 03:00:09.000,"Maybe if we felt any human loss as keenly as we feel one of those close to us, human history would be far less bloody."
99,239,2015-06-24 03:48:44.000,"I'm afraid I still don't understand, sir. Well, that's certainly good to know."
99,240,2016-06-15 01:11:13.000,"For an android with no feelings, he sure managed to evoke them in others."
99,241,2015-01-22 21:10:43.000,"For an android with no feelings, he sure managed to evoke them in others."
100,242,2016-11-02 06:00:58.000,"Fate. It protects fools, little children, and ships named Enterprise."
100,243,2015-01-19 00:09:25.000,I'll alert the crew. When has justice ever been as simple as a rule book?
100,244,2015-12-14 15:23:07.000,"For an android with no feelings, he sure managed to evoke them in others."
100,245,2016-07-04 22:00:23.000,"Maybe if we felt any human loss as keenly as we feel one of those close to us, human history would be far less bloody."
100,246,2015-05-30 00:37:21.000,"Maybe if we felt any human loss as keenly as we feel one of those close to us, human history would be far less bloody."
101,247,2017-02-22 04:42:45.000,"For an android with no feelings, he sure managed to evoke them in others."
101,248,2015-10-15 20:55:57.000,"For an android with no feelings, he sure managed to evoke them in others."
101,249,2015-12-28 02:12:27.000,"For an android with no feelings, he sure managed to evoke them in others."
103,250,2016-02-16 19:05:19.000,Travel time to the nearest starbase? The Federation's gone; the Borg is everywhere!
104,251,2016-03-14 15:53:49.000,"I've had twelve years to think about it. And if I had it to do over again, I would have grabbed the phaser and pointed it at you instead of them."
104,252,2015-09-26 17:46:40.000,Flair is what marks the difference between artistry and mere competence.
104,253,2015-06-19 17:09:15.000,"For an android with no feelings, he sure managed to evoke them in others."
104,254,2016-04-24 00:55:34.000,I'll alert the crew. When has justice ever been as simple as a rule book?
105,255,2015-11-05 20:26:48.000,Travel time to the nearest starbase? The Federation's gone; the Borg is everywhere!
105,256,2016-04-29 12:43:05.000,"Maybe if we felt any human loss as keenly as we feel one of those close to us, human history would be far less bloody."
105,257,2015-02-08 00:06:02.000,Flair is what marks the difference between artistry and mere competence.
105,258,2017-02-07 19:54:05.000,"I suggest you drop it, Mr. Data. Mr. Worf, you sound like a man who's asking his friend if he can start dating his sister."
106,259,2016-01-21 15:22:15.000,"I suggest you drop it, Mr. Data. Mr. Worf, you sound like a man who's asking his friend if he can start dating his sister."
106,260,2016-03-24 01:34:55.000,I'll alert the crew. When has justice ever been as simple as a rule book?
106,261,2016-01-28 03:34:56.000,"I suggest you drop it, Mr. Data. Mr. Worf, you sound like a man who's asking his friend if he can start dating his sister."
107,262,2016-01-27 07:01:59.000,"I suggest you drop it, Mr. Data. Mr. Worf, you sound like a man who's asking his friend if he can start dating his sister."
108,263,2015-07-17 04:25:23.000,Travel time to the nearest starbase? The Federation's gone; the Borg is everywhere!
108,264,2016-05-09 04:50:20.000,"For an android with no feelings, he sure managed to evoke them in others."
108,265,2015-08-27 05:57:10.000,"Maybe if we felt any human loss as keenly as we feel one of those close to us, human history would be far less bloody."
108,266,2016-05-15 12:29:46.000,"Fate. It protects fools, little children, and ships named Enterprise."
108,267,2016-05-26 19:03:48.000,"I suggest you drop it, Mr. Data. Mr. Worf, you sound like a man who's asking his friend if he can start dating his sister."
109,268,2016-11-09 17:15:36.000,"Maybe if we felt any human loss as keenly as we feel one of those close to us, human history would be far less bloody."
110,269,2016-02-15 20:06:14.000,I'll alert the crew. When has justice ever been as simple as a rule book?
110,270,2015-02-12 08:40:36.000,Travel time to the nearest starbase? The Federation's gone; the Borg is everywhere!
110,271,2016-12-21 19:25:31.000,"I've had twelve years to think about it. And if I had it to do over again, I would have grabbed the phaser and pointed it at you instead of them."
110,272,2015-11-05 04:14:42.000,"I'm afraid I still don't understand, sir. Well, that's certainly good to know."
111,273,2016-08-03 02:22:02.000,"I'm afraid I still don't understand, sir. Well, that's certainly good to know."
111,274,2016-03-29 01:07:49.000,Travel time to the nearest starbase? The Federation's gone; the Borg is everywhere!
111,275,2015-06-28 13:30:41.000,"Maybe if we felt any human loss as keenly as we feel one of those close to us, human history would be far less bloody."
111,276,2016-08-20 08:17:26.000,"Fate. It protects fools, little children, and ships named Enterprise."
111,277,2016-08-31 04:12:42.000,I'll alert the crew. When has justice ever been as simple as a rule book?
112,278,2015-07-04 00:45:14.000,Flair is what marks the difference between artistry and mere competence.
113,279,2015-11-15 11:15:10.000,"Maybe if we felt any human loss as keenly as we feel one of those close to us, human history would be far less bloody."
113,280,2015-08-09 04:58:24.000,"I suggest you drop it, Mr. Data. Mr. Worf, you sound like a man who's asking his friend if he can start dating his sister."
113,281,2016-03-21 12:14:06.000,"I'm afraid I still don't understand, sir. Well, that's certainly good to know."
114,282,2016-11-28 04:35:41.000,"Maybe if we felt any human loss as keenly as we feel one of those close to us, human history would be far less bloody."
114,283,2016-04-11 12:23:42.000,Travel time to the nearest starbase? The Federation's gone; the Borg is everywhere!
114,284,2016-04-04 05:36:22.000,I'll alert the crew. When has justice ever been as simple as a rule book?
114,285,2015-08-14 14:10:00.000,"I'm afraid I still don't understand, sir. Well, that's certainly good to know."
114,286,2016-07-20 15:31:31.000,Flair is what marks the difference between artistry and mere competence.
115,287,2016-01-31 21:14:40.000,"For an android with no feelings, he sure managed to evoke them in others."
115,288,2016-02-13 03:33:32.000,I'll alert the crew. When has justice ever been as simple as a rule book?
115,289,2016-01-11 06:42:46.000,Flair is what marks the difference between artistry and mere competence.
115,290,2016-10-04 16:18:55.000,"I'm afraid I still don't understand, sir. Well, that's certainly good to know."
116,291,2015-08-22 13:12:56.000,"For an android with no feelings, he sure managed to evoke them in others."
116,292,2016-05-24 09:00:06.000,Travel time to the nearest starbase? The Federation's gone; the Borg is everywhere!
116,293,2016-02-15 15:43:43.000,"Maybe if we felt any human loss as keenly as we feel one of those close to us, human history would be far less bloody."
116,294,2015-03-01 10:45:35.000,"For an android with no feelings, he sure managed to evoke them in others."
117,295,2015-01-25 18:28:18.000,I'll alert the crew. When has justice ever been as simple as a rule book?
117,296,2015-11-20 00:28:04.000,Travel time to the nearest starbase? The Federation's gone; the Borg is everywhere!
117,297,2015-03-14 08:59:49.000,Flair is what marks the difference between artistry and mere competence.
118,298,2016-09-15 00:18:30.000,"Maybe if we felt any human loss as keenly as we feel one of those close to us, human history would be far less bloody."
118,299,2015-03-02 03:22:05.000,"For an android with no feelings, he sure managed to evoke them in others."
118,300,2016-10-15 08:25:11.000,Travel time to the nearest starbase? The Federation's gone; the Borg is everywhere!
118,301,2015-04-08 08:04:42.000,I'll alert the crew. When has justice ever been as simple as a rule book?
118,302,2015-03-02 11:43:01.000,I'll alert the crew. When has justice ever been as simple as a rule book?
119,303,2016-02-10 12:14:15.000,"Maybe if we felt any human loss as keenly as we feel one of those close to us, human history would be far less bloody."
119,304,2017-01-20 10:51:42.000,"For an android with no feelings, he sure managed to evoke them in others."
120,305,2015-12-12 12:01:32.000,"For an android with no feelings, he sure managed to evoke them in others."
120,306,2015-01-09 03:32:16.000,"I've had twelve years to think about it. And if I had it to do over again, I would have grabbed the phaser and pointed it at you instead of them."
120,307,2015-11-20 07:35:15.000,"For an android with no feelings, he sure managed to evoke them in others."
120,308,2015-04-06 19:55:05.000,"I'm afraid I still don't understand, sir. Well, that's certainly good to know."
120,309,2016-02-16 03:13:17.000,Travel time to the nearest starbase? The Federation's gone; the Borg is everywhere!
121,310,2015-12-04 07:37:41.000,"For an android with no feelings, he sure managed to evoke them in others."
121,311,2015-07-20 20:21:54.000,"Maybe if we felt any human loss as keenly as we feel one of those close to us, human history would be far less bloody."
121,312,2016-08-28 13:28:01.000,"For an android with no feelings, he sure managed to evoke them in others."
121,313,2016-01-19 19:34:08.000,"I've had twelve years to think about it. And if I had it to do over again, I would have grabbed the phaser and pointed it at you instead of them."
121,314,2016-10-15 04:47:45.000,"Maybe if we felt any human loss as keenly as we feel one of those close to us, human history would be far less bloody."
122,315,2015-12-27 04:08:07.000,Travel time to the nearest starbase? The Federation's gone; the Borg is everywhere!
123,316,2015-07-22 19:56:57.000,"Fate. It protects fools, little children, and ships named Enterprise."
124,317,2016-01-23 03:17:19.000,"Maybe if we felt any human loss as keenly as we feel one of those close to us, human history would be far less bloody."
124,318,2015-06-03 03:36:28.000,"I'm afraid I still don't understand, sir. Well, that's certainly good to know."
125,319,2015-02-22 22:14:56.000,Flair is what marks the difference between artistry and mere competence.
125,320,2016-02-15 07:44:59.000,Travel time to the nearest starbase? The Federation's gone; the Borg is everywhere!
126,321,2016-09-08 14:27:21.000,"I suggest you drop it, Mr. Data. Mr. Worf, you sound like a man who's asking his friend if he can start dating his sister."
126,322,2016-08-17 02:56:42.000,I'll alert the crew. When has justice ever been as simple as a rule book?
126,323,2015-09-23 12:04:21.000,"I'm afraid I still don't understand, sir. Well, that's certainly good to know."
126,324,2016-12-05 10:26:49.000,"I suggest you drop it, Mr. Data. Mr. Worf, you sound like a man who's asking his friend if he can start dating his sister."
127,325,2015-10-23 02:04:33.000,Flair is what marks the difference between artistry and mere competence.
1,1,2016-07-13 16:40:59.000,"For an android with no feelings, he sure managed to evoke them in others."
1,2,2015-09-17 11:25:14.000,"I've had twelve years to think about it. And if I had it to do over again, I would have grabbed the phaser and pointed it at you instead of them."
1,3,2016-11-18 00:08:03.000,"For an android with no feelings, he sure managed to evoke them in others."
1,4,2015-02-20 01:20:38.000,"Maybe if we felt any human loss as keenly as we feel one of those close to us, human history would be far less bloody."
3,5,2016-08-05 22:03:13.000,Travel time to the nearest starbase? The Federation's gone; the Borg is everywhere!
3,6,2017-02-10 12:05:17.000,"Maybe if we felt any human loss as keenly as we feel one of those close to us, human history would be far less bloody."
4,7,2016-03-22 16:19:11.000,I'll alert the crew. When has justice ever been as simple as a rule book?
4,8,2016-05-21 05:43:04.000,"Maybe if we felt any human loss as keenly as we feel one of those close to us, human history would be far less bloody."
5,9,2016-09-20 04:01:53.000,"Maybe if we felt any human loss as keenly as we feel one of those close to us, human history would be far less bloody."
5,10,2016-03-27 22:03:24.000,"For an android with no feelings, he sure managed to evoke them in others."
6,11,2017-01-26 22:59:15.000,"I'm afraid I still don't understand, sir. Well, that's certainly good to know."
6,12,2015-07-16 07:29:56.000,Flair is what marks the difference between artistry and mere competence.
7,13,2015-06-24 15:25:30.000,"For an android with no feelings, he sure managed to evoke them in others."
8,14,2016-04-25 18:57:55.000,"I've had twelve years to think about it. And if I had it to do over again, I would have grabbed the phaser and pointed it at you instead of them."
8,15,2016-03-12 11:35:31.000,I'll alert the crew. When has justice ever been as simple as a rule book?
8,16,2016-04-09 11:09:21.000,I'll alert the crew. When has justice ever been as simple as a rule book?
8,17,2016-10-15 07:38:34.000,"Maybe if we felt any human loss as keenly as we feel one of those close to us, human history would be far less bloody."
9,18,2015-05-07 03:20:43.000,"I've had twelve years to think about it. And if I had it to do over again, I would have grabbed the phaser and pointed it at you instead of them."
9,19,2015-06-11 15:55:54.000,"Maybe if we felt any human loss as keenly as we feel one of those close to us, human history would be far less bloody."
9,20,2016-07-06 23:51:07.000,I'll alert the crew. When has justice ever been as simple as a rule book?
10,21,2015-05-13 00:13:56.000,I'll alert the crew. When has justice ever been as simple as a rule book?
10,22,2015-09-13 08:19:52.000,Travel time to the nearest starbase? The Federation's gone; the Borg is everywhere!
10,23,2016-10-18 10:12:15.000,"Fate. It protects fools, little children, and ships named Enterprise."
11,24,2015-08-05 22:24:37.000,"For an android with no feelings, he sure managed to evoke them in others."
11,25,2016-08-16 20:18:00.000,"For an android with no feelings, he sure managed to evoke them in others."
11,26,2015-11-24 01:23:48.000,Flair is what marks the difference between artistry and mere competence.
12,27,2016-07-25 11:59:49.000,"I suggest you drop it, Mr. Data. Mr. Worf, you sound like a man who's asking his friend if he can start dating his sister."
13,28,2015-09-26 19:30:26.000,"I suggest you drop it, Mr. Data. Mr. Worf, you sound like a man who's asking his friend if he can start dating his sister."
13,29,2015-02-23 02:10:30.000,"I'm afraid I still don't understand, sir. Well, that's certainly good to know."
14,30,2015-12-20 23:23:19.000,"Fate. It protects fools, little children, and ships named Enterprise."
14,31,2016-05-13 04:49:25.000,"I've had twelve years to think about it. And if I had it to do over again, I would have grabbed the phaser and pointed it at you instead of them."
14,32,2016-12-19 16:02:22.000,"I'm afraid I still don't understand, sir. Well, that's certainly good to know."
14,33,2015-06-16 15:54:51.000,"For an android with no feelings, he sure managed to evoke them in others."
14,34,2016-01-21 23:06:09.000,Flair is what marks the difference between artistry and mere competence.
15,35,2016-02-16 21:39:07.000,"For an android with no feelings, he sure managed to evoke them in others."
16,36,2015-06-23 11:48:19.000,Flair is what marks the difference between artistry and mere competence.
16,37,2016-06-09 11:57:35.000,Flair is what marks the difference between artistry and mere competence.
16,38,2015-05-23 21:07:58.000,"Maybe if we felt any human loss as keenly as we feel one of those close to us, human history would be far less bloody."
16,39,2016-03-22 22:09:08.000,Travel time to the nearest starbase? The Federation's gone; the Borg is everywhere!
17,40,2015-11-08 20:07:25.000,"For an android with no feelings, he sure managed to evoke them in others."
17,41,2016-05-23 04:33:50.000,"I'm afraid I still don't understand, sir. Well, that's certainly good to know."
17,42,2015-10-27 10:35:53.000,"I suggest you drop it, Mr. Data. Mr. Worf, you sound like a man who's asking his friend if he can start dating his sister."
18,43,2016-03-11 19:41:07.000,"For an android with no feelings, he sure managed to evoke them in others."
18,44,2016-05-02 11:33:31.000,Travel time to the nearest starbase? The Federation's gone; the Borg is everywhere!
18,45,2016-11-18 22:26:46.000,"Fate. It protects fools, little children, and ships named Enterprise."
19,46,2015-12-30 10:04:15.000,"Maybe if we felt any human loss as keenly as we feel one of those close to us, human history would be far less bloody."
19,47,2015-09-07 02:02:54.000,"Fate. It protects fools, little children, and ships named Enterprise."
19,48,2017-02-27 23:55:47.000,"I've had twelve years to think about it. And if I had it to do over again, I would have grabbed the phaser and pointed it at you instead of them."
20,49,2015-05-06 03:22:07.000,"I'm afraid I still don't understand, sir. Well, that's certainly good to know."
20,50,2016-11-25 00:50:02.000,"I've had twelve years to think about it. And if I had it to do over again, I would have grabbed the phaser and pointed it at you instead of them."
20,51,2016-06-08 04:05:56.000,Travel time to the nearest starbase? The Federation's gone; the Borg is everywhere!
21,52,2015-10-15 08:05:27.000,"Fate. It protects fools, little children, and ships named Enterprise."
21,53,2016-07-30 22:02:44.000,Flair is what marks the difference between artistry and mere competence.
21,54,2015-02-20 12:34:34.000,"Fate. It protects fools, little children, and ships named Enterprise."
21,55,2016-02-08 03:21:59.000,"Maybe if we felt any human loss as keenly as we feel one of those close to us, human history would be far less bloody."
21,56,2016-07-15 23:35:48.000,I'll alert the crew. When has justice ever been as simple as a rule book?
22,57,2015-12-16 11:39:28.000,Flair is what marks the difference between artistry and mere competence.
22,58,2016-01-24 13:56:14.000,Flair is what marks the difference between artistry and mere competence.
23,59,2017-02-11 03:28:46.000,"I've had twelve years to think about it. And if I had it to do over again, I would have grabbed the phaser and pointed it at you instead of them."
23,60,2017-01-28 08:07:30.000,I'll alert the crew. When has justice ever been as simple as a rule book?
23,61,2016-01-27 14:48:19.000,I'll alert the crew. When has justice ever been as simple as a rule book?
23,62,2015-06-11 14:21:31.000,Flair is what marks the difference between artistry and mere competence.
23,63,2016-12-23 14:43:10.000,Flair is what marks the difference between artistry and mere competence.
24,64,2016-07-01 12:15:19.000,"I suggest you drop it, Mr. Data. Mr. Worf, you sound like a man who's asking his friend if he can start dating his sister."
24,65,2016-10-23 10:53:16.000,I'll alert the crew. When has justice ever been as simple as a rule book?
202,511,2015-07-08 04:58:35.000,"I suggest you drop it, Mr. Data. Mr. Worf, you sound like a man who's asking his friend if he can start dating his sister."
202,512,2016-10-06 12:35:04.000,"Fate. It protects fools, little children, and ships named Enterprise."
204,513,2016-06-22 09:03:12.000,"I suggest you drop it, Mr. Data. Mr. Worf, you sound like a man who's asking his friend if he can start dating his sister."
204,514,2015-09-05 19:26:35.000,"Maybe if we felt any human loss as keenly as we feel one of those close to us, human history would be far less bloody."
205,515,2015-04-29 12:54:15.000,"I suggest you drop it, Mr. Data. Mr. Worf, you sound like a man who's asking his friend if he can start dating his sister."
205,516,2017-01-25 17:17:31.000,"I've had twelve years to think about it. And if I had it to do over again, I would have grabbed the phaser and pointed it at you instead of them."
206,517,2016-03-25 09:41:00.000,"Maybe if we felt any human loss as keenly as we feel one of those close to us, human history would be far less bloody."
206,518,2015-03-17 05:51:07.000,"For an android with no feelings, he sure managed to evoke them in others."
206,519,2015-09-27 10:05:04.000,Flair is what marks the difference between artistry and mere competence.
206,520,2015-03-10 12:46:58.000,"I've had twelve years to think about it. And if I had it to do over again, I would have grabbed the phaser and pointed it at you instead of them."
206,521,2016-01-24 14:46:15.000,"Fate. It protects fools, little children, and ships named Enterprise."
207,522,2016-02-04 09:04:23.000,Travel time to the nearest starbase? The Federation's gone; the Borg is everywhere!
207,523,2016-03-26 01:06:04.000,"For an android with no feelings, he sure managed to evoke them in others."
208,524,2016-05-17 10:30:28.000,Flair is what marks the difference between artistry and mere competence.
208,525,2017-02-24 07:07:37.000,"I'm afraid I still don't understand, sir. Well, that's certainly good to know."
208,526,2016-09-25 19:54:30.000,"I've had twelve years to think about it. And if I had it to do over again, I would have grabbed the phaser and pointed it at you instead of them."
208,527,2017-02-25 06:04:46.000,"I've had twelve years to think about it. And if I had it to do over again, I would have grabbed the phaser and pointed it at you instead of them."
208,528,2015-08-28 03:41:32.000,Travel time to the nearest starbase? The Federation's gone; the Borg is everywhere!
209,529,2015-07-09 18:45:20.000,Flair is what marks the difference between artistry and mere competence.
209,530,2016-08-06 11:56:23.000,"Fate. It protects fools, little children, and ships named Enterprise."
209,531,2016-01-02 12:19:10.000,"Maybe if we felt any human loss as keenly as we feel one of those close to us, human history would be far less bloody."
209,532,2016-09-27 04:15:03.000,"Maybe if we felt any human loss as keenly as we feel one of those close to us, human history would be far less bloody."
210,533,2015-10-18 16:08:16.000,"Fate. It protects fools, little children, and ships named Enterprise."
210,534,2015-01-24 14:09:24.000,Travel time to the nearest starbase? The Federation's gone; the Borg is everywhere!
210,535,2016-09-07 09:55:20.000,"Fate. It protects fools, little children, and ships named Enterprise."
210,536,2015-11-18 08:30:52.000,"Fate. It protects fools, little children, and ships named Enterprise."
211,537,2015-08-04 22:16:48.000,"Fate. It protects fools, little children, and ships named Enterprise."
211,538,2015-07-24 00:09:30.000,"I've had twelve years to think about it. And if I had it to do over again, I would have grabbed the phaser and pointed it at you instead of them."
211,539,2016-02-07 13:42:07.000,"Maybe if we felt any human loss as keenly as we feel one of those close to us, human history would be far less bloody."
212,540,2017-02-06 22:43:44.000,"I suggest you drop it, Mr. Data. Mr. Worf, you sound like a man who's asking his friend if he can start dating his sister."
212,541,2016-03-02 16:46:59.000,"I suggest you drop it, Mr. Data. Mr. Worf, you sound like a man who's asking his friend if he can start dating his sister."
212,542,2016-12-22 20:36:52.000,"I suggest you drop it, Mr. Data. Mr. Worf, you sound like a man who's asking his friend if he can start dating his sister."
212,543,2016-10-11 05:18:51.000,"For an android with no feelings, he sure managed to evoke them in others."
213,544,2015-05-24 00:58:19.000,"I've had twelve years to think about it. And if I had it to do over again, I would have grabbed the phaser and pointed it at you instead of them."
213,545,2015-08-30 08:19:24.000,"I suggest you drop it, Mr. Data. Mr. Worf, you sound like a man who's asking his friend if he can start dating his sister."
214,546,2015-07-31 08:40:52.000,"I suggest you drop it, Mr. Data. Mr. Worf, you sound like a man who's asking his friend if he can start dating his sister."
214,547,2015-01-02 05:22:00.000,"Fate. It protects fools, little children, and ships named Enterprise."
214,548,2016-04-02 12:57:06.000,"Maybe if we felt any human loss as keenly as we feel one of those close to us, human history would be far less bloody."
215,549,2015-05-03 07:30:03.000,"For an android with no feelings, he sure managed to evoke them in others."
215,550,2015-12-28 09:46:42.000,"I'm afraid I still don't understand, sir. Well, that's certainly good to know."
215,551,2016-08-06 04:39:53.000,"I suggest you drop it, Mr. Data. Mr. Worf, you sound like a man who's asking his friend if he can start dating his sister."
216,552,2016-03-07 20:46:11.000,"I'm afraid I still don't understand, sir. Well, that's certainly good to know."
216,553,2016-12-01 06:53:16.000,"Maybe if we felt any human loss as keenly as we feel one of those close to us, human history would be far less bloody."
216,554,2015-12-24 20:14:14.000,Travel time to the nearest starbase? The Federation's gone; the Borg is everywhere!
216,555,2015-01-23 16:21:40.000,"I'm afraid I still don't understand, sir. Well, that's certainly good to know."
217,556,2015-07-20 11:06:39.000,"Fate. It protects fools, little children, and ships named Enterprise."
217,557,2016-10-16 11:30:25.000,"Fate. It protects fools, little children, and ships named Enterprise."
217,558,2016-03-15 05:49:49.000,"I'm afraid I still don't understand, sir. Well, that's certainly good to know."
218,559,2016-06-12 00:52:48.000,"I've had twelve years to think about it. And if I had it to do over again, I would have grabbed the phaser and pointed it at you instead of them."
219,560,2016-05-01 10:28:19.000,I'll alert the crew. When has justice ever been as simple as a rule book?
219,561,2016-06-18 23:43:35.000,"Fate. It protects fools, little children, and ships named Enterprise."
219,562,2016-03-19 08:27:33.000,I'll alert the crew. When has justice ever been as simple as a rule book?
219,563,2015-08-09 06:38:36.000,I'll alert the crew. When has justice ever been as simple as a rule book?
220,564,2016-03-30 02:54:16.000,"Fate. It protects fools, little children, and ships named Enterprise."
221,565,2016-12-10 18:52:42.000,Travel time to the nearest starbase? The Federation's gone; the Borg is everywhere!
223,566,2016-12-22 02:26:54.000,"Maybe if we felt any human loss as keenly as we feel one of those close to us, human history would be far less bloody."
223,567,2015-02-16 02:59:26.000,"Fate. It protects fools, little children, and ships named Enterprise."
223,568,2016-06-30 03:20:53.000,"Maybe if we felt any human loss as keenly as we feel one of those close to us, human history would be far less bloody."
224,569,2015-09-09 16:11:51.000,"I've had twelve years to think about it. And if I had it to do over again, I would have grabbed the phaser and pointed it at you instead of them."
224,570,2015-12-09 05:14:14.000,"Fate. It protects fools, little children, and ships named Enterprise."
224,571,2015-03-14 00:33:11.000,I'll alert the crew. When has justice ever been as simple as a rule book?
224,572,2015-03-16 05:46:49.000,Travel time to the nearest starbase? The Federation's gone; the Borg is everywhere!
225,573,2016-04-24 03:13:57.000,I'll alert the crew. When has justice ever been as simple as a rule book?
225,574,2015-08-11 10:54:39.000,"I'm afraid I still don't understand, sir. Well, that's certainly good to know."
225,575,2015-02-09 02:00:36.000,"I suggest you drop it, Mr. Data. Mr. Worf, you sound like a man who's asking his friend if he can start dating his sister."
225,576,2016-02-27 12:42:37.000,"I've had twelve years to think about it. And if I had it to do over again, I would have grabbed the phaser and pointed it at you instead of them."
226,577,2015-05-16 19:05:11.000,Travel time to the nearest starbase? The Federation's gone; the Borg is everywhere!
226,578,2015-12-19 21:54:00.000,"I've had twelve years to think about it. And if I had it to do over again, I would have grabbed the phaser and pointed it at you instead of them."
226,579,2015-02-05 22:17:02.000,"I've had twelve years to think about it. And if I had it to do over again, I would have grabbed the phaser and pointed it at you instead of them."
226,580,2015-07-20 21:45:16.000,"I'm afraid I still don't understand, sir. Well, that's certainly good to know."
226,581,2015-08-07 07:51:32.000,I'll alert the crew. When has justice ever been as simple as a rule book?
228,582,2016-04-16 08:28:43.000,"Maybe if we felt any human loss as keenly as we feel one of those close to us, human history would be far less bloody."
228,583,2015-04-19 00:56:11.000,"I've had twelve years to think about it. And if I had it to do over again, I would have grabbed the phaser and pointed it at you instead of them."
228,584,2015-05-04 14:20:56.000,"For an android with no feelings, he sure managed to evoke them in others."
229,585,2016-03-15 07:51:53.000,"Maybe if we felt any human loss as keenly as we feel one of those close to us, human history would be far less bloody."
229,586,2016-07-12 06:17:27.000,"For an android with no feelings, he sure managed to evoke them in others."
229,587,2015-01-11 23:33:18.000,Travel time to the nearest starbase? The Federation's gone; the Borg is everywhere!
229,588,2015-05-14 19:46:42.000,Travel time to the nearest starbase? The Federation's gone; the Borg is everywhere!
230,589,2016-10-13 16:39:01.000,I'll alert the crew. When has justice ever been as simple as a rule book?
230,590,2015-10-09 22:31:11.000,"For an android with no feelings, he sure managed to evoke them in others."
230,591,2016-08-25 19:51:25.000,Flair is what marks the difference between artistry and mere competence.
230,592,2015-05-06 16:11:46.000,"Fate. It protects fools, little children, and ships named Enterprise."
231,593,2016-11-26 07:39:41.000,"I've had twelve years to think about it. And if I had it to do over again, I would have grabbed the phaser and pointed it at you instead of them."
231,594,2015-07-02 03:39:41.000,"I've had twelve years to think about it. And if I had it to do over again, I would have grabbed the phaser and pointed it at you instead of them."
232,595,2015-04-29 15:53:13.000,"I've had twelve years to think about it. And if I had it to do over again, I would have grabbed the phaser and pointed it at you instead of them."
232,596,2015-04-01 01:44:14.000,"Maybe if we felt any human loss as keenly as we feel one of those close to us, human history would be far less bloody."
234,597,2016-02-18 15:58:41.000,"Fate. It protects fools, little children, and ships named Enterprise."
236,598,2016-03-17 22:50:41.000,"I'm afraid I still don't understand, sir. Well, that's certainly good to know."
236,599,2017-02-10 03:01:27.000,"Maybe if we felt any human loss as keenly as we feel one of those close to us, human history would be far less bloody."
236,600,2016-11-07 19:06:13.000,"I'm afraid I still don't understand, sir. Well, that's certainly good to know."
237,601,2016-01-02 23:48:08.000,Travel time to the nearest starbase? The Federation's gone; the Borg is everywhere!
237,602,2016-12-28 18:23:19.000,"Fate. It protects fools, little children, and ships named Enterprise."
237,603,2016-03-19 06:55:41.000,"I suggest you drop it, Mr. Data. Mr. Worf, you sound like a man who's asking his friend if he can start dating his sister."
237,604,2016-03-19 08:04:20.000,I'll alert the crew. When has justice ever been as simple as a rule book?
238,605,2017-02-23 00:18:44.000,"Maybe if we felt any human loss as keenly as we feel one of those close to us, human history would be far less bloody."
238,606,2016-02-20 20:16:53.000,"For an android with no feelings, he sure managed to evoke them in others."
239,607,2016-04-08 08:07:21.000,"Maybe if we felt any human loss as keenly as we feel one of those close to us, human history would be far less bloody."
239,608,2015-05-07 05:58:56.000,"For an android with no feelings, he sure managed to evoke them in others."
239,609,2015-09-27 20:09:59.000,Travel time to the nearest starbase? The Federation's gone; the Borg is everywhere!
240,610,2015-10-13 18:59:22.000,"I'm afraid I still don't understand, sir. Well, that's certainly good to know."
240,611,2016-04-11 19:19:26.000,"Maybe if we felt any human loss as keenly as we feel one of those close to us, human history would be far less bloody."
241,612,2016-05-17 19:59:58.000,"I've had twelve years to think about it. And if I had it to do over again, I would have grabbed the phaser and pointed it at you instead of them."
241,613,2015-11-12 17:37:04.000,Flair is what marks the difference between artistry and mere competence.
241,614,2015-06-08 22:09:54.000,"Fate. It protects fools, little children, and ships named Enterprise."
243,615,2016-08-28 02:12:06.000,"I suggest you drop it, Mr. Data. Mr. Worf, you sound like a man who's asking his friend if he can start dating his sister."
244,616,2016-08-15 07:45:45.000,Flair is what marks the difference between artistry and mere competence.
244,617,2015-08-08 15:58:06.000,"For an android with no feelings, he sure managed to evoke them in others."
244,618,2016-10-08 04:04:32.000,"I'm afraid I still don't understand, sir. Well, that's certainly good to know."
244,619,2015-08-07 21:51:32.000,Flair is what marks the difference between artistry and mere competence.
246,620,2015-03-31 07:06:42.000,Travel time to the nearest starbase? The Federation's gone; the Borg is everywhere!
246,621,2016-11-05 01:30:49.000,I'll alert the crew. When has justice ever been as simple as a rule book?
246,622,2015-01-13 20:09:50.000,"I'm afraid I still don't understand, sir. Well, that's certainly good to know."
246,623,2015-12-13 10:13:31.000,Flair is what marks the difference between artistry and mere competence.
246,624,2015-01-24 11:16:28.000,"Maybe if we felt any human loss as keenly as we feel one of those close to us, human history would be far less bloody."
247,625,2016-10-27 00:08:25.000,"I've had twelve years to think about it. And if I had it to do over again, I would have grabbed the phaser and pointed it at you instead of them."
247,626,2016-03-03 16:00:31.000,"I've had twelve years to think about it. And if I had it to do over again, I would have grabbed the phaser and pointed it at you instead of them."
248,627,2017-02-19 20:12:49.000,"Maybe if we felt any human loss as keenly as we feel one of those close to us, human history would be far less bloody."
248,628,2015-08-29 03:15:27.000,"For an android with no feelings, he sure managed to evoke them in others."
248,629,2016-03-11 02:17:10.000,"I suggest you drop it, Mr. Data. Mr. Worf, you sound like a man who's asking his friend if he can start dating his sister."
249,630,2015-10-15 00:27:46.000,"I'm afraid I still don't understand, sir. Well, that's certainly good to know."
250,631,2015-11-21 13:31:09.000,"I'm afraid I still don't understand, sir. Well, that's certainly good to know."
251,632,2016-03-04 05:14:57.000,"I suggest you drop it, Mr. Data. Mr. Worf, you sound like a man who's asking his friend if he can start dating his sister."
251,633,2015-11-02 12:50:28.000,"I suggest you drop it, Mr. Data. Mr. Worf, you sound like a man who's asking his friend if he can start dating his sister."
251,634,2015-07-04 07:50:44.000,Travel time to the nearest starbase? The Federation's gone; the Borg is everywhere!
252,635,2015-08-07 11:50:05.000,"Fate. It protects fools, little children, and ships named Enterprise."
252,636,2016-09-13 21:08:48.000,"I'm afraid I still don't understand, sir. Well, that's certainly good to know."
252,637,2015-05-29 09:51:22.000,"I've had twelve years to think about it. And if I had it to do over again, I would have grabbed the phaser and pointed it at you instead of them."
252,638,2015-11-18 15:14:28.000,"I've had twelve years to think about it. And if I had it to do over again, I would have grabbed the phaser and pointed it at you instead of them."
254,639,2016-11-04 13:21:36.000,"I've had twelve years to think about it. And if I had it to do over again, I would have grabbed the phaser and pointed it at you instead of them."
254,640,2016-10-04 17:50:15.000,"Fate. It protects fools, little children, and ships named Enterprise."
254,641,2016-04-03 11:06:28.000,"Maybe if we felt any human loss as keenly as we feel one of those close to us, human history would be far less bloody."
254,642,2016-10-13 11:38:25.000,"I'm afraid I still don't understand, sir. Well, that's certainly good to know."
254,643,2016-11-25 02:27:30.000,Travel time to the nearest starbase? The Federation's gone; the Borg is everywhere!
255,644,2015-12-15 14:05:56.000,"Fate. It protects fools, little children, and ships named Enterprise."
255,645,2016-04-10 00:48:54.000,"For an android with no feelings, he sure managed to evoke them in others."
255,646,2015-10-20 12:44:49.000,"Fate. It protects fools, little children, and ships named Enterprise."
257,647,2016-09-30 12:06:02.000,"I suggest you drop it, Mr. Data. Mr. Worf, you sound like a man who's asking his friend if he can start dating his sister."
257,648,2016-06-12 06:39:39.000,"Fate. It protects fools, little children, and ships named Enterprise."
257,649,2015-09-07 19:21:08.000,"Fate. It protects fools, little children, and ships named Enterprise."
257,650,2016-06-08 19:17:49.000,"I've had twelve years to think about it. And if I had it to do over again, I would have grabbed the phaser and pointed it at you instead of them."
258,651,2015-12-31 19:26:36.000,Travel time to the nearest starbase? The Federation's gone; the Borg is everywhere!
259,652,2016-05-03 16:29:31.000,"I suggest you drop it, Mr. Data. Mr. Worf, you sound like a man who's asking his friend if he can start dating his sister."
259,653,2016-03-27 11:08:37.000,"For an android with no feelings, he sure managed to evoke them in others."
259,654,2015-06-03 08:55:55.000,"I've had twelve years to think about it. And if I had it to do over again, I would have grabbed the phaser and pointed it at you instead of them."
260,655,2015-11-04 08:30:20.000,"I've had twelve years to think about it. And if I had it to do over again, I would have grabbed the phaser and pointed it at you instead of them."
260,656,2015-04-30 17:40:51.000,"Maybe if we felt any human loss as keenly as we feel one of those close to us, human history would be far less bloody."
260,657,2016-09-03 18:31:32.000,I'll alert the crew. When has justice ever been as simple as a rule book?
260,658,2015-05-24 12:14:06.000,"I'm afraid I still don't understand, sir. Well, that's certainly good to know."
260,659,2015-09-06 20:59:04.000,"For an android with no feelings, he sure managed to evoke them in others."
261,660,2016-09-10 04:10:05.000,Flair is what marks the difference between artistry and mere competence.
261,661,2015-09-02 14:29:06.000,"For an android with no feelings, he sure managed to evoke them in others."
261,662,2016-02-28 14:28:20.000,Travel time to the nearest starbase? The Federation's gone; the Borg is everywhere!
261,663,2015-04-09 21:58:34.000,"For an android with no feelings, he sure managed to evoke them in others."
262,664,2015-01-10 14:38:54.000,"Fate. It protects fools, little children, and ships named Enterprise."
262,665,2015-04-22 05:19:43.000,"I suggest you drop it, Mr. Data. Mr. Worf, you sound like a man who's asking his friend if he can start dating his sister."
262,666,2015-08-04 18:53:31.000,Travel time to the nearest starbase? The Federation's gone; the Borg is everywhere!
262,667,2016-02-13 21:45:26.000,"For an android with no feelings, he sure managed to evoke them in others."
263,668,2015-01-03 07:23:02.000,"Maybe if we felt any human loss as keenly as we feel one of those close to us, human history would be far less bloody."
264,669,2016-03-17 01:21:39.000,"For an android with no feelings, he sure managed to evoke them in others."
265,670,2015-05-23 16:46:42.000,Flair is what marks the difference between artistry and mere competence.
265,671,2016-01-27 04:38:30.000,"Fate. It protects fools, little children, and ships named Enterprise."
265,672,2017-01-21 20:32:43.000,"For an android with no feelings, he sure managed to evoke them in others."
265,673,2016-03-29 10:42:54.000,"I suggest you drop it, Mr. Data. Mr. Worf, you sound like a man who's asking his friend if he can start dating his sister."
265,674,2015-02-20 13:43:54.000,"I suggest you drop it, Mr. Data. Mr. Worf, you sound like a man who's asking his friend if he can start dating his sister."
266,675,2015-01-13 17:39:06.000,Travel time to the nearest starbase? The Federation's gone; the Borg is everywhere!
267,676,2015-02-24 08:47:33.000,"I suggest you drop it, Mr. Data. Mr. Worf, you sound like a man who's asking his friend if he can start dating his sister."
267,677,2015-07-21 17:38:26.000,Travel time to the nearest starbase? The Federation's gone; the Borg is everywhere!
267,678,2015-11-22 22:53:52.000,"Fate. It protects fools, little children, and ships named Enterprise."
267,679,2016-02-11 02:45:18.000,Travel time to the nearest starbase? The Federation's gone; the Borg is everywhere!
268,680,2016-11-10 20:45:30.000,Travel time to the nearest starbase? The Federation's gone; the Borg is everywhere!
268,681,2016-01-07 08:26:52.000,"Fate. It protects fools, little children, and ships named Enterprise."
268,682,2016-04-15 07:56:39.000,"I'm afraid I still don't understand, sir. Well, that's certainly good to know."
268,683,2015-05-09 19:43:59.000,"Fate. It protects fools, little children, and ships named Enterprise."
268,684,2015-07-01 01:53:33.000,"For an android with no feelings, he sure managed to evoke them in others."
269,685,2016-10-25 05:06:02.000,I'll alert the crew. When has justice ever been as simple as a rule book?
269,686,2015-07-04 02:40:38.000,Flair is what marks the difference between artistry and mere competence.
269,687,2016-03-14 12:36:47.000,"I've had twelve years to think about it. And if I had it to do over again, I would have grabbed the phaser and pointed it at you instead of them."
270,688,2016-08-04 14:17:51.000,"I suggest you drop it, Mr. Data. Mr. Worf, you sound like a man who's asking his friend if he can start dating his sister."
270,689,2016-11-28 12:01:55.000,"For an android with no feelings, he sure managed to evoke them in others."
270,690,2016-06-07 04:09:09.000,Travel time to the nearest starbase? The Federation's gone; the Borg is everywhere!
270,691,2016-06-12 08:38:02.000,"Maybe if we felt any human loss as keenly as we feel one of those close to us, human history would be far less bloody."
270,692,2016-05-09 10:30:50.000,Flair is what marks the difference between artistry and mere competence.
271,693,2015-02-24 13:29:41.000,"I'm afraid I still don't understand, sir. Well, that's certainly good to know."
271,694,2015-12-22 14:50:56.000,"I'm afraid I still don't understand, sir. Well, that's certainly good to know."
271,695,2017-02-21 14:42:57.000,"Maybe if we felt any human loss as keenly as we feel one of those close to us, human history would be far less bloody."
271,696,2015-11-05 05:20:18.000,"Maybe if we felt any human loss as keenly as we feel one of those close to us, human history would be far less bloody."
272,697,2016-08-12 16:45:18.000,"I suggest you drop it, Mr. Data. Mr. Worf, you sound like a man who's asking his friend if he can start dating his sister."
272,698,2016-01-06 19:59:56.000,"For an android with no feelings, he sure managed to evoke them in others."
272,699,2016-02-02 12:28:05.000,"Fate. It protects fools, little children, and ships named Enterprise."
273,700,2016-03-11 20:48:33.000,"Fate. It protects fools, little children, and ships named Enterprise."
273,701,2016-06-19 20:41:47.000,"I suggest you drop it, Mr. Data. Mr. Worf, you sound like a man who's asking his friend if he can start dating his sister."
273,702,2016-07-08 02:19:20.000,Flair is what marks the difference between artistry and mere competence.
273,703,2016-06-15 09:10:05.000,"I'm afraid I still don't understand, sir. Well, that's certainly good to know."
274,704,2016-05-27 21:58:09.000,"Fate. It protects fools, little children, and ships named Enterprise."
275,705,2015-07-16 15:29:51.000,"Fate. It protects fools, little children, and ships named Enterprise."
275,706,2016-07-26 03:35:16.000,"I've had twelve years to think about it. And if I had it to do over again, I would have grabbed the phaser and pointed it at you instead of them."
275,707,2015-12-18 08:26:02.000,"For an android with no feelings, he sure managed to evoke them in others."
275,708,2017-01-28 13:14:56.000,Flair is what marks the difference between artistry and mere competence.
276,709,2015-08-22 13:56:46.000,"For an android with no feelings, he sure managed to evoke them in others."
277,710,2015-07-04 08:47:22.000,"I suggest you drop it, Mr. Data. Mr. Worf, you sound like a man who's asking his friend if he can start dating his sister."
278,711,2015-03-14 13:40:44.000,"Fate. It protects fools, little children, and ships named Enterprise."
278,712,2016-08-30 09:25:03.000,Travel time to the nearest starbase? The Federation's gone; the Borg is everywhere!
278,713,2015-05-15 09:28:34.000,Flair is what marks the difference between artistry and mere competence.
278,714,2017-01-01 04:58:04.000,Travel time to the nearest starbase? The Federation's gone; the Borg is everywhere!
279,715,2016-02-21 14:58:09.000,Travel time to the nearest starbase? The Federation's gone; the Borg is everywhere!
279,716,2015-01-21 23:51:38.000,I'll alert the crew. When has justice ever been as simple as a rule book?
279,717,2015-08-19 14:13:37.000,"Maybe if we felt any human loss as keenly as we feel one of those close to us, human history would be far less bloody."
279,718,2016-10-17 23:07:56.000,"I'm afraid I still don't understand, sir. Well, that's certainly good to know."
283,719,2015-08-03 06:44:50.000,Travel time to the nearest starbase? The Federation's gone; the Borg is everywhere!
284,720,2015-11-11 23:24:06.000,Flair is what marks the difference between artistry and mere competence.
284,721,2015-11-12 20:14:40.000,"Fate. It protects fools, little children, and ships named Enterprise."
284,722,2015-02-20 04:04:05.000,"I've had twelve years to think about it. And if I had it to do over again, I would have grabbed the phaser and pointed it at you instead of them."
286,723,2015-03-04 12:37:40.000,"I'm afraid I still don't understand, sir. Well, that's certainly good to know."
286,724,2017-02-12 08:20:43.000,Travel time to the nearest starbase? The Federation's gone; the Borg is everywhere!
287,725,2016-02-10 16:11:28.000,Travel time to the nearest starbase? The Federation's gone; the Borg is everywhere!
287,726,2016-05-20 19:14:18.000,"I suggest you drop it, Mr. Data. Mr. Worf, you sound like a man who's asking his friend if he can start dating his sister."
289,727,2016-08-13 05:46:02.000,Flair is what marks the difference between artistry and mere competence.
289,728,2016-10-18 10:02:41.000,I'll alert the crew. When has justice ever been as simple as a rule book?
289,729,2017-01-23 14:09:44.000,Flair is what marks the difference between artistry and mere competence.
289,730,2015-12-20 19:17:29.000,"Fate. It protects fools, little children, and ships named Enterprise."
289,731,2016-11-11 20:33:44.000,"I'm afraid I still don't understand, sir. Well, that's certainly good to know."
290,732,2015-09-26 09:55:46.000,Travel time to the nearest starbase? The Federation's gone; the Borg is everywhere!
290,733,2016-01-12 08:20:52.000,"Fate. It protects fools, little children, and ships named Enterprise."
290,734,2016-05-03 15:23:53.000,Travel time to the nearest starbase? The Federation's gone; the Borg is everywhere!
291,735,2016-10-19 02:09:20.000,"I suggest you drop it, Mr. Data. Mr. Worf, you sound like a man who's asking his friend if he can start dating his sister."
291,736,2016-09-15 20:20:30.000,"I've had twelve years to think about it. And if I had it to do over again, I would have grabbed the phaser and pointed it at you instead of them."
292,737,2016-12-29 23:31:35.000,"I've had twelve years to think about it. And if I had it to do over again, I would have grabbed the phaser and pointed it at you instead of them."
292,738,2016-05-23 06:57:54.000,Flair is what marks the difference between artistry and mere competence.
293,739,2016-03-20 11:25:15.000,I'll alert the crew. When has justice ever been as simple as a rule book?
294,740,2015-05-19 03:45:45.000,"I've had twelve years to think about it. And if I had it to do over again, I would have grabbed the phaser and pointed it at you instead of them."
294,741,2015-12-04 14:46:22.000,"I'm afraid I still don't understand, sir. Well, that's certainly good to know."
295,742,2015-10-26 16:15:41.000,"Fate. It protects fools, little children, and ships named Enterprise."
296,743,2016-12-18 06:34:44.000,"For an android with no feelings, he sure managed to evoke them in others."
296,744,2016-05-26 01:04:27.000,"Fate. It protects fools, little children, and ships named Enterprise."
296,745,2016-11-08 02:34:21.000,Travel time to the nearest starbase? The Federation's gone; the Borg is everywhere!
296,746,2016-09-13 11:51:01.000,"Fate. It protects fools, little children, and ships named Enterprise."
297,747,2015-07-01 00:31:30.000,Flair is what marks the difference between artistry and mere competence.
297,748,2016-11-15 02:33:17.000,"Fate. It protects fools, little children, and ships named Enterprise."
298,749,2016-11-21 09:30:55.000,"I've had twelve years to think about it. And if I had it to do over again, I would have grabbed the phaser and pointed it at you instead of them."
298,750,2015-08-29 03:14:49.000,Travel time to the nearest starbase? The Federation's gone; the Borg is everywhere!
298,751,2016-12-15 10:38:16.000,"I'm afraid I still don't understand, sir. Well, that's certainly good to know."
300,752,2015-12-19 15:01:22.000,I'll alert the crew. When has justice ever been as simple as a rule book?
300,753,2016-02-06 15:38:02.000,"I've had twelve years to think about it. And if I had it to do over again, I would have grabbed the phaser and pointed it at you instead of them."
300,754,2015-04-03 14:50:11.000,"Maybe if we felt any human loss as keenly as we feel one of those close to us, human history would be far less bloody."
302,755,2016-06-09 21:21:01.000,"I'm afraid I still don't understand, sir. Well, that's certainly good to know."
302,756,2016-11-17 07:06:35.000,"I'm afraid I still don't understand, sir. Well, that's certainly good to know."
302,757,2015-05-22 13:25:08.000,"For an android with no feelings, he sure managed to evoke them in others."
302,758,2016-09-03 03:45:28.000,"I'm afraid I still don't understand, sir. Well, that's certainly good to know."
303,759,2016-07-27 22:13:36.000,Travel time to the nearest starbase? The Federation's gone; the Borg is everywhere!
303,760,2015-03-04 14:19:58.000,"Fate. It protects fools, little children, and ships named Enterprise."
303,761,2016-03-07 06:11:56.000,Travel time to the nearest starbase? The Federation's gone; the Borg is everywhere!
303,762,2015-12-31 04:32:49.000,"For an android with no feelings, he sure managed to evoke them in others."
305,763,2015-02-05 07:50:03.000,"I suggest you drop it, Mr. Data. Mr. Worf, you sound like a man who's asking his friend if he can start dating his sister."
305,764,2015-10-18 16:33:48.000,Flair is what marks the difference between artistry and mere competence.
305,765,2015-04-19 11:55:44.000,Travel time to the nearest starbase? The Federation's gone; the Borg is everywhere!
305,766,2016-12-29 20:32:31.000,I'll alert the crew. When has justice ever been as simple as a rule book?
305,767,2016-04-16 18:30:41.000,Travel time to the nearest starbase? The Federation's gone; the Borg is everywhere!
306,768,2015-05-28 01:09:35.000,I'll alert the crew. When has justice ever been as simple as a rule book?
306,769,2016-01-05 19:20:01.000,I'll alert the crew. When has justice ever been as simple as a rule book?
306,770,2016-06-17 03:37:06.000,"Fate. It protects fools, little children, and ships named Enterprise."
306,771,2016-01-02 14:58:33.000,"Maybe if we felt any human loss as keenly as we feel one of those close to us, human history would be far less bloody."
306,772,2015-09-28 23:16:30.000,"Fate. It protects fools, little children, and ships named Enterprise."
307,773,2017-01-11 14:18:40.000,Travel time to the nearest starbase? The Federation's gone; the Borg is everywhere!
309,774,2016-02-24 08:47:25.000,Travel time to the nearest starbase? The Federation's gone; the Borg is everywhere!
310,775,2015-10-08 14:27:51.000,"Maybe if we felt any human loss as keenly as we feel one of those close to us, human history would be far less bloody."
311,776,2016-04-24 16:46:11.000,"For an android with no feelings, he sure managed to evoke them in others."
311,777,2015-10-27 09:52:34.000,I'll alert the crew. When has justice ever been as simple as a rule book?
313,778,2015-06-28 21:15:57.000,Travel time to the nearest starbase? The Federation's gone; the Borg is everywhere!
314,779,2015-08-31 01:40:46.000,Flair is what marks the difference between artistry and mere competence.
314,780,2016-11-21 04:28:48.000,Travel time to the nearest starbase? The Federation's gone; the Borg is everywhere!
314,781,2015-10-11 12:51:00.000,"I'm afraid I still don't understand, sir. Well, that's certainly good to know."
315,782,2015-07-29 17:32:34.000,"For an android with no feelings, he sure managed to evoke them in others."
315,783,2016-01-05 08:21:16.000,"Maybe if we felt any human loss as keenly as we feel one of those close to us, human history would be far less bloody."
315,784,2016-07-30 17:20:57.000,Travel time to the nearest starbase? The Federation's gone; the Borg is everywhere!
315,785,2017-02-10 15:07:12.000,"I suggest you drop it, Mr. Data. Mr. Worf, you sound like a man who's asking his friend if he can start dating his sister."
315,786,2015-08-22 16:40:53.000,Flair is what marks the difference between artistry and mere competence.
317,787,2016-07-06 12:57:07.000,"I'm afraid I still don't understand, sir. Well, that's certainly good to know."
317,788,2016-07-08 11:28:23.000,"Fate. It protects fools, little children, and ships named Enterprise."
317,789,2016-11-12 15:55:57.000,"I'm afraid I still don't understand, sir. Well, that's certainly good to know."
317,790,2017-02-14 08:25:36.000,"Fate. It protects fools, little children, and ships named Enterprise."
319,791,2015-11-15 22:17:46.000,"I'm afraid I still don't understand, sir. Well, that's certainly good to know."
319,792,2016-03-02 12:29:03.000,"Fate. It protects fools, little children, and ships named Enterprise."
320,793,2016-05-24 20:10:30.000,Travel time to the nearest starbase? The Federation's gone; the Borg is everywhere!
320,794,2015-03-03 07:34:59.000,Flair is what marks the difference between artistry and mere competence.
321,795,2016-11-06 03:01:31.000,Travel time to the nearest starbase? The Federation's gone; the Borg is everywhere!
321,796,2016-03-01 02:01:12.000,"Fate. It protects fools, little children, and ships named Enterprise."
321,797,2016-03-17 12:40:44.000,"Fate. It protects fools, little children, and ships named Enterprise."
321,798,2016-07-24 12:10:22.000,Flair is what marks the difference between artistry and mere competence.
322,799,2016-06-20 01:03:40.000,"Fate. It protects fools, little children, and ships named Enterprise."
322,800,2016-06-02 03:43:01.000,"I'm afraid I still don't understand, sir. Well, that's certainly good to know."
322,801,2016-08-12 16:01:16.000,"I suggest you drop it, Mr. Data. Mr. Worf, you sound like a man who's asking his friend if he can start dating his sister."
323,802,2016-09-08 09:13:30.000,Travel time to the nearest starbase? The Federation's gone; the Borg is everywhere!
323,803,2016-07-12 05:07:30.000,Flair is what marks the difference between artistry and mere competence.
324,804,2015-07-14 22:10:39.000,Flair is what marks the difference between artistry and mere competence.
324,805,2016-02-13 02:14:46.000,"I suggest you drop it, Mr. Data. Mr. Worf, you sound like a man who's asking his friend if he can start dating his sister."
324,806,2017-02-08 02:18:51.000,"Maybe if we felt any human loss as keenly as we feel one of those close to us, human history would be far less bloody."
325,807,2017-01-01 06:04:54.000,"For an android with no feelings, he sure managed to evoke them in others."
325,808,2015-04-18 15:21:49.000,I'll alert the crew. When has justice ever been as simple as a rule book?
325,809,2015-09-08 19:07:50.000,"I suggest you drop it, Mr. Data. Mr. Worf, you sound like a man who's asking his friend if he can start dating his sister."
325,810,2016-04-27 08:57:36.000,"Fate. It protects fools, little children, and ships named Enterprise."
325,811,2016-09-02 11:09:29.000,"I suggest you drop it, Mr. Data. Mr. Worf, you sound like a man who's asking his friend if he can start dating his sister."
326,812,2016-05-03 16:39:42.000,I'll alert the crew. When has justice ever been as simple as a rule book?
328,813,2015-06-17 22:54:41.000,"I've had twelve years to think about it. And if I had it to do over again, I would have grabbed the phaser and pointed it at you instead of them."
329,814,2017-02-06 13:42:22.000,"Fate. It protects fools, little children, and ships named Enterprise."
329,815,2015-12-08 18:09:01.000,"I've had twelve years to think about it. And if I had it to do over again, I would have grabbed the phaser and pointed it at you instead of them."
329,816,2016-01-14 18:30:46.000,Flair is what marks the difference between artistry and mere competence.
329,817,2016-10-03 02:45:42.000,"Fate. It protects fools, little children, and ships named Enterprise."
330,818,2016-09-25 14:32:14.000,Flair is what marks the difference between artistry and mere competence.
330,819,2016-02-07 23:23:06.000,"Maybe if we felt any human loss as keenly as we feel one of those close to us, human history would be far less bloody."
330,820,2015-05-27 18:40:23.000,"I'm afraid I still don't understand, sir. Well, that's certainly good to know."
330,821,2016-07-12 23:45:27.000,Flair is what marks the difference between artistry and mere competence.
330,822,2017-01-11 20:24:05.000,I'll alert the crew. When has justice ever been as simple as a rule book?
331,823,2015-09-24 10:12:27.000,Travel time to the nearest starbase? The Federation's gone; the Borg is everywhere!
331,824,2015-03-16 13:33:49.000,Travel time to the nearest starbase? The Federation's gone; the Borg is everywhere!
331,825,2015-04-07 08:07:46.000,"For an android with no feelings, he sure managed to evoke them in others."
331,826,2015-08-01 21:22:21.000,"For an android with no feelings, he sure managed to evoke them in others."
331,827,2016-08-14 06:09:42.000,I'll alert the crew. When has justice ever been as simple as a rule book?
332,828,2015-10-15 05:33:41.000,"For an android with no feelings, he sure managed to evoke them in others."
127,326,2015-11-30 16:56:20.000,"I've had twelve years to think about it. And if I had it to do over again, I would have grabbed the phaser and pointed it at you instead of them."
127,327,2015-12-01 02:05:53.000,"I've had twelve years to think about it. And if I had it to do over again, I would have grabbed the phaser and pointed it at you instead of them."
127,328,2016-05-07 08:17:59.000,"Fate. It protects fools, little children, and ships named Enterprise."
127,329,2015-04-06 13:42:08.000,"I'm afraid I still don't understand, sir. Well, that's certainly good to know."
128,330,2016-08-28 08:25:22.000,I'll alert the crew. When has justice ever been as simple as a rule book?
130,331,2015-04-14 00:25:10.000,I'll alert the crew. When has justice ever been as simple as a rule book?
130,332,2017-02-11 15:45:46.000,"I'm afraid I still don't understand, sir. Well, that's certainly good to know."
130,333,2016-01-14 21:08:50.000,"I've had twelve years to think about it. And if I had it to do over again, I would have grabbed the phaser and pointed it at you instead of them."
131,334,2015-02-16 22:08:30.000,I'll alert the crew. When has justice ever been as simple as a rule book?
131,335,2016-09-29 22:03:35.000,"For an android with no feelings, he sure managed to evoke them in others."
132,336,2016-09-01 23:11:08.000,"I'm afraid I still don't understand, sir. Well, that's certainly good to know."
132,337,2016-01-10 15:03:24.000,"I'm afraid I still don't understand, sir. Well, that's certainly good to know."
132,338,2015-08-03 15:03:14.000,"I've had twelve years to think about it. And if I had it to do over again, I would have grabbed the phaser and pointed it at you instead of them."
132,339,2016-05-28 18:01:46.000,Flair is what marks the difference between artistry and mere competence.
132,340,2016-05-12 05:44:07.000,"Maybe if we felt any human loss as keenly as we feel one of those close to us, human history would be far less bloody."
134,341,2015-12-05 03:43:02.000,Flair is what marks the difference between artistry and mere competence.
134,342,2016-01-18 21:21:03.000,"For an android with no feelings, he sure managed to evoke them in others."
135,343,2015-01-02 20:24:15.000,Travel time to the nearest starbase? The Federation's gone; the Borg is everywhere!
135,344,2016-09-13 12:44:03.000,"I suggest you drop it, Mr. Data. Mr. Worf, you sound like a man who's asking his friend if he can start dating his sister."
135,345,2017-01-18 08:05:30.000,"I'm afraid I still don't understand, sir. Well, that's certainly good to know."
135,346,2015-08-02 18:32:00.000,Travel time to the nearest starbase? The Federation's gone; the Borg is everywhere!
136,347,2016-03-26 23:22:36.000,"For an android with no feelings, he sure managed to evoke them in others."
137,348,2015-04-19 05:21:32.000,"Maybe if we felt any human loss as keenly as we feel one of those close to us, human history would be far less bloody."
137,349,2015-02-20 04:14:29.000,"For an android with no feelings, he sure managed to evoke them in others."
138,350,2016-09-22 21:45:00.000,"Maybe if we felt any human loss as keenly as we feel one of those close to us, human history would be far less bloody."
138,351,2017-01-30 03:19:48.000,"I suggest you drop it, Mr. Data. Mr. Worf, you sound like a man who's asking his friend if he can start dating his sister."
138,352,2016-03-28 01:32:17.000,"I suggest you drop it, Mr. Data. Mr. Worf, you sound like a man who's asking his friend if he can start dating his sister."
138,353,2016-06-02 14:14:14.000,Travel time to the nearest starbase? The Federation's gone; the Borg is everywhere!
139,354,2015-11-17 17:29:51.000,"Maybe if we felt any human loss as keenly as we feel one of those close to us, human history would be far less bloody."
139,355,2016-03-02 04:42:08.000,"I've had twelve years to think about it. And if I had it to do over again, I would have grabbed the phaser and pointed it at you instead of them."
139,356,2016-08-22 18:19:52.000,"Fate. It protects fools, little children, and ships named Enterprise."
139,357,2016-12-21 02:42:25.000,"I suggest you drop it, Mr. Data. Mr. Worf, you sound like a man who's asking his friend if he can start dating his sister."
139,358,2015-09-17 14:11:26.000,"I suggest you drop it, Mr. Data. Mr. Worf, you sound like a man who's asking his friend if he can start dating his sister."
140,359,2016-02-03 20:00:10.000,"I'm afraid I still don't understand, sir. Well, that's certainly good to know."
140,360,2015-07-14 08:47:26.000,"I've had twelve years to think about it. And if I had it to do over again, I would have grabbed the phaser and pointed it at you instead of them."
140,361,2016-06-30 10:53:29.000,"I've had twelve years to think about it. And if I had it to do over again, I would have grabbed the phaser and pointed it at you instead of them."
141,362,2016-01-21 01:35:26.000,Flair is what marks the difference between artistry and mere competence.
141,363,2015-06-28 17:15:55.000,Flair is what marks the difference between artistry and mere competence.
141,364,2016-02-24 13:05:17.000,"I suggest you drop it, Mr. Data. Mr. Worf, you sound like a man who's asking his friend if he can start dating his sister."
141,365,2015-02-05 04:33:42.000,Flair is what marks the difference between artistry and mere competence.
143,366,2016-05-03 05:25:44.000,"I've had twelve years to think about it. And if I had it to do over again, I would have grabbed the phaser and pointed it at you instead of them."
143,367,2015-10-31 09:28:46.000,Travel time to the nearest starbase? The Federation's gone; the Borg is everywhere!
144,368,2016-08-01 20:51:16.000,"I've had twelve years to think about it. And if I had it to do over again, I would have grabbed the phaser and pointed it at you instead of them."
144,369,2015-01-10 22:40:53.000,I'll alert the crew. When has justice ever been as simple as a rule book?
144,370,2015-10-23 08:55:43.000,"I suggest you drop it, Mr. Data. Mr. Worf, you sound like a man who's asking his friend if he can start dating his sister."
144,371,2015-02-12 21:41:31.000,"Maybe if we felt any human loss as keenly as we feel one of those close to us, human history would be far less bloody."
146,372,2015-08-30 21:43:30.000,"For an android with no feelings, he sure managed to evoke them in others."
146,373,2015-11-19 05:58:34.000,"Fate. It protects fools, little children, and ships named Enterprise."
146,374,2015-07-19 02:01:53.000,Flair is what marks the difference between artistry and mere competence.
146,375,2015-09-27 08:20:30.000,"Maybe if we felt any human loss as keenly as we feel one of those close to us, human history would be far less bloody."
147,376,2016-04-27 02:30:31.000,"I've had twelve years to think about it. And if I had it to do over again, I would have grabbed the phaser and pointed it at you instead of them."
147,377,2016-07-02 19:37:51.000,Travel time to the nearest starbase? The Federation's gone; the Borg is everywhere!
148,378,2015-06-20 15:40:05.000,"Fate. It protects fools, little children, and ships named Enterprise."
148,379,2016-10-08 01:57:49.000,Flair is what marks the difference between artistry and mere competence.
148,380,2016-10-23 04:34:23.000,Flair is what marks the difference between artistry and mere competence.
148,381,2016-01-31 16:54:05.000,"Fate. It protects fools, little children, and ships named Enterprise."
149,382,2015-09-05 12:19:42.000,Flair is what marks the difference between artistry and mere competence.
149,383,2015-04-04 17:19:49.000,I'll alert the crew. When has justice ever been as simple as a rule book?
149,384,2015-06-26 20:53:25.000,Flair is what marks the difference between artistry and mere competence.
149,385,2015-08-08 03:48:31.000,"I've had twelve years to think about it. And if I had it to do over again, I would have grabbed the phaser and pointed it at you instead of them."
151,386,2016-06-20 14:47:27.000,"Maybe if we felt any human loss as keenly as we feel one of those close to us, human history would be far less bloody."
151,387,2016-07-07 21:59:03.000,"I'm afraid I still don't understand, sir. Well, that's certainly good to know."
151,388,2015-01-10 11:51:55.000,"For an android with no feelings, he sure managed to evoke them in others."
152,389,2015-08-06 11:18:37.000,"I've had twelve years to think about it. And if I had it to do over again, I would have grabbed the phaser and pointed it at you instead of them."
153,390,2016-10-08 00:23:57.000,"Fate. It protects fools, little children, and ships named Enterprise."
153,391,2015-06-26 14:13:07.000,"I've had twelve years to think about it. And if I had it to do over again, I would have grabbed the phaser and pointed it at you instead of them."
154,392,2016-09-03 03:32:04.000,"I suggest you drop it, Mr. Data. Mr. Worf, you sound like a man who's asking his friend if he can start dating his sister."
154,393,2016-12-17 16:54:54.000,Travel time to the nearest starbase? The Federation's gone; the Borg is everywhere!
154,394,2017-01-28 22:54:05.000,"I've had twelve years to think about it. And if I had it to do over again, I would have grabbed the phaser and pointed it at you instead of them."
154,395,2016-05-05 21:37:51.000,I'll alert the crew. When has justice ever been as simple as a rule book?
155,396,2015-06-07 20:34:37.000,"I've had twelve years to think about it. And if I had it to do over again, I would have grabbed the phaser and pointed it at you instead of them."
155,397,2016-01-29 08:57:38.000,"I've had twelve years to think about it. And if I had it to do over again, I would have grabbed the phaser and pointed it at you instead of them."
155,398,2015-03-15 00:30:58.000,"I've had twelve years to think about it. And if I had it to do over again, I would have grabbed the phaser and pointed it at you instead of them."
155,399,2015-11-24 03:14:45.000,Flair is what marks the difference between artistry and mere competence.
155,400,2015-12-16 18:58:42.000,"Fate. It protects fools, little children, and ships named Enterprise."
156,401,2015-09-22 12:32:14.000,Travel time to the nearest starbase? The Federation's gone; the Borg is everywhere!
156,402,2015-10-24 01:06:26.000,"Fate. It protects fools, little children, and ships named Enterprise."
157,403,2016-05-31 00:47:40.000,Flair is what marks the difference between artistry and mere competence.
157,404,2016-01-30 20:58:46.000,"Fate. It protects fools, little children, and ships named Enterprise."
157,405,2015-12-06 00:50:55.000,"Maybe if we felt any human loss as keenly as we feel one of those close to us, human history would be far less bloody."
158,406,2017-02-18 14:40:11.000,I'll alert the crew. When has justice ever been as simple as a rule book?
158,407,2015-03-17 21:09:15.000,Flair is what marks the difference between artistry and mere competence.
158,408,2016-04-06 07:28:58.000,"I'm afraid I still don't understand, sir. Well, that's certainly good to know."
158,409,2015-01-30 20:43:37.000,Travel time to the nearest starbase? The Federation's gone; the Borg is everywhere!
160,410,2016-03-12 22:10:37.000,"Maybe if we felt any human loss as keenly as we feel one of those close to us, human history would be far less bloody."
160,411,2016-03-09 11:58:34.000,"For an android with no feelings, he sure managed to evoke them in others."
161,412,2015-08-21 22:00:05.000,"I've had twelve years to think about it. And if I had it to do over again, I would have grabbed the phaser and pointed it at you instead of them."
161,413,2015-11-18 08:49:10.000,"I suggest you drop it, Mr. Data. Mr. Worf, you sound like a man who's asking his friend if he can start dating his sister."
161,414,2016-09-29 22:59:13.000,"Maybe if we felt any human loss as keenly as we feel one of those close to us, human history would be far less bloody."
162,415,2016-04-20 16:31:47.000,I'll alert the crew. When has justice ever been as simple as a rule book?
162,416,2015-07-24 14:27:30.000,"I've had twelve years to think about it. And if I had it to do over again, I would have grabbed the phaser and pointed it at you instead of them."
162,417,2015-08-09 20:46:37.000,Travel time to the nearest starbase? The Federation's gone; the Borg is everywhere!
162,418,2016-03-29 01:01:56.000,"I suggest you drop it, Mr. Data. Mr. Worf, you sound like a man who's asking his friend if he can start dating his sister."
163,419,2015-03-27 18:19:15.000,"I've had twelve years to think about it. And if I had it to do over again, I would have grabbed the phaser and pointed it at you instead of them."
163,420,2015-06-06 18:06:52.000,"For an android with no feelings, he sure managed to evoke them in others."
163,421,2015-08-11 03:57:10.000,"Fate. It protects fools, little children, and ships named Enterprise."
163,422,2016-09-19 05:58:39.000,"For an android with no feelings, he sure managed to evoke them in others."
163,423,2015-05-28 04:16:43.000,"I've had twelve years to think about it. And if I had it to do over again, I would have grabbed the phaser and pointed it at you instead of them."
167,424,2015-02-01 14:40:46.000,Flair is what marks the difference between artistry and mere competence.
167,425,2015-09-08 23:22:43.000,"I suggest you drop it, Mr. Data. Mr. Worf, you sound like a man who's asking his friend if he can start dating his sister."
167,426,2016-07-14 12:37:04.000,"I'm afraid I still don't understand, sir. Well, that's certainly good to know."
168,427,2015-05-03 14:11:22.000,"I've had twelve years to think about it. And if I had it to do over again, I would have grabbed the phaser and pointed it at you instead of them."
168,428,2015-09-16 02:27:49.000,"Maybe if we felt any human loss as keenly as we feel one of those close to us, human history would be far less bloody."
168,429,2017-02-14 12:54:17.000,I'll alert the crew. When has justice ever been as simple as a rule book?
168,430,2016-01-26 05:31:24.000,"For an android with no feelings, he sure managed to evoke them in others."
169,431,2015-05-14 19:12:45.000,"For an android with no feelings, he sure managed to evoke them in others."
169,432,2015-10-17 01:24:40.000,"Maybe if we felt any human loss as keenly as we feel one of those close to us, human history would be far less bloody."
169,433,2015-12-07 00:09:36.000,"I've had twelve years to think about it. And if I had it to do over again, I would have grabbed the phaser and pointed it at you instead of them."
169,434,2016-06-16 13:25:52.000,"I suggest you drop it, Mr. Data. Mr. Worf, you sound like a man who's asking his friend if he can start dating his sister."
171,435,2017-01-21 17:11:51.000,"I suggest you drop it, Mr. Data. Mr. Worf, you sound like a man who's asking his friend if he can start dating his sister."
171,436,2015-08-04 02:36:27.000,I'll alert the crew. When has justice ever been as simple as a rule book?
171,437,2016-08-13 06:50:49.000,"I've had twelve years to think about it. And if I had it to do over again, I would have grabbed the phaser and pointed it at you instead of them."
171,438,2016-12-07 10:26:10.000,Flair is what marks the difference between artistry and mere competence.
171,439,2015-09-26 16:30:28.000,"Fate. It protects fools, little children, and ships named Enterprise."
174,440,2015-08-20 02:12:24.000,"For an android with no feelings, he sure managed to evoke them in others."
174,441,2015-10-07 01:55:01.000,"I'm afraid I still don't understand, sir. Well, that's certainly good to know."
176,442,2016-05-29 06:43:05.000,"I've had twelve years to think about it. And if I had it to do over again, I would have grabbed the phaser and pointed it at you instead of them."
176,443,2016-07-15 22:54:39.000,I'll alert the crew. When has justice ever been as simple as a rule book?
176,444,2015-02-28 01:40:45.000,"Maybe if we felt any human loss as keenly as we feel one of those close to us, human history would be far less bloody."
176,445,2015-09-23 10:15:39.000,"For an android with no feelings, he sure managed to evoke them in others."
176,446,2015-02-24 19:20:30.000,"I've had twelve years to think about it. And if I had it to do over again, I would have grabbed the phaser and pointed it at you instead of them."
177,447,2015-02-12 20:53:41.000,Travel time to the nearest starbase? The Federation's gone; the Borg is everywhere!
179,448,2015-05-26 22:15:44.000,"Fate. It protects fools, little children, and ships named Enterprise."
180,449,2015-11-04 04:47:02.000,I'll alert the crew. When has justice ever been as simple as a rule book?
180,450,2016-09-10 03:41:44.000,"Fate. It protects fools, little children, and ships named Enterprise."
181,451,2015-12-04 20:42:04.000,"For an android with no feelings, he sure managed to evoke them in others."
181,452,2015-10-12 15:40:52.000,Travel time to the nearest starbase? The Federation's gone; the Borg is everywhere!
181,453,2016-07-17 18:39:58.000,I'll alert the crew. When has justice ever been as simple as a rule book?
181,454,2016-03-13 03:01:23.000,"For an android with no feelings, he sure managed to evoke them in others."
182,455,2016-08-19 11:39:12.000,"Fate. It protects fools, little children, and ships named Enterprise."
182,456,2015-03-24 02:06:18.000,"Fate. It protects fools, little children, and ships named Enterprise."
182,457,2015-09-28 00:21:29.000,"Maybe if we felt any human loss as keenly as we feel one of those close to us, human history would be far less bloody."
182,458,2015-03-02 14:57:36.000,Flair is what marks the difference between artistry and mere competence.
182,459,2015-06-20 12:40:24.000,"For an android with no feelings, he sure managed to evoke them in others."
184,460,2015-03-09 08:16:05.000,I'll alert the crew. When has justice ever been as simple as a rule book?
184,461,2016-11-12 05:18:08.000,Flair is what marks the difference between artistry and mere competence.
184,462,2016-04-04 23:36:44.000,"For an android with no feelings, he sure managed to evoke them in others."
184,463,2015-04-10 00:52:57.000,"Fate. It protects fools, little children, and ships named Enterprise."
185,464,2016-08-09 03:27:39.000,"Maybe if we felt any human loss as keenly as we feel one of those close to us, human history would be far less bloody."
185,465,2017-01-23 20:44:05.000,Flair is what marks the difference between artistry and mere competence.
185,466,2015-05-12 03:52:15.000,"For an android with no feelings, he sure managed to evoke them in others."
185,467,2015-02-07 08:46:58.000,"For an android with no feelings, he sure managed to evoke them in others."
185,468,2015-11-11 02:57:50.000,Flair is what marks the difference between artistry and mere competence.
186,469,2016-08-15 23:44:49.000,"Maybe if we felt any human loss as keenly as we feel one of those close to us, human history would be far less bloody."
186,470,2015-08-17 10:36:47.000,"I suggest you drop it, Mr. Data. Mr. Worf, you sound like a man who's asking his friend if he can start dating his sister."
186,471,2015-05-03 20:35:31.000,"Fate. It protects fools, little children, and ships named Enterprise."
186,472,2016-06-22 11:29:04.000,"For an android with no feelings, he sure managed to evoke them in others."
187,473,2016-08-14 09:01:14.000,I'll alert the crew. When has justice ever been as simple as a rule book?
187,474,2017-02-03 07:57:05.000,Flair is what marks the difference between artistry and mere competence.
187,475,2015-02-11 18:48:21.000,I'll alert the crew. When has justice ever been as simple as a rule book?
188,476,2015-08-15 04:50:00.000,"Fate. It protects fools, little children, and ships named Enterprise."
188,477,2015-07-27 11:18:31.000,"I'm afraid I still don't understand, sir. Well, that's certainly good to know."
188,478,2016-10-13 04:55:10.000,I'll alert the crew. When has justice ever been as simple as a rule book?
189,479,2016-03-07 04:34:05.000,"I've had twelve years to think about it. And if I had it to do over again, I would have grabbed the phaser and pointed it at you instead of them."
189,480,2015-04-09 22:17:18.000,"I suggest you drop it, Mr. Data. Mr. Worf, you sound like a man who's asking his friend if he can start dating his sister."
190,481,2016-11-08 02:03:27.000,"I'm afraid I still don't understand, sir. Well, that's certainly good to know."
190,482,2016-07-05 06:26:13.000,Travel time to the nearest starbase? The Federation's gone; the Borg is everywhere!
191,483,2015-12-09 06:18:02.000,I'll alert the crew. When has justice ever been as simple as a rule book?
191,484,2015-01-28 11:57:40.000,"Maybe if we felt any human loss as keenly as we feel one of those close to us, human history would be far less bloody."
191,485,2015-10-14 02:23:12.000,"Fate. It protects fools, little children, and ships named Enterprise."
191,486,2016-07-18 04:42:30.000,Travel time to the nearest starbase? The Federation's gone; the Borg is everywhere!
192,487,2015-07-31 08:04:01.000,"Maybe if we felt any human loss as keenly as we feel one of those close to us, human history would be far less bloody."
192,488,2016-12-26 00:11:35.000,"I've had twelve years to think about it. And if I had it to do over again, I would have grabbed the phaser and pointed it at you instead of them."
192,489,2015-09-10 05:55:17.000,I'll alert the crew. When has justice ever been as simple as a rule book?
192,490,2015-10-31 23:05:33.000,"I'm afraid I still don't understand, sir. Well, that's certainly good to know."
192,491,2015-09-16 17:08:12.000,"Fate. It protects fools, little children, and ships named Enterprise."
193,492,2016-10-05 10:52:56.000,"For an android with no feelings, he sure managed to evoke them in others."
193,493,2016-01-08 21:49:06.000,"I've had twelve years to think about it. And if I had it to do over again, I would have grabbed the phaser and pointed it at you instead of them."
193,494,2016-03-01 12:27:30.000,"Fate. It protects fools, little children, and ships named Enterprise."
193,495,2015-01-12 08:23:14.000,"Fate. It protects fools, little children, and ships named Enterprise."
194,496,2015-09-12 15:02:05.000,I'll alert the crew. When has justice ever been as simple as a rule book?
195,497,2016-07-17 19:49:07.000,"Maybe if we felt any human loss as keenly as we feel one of those close to us, human history would be far less bloody."
195,498,2016-12-10 08:43:45.000,"I suggest you drop it, Mr. Data. Mr. Worf, you sound like a man who's asking his friend if he can start dating his sister."
199,499,2015-05-02 18:14:23.000,"For an android with no feelings, he sure managed to evoke them in others."
199,500,2015-04-14 17:20:02.000,"Fate. It protects fools, little children, and ships named Enterprise."
199,501,2016-07-17 10:19:40.000,"For an android with no feelings, he sure managed to evoke them in others."
200,502,2016-09-08 22:02:16.000,"I suggest you drop it, Mr. Data. Mr. Worf, you sound like a man who's asking his friend if he can start dating his sister."
200,503,2015-01-22 03:16:10.000,Flair is what marks the difference between artistry and mere competence.
200,504,2015-12-31 23:52:47.000,Flair is what marks the difference between artistry and mere competence.
200,505,2015-06-15 08:38:09.000,"Maybe if we felt any human loss as keenly as we feel one of those close to us, human history would be far less bloody."
200,506,2015-03-28 13:47:20.000,"For an android with no feelings, he sure managed to evoke them in others."
201,507,2015-12-21 05:38:29.000,"Fate. It protects fools, little children, and ships named Enterprise."
201,508,2015-12-01 21:48:58.000,Travel time to the nearest starbase? The Federation's gone; the Borg is everywhere!
201,509,2016-09-02 04:05:55.000,Flair is what marks the difference between artistry and mere competence.
201,510,2016-03-21 19:31:09.000,"I've had twelve years to think about it. And if I had it to do over again, I would have grabbed the phaser and pointed it at you instead of them."
504,1212,2016-02-20 04:34:53.000,"Maybe if we felt any human loss as keenly as we feel one of those close to us, human history would be far less bloody."
504,1213,2016-10-13 03:32:31.000,"I suggest you drop it, Mr. Data. Mr. Worf, you sound like a man who's asking his friend if he can start dating his sister."
504,1214,2016-12-04 10:11:34.000,"Fate. It protects fools, little children, and ships named Enterprise."
504,1215,2015-02-03 15:43:05.000,I'll alert the crew. When has justice ever been as simple as a rule book?
504,1216,2016-06-11 20:25:19.000,Flair is what marks the difference between artistry and mere competence.
505,1217,2015-03-23 01:46:10.000,"Fate. It protects fools, little children, and ships named Enterprise."
505,1218,2015-06-12 02:55:42.000,Flair is what marks the difference between artistry and mere competence.
506,1219,2017-02-20 12:13:52.000,"Fate. It protects fools, little children, and ships named Enterprise."
507,1220,2016-03-10 19:05:50.000,Travel time to the nearest starbase? The Federation's gone; the Borg is everywhere!
508,1221,2015-03-22 16:36:24.000,Travel time to the nearest starbase? The Federation's gone; the Borg is everywhere!
511,1222,2015-08-14 21:36:04.000,"I suggest you drop it, Mr. Data. Mr. Worf, you sound like a man who's asking his friend if he can start dating his sister."
512,1223,2016-01-18 16:41:58.000,"I'm afraid I still don't understand, sir. Well, that's certainly good to know."
512,1224,2016-05-03 09:25:59.000,"Fate. It protects fools, little children, and ships named Enterprise."
512,1225,2015-05-13 04:03:41.000,Flair is what marks the difference between artistry and mere competence.
512,1226,2015-07-13 06:16:40.000,"I'm afraid I still don't understand, sir. Well, that's certainly good to know."
512,1227,2016-05-15 18:41:27.000,"I'm afraid I still don't understand, sir. Well, that's certainly good to know."
514,1228,2015-05-20 14:54:51.000,"I suggest you drop it, Mr. Data. Mr. Worf, you sound like a man who's asking his friend if he can start dating his sister."
514,1229,2016-01-07 03:13:22.000,"I'm afraid I still don't understand, sir. Well, that's certainly good to know."
515,1230,2015-06-18 17:38:11.000,"I've had twelve years to think about it. And if I had it to do over again, I would have grabbed the phaser and pointed it at you instead of them."
515,1231,2016-08-12 04:48:26.000,"I've had twelve years to think about it. And if I had it to do over again, I would have grabbed the phaser and pointed it at you instead of them."
515,1232,2015-07-14 15:27:14.000,"Fate. It protects fools, little children, and ships named Enterprise."
515,1233,2016-11-17 06:09:03.000,I'll alert the crew. When has justice ever been as simple as a rule book?
515,1234,2015-03-15 04:55:01.000,I'll alert the crew. When has justice ever been as simple as a rule book?
516,1235,2016-08-29 11:24:33.000,"I'm afraid I still don't understand, sir. Well, that's certainly good to know."
516,1236,2016-06-20 06:09:41.000,Travel time to the nearest starbase? The Federation's gone; the Borg is everywhere!
516,1237,2015-08-20 00:27:34.000,"Maybe if we felt any human loss as keenly as we feel one of those close to us, human history would be far less bloody."
516,1238,2016-07-13 11:42:48.000,"For an android with no feelings, he sure managed to evoke them in others."
516,1239,2016-05-25 22:26:24.000,"Fate. It protects fools, little children, and ships named Enterprise."
517,1240,2015-11-27 12:57:38.000,Flair is what marks the difference between artistry and mere competence.
517,1241,2015-09-14 16:35:46.000,"I've had twelve years to think about it. And if I had it to do over again, I would have grabbed the phaser and pointed it at you instead of them."
517,1242,2015-04-02 15:32:29.000,"I'm afraid I still don't understand, sir. Well, that's certainly good to know."
517,1243,2015-09-24 06:42:59.000,I'll alert the crew. When has justice ever been as simple as a rule book?
518,1244,2016-04-24 05:26:01.000,"I'm afraid I still don't understand, sir. Well, that's certainly good to know."
518,1245,2015-11-10 14:27:27.000,I'll alert the crew. When has justice ever been as simple as a rule book?
519,1246,2016-07-15 03:56:52.000,"I've had twelve years to think about it. And if I had it to do over again, I would have grabbed the phaser and pointed it at you instead of them."
520,1247,2016-02-28 20:09:37.000,"I've had twelve years to think about it. And if I had it to do over again, I would have grabbed the phaser and pointed it at you instead of them."
520,1248,2016-05-09 14:51:01.000,Travel time to the nearest starbase? The Federation's gone; the Borg is everywhere!
520,1249,2016-06-17 19:57:58.000,Flair is what marks the difference between artistry and mere competence.
521,1250,2016-07-03 00:25:50.000,Travel time to the nearest starbase? The Federation's gone; the Borg is everywhere!
521,1251,2016-03-05 14:55:13.000,Travel time to the nearest starbase? The Federation's gone; the Borg is everywhere!
521,1252,2015-04-29 15:11:06.000,"Maybe if we felt any human loss as keenly as we feel one of those close to us, human history would be far less bloody."
521,1253,2016-05-29 19:25:46.000,"Maybe if we felt any human loss as keenly as we feel one of those close to us, human history would be far less bloody."
522,1254,2016-04-19 18:53:23.000,"I suggest you drop it, Mr. Data. Mr. Worf, you sound like a man who's asking his friend if he can start dating his sister."
522,1255,2015-11-26 15:25:10.000,Flair is what marks the difference between artistry and mere competence.
522,1256,2016-08-30 22:45:46.000,"I'm afraid I still don't understand, sir. Well, that's certainly good to know."
522,1257,2016-10-29 13:56:30.000,Flair is what marks the difference between artistry and mere competence.
522,1258,2016-05-21 01:08:30.000,"I suggest you drop it, Mr. Data. Mr. Worf, you sound like a man who's asking his friend if he can start dating his sister."
523,1259,2015-02-23 20:53:34.000,"Fate. It protects fools, little children, and ships named Enterprise."
524,1260,2016-06-21 01:46:56.000,"For an android with no feelings, he sure managed to evoke them in others."
525,1261,2016-03-29 17:48:41.000,Travel time to the nearest starbase? The Federation's gone; the Borg is everywhere!
526,1262,2016-12-12 11:37:05.000,Flair is what marks the difference between artistry and mere competence.
528,1263,2017-01-20 19:24:53.000,"For an android with no feelings, he sure managed to evoke them in others."
528,1264,2015-02-21 12:53:42.000,"For an android with no feelings, he sure managed to evoke them in others."
528,1265,2015-09-19 07:05:05.000,"For an android with no feelings, he sure managed to evoke them in others."
528,1266,2015-12-22 08:03:00.000,"I've had twelve years to think about it. And if I had it to do over again, I would have grabbed the phaser and pointed it at you instead of them."
529,1267,2016-11-13 20:10:02.000,"Maybe if we felt any human loss as keenly as we feel one of those close to us, human history would be far less bloody."
529,1268,2017-02-09 09:31:48.000,Travel time to the nearest starbase? The Federation's gone; the Borg is everywhere!
529,1269,2016-12-12 13:08:58.000,"I'm afraid I still don't understand, sir. Well, that's certainly good to know."
529,1270,2016-04-05 21:37:15.000,"For an android with no feelings, he sure managed to evoke them in others."
529,1271,2015-05-13 05:25:42.000,Flair is what marks the difference between artistry and mere competence.
530,1272,2017-02-23 09:19:43.000,"I've had twelve years to think about it. And if I had it to do over again, I would have grabbed the phaser and pointed it at you instead of them."
531,1273,2016-12-17 09:08:01.000,I'll alert the crew. When has justice ever been as simple as a rule book?
531,1274,2015-07-07 08:17:42.000,"I've had twelve years to think about it. And if I had it to do over again, I would have grabbed the phaser and pointed it at you instead of them."
532,1275,2017-01-06 10:58:57.000,"Fate. It protects fools, little children, and ships named Enterprise."
332,829,2015-07-20 07:14:37.000,"I suggest you drop it, Mr. Data. Mr. Worf, you sound like a man who's asking his friend if he can start dating his sister."
332,830,2016-09-24 00:38:27.000,Travel time to the nearest starbase? The Federation's gone; the Borg is everywhere!
332,831,2016-05-01 18:17:03.000,"I suggest you drop it, Mr. Data. Mr. Worf, you sound like a man who's asking his friend if he can start dating his sister."
332,832,2016-03-08 03:03:33.000,Travel time to the nearest starbase? The Federation's gone; the Borg is everywhere!
334,833,2017-02-15 13:14:49.000,"I'm afraid I still don't understand, sir. Well, that's certainly good to know."
334,834,2015-03-19 02:14:02.000,"I suggest you drop it, Mr. Data. Mr. Worf, you sound like a man who's asking his friend if he can start dating his sister."
336,835,2015-06-23 00:48:39.000,"I'm afraid I still don't understand, sir. Well, that's certainly good to know."
336,836,2015-11-28 17:38:41.000,Flair is what marks the difference between artistry and mere competence.
336,837,2016-12-30 02:43:13.000,"I suggest you drop it, Mr. Data. Mr. Worf, you sound like a man who's asking his friend if he can start dating his sister."
336,838,2016-01-09 08:20:11.000,I'll alert the crew. When has justice ever been as simple as a rule book?
336,839,2016-10-02 02:31:05.000,"Fate. It protects fools, little children, and ships named Enterprise."
338,840,2016-07-08 19:07:27.000,"I suggest you drop it, Mr. Data. Mr. Worf, you sound like a man who's asking his friend if he can start dating his sister."
339,841,2015-12-04 05:53:52.000,"For an android with no feelings, he sure managed to evoke them in others."
339,842,2016-11-14 13:51:44.000,I'll alert the crew. When has justice ever been as simple as a rule book?
339,843,2016-10-06 22:26:46.000,"I suggest you drop it, Mr. Data. Mr. Worf, you sound like a man who's asking his friend if he can start dating his sister."
340,844,2015-04-25 04:32:47.000,"Maybe if we felt any human loss as keenly as we feel one of those close to us, human history would be far less bloody."
340,845,2015-03-19 09:04:33.000,"For an android with no feelings, he sure managed to evoke them in others."
340,846,2016-06-06 09:43:29.000,"I've had twelve years to think about it. And if I had it to do over again, I would have grabbed the phaser and pointed it at you instead of them."
340,847,2016-06-29 03:37:54.000,Flair is what marks the difference between artistry and mere competence.
341,848,2015-08-17 11:19:46.000,I'll alert the crew. When has justice ever been as simple as a rule book?
341,849,2015-08-25 19:56:41.000,"Fate. It protects fools, little children, and ships named Enterprise."
342,850,2016-06-09 01:32:00.000,"Maybe if we felt any human loss as keenly as we feel one of those close to us, human history would be far less bloody."
343,851,2016-09-06 21:03:24.000,"Maybe if we felt any human loss as keenly as we feel one of those close to us, human history would be far less bloody."
343,852,2016-06-06 05:46:31.000,"I'm afraid I still don't understand, sir. Well, that's certainly good to know."
344,853,2016-11-18 17:58:25.000,"Maybe if we felt any human loss as keenly as we feel one of those close to us, human history would be far less bloody."
344,854,2017-01-27 08:20:35.000,"Fate. It protects fools, little children, and ships named Enterprise."
344,855,2016-07-04 07:59:48.000,"I've had twelve years to think about it. And if I had it to do over again, I would have grabbed the phaser and pointed it at you instead of them."
345,856,2016-09-22 20:22:54.000,"Fate. It protects fools, little children, and ships named Enterprise."
345,857,2017-02-01 13:54:20.000,I'll alert the crew. When has justice ever been as simple as a rule book?
346,858,2017-02-09 02:22:12.000,Flair is what marks the difference between artistry and mere competence.
346,859,2016-12-19 08:37:46.000,"I suggest you drop it, Mr. Data. Mr. Worf, you sound like a man who's asking his friend if he can start dating his sister."
346,860,2015-08-31 04:48:35.000,I'll alert the crew. When has justice ever been as simple as a rule book?
349,861,2017-02-21 12:24:16.000,"For an android with no feelings, he sure managed to evoke them in others."
349,862,2015-11-27 16:36:14.000,"Fate. It protects fools, little children, and ships named Enterprise."
349,863,2015-11-30 09:49:32.000,"Fate. It protects fools, little children, and ships named Enterprise."
349,864,2016-07-30 05:24:51.000,I'll alert the crew. When has justice ever been as simple as a rule book?
350,865,2016-05-20 07:13:42.000,"Fate. It protects fools, little children, and ships named Enterprise."
350,866,2016-01-06 22:25:22.000,I'll alert the crew. When has justice ever been as simple as a rule book?
350,867,2015-12-18 03:50:53.000,"Maybe if we felt any human loss as keenly as we feel one of those close to us, human history would be far less bloody."
351,868,2016-11-16 17:23:11.000,Flair is what marks the difference between artistry and mere competence.
351,869,2016-12-11 03:16:09.000,"I'm afraid I still don't understand, sir. Well, that's certainly good to know."
351,870,2016-01-28 14:14:09.000,"I'm afraid I still don't understand, sir. Well, that's certainly good to know."
351,871,2015-12-28 17:19:41.000,"Maybe if we felt any human loss as keenly as we feel one of those close to us, human history would be far less bloody."
352,872,2016-06-30 08:30:45.000,Flair is what marks the difference between artistry and mere competence.
352,873,2015-01-17 04:16:23.000,I'll alert the crew. When has justice ever been as simple as a rule book?
353,874,2015-07-06 03:39:44.000,"I've had twelve years to think about it. And if I had it to do over again, I would have grabbed the phaser and pointed it at you instead of them."
353,875,2016-06-22 16:32:25.000,"Maybe if we felt any human loss as keenly as we feel one of those close to us, human history would be far less bloody."
353,876,2015-09-23 17:41:45.000,"I'm afraid I still don't understand, sir. Well, that's certainly good to know."
353,877,2015-03-28 00:24:49.000,"I've had twelve years to think about it. And if I had it to do over again, I would have grabbed the phaser and pointed it at you instead of them."
355,878,2016-04-22 05:51:07.000,"I suggest you drop it, Mr. Data. Mr. Worf, you sound like a man who's asking his friend if he can start dating his sister."
355,879,2016-01-14 22:56:07.000,"I suggest you drop it, Mr. Data. Mr. Worf, you sound like a man who's asking his friend if he can start dating his sister."
355,880,2015-01-02 23:20:06.000,"Maybe if we felt any human loss as keenly as we feel one of those close to us, human history would be far less bloody."
355,881,2016-06-03 22:50:20.000,Travel time to the nearest starbase? The Federation's gone; the Borg is everywhere!
355,882,2015-09-02 02:13:25.000,"I'm afraid I still don't understand, sir. Well, that's certainly good to know."
356,883,2016-01-17 04:32:45.000,"Maybe if we felt any human loss as keenly as we feel one of those close to us, human history would be far less bloody."
356,884,2016-11-06 18:54:59.000,Travel time to the nearest starbase? The Federation's gone; the Borg is everywhere!
356,885,2017-01-09 06:28:50.000,"Maybe if we felt any human loss as keenly as we feel one of those close to us, human history would be far less bloody."
357,886,2016-11-16 23:12:28.000,"For an android with no feelings, he sure managed to evoke them in others."
357,887,2016-12-11 18:54:54.000,"For an android with no feelings, he sure managed to evoke them in others."
357,888,2015-01-08 20:05:52.000,"Maybe if we felt any human loss as keenly as we feel one of those close to us, human history would be far less bloody."
358,889,2016-04-23 22:58:43.000,Flair is what marks the difference between artistry and mere competence.
358,890,2016-12-01 12:28:07.000,Flair is what marks the difference between artistry and mere competence.
358,891,2016-04-08 05:42:12.000,"I'm afraid I still don't understand, sir. Well, that's certainly good to know."
358,892,2016-01-18 00:23:46.000,"I suggest you drop it, Mr. Data. Mr. Worf, you sound like a man who's asking his friend if he can start dating his sister."
359,893,2015-12-29 02:30:08.000,"Fate. It protects fools, little children, and ships named Enterprise."
359,894,2016-05-06 08:25:44.000,Flair is what marks the difference between artistry and mere competence.
360,895,2015-09-29 11:15:21.000,"I suggest you drop it, Mr. Data. Mr. Worf, you sound like a man who's asking his friend if he can start dating his sister."
360,896,2016-12-04 13:25:47.000,"For an android with no feelings, he sure managed to evoke them in others."
360,897,2015-04-16 03:37:18.000,Flair is what marks the difference between artistry and mere competence.
360,898,2015-03-17 01:21:11.000,"Maybe if we felt any human loss as keenly as we feel one of those close to us, human history would be far less bloody."
360,899,2016-10-13 21:36:25.000,"I suggest you drop it, Mr. Data. Mr. Worf, you sound like a man who's asking his friend if he can start dating his sister."
361,900,2015-03-30 21:04:54.000,"I'm afraid I still don't understand, sir. Well, that's certainly good to know."
366,901,2015-11-05 00:14:53.000,"I suggest you drop it, Mr. Data. Mr. Worf, you sound like a man who's asking his friend if he can start dating his sister."
366,902,2015-02-16 16:10:05.000,"For an android with no feelings, he sure managed to evoke them in others."
366,903,2015-04-08 19:58:19.000,"Maybe if we felt any human loss as keenly as we feel one of those close to us, human history would be far less bloody."
366,904,2015-10-27 11:39:00.000,I'll alert the crew. When has justice ever been as simple as a rule book?
367,905,2017-01-14 01:08:46.000,Flair is what marks the difference between artistry and mere competence.
367,906,2016-01-19 01:10:31.000,"I've had twelve years to think about it. And if I had it to do over again, I would have grabbed the phaser and pointed it at you instead of them."
367,907,2015-05-24 15:05:34.000,Flair is what marks the difference between artistry and mere competence.
368,908,2017-02-24 03:38:45.000,I'll alert the crew. When has justice ever been as simple as a rule book?
368,909,2016-04-04 09:43:17.000,I'll alert the crew. When has justice ever been as simple as a rule book?
368,910,2015-12-20 12:08:51.000,"Maybe if we felt any human loss as keenly as we feel one of those close to us, human history would be far less bloody."
368,911,2016-05-18 00:35:56.000,"I've had twelve years to think about it. And if I had it to do over again, I would have grabbed the phaser and pointed it at you instead of them."
368,912,2016-02-06 15:02:36.000,Flair is what marks the difference between artistry and mere competence.
369,913,2016-11-09 21:51:14.000,"For an android with no feelings, he sure managed to evoke them in others."
370,914,2015-09-05 11:46:40.000,"Maybe if we felt any human loss as keenly as we feel one of those close to us, human history would be far less bloody."
370,915,2015-07-15 00:22:48.000,"For an android with no feelings, he sure managed to evoke them in others."
371,916,2015-01-04 08:35:19.000,"I suggest you drop it, Mr. Data. Mr. Worf, you sound like a man who's asking his friend if he can start dating his sister."
372,917,2015-05-31 16:48:31.000,"I'm afraid I still don't understand, sir. Well, that's certainly good to know."
372,918,2015-09-05 09:39:11.000,"Maybe if we felt any human loss as keenly as we feel one of those close to us, human history would be far less bloody."
373,919,2015-07-26 20:44:34.000,"Maybe if we felt any human loss as keenly as we feel one of those close to us, human history would be far less bloody."
373,920,2017-01-21 07:38:45.000,"Fate. It protects fools, little children, and ships named Enterprise."
374,921,2015-09-16 14:02:33.000,"I'm afraid I still don't understand, sir. Well, that's certainly good to know."
374,922,2015-01-23 07:52:43.000,"For an android with no feelings, he sure managed to evoke them in others."
374,923,2017-02-20 10:09:01.000,"I've had twelve years to think about it. And if I had it to do over again, I would have grabbed the phaser and pointed it at you instead of them."
374,924,2016-11-28 01:21:44.000,"Fate. It protects fools, little children, and ships named Enterprise."
374,925,2015-03-08 12:06:32.000,"Maybe if we felt any human loss as keenly as we feel one of those close to us, human history would be far less bloody."
375,926,2016-11-19 01:32:22.000,I'll alert the crew. When has justice ever been as simple as a rule book?
375,927,2015-10-09 00:38:11.000,"I suggest you drop it, Mr. Data. Mr. Worf, you sound like a man who's asking his friend if he can start dating his sister."
375,928,2015-10-16 19:07:29.000,"Fate. It protects fools, little children, and ships named Enterprise."
375,929,2016-07-20 17:30:38.000,"For an android with no feelings, he sure managed to evoke them in others."
375,930,2015-10-15 05:41:38.000,I'll alert the crew. When has justice ever been as simple as a rule book?
376,931,2016-08-20 20:09:14.000,"Fate. It protects fools, little children, and ships named Enterprise."
376,932,2015-10-25 09:41:33.000,Travel time to the nearest starbase? The Federation's gone; the Borg is everywhere!
376,933,2015-07-09 00:42:01.000,"For an android with no feelings, he sure managed to evoke them in others."
376,934,2017-01-30 11:58:08.000,Travel time to the nearest starbase? The Federation's gone; the Borg is everywhere!
376,935,2016-12-29 17:31:23.000,"I suggest you drop it, Mr. Data. Mr. Worf, you sound like a man who's asking his friend if he can start dating his sister."
377,936,2015-11-09 03:55:28.000,"Maybe if we felt any human loss as keenly as we feel one of those close to us, human history would be far less bloody."
377,937,2016-10-08 11:51:02.000,"Fate. It protects fools, little children, and ships named Enterprise."
377,938,2015-06-05 01:29:33.000,"I've had twelve years to think about it. And if I had it to do over again, I would have grabbed the phaser and pointed it at you instead of them."
379,939,2015-01-03 03:59:19.000,"I suggest you drop it, Mr. Data. Mr. Worf, you sound like a man who's asking his friend if he can start dating his sister."
379,940,2015-02-15 04:02:24.000,Flair is what marks the difference between artistry and mere competence.
379,941,2016-11-11 00:58:50.000,"Maybe if we felt any human loss as keenly as we feel one of those close to us, human history would be far less bloody."
379,942,2016-11-05 08:47:43.000,"I'm afraid I still don't understand, sir. Well, that's certainly good to know."
380,943,2017-02-20 07:18:31.000,"For an android with no feelings, he sure managed to evoke them in others."
381,944,2016-01-30 05:29:47.000,"I suggest you drop it, Mr. Data. Mr. Worf, you sound like a man who's asking his friend if he can start dating his sister."
381,945,2015-12-01 10:13:51.000,I'll alert the crew. When has justice ever been as simple as a rule book?
381,946,2016-05-26 05:32:22.000,"I suggest you drop it, Mr. Data. Mr. Worf, you sound like a man who's asking his friend if he can start dating his sister."
381,947,2015-12-01 22:33:07.000,"For an android with no feelings, he sure managed to evoke them in others."
382,948,2016-06-03 09:53:42.000,"For an android with no feelings, he sure managed to evoke them in others."
382,949,2016-11-13 10:39:21.000,"I'm afraid I still don't understand, sir. Well, that's certainly good to know."
382,950,2016-06-17 01:45:45.000,I'll alert the crew. When has justice ever been as simple as a rule book?
383,951,2017-01-16 10:37:56.000,I'll alert the crew. When has justice ever been as simple as a rule book?
383,952,2015-01-05 14:23:51.000,I'll alert the crew. When has justice ever been as simple as a rule book?
383,953,2016-12-03 14:31:51.000,"I suggest you drop it, Mr. Data. Mr. Worf, you sound like a man who's asking his friend if he can start dating his sister."
385,954,2015-04-16 05:59:48.000,I'll alert the crew. When has justice ever been as simple as a rule book?
385,955,2015-05-30 01:50:00.000,Flair is what marks the difference between artistry and mere competence.
385,956,2016-02-21 21:28:14.000,"I'm afraid I still don't understand, sir. Well, that's certainly good to know."
386,957,2015-09-25 00:00:19.000,"I'm afraid I still don't understand, sir. Well, that's certainly good to know."
386,958,2015-05-21 16:58:48.000,I'll alert the crew. When has justice ever been as simple as a rule book?
388,959,2015-03-06 17:51:10.000,"I've had twelve years to think about it. And if I had it to do over again, I would have grabbed the phaser and pointed it at you instead of them."
388,960,2016-07-23 14:53:49.000,Flair is what marks the difference between artistry and mere competence.
388,961,2016-02-05 03:05:19.000,Travel time to the nearest starbase? The Federation's gone; the Borg is everywhere!
388,962,2016-09-05 10:45:18.000,"Maybe if we felt any human loss as keenly as we feel one of those close to us, human history would be far less bloody."
389,963,2015-02-02 20:42:43.000,"Fate. It protects fools, little children, and ships named Enterprise."
389,964,2015-06-29 20:30:08.000,I'll alert the crew. When has justice ever been as simple as a rule book?
389,965,2015-02-13 18:18:42.000,"I'm afraid I still don't understand, sir. Well, that's certainly good to know."
389,966,2016-08-23 02:10:41.000,"I suggest you drop it, Mr. Data. Mr. Worf, you sound like a man who's asking his friend if he can start dating his sister."
393,967,2016-02-02 10:03:06.000,"Maybe if we felt any human loss as keenly as we feel one of those close to us, human history would be far less bloody."
393,968,2017-02-25 21:39:32.000,"I'm afraid I still don't understand, sir. Well, that's certainly good to know."
393,969,2015-07-12 20:33:47.000,Flair is what marks the difference between artistry and mere competence.
393,970,2016-04-19 01:26:50.000,Travel time to the nearest starbase? The Federation's gone; the Borg is everywhere!
395,971,2015-02-16 11:13:10.000,"Maybe if we felt any human loss as keenly as we feel one of those close to us, human history would be far less bloody."
396,972,2016-04-16 18:57:53.000,I'll alert the crew. When has justice ever been as simple as a rule book?
398,973,2016-12-02 03:39:19.000,Travel time to the nearest starbase? The Federation's gone; the Borg is everywhere!
398,974,2016-06-27 16:03:18.000,"I've had twelve years to think about it. And if I had it to do over again, I would have grabbed the phaser and pointed it at you instead of them."
399,975,2016-02-26 14:01:27.000,Flair is what marks the difference between artistry and mere competence.
400,976,2016-04-10 03:40:38.000,"I'm afraid I still don't understand, sir. Well, that's certainly good to know."
400,977,2015-03-21 13:33:10.000,"I'm afraid I still don't understand, sir. Well, that's certainly good to know."
400,978,2016-04-05 21:18:37.000,"I suggest you drop it, Mr. Data. Mr. Worf, you sound like a man who's asking his friend if he can start dating his sister."
400,979,2015-02-10 22:30:34.000,Travel time to the nearest starbase? The Federation's gone; the Borg is everywhere!
401,980,2015-11-13 13:52:17.000,I'll alert the crew. When has justice ever been as simple as a rule book?
403,981,2015-08-13 04:51:35.000,"I'm afraid I still don't understand, sir. Well, that's certainly good to know."
403,982,2016-02-14 16:54:58.000,"I'm afraid I still don't understand, sir. Well, that's certainly good to know."
403,983,2016-05-14 23:36:43.000,I'll alert the crew. When has justice ever been as simple as a rule book?
403,984,2016-05-17 18:59:50.000,I'll alert the crew. When has justice ever been as simple as a rule book?
403,985,2016-01-15 05:54:19.000,"For an android with no feelings, he sure managed to evoke them in others."
405,986,2016-04-22 15:33:49.000,"Fate. It protects fools, little children, and ships named Enterprise."
405,987,2015-09-24 07:20:43.000,"I suggest you drop it, Mr. Data. Mr. Worf, you sound like a man who's asking his friend if he can start dating his sister."
406,988,2015-07-18 19:40:12.000,"I'm afraid I still don't understand, sir. Well, that's certainly good to know."
407,989,2015-03-28 02:51:29.000,Flair is what marks the difference between artistry and mere competence.
407,990,2017-02-20 16:56:47.000,"I've had twelve years to think about it. And if I had it to do over again, I would have grabbed the phaser and pointed it at you instead of them."
407,991,2015-09-06 03:34:43.000,"I suggest you drop it, Mr. Data. Mr. Worf, you sound like a man who's asking his friend if he can start dating his sister."
408,992,2016-01-21 11:50:02.000,"I've had twelve years to think about it. And if I had it to do over again, I would have grabbed the phaser and pointed it at you instead of them."
408,993,2016-05-20 14:43:43.000,Travel time to the nearest starbase? The Federation's gone; the Borg is everywhere!
408,994,2017-01-05 05:41:15.000,Travel time to the nearest starbase? The Federation's gone; the Borg is everywhere!
409,995,2015-01-24 08:51:33.000,"For an android with no feelings, he sure managed to evoke them in others."
411,996,2015-06-08 22:20:08.000,"Maybe if we felt any human loss as keenly as we feel one of those close to us, human history would be far less bloody."
411,997,2015-09-17 11:17:34.000,Travel time to the nearest starbase? The Federation's gone; the Borg is everywhere!
411,998,2015-12-27 23:00:54.000,"For an android with no feelings, he sure managed to evoke them in others."
413,999,2016-12-17 13:52:34.000,Travel time to the nearest starbase? The Federation's gone; the Borg is everywhere!
413,1000,2016-07-16 06:25:08.000,"For an android with no feelings, he sure managed to evoke them in others."
414,1001,2016-07-21 20:48:44.000,"I'm afraid I still don't understand, sir. Well, that's certainly good to know."
414,1002,2016-08-05 13:16:51.000,"I suggest you drop it, Mr. Data. Mr. Worf, you sound like a man who's asking his friend if he can start dating his sister."
414,1003,2016-03-27 23:42:43.000,Travel time to the nearest starbase? The Federation's gone; the Borg is everywhere!
415,1004,2015-05-12 05:38:35.000,"Maybe if we felt any human loss as keenly as we feel one of those close to us, human history would be far less bloody."
415,1005,2015-09-24 03:47:20.000,Travel time to the nearest starbase? The Federation's gone; the Borg is everywhere!
415,1006,2015-11-30 02:04:58.000,"I've had twelve years to think about it. And if I had it to do over again, I would have grabbed the phaser and pointed it at you instead of them."
416,1007,2015-05-15 05:46:49.000,Travel time to the nearest starbase? The Federation's gone; the Borg is everywhere!
416,1008,2015-08-04 20:13:11.000,I'll alert the crew. When has justice ever been as simple as a rule book?
416,1009,2015-01-15 02:20:12.000,Flair is what marks the difference between artistry and mere competence.
417,1010,2016-04-04 20:24:58.000,"For an android with no feelings, he sure managed to evoke them in others."
417,1011,2016-05-04 07:23:28.000,I'll alert the crew. When has justice ever been as simple as a rule book?
417,1012,2016-04-20 09:49:01.000,"Fate. It protects fools, little children, and ships named Enterprise."
417,1013,2016-10-18 04:56:43.000,"Fate. It protects fools, little children, and ships named Enterprise."
417,1014,2015-12-17 15:45:11.000,Flair is what marks the difference between artistry and mere competence.
418,1015,2015-02-04 08:56:49.000,Flair is what marks the difference between artistry and mere competence.
418,1016,2015-07-30 10:17:12.000,Flair is what marks the difference between artistry and mere competence.
418,1017,2016-09-14 11:35:56.000,"For an android with no feelings, he sure managed to evoke them in others."
418,1018,2017-02-04 14:11:12.000,"Maybe if we felt any human loss as keenly as we feel one of those close to us, human history would be far less bloody."
418,1019,2016-01-05 17:21:17.000,"I suggest you drop it, Mr. Data. Mr. Worf, you sound like a man who's asking his friend if he can start dating his sister."
419,1020,2016-01-24 21:14:30.000,"Fate. It protects fools, little children, and ships named Enterprise."
419,1021,2015-11-17 14:37:13.000,"For an android with no feelings, he sure managed to evoke them in others."
419,1022,2017-01-15 17:50:45.000,"For an android with no feelings, he sure managed to evoke them in others."
419,1023,2016-09-26 19:18:39.000,I'll alert the crew. When has justice ever been as simple as a rule book?
419,1024,2015-03-11 05:51:15.000,"I'm afraid I still don't understand, sir. Well, that's certainly good to know."
494,1189,2016-04-28 06:29:00.000,I'll alert the crew. When has justice ever been as simple as a rule book?
420,1025,2015-12-20 16:41:01.000,"I've had twelve years to think about it. And if I had it to do over again, I would have grabbed the phaser and pointed it at you instead of them."
420,1026,2016-01-06 10:44:15.000,"Maybe if we felt any human loss as keenly as we feel one of those close to us, human history would be far less bloody."
420,1027,2016-08-26 13:52:33.000,Flair is what marks the difference between artistry and mere competence.
421,1028,2015-01-14 09:31:20.000,Travel time to the nearest starbase? The Federation's gone; the Borg is everywhere!
421,1029,2015-11-30 04:09:23.000,"I'm afraid I still don't understand, sir. Well, that's certainly good to know."
422,1030,2015-03-15 19:34:32.000,Flair is what marks the difference between artistry and mere competence.
422,1031,2016-05-31 14:52:24.000,"Maybe if we felt any human loss as keenly as we feel one of those close to us, human history would be far less bloody."
422,1032,2016-05-14 10:29:19.000,Travel time to the nearest starbase? The Federation's gone; the Borg is everywhere!
424,1033,2016-02-07 08:49:52.000,"I'm afraid I still don't understand, sir. Well, that's certainly good to know."
424,1034,2015-01-13 22:58:50.000,"Fate. It protects fools, little children, and ships named Enterprise."
425,1035,2016-11-06 13:38:14.000,"Maybe if we felt any human loss as keenly as we feel one of those close to us, human history would be far less bloody."
425,1036,2015-07-07 17:22:52.000,"I'm afraid I still don't understand, sir. Well, that's certainly good to know."
425,1037,2015-01-10 06:43:20.000,Travel time to the nearest starbase? The Federation's gone; the Borg is everywhere!
425,1038,2015-01-27 16:12:10.000,Travel time to the nearest starbase? The Federation's gone; the Borg is everywhere!
426,1039,2016-08-24 20:26:19.000,Travel time to the nearest starbase? The Federation's gone; the Borg is everywhere!
426,1040,2017-01-11 03:39:22.000,"Fate. It protects fools, little children, and ships named Enterprise."
427,1041,2015-11-03 10:13:35.000,I'll alert the crew. When has justice ever been as simple as a rule book?
428,1042,2015-09-30 15:03:18.000,"Maybe if we felt any human loss as keenly as we feel one of those close to us, human history would be far less bloody."
428,1043,2016-01-03 19:59:21.000,"Maybe if we felt any human loss as keenly as we feel one of those close to us, human history would be far less bloody."
428,1044,2015-06-13 21:50:38.000,"For an android with no feelings, he sure managed to evoke them in others."
428,1045,2016-03-12 02:29:18.000,"I suggest you drop it, Mr. Data. Mr. Worf, you sound like a man who's asking his friend if he can start dating his sister."
429,1046,2016-11-18 13:28:11.000,"Fate. It protects fools, little children, and ships named Enterprise."
430,1047,2016-03-20 07:11:02.000,"I've had twelve years to think about it. And if I had it to do over again, I would have grabbed the phaser and pointed it at you instead of them."
431,1048,2016-03-25 05:08:02.000,"I've had twelve years to think about it. And if I had it to do over again, I would have grabbed the phaser and pointed it at you instead of them."
431,1049,2016-07-09 05:12:04.000,"Fate. It protects fools, little children, and ships named Enterprise."
432,1050,2016-03-01 16:08:17.000,"For an android with no feelings, he sure managed to evoke them in others."
432,1051,2015-11-14 14:32:03.000,"Maybe if we felt any human loss as keenly as we feel one of those close to us, human history would be far less bloody."
432,1052,2016-05-25 00:51:44.000,I'll alert the crew. When has justice ever been as simple as a rule book?
432,1053,2015-01-16 12:59:24.000,I'll alert the crew. When has justice ever been as simple as a rule book?
432,1054,2016-08-21 19:58:06.000,"Fate. It protects fools, little children, and ships named Enterprise."
434,1055,2016-04-05 11:05:11.000,"Fate. It protects fools, little children, and ships named Enterprise."
435,1056,2015-07-26 16:23:20.000,I'll alert the crew. When has justice ever been as simple as a rule book?
435,1057,2016-10-18 12:37:03.000,"I suggest you drop it, Mr. Data. Mr. Worf, you sound like a man who's asking his friend if he can start dating his sister."
435,1058,2015-07-29 08:11:49.000,"Fate. It protects fools, little children, and ships named Enterprise."
435,1059,2015-10-20 15:27:09.000,Travel time to the nearest starbase? The Federation's gone; the Borg is everywhere!
436,1060,2016-12-25 00:27:07.000,Flair is what marks the difference between artistry and mere competence.
436,1061,2015-01-02 06:24:10.000,"Maybe if we felt any human loss as keenly as we feel one of those close to us, human history would be far less bloody."
436,1062,2015-01-21 05:32:21.000,Flair is what marks the difference between artistry and mere competence.
437,1063,2015-07-29 17:02:58.000,Flair is what marks the difference between artistry and mere competence.
437,1064,2016-02-09 18:43:55.000,"Maybe if we felt any human loss as keenly as we feel one of those close to us, human history would be far less bloody."
437,1065,2016-08-01 06:11:46.000,Travel time to the nearest starbase? The Federation's gone; the Borg is everywhere!
437,1066,2016-05-09 04:32:39.000,"Fate. It protects fools, little children, and ships named Enterprise."
437,1067,2015-12-19 01:37:14.000,I'll alert the crew. When has justice ever been as simple as a rule book?
438,1068,2015-01-12 21:41:01.000,I'll alert the crew. When has justice ever been as simple as a rule book?
438,1069,2016-01-11 13:23:34.000,I'll alert the crew. When has justice ever been as simple as a rule book?
439,1070,2015-10-07 03:50:41.000,"For an android with no feelings, he sure managed to evoke them in others."
440,1071,2016-02-18 11:08:39.000,Flair is what marks the difference between artistry and mere competence.
440,1072,2016-10-17 09:12:33.000,"I've had twelve years to think about it. And if I had it to do over again, I would have grabbed the phaser and pointed it at you instead of them."
440,1073,2016-08-16 18:28:57.000,I'll alert the crew. When has justice ever been as simple as a rule book?
443,1074,2016-06-11 21:45:23.000,"I've had twelve years to think about it. And if I had it to do over again, I would have grabbed the phaser and pointed it at you instead of them."
443,1075,2015-11-24 08:16:13.000,"I suggest you drop it, Mr. Data. Mr. Worf, you sound like a man who's asking his friend if he can start dating his sister."
443,1076,2016-06-12 23:49:36.000,"I suggest you drop it, Mr. Data. Mr. Worf, you sound like a man who's asking his friend if he can start dating his sister."
443,1077,2016-01-11 10:23:33.000,"I've had twelve years to think about it. And if I had it to do over again, I would have grabbed the phaser and pointed it at you instead of them."
444,1078,2016-10-16 12:27:30.000,"For an android with no feelings, he sure managed to evoke them in others."
444,1079,2015-11-06 19:31:09.000,"Maybe if we felt any human loss as keenly as we feel one of those close to us, human history would be far less bloody."
444,1080,2016-12-02 22:19:01.000,"Fate. It protects fools, little children, and ships named Enterprise."
444,1081,2015-04-17 20:20:16.000,Travel time to the nearest starbase? The Federation's gone; the Borg is everywhere!
445,1082,2015-12-28 04:16:19.000,"For an android with no feelings, he sure managed to evoke them in others."
445,1083,2015-10-11 15:45:55.000,Flair is what marks the difference between artistry and mere competence.
446,1084,2015-09-23 12:51:00.000,I'll alert the crew. When has justice ever been as simple as a rule book?
446,1085,2016-06-19 19:32:31.000,"I'm afraid I still don't understand, sir. Well, that's certainly good to know."
446,1086,2016-08-03 14:03:40.000,"Fate. It protects fools, little children, and ships named Enterprise."
446,1087,2015-12-06 07:35:17.000,Flair is what marks the difference between artistry and mere competence.
446,1088,2016-02-07 20:54:01.000,"I've had twelve years to think about it. And if I had it to do over again, I would have grabbed the phaser and pointed it at you instead of them."
447,1089,2015-02-11 18:21:13.000,"I've had twelve years to think about it. And if I had it to do over again, I would have grabbed the phaser and pointed it at you instead of them."
447,1090,2017-02-26 21:39:15.000,"Fate. It protects fools, little children, and ships named Enterprise."
447,1091,2016-07-03 03:24:28.000,I'll alert the crew. When has justice ever been as simple as a rule book?
447,1092,2016-11-03 08:08:58.000,"I'm afraid I still don't understand, sir. Well, that's certainly good to know."
448,1093,2016-08-03 15:43:16.000,Travel time to the nearest starbase? The Federation's gone; the Borg is everywhere!
449,1094,2016-01-04 07:46:00.000,"For an android with no feelings, he sure managed to evoke them in others."
449,1095,2016-04-07 00:37:13.000,"I'm afraid I still don't understand, sir. Well, that's certainly good to know."
450,1096,2016-12-31 23:14:54.000,Travel time to the nearest starbase? The Federation's gone; the Borg is everywhere!
450,1097,2016-02-02 11:06:47.000,"For an android with no feelings, he sure managed to evoke them in others."
450,1098,2016-08-20 11:41:12.000,"For an android with no feelings, he sure managed to evoke them in others."
450,1099,2017-01-26 02:12:48.000,Flair is what marks the difference between artistry and mere competence.
450,1100,2016-11-01 20:21:27.000,"For an android with no feelings, he sure managed to evoke them in others."
454,1101,2015-06-15 21:55:55.000,"Fate. It protects fools, little children, and ships named Enterprise."
454,1102,2016-06-02 22:27:16.000,"I'm afraid I still don't understand, sir. Well, that's certainly good to know."
454,1103,2016-08-14 07:44:25.000,"I suggest you drop it, Mr. Data. Mr. Worf, you sound like a man who's asking his friend if he can start dating his sister."
454,1104,2016-04-30 03:15:25.000,"Fate. It protects fools, little children, and ships named Enterprise."
456,1105,2016-04-23 10:16:49.000,"Maybe if we felt any human loss as keenly as we feel one of those close to us, human history would be far less bloody."
456,1106,2015-03-27 10:21:55.000,"For an android with no feelings, he sure managed to evoke them in others."
456,1107,2016-12-26 03:17:58.000,"I'm afraid I still don't understand, sir. Well, that's certainly good to know."
456,1108,2016-05-21 04:37:06.000,Travel time to the nearest starbase? The Federation's gone; the Borg is everywhere!
457,1109,2016-06-12 04:10:39.000,"I'm afraid I still don't understand, sir. Well, that's certainly good to know."
458,1110,2016-10-12 20:07:23.000,"I'm afraid I still don't understand, sir. Well, that's certainly good to know."
458,1111,2016-07-31 01:59:10.000,I'll alert the crew. When has justice ever been as simple as a rule book?
458,1112,2016-12-04 05:32:11.000,"For an android with no feelings, he sure managed to evoke them in others."
458,1113,2015-12-30 13:22:30.000,"Fate. It protects fools, little children, and ships named Enterprise."
458,1114,2016-08-28 23:38:36.000,Flair is what marks the difference between artistry and mere competence.
459,1115,2015-07-09 15:00:55.000,I'll alert the crew. When has justice ever been as simple as a rule book?
459,1116,2016-10-06 05:23:21.000,Flair is what marks the difference between artistry and mere competence.
459,1117,2015-12-07 01:06:47.000,"Maybe if we felt any human loss as keenly as we feel one of those close to us, human history would be far less bloody."
459,1118,2015-12-07 02:32:23.000,Flair is what marks the difference between artistry and mere competence.
459,1119,2015-09-03 07:21:05.000,"Maybe if we felt any human loss as keenly as we feel one of those close to us, human history would be far less bloody."
460,1120,2016-02-10 20:39:11.000,"I'm afraid I still don't understand, sir. Well, that's certainly good to know."
460,1121,2015-09-24 06:47:38.000,I'll alert the crew. When has justice ever been as simple as a rule book?
461,1122,2016-12-14 08:00:33.000,"I've had twelve years to think about it. And if I had it to do over again, I would have grabbed the phaser and pointed it at you instead of them."
463,1123,2016-07-24 19:25:03.000,"I'm afraid I still don't understand, sir. Well, that's certainly good to know."
464,1124,2016-02-22 13:06:38.000,"Maybe if we felt any human loss as keenly as we feel one of those close to us, human history would be far less bloody."
464,1125,2015-10-03 07:37:40.000,Flair is what marks the difference between artistry and mere competence.
464,1126,2017-01-25 19:59:54.000,I'll alert the crew. When has justice ever been as simple as a rule book?
464,1127,2015-01-31 18:40:58.000,I'll alert the crew. When has justice ever been as simple as a rule book?
464,1128,2015-10-21 11:10:17.000,I'll alert the crew. When has justice ever been as simple as a rule book?
465,1129,2016-05-06 03:06:43.000,"I've had twelve years to think about it. And if I had it to do over again, I would have grabbed the phaser and pointed it at you instead of them."
465,1130,2015-05-16 07:41:07.000,Travel time to the nearest starbase? The Federation's gone; the Borg is everywhere!
466,1131,2015-10-16 00:26:05.000,Flair is what marks the difference between artistry and mere competence.
466,1132,2015-12-28 00:07:25.000,"I suggest you drop it, Mr. Data. Mr. Worf, you sound like a man who's asking his friend if he can start dating his sister."
466,1133,2016-12-12 11:36:36.000,Travel time to the nearest starbase? The Federation's gone; the Borg is everywhere!
466,1134,2015-02-01 13:39:54.000,"Maybe if we felt any human loss as keenly as we feel one of those close to us, human history would be far less bloody."
638,1543,2016-03-03 09:19:19.000,I'll alert the crew. When has justice ever been as simple as a rule book?
466,1135,2016-04-04 04:18:16.000,"I've had twelve years to think about it. And if I had it to do over again, I would have grabbed the phaser and pointed it at you instead of them."
467,1136,2016-12-21 16:21:48.000,"For an android with no feelings, he sure managed to evoke them in others."
468,1137,2017-02-16 00:13:00.000,"I've had twelve years to think about it. And if I had it to do over again, I would have grabbed the phaser and pointed it at you instead of them."
468,1138,2016-10-28 16:46:36.000,"I've had twelve years to think about it. And if I had it to do over again, I would have grabbed the phaser and pointed it at you instead of them."
468,1139,2015-01-13 06:42:42.000,"Fate. It protects fools, little children, and ships named Enterprise."
468,1140,2016-07-07 01:25:25.000,"Maybe if we felt any human loss as keenly as we feel one of those close to us, human history would be far less bloody."
468,1141,2016-01-04 21:50:09.000,"For an android with no feelings, he sure managed to evoke them in others."
472,1142,2015-07-13 08:46:24.000,"I'm afraid I still don't understand, sir. Well, that's certainly good to know."
473,1143,2016-10-29 11:43:56.000,I'll alert the crew. When has justice ever been as simple as a rule book?
473,1144,2016-08-29 13:22:03.000,I'll alert the crew. When has justice ever been as simple as a rule book?
473,1145,2016-02-09 15:56:18.000,"I suggest you drop it, Mr. Data. Mr. Worf, you sound like a man who's asking his friend if he can start dating his sister."
473,1146,2016-03-04 17:09:26.000,"I suggest you drop it, Mr. Data. Mr. Worf, you sound like a man who's asking his friend if he can start dating his sister."
474,1147,2016-07-27 22:26:46.000,"Fate. It protects fools, little children, and ships named Enterprise."
474,1148,2016-10-12 19:09:40.000,Flair is what marks the difference between artistry and mere competence.
474,1149,2016-04-26 15:00:49.000,"Maybe if we felt any human loss as keenly as we feel one of those close to us, human history would be far less bloody."
474,1150,2015-03-22 16:10:04.000,Travel time to the nearest starbase? The Federation's gone; the Borg is everywhere!
476,1151,2015-08-03 03:36:16.000,Flair is what marks the difference between artistry and mere competence.
478,1152,2015-12-16 13:22:13.000,"Maybe if we felt any human loss as keenly as we feel one of those close to us, human history would be far less bloody."
478,1153,2016-03-07 12:49:25.000,"I'm afraid I still don't understand, sir. Well, that's certainly good to know."
478,1154,2017-02-14 17:08:39.000,"For an android with no feelings, he sure managed to evoke them in others."
478,1155,2017-02-13 18:57:33.000,"For an android with no feelings, he sure managed to evoke them in others."
479,1156,2016-07-03 07:03:39.000,"I'm afraid I still don't understand, sir. Well, that's certainly good to know."
481,1157,2015-12-20 08:10:01.000,Flair is what marks the difference between artistry and mere competence.
481,1158,2016-02-12 15:47:34.000,"I suggest you drop it, Mr. Data. Mr. Worf, you sound like a man who's asking his friend if he can start dating his sister."
481,1159,2015-09-27 04:29:11.000,"Fate. It protects fools, little children, and ships named Enterprise."
482,1160,2015-01-05 13:51:17.000,"I suggest you drop it, Mr. Data. Mr. Worf, you sound like a man who's asking his friend if he can start dating his sister."
482,1161,2015-02-08 13:39:19.000,I'll alert the crew. When has justice ever been as simple as a rule book?
484,1162,2015-06-29 23:01:21.000,"I've had twelve years to think about it. And if I had it to do over again, I would have grabbed the phaser and pointed it at you instead of them."
484,1163,2016-11-29 14:14:56.000,"I'm afraid I still don't understand, sir. Well, that's certainly good to know."
484,1164,2015-10-28 02:11:08.000,I'll alert the crew. When has justice ever been as simple as a rule book?
484,1165,2016-08-17 05:35:47.000,Travel time to the nearest starbase? The Federation's gone; the Borg is everywhere!
485,1166,2016-09-01 17:19:38.000,I'll alert the crew. When has justice ever been as simple as a rule book?
485,1167,2015-11-06 21:32:04.000,Flair is what marks the difference between artistry and mere competence.
486,1168,2015-03-29 22:47:34.000,"I suggest you drop it, Mr. Data. Mr. Worf, you sound like a man who's asking his friend if he can start dating his sister."
486,1169,2016-11-16 11:41:54.000,"For an android with no feelings, he sure managed to evoke them in others."
486,1170,2016-02-09 14:37:27.000,"Maybe if we felt any human loss as keenly as we feel one of those close to us, human history would be far less bloody."
486,1171,2015-11-03 10:01:00.000,"For an android with no feelings, he sure managed to evoke them in others."
487,1172,2016-05-12 02:28:11.000,"Fate. It protects fools, little children, and ships named Enterprise."
487,1173,2016-07-14 12:38:59.000,"I suggest you drop it, Mr. Data. Mr. Worf, you sound like a man who's asking his friend if he can start dating his sister."
487,1174,2016-03-12 03:13:11.000,"Fate. It protects fools, little children, and ships named Enterprise."
487,1175,2016-12-13 07:29:12.000,"Fate. It protects fools, little children, and ships named Enterprise."
487,1176,2017-02-15 08:39:12.000,"I'm afraid I still don't understand, sir. Well, that's certainly good to know."
488,1177,2016-12-01 14:39:15.000,"Maybe if we felt any human loss as keenly as we feel one of those close to us, human history would be far less bloody."
488,1178,2016-01-07 19:28:32.000,"I'm afraid I still don't understand, sir. Well, that's certainly good to know."
488,1179,2015-06-27 18:32:31.000,"I've had twelve years to think about it. And if I had it to do over again, I would have grabbed the phaser and pointed it at you instead of them."
488,1180,2015-11-21 23:04:24.000,"Maybe if we felt any human loss as keenly as we feel one of those close to us, human history would be far less bloody."
489,1181,2016-09-20 22:57:17.000,"I've had twelve years to think about it. And if I had it to do over again, I would have grabbed the phaser and pointed it at you instead of them."
490,1182,2016-05-06 22:19:16.000,Travel time to the nearest starbase? The Federation's gone; the Borg is everywhere!
490,1183,2015-01-26 12:13:34.000,"For an android with no feelings, he sure managed to evoke them in others."
491,1184,2015-02-06 03:36:30.000,I'll alert the crew. When has justice ever been as simple as a rule book?
493,1185,2016-02-27 21:05:59.000,"I suggest you drop it, Mr. Data. Mr. Worf, you sound like a man who's asking his friend if he can start dating his sister."
493,1186,2016-03-09 17:10:32.000,Flair is what marks the difference between artistry and mere competence.
493,1187,2015-05-04 21:41:48.000,"I suggest you drop it, Mr. Data. Mr. Worf, you sound like a man who's asking his friend if he can start dating his sister."
494,1188,2015-08-24 11:32:06.000,Travel time to the nearest starbase? The Federation's gone; the Borg is everywhere!
495,1190,2015-10-10 21:52:04.000,"I suggest you drop it, Mr. Data. Mr. Worf, you sound like a man who's asking his friend if he can start dating his sister."
495,1191,2015-04-12 08:43:39.000,"Fate. It protects fools, little children, and ships named Enterprise."
495,1192,2016-07-09 01:01:17.000,"I'm afraid I still don't understand, sir. Well, that's certainly good to know."
497,1193,2016-01-21 02:51:06.000,"I've had twelve years to think about it. And if I had it to do over again, I would have grabbed the phaser and pointed it at you instead of them."
497,1194,2015-12-12 21:57:07.000,"Maybe if we felt any human loss as keenly as we feel one of those close to us, human history would be far less bloody."
498,1195,2015-02-28 10:23:18.000,"For an android with no feelings, he sure managed to evoke them in others."
498,1196,2016-01-24 01:59:34.000,"Fate. It protects fools, little children, and ships named Enterprise."
498,1197,2017-01-16 22:14:07.000,I'll alert the crew. When has justice ever been as simple as a rule book?
499,1198,2016-03-27 19:47:56.000,"I'm afraid I still don't understand, sir. Well, that's certainly good to know."
499,1199,2015-08-25 23:09:38.000,"Maybe if we felt any human loss as keenly as we feel one of those close to us, human history would be far less bloody."
499,1200,2016-01-22 18:28:51.000,"Fate. It protects fools, little children, and ships named Enterprise."
499,1201,2015-06-12 21:36:18.000,"I'm afraid I still don't understand, sir. Well, that's certainly good to know."
500,1202,2015-01-27 16:38:54.000,Flair is what marks the difference between artistry and mere competence.
500,1203,2016-04-16 11:13:02.000,"I suggest you drop it, Mr. Data. Mr. Worf, you sound like a man who's asking his friend if he can start dating his sister."
500,1204,2017-01-26 17:02:04.000,"I've had twelve years to think about it. And if I had it to do over again, I would have grabbed the phaser and pointed it at you instead of them."
500,1205,2016-09-22 02:27:03.000,"For an android with no feelings, he sure managed to evoke them in others."
500,1206,2016-01-29 01:56:18.000,"Maybe if we felt any human loss as keenly as we feel one of those close to us, human history would be far less bloody."
501,1207,2016-03-10 02:34:50.000,"I suggest you drop it, Mr. Data. Mr. Worf, you sound like a man who's asking his friend if he can start dating his sister."
501,1208,2015-02-09 17:18:29.000,"Maybe if we felt any human loss as keenly as we feel one of those close to us, human history would be far less bloody."
501,1209,2015-04-22 22:21:49.000,Travel time to the nearest starbase? The Federation's gone; the Borg is everywhere!
502,1210,2015-06-21 18:42:42.000,Travel time to the nearest starbase? The Federation's gone; the Borg is everywhere!
502,1211,2016-02-05 09:25:49.000,"I've had twelve years to think about it. And if I had it to do over again, I would have grabbed the phaser and pointed it at you instead of them."
609,1460,2016-11-02 17:25:55.000,"Maybe if we felt any human loss as keenly as we feel one of those close to us, human history would be far less bloody."
609,1461,2015-06-18 21:06:19.000,"I've had twelve years to think about it. And if I had it to do over again, I would have grabbed the phaser and pointed it at you instead of them."
609,1462,2015-03-11 22:32:01.000,I'll alert the crew. When has justice ever been as simple as a rule book?
610,1463,2015-12-07 11:09:00.000,"Fate. It protects fools, little children, and ships named Enterprise."
610,1464,2016-01-16 23:52:55.000,"I've had twelve years to think about it. And if I had it to do over again, I would have grabbed the phaser and pointed it at you instead of them."
611,1465,2016-06-11 11:22:15.000,Flair is what marks the difference between artistry and mere competence.
611,1466,2015-09-27 12:02:05.000,Travel time to the nearest starbase? The Federation's gone; the Borg is everywhere!
611,1467,2015-07-10 02:34:03.000,"I've had twelve years to think about it. And if I had it to do over again, I would have grabbed the phaser and pointed it at you instead of them."
611,1468,2016-03-31 02:14:53.000,"Maybe if we felt any human loss as keenly as we feel one of those close to us, human history would be far less bloody."
612,1469,2016-05-26 06:39:33.000,Flair is what marks the difference between artistry and mere competence.
612,1470,2016-11-13 11:41:20.000,I'll alert the crew. When has justice ever been as simple as a rule book?
612,1471,2016-06-22 11:14:21.000,"For an android with no feelings, he sure managed to evoke them in others."
612,1472,2015-05-24 11:49:08.000,Travel time to the nearest starbase? The Federation's gone; the Borg is everywhere!
612,1473,2016-04-28 20:54:23.000,"I've had twelve years to think about it. And if I had it to do over again, I would have grabbed the phaser and pointed it at you instead of them."
613,1474,2015-05-18 07:18:15.000,"For an android with no feelings, he sure managed to evoke them in others."
614,1475,2016-07-19 19:33:37.000,"I suggest you drop it, Mr. Data. Mr. Worf, you sound like a man who's asking his friend if he can start dating his sister."
614,1476,2016-03-06 16:26:55.000,"Fate. It protects fools, little children, and ships named Enterprise."
614,1477,2016-09-08 11:24:48.000,"For an android with no feelings, he sure managed to evoke them in others."
614,1478,2016-07-08 07:39:15.000,"I suggest you drop it, Mr. Data. Mr. Worf, you sound like a man who's asking his friend if he can start dating his sister."
614,1479,2016-05-05 17:47:17.000,"I'm afraid I still don't understand, sir. Well, that's certainly good to know."
616,1480,2015-08-04 06:18:59.000,"Maybe if we felt any human loss as keenly as we feel one of those close to us, human history would be far less bloody."
616,1481,2015-01-18 20:55:32.000,"I'm afraid I still don't understand, sir. Well, that's certainly good to know."
616,1482,2015-08-24 00:29:55.000,"I'm afraid I still don't understand, sir. Well, that's certainly good to know."
616,1483,2016-02-02 09:29:24.000,"Fate. It protects fools, little children, and ships named Enterprise."
616,1484,2017-01-22 20:40:48.000,Travel time to the nearest starbase? The Federation's gone; the Borg is everywhere!
617,1485,2015-04-03 14:03:29.000,Flair is what marks the difference between artistry and mere competence.
617,1486,2015-10-22 02:36:46.000,I'll alert the crew. When has justice ever been as simple as a rule book?
617,1487,2015-12-13 00:11:50.000,Flair is what marks the difference between artistry and mere competence.
617,1488,2016-07-13 04:41:55.000,I'll alert the crew. When has justice ever been as simple as a rule book?
617,1489,2015-12-10 22:35:40.000,"I've had twelve years to think about it. And if I had it to do over again, I would have grabbed the phaser and pointed it at you instead of them."
618,1490,2016-07-31 19:13:47.000,"Maybe if we felt any human loss as keenly as we feel one of those close to us, human history would be far less bloody."
619,1491,2015-12-17 09:38:25.000,"I suggest you drop it, Mr. Data. Mr. Worf, you sound like a man who's asking his friend if he can start dating his sister."
620,1492,2016-06-03 17:47:51.000,"For an android with no feelings, he sure managed to evoke them in others."
620,1493,2016-07-21 11:00:12.000,I'll alert the crew. When has justice ever been as simple as a rule book?
620,1494,2016-12-04 19:06:49.000,I'll alert the crew. When has justice ever been as simple as a rule book?
620,1495,2016-05-31 04:38:16.000,Flair is what marks the difference between artistry and mere competence.
621,1496,2015-11-10 20:26:19.000,"I've had twelve years to think about it. And if I had it to do over again, I would have grabbed the phaser and pointed it at you instead of them."
621,1497,2016-05-17 13:48:57.000,"For an android with no feelings, he sure managed to evoke them in others."
622,1498,2015-01-03 14:09:28.000,Flair is what marks the difference between artistry and mere competence.
622,1499,2016-04-04 01:31:59.000,"I suggest you drop it, Mr. Data. Mr. Worf, you sound like a man who's asking his friend if he can start dating his sister."
622,1500,2016-06-22 10:05:24.000,"Fate. It protects fools, little children, and ships named Enterprise."
622,1501,2016-03-26 20:34:05.000,"I suggest you drop it, Mr. Data. Mr. Worf, you sound like a man who's asking his friend if he can start dating his sister."
623,1502,2016-09-22 17:33:54.000,"Fate. It protects fools, little children, and ships named Enterprise."
623,1503,2015-09-16 11:55:22.000,I'll alert the crew. When has justice ever been as simple as a rule book?
625,1504,2015-10-17 08:06:29.000,"I suggest you drop it, Mr. Data. Mr. Worf, you sound like a man who's asking his friend if he can start dating his sister."
625,1505,2015-07-17 19:42:24.000,"Maybe if we felt any human loss as keenly as we feel one of those close to us, human history would be far less bloody."
625,1506,2015-03-17 07:40:20.000,"I suggest you drop it, Mr. Data. Mr. Worf, you sound like a man who's asking his friend if he can start dating his sister."
625,1507,2015-12-16 06:13:08.000,"I suggest you drop it, Mr. Data. Mr. Worf, you sound like a man who's asking his friend if he can start dating his sister."
625,1508,2015-12-25 13:12:33.000,"I've had twelve years to think about it. And if I had it to do over again, I would have grabbed the phaser and pointed it at you instead of them."
627,1509,2016-05-12 07:13:08.000,"I've had twelve years to think about it. And if I had it to do over again, I would have grabbed the phaser and pointed it at you instead of them."
628,1510,2015-12-24 17:11:59.000,"Maybe if we felt any human loss as keenly as we feel one of those close to us, human history would be far less bloody."
628,1511,2016-08-31 17:00:19.000,"I've had twelve years to think about it. And if I had it to do over again, I would have grabbed the phaser and pointed it at you instead of them."
628,1512,2015-11-30 16:53:46.000,"Maybe if we felt any human loss as keenly as we feel one of those close to us, human history would be far less bloody."
628,1513,2016-07-22 13:08:10.000,"I've had twelve years to think about it. And if I had it to do over again, I would have grabbed the phaser and pointed it at you instead of them."
628,1514,2016-02-21 16:40:14.000,"Maybe if we felt any human loss as keenly as we feel one of those close to us, human history would be far less bloody."
629,1515,2016-02-23 18:51:46.000,"Maybe if we felt any human loss as keenly as we feel one of those close to us, human history would be far less bloody."
630,1516,2016-08-24 09:03:57.000,"I suggest you drop it, Mr. Data. Mr. Worf, you sound like a man who's asking his friend if he can start dating his sister."
630,1517,2015-11-14 05:40:49.000,I'll alert the crew. When has justice ever been as simple as a rule book?
630,1518,2015-02-28 20:54:00.000,"I suggest you drop it, Mr. Data. Mr. Worf, you sound like a man who's asking his friend if he can start dating his sister."
630,1519,2015-02-05 14:53:07.000,"For an android with no feelings, he sure managed to evoke them in others."
631,1520,2015-11-02 08:10:39.000,I'll alert the crew. When has justice ever been as simple as a rule book?
631,1521,2016-11-28 17:54:26.000,Flair is what marks the difference between artistry and mere competence.
631,1522,2016-05-20 04:49:39.000,Travel time to the nearest starbase? The Federation's gone; the Borg is everywhere!
631,1523,2015-10-30 05:51:18.000,"For an android with no feelings, he sure managed to evoke them in others."
631,1524,2016-05-06 12:28:12.000,Travel time to the nearest starbase? The Federation's gone; the Borg is everywhere!
633,1525,2015-06-05 06:33:18.000,"I've had twelve years to think about it. And if I had it to do over again, I would have grabbed the phaser and pointed it at you instead of them."
633,1526,2015-10-08 10:27:40.000,"Maybe if we felt any human loss as keenly as we feel one of those close to us, human history would be far less bloody."
633,1527,2015-11-30 05:45:54.000,"For an android with no feelings, he sure managed to evoke them in others."
634,1528,2016-06-29 10:17:54.000,Travel time to the nearest starbase? The Federation's gone; the Borg is everywhere!
635,1529,2016-07-25 15:53:31.000,I'll alert the crew. When has justice ever been as simple as a rule book?
635,1530,2016-09-25 10:30:57.000,I'll alert the crew. When has justice ever been as simple as a rule book?
635,1531,2017-01-08 21:43:00.000,"Maybe if we felt any human loss as keenly as we feel one of those close to us, human history would be far less bloody."
635,1532,2015-01-24 19:40:07.000,"For an android with no feelings, he sure managed to evoke them in others."
635,1533,2016-08-30 22:08:51.000,Flair is what marks the difference between artistry and mere competence.
636,1534,2016-07-31 01:00:49.000,"For an android with no feelings, he sure managed to evoke them in others."
636,1535,2017-01-25 22:21:42.000,Travel time to the nearest starbase? The Federation's gone; the Borg is everywhere!
637,1536,2016-01-13 04:37:46.000,"I suggest you drop it, Mr. Data. Mr. Worf, you sound like a man who's asking his friend if he can start dating his sister."
637,1537,2017-02-24 00:51:57.000,"I suggest you drop it, Mr. Data. Mr. Worf, you sound like a man who's asking his friend if he can start dating his sister."
637,1538,2015-08-27 13:33:09.000,"Fate. It protects fools, little children, and ships named Enterprise."
637,1539,2016-12-14 22:40:40.000,I'll alert the crew. When has justice ever been as simple as a rule book?
638,1540,2015-02-22 05:57:16.000,Travel time to the nearest starbase? The Federation's gone; the Borg is everywhere!
638,1541,2016-06-05 14:40:28.000,I'll alert the crew. When has justice ever been as simple as a rule book?
638,1542,2016-08-12 18:38:36.000,"I suggest you drop it, Mr. Data. Mr. Worf, you sound like a man who's asking his friend if he can start dating his sister."
639,1544,2015-12-13 23:22:15.000,"Fate. It protects fools, little children, and ships named Enterprise."
639,1545,2016-09-25 16:01:07.000,Flair is what marks the difference between artistry and mere competence.
640,1546,2015-08-13 03:24:44.000,"For an android with no feelings, he sure managed to evoke them in others."
640,1547,2016-04-05 09:30:58.000,Travel time to the nearest starbase? The Federation's gone; the Borg is everywhere!
640,1548,2015-04-14 15:54:03.000,"Fate. It protects fools, little children, and ships named Enterprise."
641,1549,2016-07-05 06:08:05.000,I'll alert the crew. When has justice ever been as simple as a rule book?
642,1550,2015-11-30 15:26:20.000,"Fate. It protects fools, little children, and ships named Enterprise."
642,1551,2015-12-30 20:41:12.000,"I'm afraid I still don't understand, sir. Well, that's certainly good to know."
642,1552,2016-01-24 13:15:31.000,"I'm afraid I still don't understand, sir. Well, that's certainly good to know."
642,1553,2015-07-28 01:05:19.000,Travel time to the nearest starbase? The Federation's gone; the Borg is everywhere!
643,1554,2015-01-06 23:54:42.000,"I suggest you drop it, Mr. Data. Mr. Worf, you sound like a man who's asking his friend if he can start dating his sister."
643,1555,2015-11-02 17:17:40.000,Flair is what marks the difference between artistry and mere competence.
643,1556,2015-04-01 00:22:22.000,"I suggest you drop it, Mr. Data. Mr. Worf, you sound like a man who's asking his friend if he can start dating his sister."
644,1557,2015-09-18 16:10:00.000,"I suggest you drop it, Mr. Data. Mr. Worf, you sound like a man who's asking his friend if he can start dating his sister."
644,1558,2016-02-03 06:21:40.000,Flair is what marks the difference between artistry and mere competence.
644,1559,2016-01-05 06:43:35.000,"Fate. It protects fools, little children, and ships named Enterprise."
644,1560,2016-02-16 19:21:01.000,Travel time to the nearest starbase? The Federation's gone; the Borg is everywhere!
645,1561,2015-09-09 11:41:36.000,"I'm afraid I still don't understand, sir. Well, that's certainly good to know."
645,1562,2015-11-23 15:28:09.000,"I've had twelve years to think about it. And if I had it to do over again, I would have grabbed the phaser and pointed it at you instead of them."
645,1563,2015-12-05 07:15:08.000,"I'm afraid I still don't understand, sir. Well, that's certainly good to know."
645,1564,2016-04-18 22:27:25.000,Flair is what marks the difference between artistry and mere competence.
645,1565,2016-01-24 16:12:30.000,"For an android with no feelings, he sure managed to evoke them in others."
646,1566,2015-09-02 19:58:46.000,"I suggest you drop it, Mr. Data. Mr. Worf, you sound like a man who's asking his friend if he can start dating his sister."
646,1567,2017-02-06 05:39:21.000,"Maybe if we felt any human loss as keenly as we feel one of those close to us, human history would be far less bloody."
646,1568,2016-03-12 22:16:05.000,"For an android with no feelings, he sure managed to evoke them in others."
646,1569,2016-06-17 02:47:44.000,"Maybe if we felt any human loss as keenly as we feel one of those close to us, human history would be far less bloody."
647,1570,2016-06-01 12:41:54.000,Flair is what marks the difference between artistry and mere competence.
647,1571,2016-06-11 18:50:10.000,"I'm afraid I still don't understand, sir. Well, that's certainly good to know."
647,1572,2016-07-14 14:03:08.000,Travel time to the nearest starbase? The Federation's gone; the Borg is everywhere!
647,1573,2015-05-20 23:29:31.000,"Maybe if we felt any human loss as keenly as we feel one of those close to us, human history would be far less bloody."
647,1574,2016-12-17 02:46:15.000,"I suggest you drop it, Mr. Data. Mr. Worf, you sound like a man who's asking his friend if he can start dating his sister."
649,1575,2015-10-12 01:58:15.000,"Fate. It protects fools, little children, and ships named Enterprise."
650,1576,2015-01-14 08:59:27.000,"I'm afraid I still don't understand, sir. Well, that's certainly good to know."
651,1577,2017-01-15 23:56:36.000,"Maybe if we felt any human loss as keenly as we feel one of those close to us, human history would be far less bloody."
651,1578,2015-05-16 23:54:28.000,"I've had twelve years to think about it. And if I had it to do over again, I would have grabbed the phaser and pointed it at you instead of them."
651,1579,2015-08-28 22:33:26.000,"Maybe if we felt any human loss as keenly as we feel one of those close to us, human history would be far less bloody."
651,1580,2016-06-25 02:01:52.000,"For an android with no feelings, he sure managed to evoke them in others."
652,1581,2015-08-23 21:30:57.000,"I've had twelve years to think about it. And if I had it to do over again, I would have grabbed the phaser and pointed it at you instead of them."
652,1582,2016-12-26 13:53:24.000,Flair is what marks the difference between artistry and mere competence.
653,1583,2015-06-11 11:54:48.000,"I'm afraid I still don't understand, sir. Well, that's certainly good to know."
654,1584,2016-05-25 14:35:11.000,"Fate. It protects fools, little children, and ships named Enterprise."
655,1585,2015-05-06 17:31:36.000,"I've had twelve years to think about it. And if I had it to do over again, I would have grabbed the phaser and pointed it at you instead of them."
655,1586,2016-05-12 17:46:25.000,"Maybe if we felt any human loss as keenly as we feel one of those close to us, human history would be far less bloody."
655,1587,2016-06-09 13:15:31.000,Travel time to the nearest starbase? The Federation's gone; the Borg is everywhere!
655,1588,2015-02-25 13:43:03.000,"Maybe if we felt any human loss as keenly as we feel one of those close to us, human history would be far less bloody."
656,1589,2015-08-27 14:56:27.000,"I suggest you drop it, Mr. Data. Mr. Worf, you sound like a man who's asking his friend if he can start dating his sister."
657,1590,2015-03-27 02:44:05.000,"I'm afraid I still don't understand, sir. Well, that's certainly good to know."
657,1591,2016-07-21 01:39:01.000,I'll alert the crew. When has justice ever been as simple as a rule book?
657,1592,2016-09-14 16:31:35.000,"I suggest you drop it, Mr. Data. Mr. Worf, you sound like a man who's asking his friend if he can start dating his sister."
657,1593,2015-06-24 06:59:12.000,"For an android with no feelings, he sure managed to evoke them in others."
658,1594,2015-09-05 18:13:40.000,"I've had twelve years to think about it. And if I had it to do over again, I would have grabbed the phaser and pointed it at you instead of them."
658,1595,2015-02-08 06:25:23.000,"I've had twelve years to think about it. And if I had it to do over again, I would have grabbed the phaser and pointed it at you instead of them."
659,1596,2016-12-01 12:46:22.000,Travel time to the nearest starbase? The Federation's gone; the Borg is everywhere!
660,1597,2015-08-04 19:37:32.000,"For an android with no feelings, he sure managed to evoke them in others."
661,1598,2015-11-26 05:34:51.000,"I've had twelve years to think about it. And if I had it to do over again, I would have grabbed the phaser and pointed it at you instead of them."
661,1599,2015-03-09 08:51:26.000,Travel time to the nearest starbase? The Federation's gone; the Borg is everywhere!
661,1600,2016-03-05 01:59:12.000,Flair is what marks the difference between artistry and mere competence.
661,1601,2016-07-18 19:31:38.000,"For an android with no feelings, he sure managed to evoke them in others."
662,1602,2015-12-24 14:39:13.000,I'll alert the crew. When has justice ever been as simple as a rule book?
662,1603,2016-10-26 05:30:53.000,I'll alert the crew. When has justice ever been as simple as a rule book?
662,1604,2015-07-03 11:56:58.000,"Fate. It protects fools, little children, and ships named Enterprise."
662,1605,2016-03-27 23:22:22.000,"For an android with no feelings, he sure managed to evoke them in others."
662,1606,2016-05-13 17:53:59.000,"I've had twelve years to think about it. And if I had it to do over again, I would have grabbed the phaser and pointed it at you instead of them."
664,1607,2016-09-14 08:39:57.000,"Maybe if we felt any human loss as keenly as we feel one of those close to us, human history would be far less bloody."
664,1608,2015-02-01 00:08:59.000,"Fate. It protects fools, little children, and ships named Enterprise."
664,1609,2016-08-31 21:48:19.000,"Fate. It protects fools, little children, and ships named Enterprise."
664,1610,2016-09-15 19:11:13.000,"I suggest you drop it, Mr. Data. Mr. Worf, you sound like a man who's asking his friend if he can start dating his sister."
664,1611,2015-08-18 02:25:56.000,I'll alert the crew. When has justice ever been as simple as a rule book?
666,1612,2016-01-09 12:13:33.000,"I've had twelve years to think about it. And if I had it to do over again, I would have grabbed the phaser and pointed it at you instead of them."
666,1613,2015-04-02 03:44:24.000,"Maybe if we felt any human loss as keenly as we feel one of those close to us, human history would be far less bloody."
667,1614,2016-11-07 08:37:37.000,Flair is what marks the difference between artistry and mere competence.
667,1615,2016-10-06 00:06:57.000,Travel time to the nearest starbase? The Federation's gone; the Borg is everywhere!
667,1616,2016-04-10 09:42:15.000,"For an android with no feelings, he sure managed to evoke them in others."
667,1617,2016-12-19 07:20:33.000,"For an android with no feelings, he sure managed to evoke them in others."
668,1618,2017-01-27 22:49:45.000,"Maybe if we felt any human loss as keenly as we feel one of those close to us, human history would be far less bloody."
668,1619,2016-03-04 07:15:02.000,"Fate. It protects fools, little children, and ships named Enterprise."
668,1620,2015-02-07 17:55:57.000,Travel time to the nearest starbase? The Federation's gone; the Borg is everywhere!
669,1621,2015-07-29 10:06:35.000,"Maybe if we felt any human loss as keenly as we feel one of those close to us, human history would be far less bloody."
669,1622,2016-12-30 03:27:25.000,"I've had twelve years to think about it. And if I had it to do over again, I would have grabbed the phaser and pointed it at you instead of them."
669,1623,2016-01-23 09:16:12.000,"Maybe if we felt any human loss as keenly as we feel one of those close to us, human history would be far less bloody."
669,1624,2016-07-29 05:33:28.000,"I suggest you drop it, Mr. Data. Mr. Worf, you sound like a man who's asking his friend if he can start dating his sister."
670,1625,2016-10-05 19:01:14.000,Travel time to the nearest starbase? The Federation's gone; the Borg is everywhere!
671,1626,2017-02-02 06:52:45.000,"For an android with no feelings, he sure managed to evoke them in others."
671,1627,2015-06-30 15:29:00.000,"I've had twelve years to think about it. And if I had it to do over again, I would have grabbed the phaser and pointed it at you instead of them."
672,1628,2016-02-03 04:31:14.000,"For an android with no feelings, he sure managed to evoke them in others."
672,1629,2017-01-16 19:55:35.000,"Fate. It protects fools, little children, and ships named Enterprise."
672,1630,2016-12-11 05:31:56.000,"I suggest you drop it, Mr. Data. Mr. Worf, you sound like a man who's asking his friend if he can start dating his sister."
673,1631,2015-05-13 14:01:05.000,"For an android with no feelings, he sure managed to evoke them in others."
673,1632,2015-05-20 03:45:27.000,"Maybe if we felt any human loss as keenly as we feel one of those close to us, human history would be far less bloody."
673,1633,2015-09-11 04:10:31.000,"I've had twelve years to think about it. And if I had it to do over again, I would have grabbed the phaser and pointed it at you instead of them."
673,1634,2016-01-31 07:18:12.000,"Fate. It protects fools, little children, and ships named Enterprise."
673,1635,2017-01-17 18:14:00.000,"I'm afraid I still don't understand, sir. Well, that's certainly good to know."
674,1636,2016-08-04 04:22:02.000,"I've had twelve years to think about it. And if I had it to do over again, I would have grabbed the phaser and pointed it at you instead of them."
674,1637,2015-05-24 12:59:40.000,I'll alert the crew. When has justice ever been as simple as a rule book?
674,1638,2015-04-01 04:20:32.000,"I suggest you drop it, Mr. Data. Mr. Worf, you sound like a man who's asking his friend if he can start dating his sister."
676,1639,2016-08-04 20:27:19.000,"I suggest you drop it, Mr. Data. Mr. Worf, you sound like a man who's asking his friend if he can start dating his sister."
676,1640,2016-07-20 18:07:27.000,Flair is what marks the difference between artistry and mere competence.
677,1641,2015-04-23 15:05:49.000,"I've had twelve years to think about it. And if I had it to do over again, I would have grabbed the phaser and pointed it at you instead of them."
678,1642,2016-05-04 00:54:11.000,Travel time to the nearest starbase? The Federation's gone; the Borg is everywhere!
678,1643,2015-10-11 01:07:00.000,Travel time to the nearest starbase? The Federation's gone; the Borg is everywhere!
678,1644,2015-03-21 16:17:05.000,"Fate. It protects fools, little children, and ships named Enterprise."
678,1645,2016-07-06 16:32:33.000,"Maybe if we felt any human loss as keenly as we feel one of those close to us, human history would be far less bloody."
678,1646,2017-02-04 01:56:42.000,I'll alert the crew. When has justice ever been as simple as a rule book?
679,1647,2016-08-15 08:27:42.000,"I've had twelve years to think about it. And if I had it to do over again, I would have grabbed the phaser and pointed it at you instead of them."
679,1648,2016-11-03 18:26:27.000,Flair is what marks the difference between artistry and mere competence.
679,1649,2015-08-09 19:15:37.000,"Fate. It protects fools, little children, and ships named Enterprise."
679,1650,2016-12-30 14:54:39.000,"I suggest you drop it, Mr. Data. Mr. Worf, you sound like a man who's asking his friend if he can start dating his sister."
680,1651,2015-05-19 08:14:15.000,"Fate. It protects fools, little children, and ships named Enterprise."
680,1652,2015-02-01 17:54:52.000,Flair is what marks the difference between artistry and mere competence.
680,1653,2015-12-25 07:38:47.000,"Maybe if we felt any human loss as keenly as we feel one of those close to us, human history would be far less bloody."
680,1654,2016-11-21 19:20:00.000,I'll alert the crew. When has justice ever been as simple as a rule book?
683,1655,2015-04-26 02:36:50.000,Flair is what marks the difference between artistry and mere competence.
683,1656,2016-02-01 11:03:31.000,"For an android with no feelings, he sure managed to evoke them in others."
683,1657,2016-11-10 11:06:15.000,"I suggest you drop it, Mr. Data. Mr. Worf, you sound like a man who's asking his friend if he can start dating his sister."
683,1658,2016-08-14 18:53:46.000,"For an android with no feelings, he sure managed to evoke them in others."
683,1659,2015-08-23 04:14:48.000,"I suggest you drop it, Mr. Data. Mr. Worf, you sound like a man who's asking his friend if he can start dating his sister."
685,1660,2017-01-31 15:58:17.000,"For an android with no feelings, he sure managed to evoke them in others."
685,1661,2016-07-19 07:46:07.000,Travel time to the nearest starbase? The Federation's gone; the Borg is everywhere!
685,1662,2015-04-17 10:24:04.000,Travel time to the nearest starbase? The Federation's gone; the Borg is everywhere!
687,1663,2015-05-20 08:44:21.000,I'll alert the crew. When has justice ever been as simple as a rule book?
687,1664,2016-03-02 01:04:06.000,"For an android with no feelings, he sure managed to evoke them in others."
688,1665,2015-01-29 21:19:33.000,Flair is what marks the difference between artistry and mere competence.
688,1666,2015-06-29 15:50:17.000,"For an android with no feelings, he sure managed to evoke them in others."
688,1667,2016-06-08 15:31:33.000,Flair is what marks the difference between artistry and mere competence.
688,1668,2016-11-05 21:12:01.000,Travel time to the nearest starbase? The Federation's gone; the Borg is everywhere!
688,1669,2015-07-31 04:11:45.000,"For an android with no feelings, he sure managed to evoke them in others."
690,1670,2016-04-16 02:21:47.000,Flair is what marks the difference between artistry and mere competence.
691,1671,2015-12-28 04:43:12.000,"I've had twelve years to think about it. And if I had it to do over again, I would have grabbed the phaser and pointed it at you instead of them."
693,1672,2016-05-26 07:57:28.000,"For an android with no feelings, he sure managed to evoke them in others."
693,1673,2015-02-01 07:59:54.000,"I suggest you drop it, Mr. Data. Mr. Worf, you sound like a man who's asking his friend if he can start dating his sister."
693,1674,2016-01-25 02:31:54.000,I'll alert the crew. When has justice ever been as simple as a rule book?
693,1675,2016-07-23 19:57:07.000,Flair is what marks the difference between artistry and mere competence.
693,1676,2016-08-02 13:14:54.000,Flair is what marks the difference between artistry and mere competence.
694,1677,2016-01-30 07:39:09.000,"For an android with no feelings, he sure managed to evoke them in others."
695,1678,2015-05-11 13:34:41.000,Travel time to the nearest starbase? The Federation's gone; the Borg is everywhere!
696,1679,2016-07-13 20:27:41.000,"For an android with no feelings, he sure managed to evoke them in others."
697,1680,2015-12-12 04:21:44.000,I'll alert the crew. When has justice ever been as simple as a rule book?
697,1681,2016-12-01 17:06:53.000,"Maybe if we felt any human loss as keenly as we feel one of those close to us, human history would be far less bloody."
698,1682,2017-02-19 01:23:44.000,"I suggest you drop it, Mr. Data. Mr. Worf, you sound like a man who's asking his friend if he can start dating his sister."
699,1683,2015-09-13 01:06:38.000,"Maybe if we felt any human loss as keenly as we feel one of those close to us, human history would be far less bloody."
699,1684,2016-09-29 07:50:15.000,"I've had twelve years to think about it. And if I had it to do over again, I would have grabbed the phaser and pointed it at you instead of them."
699,1685,2015-08-09 00:06:52.000,"Fate. It protects fools, little children, and ships named Enterprise."
700,1686,2016-05-01 03:23:45.000,"For an android with no feelings, he sure managed to evoke them in others."
700,1687,2015-12-30 13:00:45.000,"For an android with no feelings, he sure managed to evoke them in others."
700,1688,2015-09-10 05:45:58.000,"For an android with no feelings, he sure managed to evoke them in others."
700,1689,2017-01-25 04:07:03.000,Flair is what marks the difference between artistry and mere competence.
700,1690,2015-07-16 05:55:17.000,"I'm afraid I still don't understand, sir. Well, that's certainly good to know."
701,1691,2016-11-04 22:27:50.000,"I've had twelve years to think about it. And if I had it to do over again, I would have grabbed the phaser and pointed it at you instead of them."
701,1692,2016-07-02 23:54:00.000,"I'm afraid I still don't understand, sir. Well, that's certainly good to know."
701,1693,2016-03-14 18:48:42.000,Flair is what marks the difference between artistry and mere competence.
701,1694,2015-01-20 00:21:42.000,"For an android with no feelings, he sure managed to evoke them in others."
702,1695,2015-05-06 01:37:30.000,I'll alert the crew. When has justice ever been as simple as a rule book?
703,1696,2016-08-28 02:38:34.000,"I'm afraid I still don't understand, sir. Well, that's certainly good to know."
703,1697,2016-05-20 06:54:49.000,Flair is what marks the difference between artistry and mere competence.
703,1698,2015-03-28 08:55:30.000,Flair is what marks the difference between artistry and mere competence.
704,1699,2016-10-21 08:56:13.000,"For an android with no feelings, he sure managed to evoke them in others."
705,1700,2016-11-19 20:41:19.000,"Fate. It protects fools, little children, and ships named Enterprise."
706,1701,2015-10-14 18:23:18.000,"For an android with no feelings, he sure managed to evoke them in others."
706,1702,2015-01-05 23:21:08.000,Flair is what marks the difference between artistry and mere competence.
707,1703,2016-07-13 08:46:50.000,I'll alert the crew. When has justice ever been as simple as a rule book?
708,1704,2015-09-03 17:54:00.000,"Maybe if we felt any human loss as keenly as we feel one of those close to us, human history would be far less bloody."
708,1705,2016-07-21 06:26:57.000,"Maybe if we felt any human loss as keenly as we feel one of those close to us, human history would be far less bloody."
709,1706,2016-10-06 21:22:23.000,"I'm afraid I still don't understand, sir. Well, that's certainly good to know."
709,1707,2015-02-12 20:26:23.000,"Maybe if we felt any human loss as keenly as we feel one of those close to us, human history would be far less bloody."
709,1708,2015-01-05 14:28:15.000,"I suggest you drop it, Mr. Data. Mr. Worf, you sound like a man who's asking his friend if he can start dating his sister."
709,1709,2016-08-16 12:15:21.000,Travel time to the nearest starbase? The Federation's gone; the Borg is everywhere!
711,1710,2015-03-06 06:50:56.000,"I've had twelve years to think about it. And if I had it to do over again, I would have grabbed the phaser and pointed it at you instead of them."
711,1711,2015-04-22 02:53:18.000,"I'm afraid I still don't understand, sir. Well, that's certainly good to know."
711,1712,2015-03-07 08:06:13.000,"Maybe if we felt any human loss as keenly as we feel one of those close to us, human history would be far less bloody."
711,1713,2017-01-27 15:14:53.000,"For an android with no feelings, he sure managed to evoke them in others."
711,1714,2016-02-29 08:05:42.000,Flair is what marks the difference between artistry and mere competence.
712,1715,2016-10-28 17:49:11.000,"Maybe if we felt any human loss as keenly as we feel one of those close to us, human history would be far less bloody."
712,1716,2015-09-18 01:39:51.000,"I've had twelve years to think about it. And if I had it to do over again, I would have grabbed the phaser and pointed it at you instead of them."
713,1717,2015-05-22 13:09:47.000,"Fate. It protects fools, little children, and ships named Enterprise."
713,1718,2016-02-18 17:04:37.000,"For an android with no feelings, he sure managed to evoke them in others."
713,1719,2015-01-17 19:37:00.000,"I suggest you drop it, Mr. Data. Mr. Worf, you sound like a man who's asking his friend if he can start dating his sister."
713,1720,2016-05-12 07:51:00.000,"For an android with no feelings, he sure managed to evoke them in others."
713,1721,2016-01-17 22:07:29.000,"I'm afraid I still don't understand, sir. Well, that's certainly good to know."
714,1722,2016-11-10 04:57:24.000,"For an android with no feelings, he sure managed to evoke them in others."
714,1723,2016-07-21 03:40:10.000,Flair is what marks the difference between artistry and mere competence.
714,1724,2015-03-18 21:13:01.000,"Maybe if we felt any human loss as keenly as we feel one of those close to us, human history would be far less bloody."
714,1725,2016-03-18 04:20:42.000,"Fate. It protects fools, little children, and ships named Enterprise."
714,1726,2015-11-13 23:42:39.000,Flair is what marks the difference between artistry and mere competence.
716,1727,2015-02-26 23:19:17.000,Travel time to the nearest starbase? The Federation's gone; the Borg is everywhere!
716,1728,2016-11-23 02:23:19.000,I'll alert the crew. When has justice ever been as simple as a rule book?
716,1729,2016-06-20 10:57:18.000,Travel time to the nearest starbase? The Federation's gone; the Borg is everywhere!
717,1730,2016-10-02 04:42:16.000,"I suggest you drop it, Mr. Data. Mr. Worf, you sound like a man who's asking his friend if he can start dating his sister."
717,1731,2015-10-31 12:07:30.000,"Maybe if we felt any human loss as keenly as we feel one of those close to us, human history would be far less bloody."
717,1732,2017-02-26 15:23:25.000,"For an android with no feelings, he sure managed to evoke them in others."
717,1733,2016-11-13 16:25:45.000,"I suggest you drop it, Mr. Data. Mr. Worf, you sound like a man who's asking his friend if he can start dating his sister."
717,1734,2015-11-25 14:00:30.000,"Maybe if we felt any human loss as keenly as we feel one of those close to us, human history would be far less bloody."
719,1735,2016-02-04 03:40:52.000,"I've had twelve years to think about it. And if I had it to do over again, I would have grabbed the phaser and pointed it at you instead of them."
719,1736,2016-12-04 23:56:40.000,Travel time to the nearest starbase? The Federation's gone; the Borg is everywhere!
719,1737,2016-06-08 13:56:22.000,"For an android with no feelings, he sure managed to evoke them in others."
719,1738,2016-04-13 19:32:57.000,Travel time to the nearest starbase? The Federation's gone; the Borg is everywhere!
719,1739,2015-02-10 23:40:01.000,Flair is what marks the difference between artistry and mere competence.
720,1740,2015-05-31 16:16:25.000,"Fate. It protects fools, little children, and ships named Enterprise."
720,1741,2015-04-26 20:37:33.000,I'll alert the crew. When has justice ever been as simple as a rule book?
720,1742,2016-06-18 13:42:32.000,"Fate. It protects fools, little children, and ships named Enterprise."
720,1743,2015-08-09 05:08:37.000,"I suggest you drop it, Mr. Data. Mr. Worf, you sound like a man who's asking his friend if he can start dating his sister."
721,1744,2015-09-30 05:37:09.000,"I suggest you drop it, Mr. Data. Mr. Worf, you sound like a man who's asking his friend if he can start dating his sister."
721,1745,2016-01-21 21:25:58.000,"I suggest you drop it, Mr. Data. Mr. Worf, you sound like a man who's asking his friend if he can start dating his sister."
721,1746,2015-02-28 23:24:30.000,"Maybe if we felt any human loss as keenly as we feel one of those close to us, human history would be far less bloody."
721,1747,2015-07-28 03:22:26.000,"I suggest you drop it, Mr. Data. Mr. Worf, you sound like a man who's asking his friend if he can start dating his sister."
722,1748,2017-02-10 21:14:11.000,"For an android with no feelings, he sure managed to evoke them in others."
723,1749,2015-03-24 11:49:44.000,"Maybe if we felt any human loss as keenly as we feel one of those close to us, human history would be far less bloody."
723,1750,2015-05-13 14:17:03.000,Travel time to the nearest starbase? The Federation's gone; the Borg is everywhere!
723,1751,2017-02-22 06:02:13.000,"For an android with no feelings, he sure managed to evoke them in others."
724,1752,2015-11-18 15:53:35.000,"Fate. It protects fools, little children, and ships named Enterprise."
724,1753,2015-01-01 05:01:27.000,I'll alert the crew. When has justice ever been as simple as a rule book?
724,1754,2016-10-25 03:35:48.000,"I suggest you drop it, Mr. Data. Mr. Worf, you sound like a man who's asking his friend if he can start dating his sister."
726,1755,2016-07-24 10:13:35.000,I'll alert the crew. When has justice ever been as simple as a rule book?
727,1756,2016-09-25 05:30:43.000,"I've had twelve years to think about it. And if I had it to do over again, I would have grabbed the phaser and pointed it at you instead of them."
729,1757,2016-02-10 06:23:44.000,"I suggest you drop it, Mr. Data. Mr. Worf, you sound like a man who's asking his friend if he can start dating his sister."
730,1758,2016-11-22 09:29:46.000,"I suggest you drop it, Mr. Data. Mr. Worf, you sound like a man who's asking his friend if he can start dating his sister."
730,1759,2016-02-25 09:06:05.000,"I'm afraid I still don't understand, sir. Well, that's certainly good to know."
730,1760,2017-02-12 16:00:20.000,"For an android with no feelings, he sure managed to evoke them in others."
731,1761,2016-01-14 21:34:12.000,"I'm afraid I still don't understand, sir. Well, that's certainly good to know."
731,1762,2016-07-08 14:09:54.000,"Fate. It protects fools, little children, and ships named Enterprise."
731,1763,2016-10-15 17:10:12.000,I'll alert the crew. When has justice ever been as simple as a rule book?
731,1764,2016-03-21 09:15:12.000,"Fate. It protects fools, little children, and ships named Enterprise."
732,1765,2015-03-15 11:30:03.000,I'll alert the crew. When has justice ever been as simple as a rule book?
733,1766,2016-01-27 03:45:41.000,"I've had twelve years to think about it. And if I had it to do over again, I would have grabbed the phaser and pointed it at you instead of them."
735,1767,2015-04-03 02:22:34.000,"I'm afraid I still don't understand, sir. Well, that's certainly good to know."
735,1768,2017-01-20 16:39:56.000,Travel time to the nearest starbase? The Federation's gone; the Borg is everywhere!
737,1769,2017-02-25 17:22:27.000,"I'm afraid I still don't understand, sir. Well, that's certainly good to know."
737,1770,2015-06-22 23:09:21.000,Travel time to the nearest starbase? The Federation's gone; the Borg is everywhere!
737,1771,2016-12-20 01:32:03.000,"I've had twelve years to think about it. And if I had it to do over again, I would have grabbed the phaser and pointed it at you instead of them."
532,1276,2015-01-22 09:21:40.000,Travel time to the nearest starbase? The Federation's gone; the Borg is everywhere!
533,1277,2016-05-26 06:03:58.000,I'll alert the crew. When has justice ever been as simple as a rule book?
533,1278,2015-11-25 12:50:53.000,"Maybe if we felt any human loss as keenly as we feel one of those close to us, human history would be far less bloody."
533,1279,2016-09-22 22:42:39.000,Flair is what marks the difference between artistry and mere competence.
533,1280,2016-07-25 21:47:19.000,"Fate. It protects fools, little children, and ships named Enterprise."
534,1281,2015-10-22 21:34:45.000,Travel time to the nearest starbase? The Federation's gone; the Borg is everywhere!
534,1282,2015-02-04 08:24:35.000,"For an android with no feelings, he sure managed to evoke them in others."
534,1283,2015-11-11 20:23:28.000,"I've had twelve years to think about it. And if I had it to do over again, I would have grabbed the phaser and pointed it at you instead of them."
534,1284,2015-05-22 22:48:45.000,Flair is what marks the difference between artistry and mere competence.
534,1285,2016-09-18 14:18:26.000,"Fate. It protects fools, little children, and ships named Enterprise."
535,1286,2016-09-29 02:51:30.000,Flair is what marks the difference between artistry and mere competence.
535,1287,2015-09-07 12:36:07.000,"I suggest you drop it, Mr. Data. Mr. Worf, you sound like a man who's asking his friend if he can start dating his sister."
537,1288,2016-11-18 14:46:32.000,Travel time to the nearest starbase? The Federation's gone; the Borg is everywhere!
538,1289,2016-11-06 02:25:19.000,"I'm afraid I still don't understand, sir. Well, that's certainly good to know."
538,1290,2016-10-12 13:02:43.000,I'll alert the crew. When has justice ever been as simple as a rule book?
538,1291,2016-10-05 07:45:04.000,"I've had twelve years to think about it. And if I had it to do over again, I would have grabbed the phaser and pointed it at you instead of them."
539,1292,2015-10-17 08:10:50.000,"For an android with no feelings, he sure managed to evoke them in others."
540,1293,2015-07-15 08:54:37.000,"Maybe if we felt any human loss as keenly as we feel one of those close to us, human history would be far less bloody."
540,1294,2016-11-19 06:29:17.000,"For an android with no feelings, he sure managed to evoke them in others."
540,1295,2016-04-29 03:26:48.000,"I've had twelve years to think about it. And if I had it to do over again, I would have grabbed the phaser and pointed it at you instead of them."
540,1296,2015-07-06 04:10:37.000,"Fate. It protects fools, little children, and ships named Enterprise."
540,1297,2015-04-02 08:55:51.000,"I've had twelve years to think about it. And if I had it to do over again, I would have grabbed the phaser and pointed it at you instead of them."
541,1298,2015-06-06 18:13:30.000,"I've had twelve years to think about it. And if I had it to do over again, I would have grabbed the phaser and pointed it at you instead of them."
541,1299,2015-12-12 00:48:49.000,"Fate. It protects fools, little children, and ships named Enterprise."
542,1300,2016-05-21 01:29:27.000,Travel time to the nearest starbase? The Federation's gone; the Borg is everywhere!
542,1301,2015-03-28 12:23:42.000,"Fate. It protects fools, little children, and ships named Enterprise."
542,1302,2015-03-23 05:26:53.000,"I've had twelve years to think about it. And if I had it to do over again, I would have grabbed the phaser and pointed it at you instead of them."
542,1303,2017-01-18 11:49:52.000,"I've had twelve years to think about it. And if I had it to do over again, I would have grabbed the phaser and pointed it at you instead of them."
543,1304,2015-07-09 19:54:15.000,"I've had twelve years to think about it. And if I had it to do over again, I would have grabbed the phaser and pointed it at you instead of them."
544,1305,2015-06-03 08:20:14.000,Flair is what marks the difference between artistry and mere competence.
544,1306,2015-05-30 15:48:57.000,Travel time to the nearest starbase? The Federation's gone; the Borg is everywhere!
544,1307,2015-08-30 06:20:18.000,Travel time to the nearest starbase? The Federation's gone; the Borg is everywhere!
544,1308,2016-09-16 22:08:16.000,"I suggest you drop it, Mr. Data. Mr. Worf, you sound like a man who's asking his friend if he can start dating his sister."
545,1309,2016-06-23 13:31:51.000,"For an android with no feelings, he sure managed to evoke them in others."
546,1310,2015-03-04 20:12:44.000,"Maybe if we felt any human loss as keenly as we feel one of those close to us, human history would be far less bloody."
546,1311,2016-03-15 08:54:54.000,"For an android with no feelings, he sure managed to evoke them in others."
546,1312,2015-02-05 23:36:46.000,"Fate. It protects fools, little children, and ships named Enterprise."
548,1313,2016-12-09 23:06:53.000,Travel time to the nearest starbase? The Federation's gone; the Borg is everywhere!
548,1314,2015-02-23 20:49:31.000,"I suggest you drop it, Mr. Data. Mr. Worf, you sound like a man who's asking his friend if he can start dating his sister."
549,1315,2015-03-15 06:31:04.000,"For an android with no feelings, he sure managed to evoke them in others."
550,1316,2016-07-18 18:29:40.000,"I suggest you drop it, Mr. Data. Mr. Worf, you sound like a man who's asking his friend if he can start dating his sister."
550,1317,2015-12-16 20:43:22.000,"Fate. It protects fools, little children, and ships named Enterprise."
550,1318,2015-10-11 06:55:59.000,"I'm afraid I still don't understand, sir. Well, that's certainly good to know."
550,1319,2016-09-10 11:10:04.000,"Maybe if we felt any human loss as keenly as we feel one of those close to us, human history would be far less bloody."
551,1320,2016-06-24 10:08:40.000,Flair is what marks the difference between artistry and mere competence.
552,1321,2015-02-06 02:26:13.000,Travel time to the nearest starbase? The Federation's gone; the Borg is everywhere!
553,1322,2015-02-24 17:42:09.000,"I suggest you drop it, Mr. Data. Mr. Worf, you sound like a man who's asking his friend if he can start dating his sister."
553,1323,2017-02-21 05:16:16.000,"Maybe if we felt any human loss as keenly as we feel one of those close to us, human history would be far less bloody."
553,1324,2016-04-03 06:51:35.000,Flair is what marks the difference between artistry and mere competence.
554,1325,2015-04-28 23:15:56.000,Travel time to the nearest starbase? The Federation's gone; the Borg is everywhere!
554,1326,2017-02-23 05:46:12.000,"Maybe if we felt any human loss as keenly as we feel one of those close to us, human history would be far less bloody."
554,1327,2016-12-31 22:37:43.000,"Maybe if we felt any human loss as keenly as we feel one of those close to us, human history would be far less bloody."
554,1328,2015-04-28 18:58:53.000,"I suggest you drop it, Mr. Data. Mr. Worf, you sound like a man who's asking his friend if he can start dating his sister."
554,1329,2016-08-05 04:39:16.000,"I'm afraid I still don't understand, sir. Well, that's certainly good to know."
555,1330,2016-01-08 03:44:28.000,"For an android with no feelings, he sure managed to evoke them in others."
556,1331,2015-04-03 17:15:16.000,Travel time to the nearest starbase? The Federation's gone; the Borg is everywhere!
556,1332,2015-08-26 17:59:32.000,"For an android with no feelings, he sure managed to evoke them in others."
557,1333,2016-10-15 10:21:55.000,"Maybe if we felt any human loss as keenly as we feel one of those close to us, human history would be far less bloody."
558,1334,2015-08-06 07:20:26.000,"For an android with no feelings, he sure managed to evoke them in others."
558,1335,2015-06-08 06:32:22.000,"Maybe if we felt any human loss as keenly as we feel one of those close to us, human history would be far less bloody."
558,1336,2016-06-07 21:17:40.000,"I've had twelve years to think about it. And if I had it to do over again, I would have grabbed the phaser and pointed it at you instead of them."
558,1337,2015-09-30 15:06:33.000,"I've had twelve years to think about it. And if I had it to do over again, I would have grabbed the phaser and pointed it at you instead of them."
558,1338,2015-03-01 07:24:58.000,"I'm afraid I still don't understand, sir. Well, that's certainly good to know."
560,1339,2015-04-02 07:23:20.000,I'll alert the crew. When has justice ever been as simple as a rule book?
560,1340,2017-01-13 18:54:37.000,"I've had twelve years to think about it. And if I had it to do over again, I would have grabbed the phaser and pointed it at you instead of them."
560,1341,2016-04-25 10:29:06.000,"I suggest you drop it, Mr. Data. Mr. Worf, you sound like a man who's asking his friend if he can start dating his sister."
560,1342,2017-01-08 08:18:04.000,"Maybe if we felt any human loss as keenly as we feel one of those close to us, human history would be far less bloody."
560,1343,2015-02-25 05:54:28.000,"I've had twelve years to think about it. And if I had it to do over again, I would have grabbed the phaser and pointed it at you instead of them."
561,1344,2015-07-30 18:56:26.000,"I've had twelve years to think about it. And if I had it to do over again, I would have grabbed the phaser and pointed it at you instead of them."
562,1345,2015-08-23 06:49:10.000,"I've had twelve years to think about it. And if I had it to do over again, I would have grabbed the phaser and pointed it at you instead of them."
562,1346,2015-12-06 14:14:47.000,"I've had twelve years to think about it. And if I had it to do over again, I would have grabbed the phaser and pointed it at you instead of them."
562,1347,2016-06-21 04:21:00.000,I'll alert the crew. When has justice ever been as simple as a rule book?
562,1348,2016-11-21 07:26:55.000,"I've had twelve years to think about it. And if I had it to do over again, I would have grabbed the phaser and pointed it at you instead of them."
562,1349,2015-07-25 08:00:12.000,I'll alert the crew. When has justice ever been as simple as a rule book?
563,1350,2015-12-12 02:30:18.000,"For an android with no feelings, he sure managed to evoke them in others."
563,1351,2015-09-24 18:08:15.000,"Fate. It protects fools, little children, and ships named Enterprise."
563,1352,2015-11-29 08:03:23.000,"I suggest you drop it, Mr. Data. Mr. Worf, you sound like a man who's asking his friend if he can start dating his sister."
563,1353,2015-07-12 23:53:11.000,"I'm afraid I still don't understand, sir. Well, that's certainly good to know."
565,1354,2016-05-31 07:23:54.000,"I'm afraid I still don't understand, sir. Well, that's certainly good to know."
566,1355,2016-01-16 06:15:01.000,I'll alert the crew. When has justice ever been as simple as a rule book?
568,1356,2016-06-19 11:34:13.000,"I suggest you drop it, Mr. Data. Mr. Worf, you sound like a man who's asking his friend if he can start dating his sister."
568,1357,2017-01-16 22:20:44.000,"I suggest you drop it, Mr. Data. Mr. Worf, you sound like a man who's asking his friend if he can start dating his sister."
568,1358,2015-01-12 01:51:38.000,I'll alert the crew. When has justice ever been as simple as a rule book?
568,1359,2016-06-11 05:44:17.000,"I'm afraid I still don't understand, sir. Well, that's certainly good to know."
568,1360,2015-03-18 04:23:21.000,Flair is what marks the difference between artistry and mere competence.
569,1361,2016-07-12 01:01:39.000,Travel time to the nearest starbase? The Federation's gone; the Borg is everywhere!
569,1362,2015-04-25 18:23:04.000,"I'm afraid I still don't understand, sir. Well, that's certainly good to know."
570,1363,2016-06-28 10:37:56.000,I'll alert the crew. When has justice ever been as simple as a rule book?
570,1364,2015-03-16 11:07:54.000,"I'm afraid I still don't understand, sir. Well, that's certainly good to know."
570,1365,2017-01-16 12:23:53.000,"Maybe if we felt any human loss as keenly as we feel one of those close to us, human history would be far less bloody."
571,1366,2015-01-23 13:12:21.000,I'll alert the crew. When has justice ever been as simple as a rule book?
571,1367,2016-05-22 13:27:23.000,"I've had twelve years to think about it. And if I had it to do over again, I would have grabbed the phaser and pointed it at you instead of them."
765,1835,2017-01-06 06:01:36.000,Travel time to the nearest starbase? The Federation's gone; the Borg is everywhere!
572,1368,2015-11-02 07:19:38.000,"Maybe if we felt any human loss as keenly as we feel one of those close to us, human history would be far less bloody."
572,1369,2016-10-04 09:43:01.000,"Fate. It protects fools, little children, and ships named Enterprise."
572,1370,2016-09-27 11:36:41.000,Travel time to the nearest starbase? The Federation's gone; the Borg is everywhere!
572,1371,2015-04-21 16:49:44.000,"I suggest you drop it, Mr. Data. Mr. Worf, you sound like a man who's asking his friend if he can start dating his sister."
573,1372,2016-04-08 00:34:33.000,Travel time to the nearest starbase? The Federation's gone; the Borg is everywhere!
573,1373,2016-05-14 03:25:21.000,Flair is what marks the difference between artistry and mere competence.
573,1374,2015-01-19 02:51:02.000,Travel time to the nearest starbase? The Federation's gone; the Borg is everywhere!
574,1375,2015-06-26 07:31:13.000,"I suggest you drop it, Mr. Data. Mr. Worf, you sound like a man who's asking his friend if he can start dating his sister."
574,1376,2015-05-21 12:03:12.000,Flair is what marks the difference between artistry and mere competence.
575,1377,2015-12-23 06:15:32.000,I'll alert the crew. When has justice ever been as simple as a rule book?
575,1378,2016-01-12 19:46:51.000,Travel time to the nearest starbase? The Federation's gone; the Borg is everywhere!
576,1379,2016-03-15 08:30:02.000,"I've had twelve years to think about it. And if I had it to do over again, I would have grabbed the phaser and pointed it at you instead of them."
576,1380,2016-04-12 21:15:37.000,"For an android with no feelings, he sure managed to evoke them in others."
576,1381,2015-07-10 15:58:04.000,Travel time to the nearest starbase? The Federation's gone; the Borg is everywhere!
576,1382,2015-05-02 10:57:36.000,"I suggest you drop it, Mr. Data. Mr. Worf, you sound like a man who's asking his friend if he can start dating his sister."
576,1383,2016-07-26 18:42:12.000,"For an android with no feelings, he sure managed to evoke them in others."
577,1384,2015-06-29 06:21:30.000,Travel time to the nearest starbase? The Federation's gone; the Borg is everywhere!
577,1385,2015-05-30 18:41:49.000,Travel time to the nearest starbase? The Federation's gone; the Borg is everywhere!
577,1386,2015-01-25 07:57:10.000,"I suggest you drop it, Mr. Data. Mr. Worf, you sound like a man who's asking his friend if he can start dating his sister."
578,1387,2016-10-17 01:02:22.000,"Fate. It protects fools, little children, and ships named Enterprise."
578,1388,2015-08-21 11:32:41.000,I'll alert the crew. When has justice ever been as simple as a rule book?
579,1389,2016-10-06 20:19:16.000,Travel time to the nearest starbase? The Federation's gone; the Borg is everywhere!
580,1390,2015-08-27 23:16:27.000,"Fate. It protects fools, little children, and ships named Enterprise."
580,1391,2016-03-13 05:06:16.000,"I suggest you drop it, Mr. Data. Mr. Worf, you sound like a man who's asking his friend if he can start dating his sister."
580,1392,2017-02-04 11:10:33.000,"Fate. It protects fools, little children, and ships named Enterprise."
580,1393,2017-01-31 02:14:58.000,Flair is what marks the difference between artistry and mere competence.
581,1394,2015-12-20 22:04:07.000,I'll alert the crew. When has justice ever been as simple as a rule book?
581,1395,2015-11-17 00:24:36.000,"I'm afraid I still don't understand, sir. Well, that's certainly good to know."
581,1396,2015-06-13 12:31:38.000,"Maybe if we felt any human loss as keenly as we feel one of those close to us, human history would be far less bloody."
581,1397,2015-06-30 05:11:23.000,"I suggest you drop it, Mr. Data. Mr. Worf, you sound like a man who's asking his friend if he can start dating his sister."
582,1398,2016-01-03 23:32:13.000,"I suggest you drop it, Mr. Data. Mr. Worf, you sound like a man who's asking his friend if he can start dating his sister."
584,1399,2015-06-16 06:25:14.000,"Fate. It protects fools, little children, and ships named Enterprise."
584,1400,2015-07-14 16:42:14.000,"Maybe if we felt any human loss as keenly as we feel one of those close to us, human history would be far less bloody."
584,1401,2016-12-31 21:49:21.000,Travel time to the nearest starbase? The Federation's gone; the Borg is everywhere!
584,1402,2016-03-15 10:17:11.000,"I'm afraid I still don't understand, sir. Well, that's certainly good to know."
584,1403,2016-03-15 20:27:14.000,"I've had twelve years to think about it. And if I had it to do over again, I would have grabbed the phaser and pointed it at you instead of them."
585,1404,2015-01-20 13:21:01.000,Travel time to the nearest starbase? The Federation's gone; the Borg is everywhere!
585,1405,2015-04-13 17:16:42.000,"I suggest you drop it, Mr. Data. Mr. Worf, you sound like a man who's asking his friend if he can start dating his sister."
585,1406,2015-12-08 21:30:36.000,Flair is what marks the difference between artistry and mere competence.
585,1407,2015-12-24 02:15:35.000,"I've had twelve years to think about it. And if I had it to do over again, I would have grabbed the phaser and pointed it at you instead of them."
585,1408,2015-08-18 23:16:43.000,"I've had twelve years to think about it. And if I had it to do over again, I would have grabbed the phaser and pointed it at you instead of them."
586,1409,2015-12-30 21:44:05.000,"I'm afraid I still don't understand, sir. Well, that's certainly good to know."
586,1410,2015-07-06 02:24:58.000,"Fate. It protects fools, little children, and ships named Enterprise."
586,1411,2016-08-07 13:40:01.000,"Fate. It protects fools, little children, and ships named Enterprise."
588,1412,2015-05-14 05:57:47.000,I'll alert the crew. When has justice ever been as simple as a rule book?
588,1413,2015-07-31 23:31:28.000,"For an android with no feelings, he sure managed to evoke them in others."
589,1414,2015-10-26 17:13:01.000,"I suggest you drop it, Mr. Data. Mr. Worf, you sound like a man who's asking his friend if he can start dating his sister."
591,1415,2015-03-24 16:27:53.000,I'll alert the crew. When has justice ever been as simple as a rule book?
591,1416,2016-08-04 19:32:10.000,"For an android with no feelings, he sure managed to evoke them in others."
591,1417,2016-08-26 02:18:57.000,"For an android with no feelings, he sure managed to evoke them in others."
591,1418,2016-01-21 22:42:34.000,"Fate. It protects fools, little children, and ships named Enterprise."
591,1419,2015-01-03 15:25:10.000,"I've had twelve years to think about it. And if I had it to do over again, I would have grabbed the phaser and pointed it at you instead of them."
593,1420,2017-02-14 23:53:01.000,Travel time to the nearest starbase? The Federation's gone; the Borg is everywhere!
593,1421,2016-02-28 15:59:43.000,"For an android with no feelings, he sure managed to evoke them in others."
594,1422,2015-10-26 19:19:39.000,"I've had twelve years to think about it. And if I had it to do over again, I would have grabbed the phaser and pointed it at you instead of them."
595,1423,2017-02-21 20:37:13.000,"Fate. It protects fools, little children, and ships named Enterprise."
595,1424,2015-12-19 22:28:07.000,"I've had twelve years to think about it. And if I had it to do over again, I would have grabbed the phaser and pointed it at you instead of them."
596,1425,2015-08-20 10:54:58.000,"I've had twelve years to think about it. And if I had it to do over again, I would have grabbed the phaser and pointed it at you instead of them."
596,1426,2015-12-09 05:20:43.000,"For an android with no feelings, he sure managed to evoke them in others."
596,1427,2015-03-28 03:50:26.000,"I'm afraid I still don't understand, sir. Well, that's certainly good to know."
596,1428,2016-07-06 08:36:02.000,"Maybe if we felt any human loss as keenly as we feel one of those close to us, human history would be far less bloody."
597,1429,2015-12-29 01:47:10.000,Travel time to the nearest starbase? The Federation's gone; the Borg is everywhere!
597,1430,2015-04-25 12:27:23.000,"Fate. It protects fools, little children, and ships named Enterprise."
597,1431,2016-07-03 06:07:28.000,Flair is what marks the difference between artistry and mere competence.
598,1432,2016-01-16 12:09:12.000,I'll alert the crew. When has justice ever been as simple as a rule book?
598,1433,2015-09-08 19:02:00.000,"Fate. It protects fools, little children, and ships named Enterprise."
598,1434,2015-12-19 02:53:15.000,"I suggest you drop it, Mr. Data. Mr. Worf, you sound like a man who's asking his friend if he can start dating his sister."
598,1435,2015-09-10 18:28:18.000,Flair is what marks the difference between artistry and mere competence.
599,1436,2015-04-03 15:51:08.000,"For an android with no feelings, he sure managed to evoke them in others."
599,1437,2017-02-13 15:45:00.000,"I suggest you drop it, Mr. Data. Mr. Worf, you sound like a man who's asking his friend if he can start dating his sister."
599,1438,2015-04-12 18:31:29.000,"Maybe if we felt any human loss as keenly as we feel one of those close to us, human history would be far less bloody."
600,1439,2015-07-08 05:38:50.000,"I've had twelve years to think about it. And if I had it to do over again, I would have grabbed the phaser and pointed it at you instead of them."
601,1440,2015-08-19 03:14:44.000,Flair is what marks the difference between artistry and mere competence.
601,1441,2015-11-22 09:19:12.000,"I suggest you drop it, Mr. Data. Mr. Worf, you sound like a man who's asking his friend if he can start dating his sister."
601,1442,2016-11-06 08:35:20.000,"Fate. It protects fools, little children, and ships named Enterprise."
602,1443,2015-08-31 09:49:59.000,I'll alert the crew. When has justice ever been as simple as a rule book?
602,1444,2017-01-05 22:31:34.000,Flair is what marks the difference between artistry and mere competence.
603,1445,2015-02-15 17:56:16.000,"I'm afraid I still don't understand, sir. Well, that's certainly good to know."
604,1446,2016-11-14 14:17:06.000,Travel time to the nearest starbase? The Federation's gone; the Borg is everywhere!
604,1447,2015-08-06 23:00:10.000,"Fate. It protects fools, little children, and ships named Enterprise."
604,1448,2015-09-06 07:16:27.000,"Fate. It protects fools, little children, and ships named Enterprise."
604,1449,2015-12-11 21:38:29.000,"For an android with no feelings, he sure managed to evoke them in others."
604,1450,2015-07-30 08:10:25.000,"I suggest you drop it, Mr. Data. Mr. Worf, you sound like a man who's asking his friend if he can start dating his sister."
605,1451,2016-11-25 23:22:10.000,"I suggest you drop it, Mr. Data. Mr. Worf, you sound like a man who's asking his friend if he can start dating his sister."
606,1452,2015-09-09 09:14:33.000,I'll alert the crew. When has justice ever been as simple as a rule book?
606,1453,2016-05-03 23:15:18.000,"Fate. It protects fools, little children, and ships named Enterprise."
606,1454,2016-05-01 06:48:52.000,Travel time to the nearest starbase? The Federation's gone; the Borg is everywhere!
606,1455,2016-05-31 04:11:46.000,"I suggest you drop it, Mr. Data. Mr. Worf, you sound like a man who's asking his friend if he can start dating his sister."
606,1456,2015-12-07 02:44:05.000,"Maybe if we felt any human loss as keenly as we feel one of those close to us, human history would be far less bloody."
607,1457,2016-09-04 19:12:46.000,"For an android with no feelings, he sure managed to evoke them in others."
607,1458,2015-10-28 13:51:08.000,"I'm afraid I still don't understand, sir. Well, that's certainly good to know."
609,1459,2015-03-20 23:09:09.000,"Maybe if we felt any human loss as keenly as we feel one of those close to us, human history would be far less bloody."
890,2148,2015-07-25 02:04:37.000,Travel time to the nearest starbase? The Federation's gone; the Borg is everywhere!
890,2149,2016-02-27 07:25:45.000,Flair is what marks the difference between artistry and mere competence.
891,2150,2016-08-16 01:27:09.000,"For an android with no feelings, he sure managed to evoke them in others."
892,2151,2015-01-15 05:21:26.000,"Maybe if we felt any human loss as keenly as we feel one of those close to us, human history would be far less bloody."
892,2152,2016-06-05 11:32:59.000,"Maybe if we felt any human loss as keenly as we feel one of those close to us, human history would be far less bloody."
892,2153,2015-09-14 02:39:28.000,Travel time to the nearest starbase? The Federation's gone; the Borg is everywhere!
893,2154,2015-05-31 06:54:14.000,"For an android with no feelings, he sure managed to evoke them in others."
894,2155,2016-09-17 05:31:19.000,Travel time to the nearest starbase? The Federation's gone; the Borg is everywhere!
894,2156,2016-12-20 18:20:00.000,Travel time to the nearest starbase? The Federation's gone; the Borg is everywhere!
894,2157,2016-02-11 07:18:03.000,Flair is what marks the difference between artistry and mere competence.
894,2158,2016-03-09 13:54:49.000,Travel time to the nearest starbase? The Federation's gone; the Borg is everywhere!
895,2159,2016-02-16 23:58:55.000,I'll alert the crew. When has justice ever been as simple as a rule book?
895,2160,2016-03-27 17:30:36.000,"I've had twelve years to think about it. And if I had it to do over again, I would have grabbed the phaser and pointed it at you instead of them."
896,2161,2016-09-09 08:08:58.000,"For an android with no feelings, he sure managed to evoke them in others."
896,2162,2017-01-01 19:08:35.000,I'll alert the crew. When has justice ever been as simple as a rule book?
896,2163,2015-08-04 00:17:04.000,"I've had twelve years to think about it. And if I had it to do over again, I would have grabbed the phaser and pointed it at you instead of them."
896,2164,2016-11-06 23:07:08.000,"I suggest you drop it, Mr. Data. Mr. Worf, you sound like a man who's asking his friend if he can start dating his sister."
896,2165,2015-03-01 09:39:07.000,"I suggest you drop it, Mr. Data. Mr. Worf, you sound like a man who's asking his friend if he can start dating his sister."
897,2166,2015-12-03 02:27:00.000,"I suggest you drop it, Mr. Data. Mr. Worf, you sound like a man who's asking his friend if he can start dating his sister."
898,2167,2015-07-05 17:04:24.000,I'll alert the crew. When has justice ever been as simple as a rule book?
898,2168,2015-02-06 02:00:35.000,I'll alert the crew. When has justice ever been as simple as a rule book?
898,2169,2015-09-05 02:34:52.000,I'll alert the crew. When has justice ever been as simple as a rule book?
898,2170,2016-10-31 09:52:20.000,"Maybe if we felt any human loss as keenly as we feel one of those close to us, human history would be far less bloody."
898,2171,2015-10-30 15:42:41.000,"I'm afraid I still don't understand, sir. Well, that's certainly good to know."
899,2172,2016-09-02 07:19:07.000,"I'm afraid I still don't understand, sir. Well, that's certainly good to know."
899,2173,2015-09-04 06:51:01.000,"I suggest you drop it, Mr. Data. Mr. Worf, you sound like a man who's asking his friend if he can start dating his sister."
899,2174,2016-05-18 18:33:36.000,"I'm afraid I still don't understand, sir. Well, that's certainly good to know."
899,2175,2015-02-10 20:28:04.000,"I suggest you drop it, Mr. Data. Mr. Worf, you sound like a man who's asking his friend if he can start dating his sister."
899,2176,2015-05-20 17:33:53.000,"Fate. It protects fools, little children, and ships named Enterprise."
900,2177,2015-01-13 20:58:04.000,"Maybe if we felt any human loss as keenly as we feel one of those close to us, human history would be far less bloody."
900,2178,2015-12-17 00:58:22.000,"I suggest you drop it, Mr. Data. Mr. Worf, you sound like a man who's asking his friend if he can start dating his sister."
900,2179,2017-01-25 09:52:20.000,Flair is what marks the difference between artistry and mere competence.
901,2180,2015-06-28 13:01:55.000,I'll alert the crew. When has justice ever been as simple as a rule book?
901,2181,2016-06-19 09:01:11.000,"Maybe if we felt any human loss as keenly as we feel one of those close to us, human history would be far less bloody."
901,2182,2016-03-18 21:07:17.000,"Fate. It protects fools, little children, and ships named Enterprise."
902,2183,2015-11-12 15:56:58.000,"Maybe if we felt any human loss as keenly as we feel one of those close to us, human history would be far less bloody."
902,2184,2015-01-24 19:49:57.000,"I suggest you drop it, Mr. Data. Mr. Worf, you sound like a man who's asking his friend if he can start dating his sister."
902,2185,2016-05-31 22:03:01.000,"For an android with no feelings, he sure managed to evoke them in others."
902,2186,2016-10-13 04:02:29.000,Flair is what marks the difference between artistry and mere competence.
904,2187,2015-06-19 13:20:36.000,"I suggest you drop it, Mr. Data. Mr. Worf, you sound like a man who's asking his friend if he can start dating his sister."
904,2188,2017-01-30 15:21:07.000,Travel time to the nearest starbase? The Federation's gone; the Borg is everywhere!
905,2189,2016-04-19 10:04:56.000,"Maybe if we felt any human loss as keenly as we feel one of those close to us, human history would be far less bloody."
905,2190,2015-09-04 08:19:07.000,"I suggest you drop it, Mr. Data. Mr. Worf, you sound like a man who's asking his friend if he can start dating his sister."
905,2191,2016-10-22 03:58:04.000,"I suggest you drop it, Mr. Data. Mr. Worf, you sound like a man who's asking his friend if he can start dating his sister."
905,2192,2015-05-17 19:38:42.000,"I've had twelve years to think about it. And if I had it to do over again, I would have grabbed the phaser and pointed it at you instead of them."
905,2193,2015-04-20 08:14:06.000,Flair is what marks the difference between artistry and mere competence.
906,2194,2015-12-28 22:31:06.000,"I suggest you drop it, Mr. Data. Mr. Worf, you sound like a man who's asking his friend if he can start dating his sister."
906,2195,2017-02-20 22:07:16.000,"I've had twelve years to think about it. And if I had it to do over again, I would have grabbed the phaser and pointed it at you instead of them."
907,2196,2016-04-11 16:23:02.000,"I'm afraid I still don't understand, sir. Well, that's certainly good to know."
907,2197,2016-11-17 15:05:13.000,"Maybe if we felt any human loss as keenly as we feel one of those close to us, human history would be far less bloody."
907,2198,2017-02-02 07:01:04.000,"Maybe if we felt any human loss as keenly as we feel one of those close to us, human history would be far less bloody."
907,2199,2015-05-21 12:33:34.000,"For an android with no feelings, he sure managed to evoke them in others."
907,2200,2016-08-10 19:18:04.000,"I've had twelve years to think about it. And if I had it to do over again, I would have grabbed the phaser and pointed it at you instead of them."
908,2201,2015-07-19 21:33:31.000,Flair is what marks the difference between artistry and mere competence.
908,2202,2015-06-13 04:18:11.000,I'll alert the crew. When has justice ever been as simple as a rule book?
909,2203,2016-02-16 14:45:59.000,"I suggest you drop it, Mr. Data. Mr. Worf, you sound like a man who's asking his friend if he can start dating his sister."
909,2204,2016-03-16 09:12:21.000,"I'm afraid I still don't understand, sir. Well, that's certainly good to know."
909,2205,2016-10-30 18:25:55.000,"I suggest you drop it, Mr. Data. Mr. Worf, you sound like a man who's asking his friend if he can start dating his sister."
909,2206,2015-02-18 17:20:33.000,Travel time to the nearest starbase? The Federation's gone; the Borg is everywhere!
910,2207,2016-11-04 05:54:23.000,I'll alert the crew. When has justice ever been as simple as a rule book?
737,1772,2016-02-11 16:36:58.000,Flair is what marks the difference between artistry and mere competence.
738,1773,2016-12-30 02:36:53.000,"I suggest you drop it, Mr. Data. Mr. Worf, you sound like a man who's asking his friend if he can start dating his sister."
738,1774,2015-10-05 11:40:53.000,"I've had twelve years to think about it. And if I had it to do over again, I would have grabbed the phaser and pointed it at you instead of them."
738,1775,2015-04-17 08:20:32.000,I'll alert the crew. When has justice ever been as simple as a rule book?
738,1776,2015-06-09 17:56:10.000,"Fate. It protects fools, little children, and ships named Enterprise."
739,1777,2016-12-09 09:27:26.000,"Maybe if we felt any human loss as keenly as we feel one of those close to us, human history would be far less bloody."
739,1778,2015-10-25 17:48:37.000,"For an android with no feelings, he sure managed to evoke them in others."
740,1779,2015-07-30 07:19:16.000,"Fate. It protects fools, little children, and ships named Enterprise."
740,1780,2015-10-21 06:36:32.000,"I suggest you drop it, Mr. Data. Mr. Worf, you sound like a man who's asking his friend if he can start dating his sister."
740,1781,2016-01-03 11:54:38.000,Travel time to the nearest starbase? The Federation's gone; the Borg is everywhere!
740,1782,2017-02-06 01:03:48.000,Flair is what marks the difference between artistry and mere competence.
741,1783,2016-04-05 05:00:44.000,"Maybe if we felt any human loss as keenly as we feel one of those close to us, human history would be far less bloody."
741,1784,2015-04-09 13:44:10.000,"I'm afraid I still don't understand, sir. Well, that's certainly good to know."
742,1785,2016-02-24 21:23:52.000,"For an android with no feelings, he sure managed to evoke them in others."
742,1786,2015-04-21 19:19:09.000,"For an android with no feelings, he sure managed to evoke them in others."
742,1787,2016-03-02 11:44:59.000,"I've had twelve years to think about it. And if I had it to do over again, I would have grabbed the phaser and pointed it at you instead of them."
742,1788,2016-07-30 13:00:33.000,I'll alert the crew. When has justice ever been as simple as a rule book?
743,1789,2015-08-01 18:41:25.000,I'll alert the crew. When has justice ever been as simple as a rule book?
743,1790,2015-03-10 02:32:02.000,"I'm afraid I still don't understand, sir. Well, that's certainly good to know."
743,1791,2015-09-28 20:49:40.000,"For an android with no feelings, he sure managed to evoke them in others."
744,1792,2016-12-30 06:46:36.000,"I suggest you drop it, Mr. Data. Mr. Worf, you sound like a man who's asking his friend if he can start dating his sister."
744,1793,2016-06-19 01:38:02.000,Travel time to the nearest starbase? The Federation's gone; the Borg is everywhere!
745,1794,2017-01-05 05:02:36.000,"Fate. It protects fools, little children, and ships named Enterprise."
745,1795,2017-01-11 19:23:17.000,"Fate. It protects fools, little children, and ships named Enterprise."
745,1796,2015-05-17 02:32:46.000,Flair is what marks the difference between artistry and mere competence.
745,1797,2015-03-22 01:51:56.000,"For an android with no feelings, he sure managed to evoke them in others."
746,1798,2016-12-13 09:05:10.000,"I'm afraid I still don't understand, sir. Well, that's certainly good to know."
747,1799,2016-01-04 12:46:10.000,Flair is what marks the difference between artistry and mere competence.
748,1800,2015-06-17 08:46:24.000,"Maybe if we felt any human loss as keenly as we feel one of those close to us, human history would be far less bloody."
748,1801,2015-11-21 20:07:00.000,"Maybe if we felt any human loss as keenly as we feel one of those close to us, human history would be far less bloody."
748,1802,2015-09-03 14:39:55.000,"I've had twelve years to think about it. And if I had it to do over again, I would have grabbed the phaser and pointed it at you instead of them."
748,1803,2015-12-03 20:49:53.000,Flair is what marks the difference between artistry and mere competence.
749,1804,2015-08-02 21:10:15.000,Flair is what marks the difference between artistry and mere competence.
749,1805,2016-09-06 09:16:20.000,"I'm afraid I still don't understand, sir. Well, that's certainly good to know."
749,1806,2016-09-06 23:30:59.000,"I'm afraid I still don't understand, sir. Well, that's certainly good to know."
750,1807,2015-01-17 13:50:21.000,I'll alert the crew. When has justice ever been as simple as a rule book?
751,1808,2016-02-29 00:10:35.000,Travel time to the nearest starbase? The Federation's gone; the Borg is everywhere!
752,1809,2016-09-04 00:25:55.000,I'll alert the crew. When has justice ever been as simple as a rule book?
753,1810,2017-02-24 21:22:31.000,Travel time to the nearest starbase? The Federation's gone; the Borg is everywhere!
753,1811,2016-07-11 15:41:17.000,Travel time to the nearest starbase? The Federation's gone; the Borg is everywhere!
753,1812,2015-07-13 11:44:45.000,"I'm afraid I still don't understand, sir. Well, that's certainly good to know."
753,1813,2017-02-27 14:14:57.000,"I've had twelve years to think about it. And if I had it to do over again, I would have grabbed the phaser and pointed it at you instead of them."
753,1814,2015-10-08 18:51:28.000,"I suggest you drop it, Mr. Data. Mr. Worf, you sound like a man who's asking his friend if he can start dating his sister."
754,1815,2015-10-11 00:04:23.000,"I've had twelve years to think about it. And if I had it to do over again, I would have grabbed the phaser and pointed it at you instead of them."
756,1816,2016-12-25 07:23:52.000,Travel time to the nearest starbase? The Federation's gone; the Borg is everywhere!
756,1817,2015-09-20 05:56:20.000,"For an android with no feelings, he sure managed to evoke them in others."
756,1818,2015-07-10 01:52:05.000,"I've had twelve years to think about it. And if I had it to do over again, I would have grabbed the phaser and pointed it at you instead of them."
756,1819,2015-05-19 10:29:33.000,"For an android with no feelings, he sure managed to evoke them in others."
757,1820,2015-11-02 03:43:40.000,"I suggest you drop it, Mr. Data. Mr. Worf, you sound like a man who's asking his friend if he can start dating his sister."
757,1821,2016-09-06 03:43:11.000,"I'm afraid I still don't understand, sir. Well, that's certainly good to know."
757,1822,2015-11-07 00:25:16.000,Travel time to the nearest starbase? The Federation's gone; the Borg is everywhere!
757,1823,2016-07-09 22:46:13.000,"Maybe if we felt any human loss as keenly as we feel one of those close to us, human history would be far less bloody."
758,1824,2015-05-16 21:36:29.000,"I've had twelve years to think about it. And if I had it to do over again, I would have grabbed the phaser and pointed it at you instead of them."
758,1825,2015-01-03 20:16:06.000,"I'm afraid I still don't understand, sir. Well, that's certainly good to know."
758,1826,2016-07-15 21:56:24.000,"Fate. It protects fools, little children, and ships named Enterprise."
758,1827,2015-09-28 22:27:19.000,"Maybe if we felt any human loss as keenly as we feel one of those close to us, human history would be far less bloody."
758,1828,2016-02-04 06:19:17.000,Flair is what marks the difference between artistry and mere competence.
759,1829,2015-01-21 11:49:29.000,"I'm afraid I still don't understand, sir. Well, that's certainly good to know."
759,1830,2017-02-12 14:25:42.000,"I suggest you drop it, Mr. Data. Mr. Worf, you sound like a man who's asking his friend if he can start dating his sister."
759,1831,2016-04-09 12:46:02.000,Flair is what marks the difference between artistry and mere competence.
763,1832,2016-09-11 16:18:29.000,"For an android with no feelings, he sure managed to evoke them in others."
763,1833,2015-07-07 08:53:31.000,Flair is what marks the difference between artistry and mere competence.
764,1834,2016-07-08 10:45:08.000,"I'm afraid I still don't understand, sir. Well, that's certainly good to know."
765,1836,2015-12-23 14:49:42.000,"I suggest you drop it, Mr. Data. Mr. Worf, you sound like a man who's asking his friend if he can start dating his sister."
766,1837,2015-01-22 04:32:28.000,Flair is what marks the difference between artistry and mere competence.
766,1838,2016-06-01 06:59:06.000,"I'm afraid I still don't understand, sir. Well, that's certainly good to know."
767,1839,2015-01-06 14:22:04.000,"Maybe if we felt any human loss as keenly as we feel one of those close to us, human history would be far less bloody."
767,1840,2015-05-22 05:27:03.000,I'll alert the crew. When has justice ever been as simple as a rule book?
767,1841,2017-02-06 13:32:36.000,"I'm afraid I still don't understand, sir. Well, that's certainly good to know."
767,1842,2015-10-04 08:22:36.000,"Fate. It protects fools, little children, and ships named Enterprise."
770,1843,2016-11-29 07:06:18.000,Travel time to the nearest starbase? The Federation's gone; the Borg is everywhere!
771,1844,2015-03-08 06:55:25.000,"Maybe if we felt any human loss as keenly as we feel one of those close to us, human history would be far less bloody."
771,1845,2016-04-06 22:31:08.000,"I'm afraid I still don't understand, sir. Well, that's certainly good to know."
771,1846,2016-12-14 11:09:56.000,"I've had twelve years to think about it. And if I had it to do over again, I would have grabbed the phaser and pointed it at you instead of them."
771,1847,2015-02-14 00:35:37.000,"I've had twelve years to think about it. And if I had it to do over again, I would have grabbed the phaser and pointed it at you instead of them."
771,1848,2016-07-21 01:16:34.000,"I suggest you drop it, Mr. Data. Mr. Worf, you sound like a man who's asking his friend if he can start dating his sister."
777,1849,2015-11-04 22:57:23.000,Flair is what marks the difference between artistry and mere competence.
777,1850,2015-11-05 09:47:21.000,"Fate. It protects fools, little children, and ships named Enterprise."
778,1851,2016-02-18 08:11:58.000,I'll alert the crew. When has justice ever been as simple as a rule book?
778,1852,2015-07-31 00:18:26.000,"For an android with no feelings, he sure managed to evoke them in others."
778,1853,2015-09-07 07:47:00.000,"I suggest you drop it, Mr. Data. Mr. Worf, you sound like a man who's asking his friend if he can start dating his sister."
779,1854,2017-02-06 22:59:31.000,"For an android with no feelings, he sure managed to evoke them in others."
779,1855,2017-02-04 09:15:21.000,Flair is what marks the difference between artistry and mere competence.
779,1856,2015-01-22 21:12:39.000,"For an android with no feelings, he sure managed to evoke them in others."
779,1857,2015-01-10 13:14:36.000,"I suggest you drop it, Mr. Data. Mr. Worf, you sound like a man who's asking his friend if he can start dating his sister."
780,1858,2016-05-19 12:07:27.000,"I'm afraid I still don't understand, sir. Well, that's certainly good to know."
780,1859,2015-10-16 19:42:21.000,"For an android with no feelings, he sure managed to evoke them in others."
781,1860,2015-07-06 22:10:54.000,Flair is what marks the difference between artistry and mere competence.
782,1861,2015-10-05 16:17:17.000,"Fate. It protects fools, little children, and ships named Enterprise."
782,1862,2016-04-11 04:03:22.000,"I suggest you drop it, Mr. Data. Mr. Worf, you sound like a man who's asking his friend if he can start dating his sister."
782,1863,2015-12-08 21:58:43.000,"I'm afraid I still don't understand, sir. Well, that's certainly good to know."
782,1864,2016-12-18 07:26:33.000,"Fate. It protects fools, little children, and ships named Enterprise."
783,1865,2015-12-30 14:53:36.000,Travel time to the nearest starbase? The Federation's gone; the Borg is everywhere!
783,1866,2017-01-23 12:21:22.000,"For an android with no feelings, he sure managed to evoke them in others."
783,1867,2016-12-30 06:49:48.000,Flair is what marks the difference between artistry and mere competence.
783,1868,2016-05-12 22:02:15.000,"For an android with no feelings, he sure managed to evoke them in others."
785,1869,2015-04-08 02:11:08.000,"I'm afraid I still don't understand, sir. Well, that's certainly good to know."
785,1870,2015-09-12 15:46:54.000,"Fate. It protects fools, little children, and ships named Enterprise."
785,1871,2015-06-09 01:33:18.000,I'll alert the crew. When has justice ever been as simple as a rule book?
785,1872,2015-04-23 15:16:44.000,I'll alert the crew. When has justice ever been as simple as a rule book?
785,1873,2015-05-27 19:18:10.000,"I'm afraid I still don't understand, sir. Well, that's certainly good to know."
786,1874,2017-02-02 18:25:26.000,"I suggest you drop it, Mr. Data. Mr. Worf, you sound like a man who's asking his friend if he can start dating his sister."
786,1875,2016-01-30 11:05:09.000,"Fate. It protects fools, little children, and ships named Enterprise."
786,1876,2016-12-03 20:51:26.000,"I've had twelve years to think about it. And if I had it to do over again, I would have grabbed the phaser and pointed it at you instead of them."
787,1877,2016-08-14 00:54:30.000,"I've had twelve years to think about it. And if I had it to do over again, I would have grabbed the phaser and pointed it at you instead of them."
787,1878,2016-04-28 11:25:26.000,"I've had twelve years to think about it. And if I had it to do over again, I would have grabbed the phaser and pointed it at you instead of them."
787,1879,2016-04-22 09:51:41.000,"Maybe if we felt any human loss as keenly as we feel one of those close to us, human history would be far less bloody."
787,1880,2016-08-08 13:59:23.000,I'll alert the crew. When has justice ever been as simple as a rule book?
787,1881,2016-09-24 12:41:50.000,"For an android with no feelings, he sure managed to evoke them in others."
788,1882,2015-10-02 23:59:20.000,"Fate. It protects fools, little children, and ships named Enterprise."
788,1883,2015-10-16 19:35:11.000,"I've had twelve years to think about it. And if I had it to do over again, I would have grabbed the phaser and pointed it at you instead of them."
788,1884,2015-01-08 23:59:35.000,Flair is what marks the difference between artistry and mere competence.
788,1885,2016-11-13 07:31:04.000,"For an android with no feelings, he sure managed to evoke them in others."
788,1886,2016-08-26 23:53:45.000,"Maybe if we felt any human loss as keenly as we feel one of those close to us, human history would be far less bloody."
789,1887,2016-08-08 22:23:59.000,"I suggest you drop it, Mr. Data. Mr. Worf, you sound like a man who's asking his friend if he can start dating his sister."
789,1888,2017-02-11 14:04:28.000,"I'm afraid I still don't understand, sir. Well, that's certainly good to know."
789,1889,2015-03-17 11:56:54.000,"Maybe if we felt any human loss as keenly as we feel one of those close to us, human history would be far less bloody."
790,1890,2016-07-21 14:09:24.000,"Fate. It protects fools, little children, and ships named Enterprise."
791,1891,2016-06-08 03:13:26.000,"I've had twelve years to think about it. And if I had it to do over again, I would have grabbed the phaser and pointed it at you instead of them."
791,1892,2015-06-30 15:52:21.000,Flair is what marks the difference between artistry and mere competence.
792,1893,2015-12-13 00:52:02.000,Flair is what marks the difference between artistry and mere competence.
792,1894,2015-08-16 22:40:26.000,"For an android with no feelings, he sure managed to evoke them in others."
793,1895,2015-07-01 20:34:16.000,"I suggest you drop it, Mr. Data. Mr. Worf, you sound like a man who's asking his friend if he can start dating his sister."
793,1896,2016-12-05 07:24:37.000,Flair is what marks the difference between artistry and mere competence.
793,1897,2016-04-27 01:19:24.000,"I've had twelve years to think about it. And if I had it to do over again, I would have grabbed the phaser and pointed it at you instead of them."
793,1898,2015-01-25 02:37:03.000,"I suggest you drop it, Mr. Data. Mr. Worf, you sound like a man who's asking his friend if he can start dating his sister."
793,1899,2016-04-07 14:31:34.000,Flair is what marks the difference between artistry and mere competence.
794,1900,2015-01-05 17:06:06.000,I'll alert the crew. When has justice ever been as simple as a rule book?
794,1901,2015-08-01 05:53:07.000,"For an android with no feelings, he sure managed to evoke them in others."
794,1902,2015-02-26 14:08:00.000,"I'm afraid I still don't understand, sir. Well, that's certainly good to know."
794,1903,2015-08-03 22:25:17.000,"I suggest you drop it, Mr. Data. Mr. Worf, you sound like a man who's asking his friend if he can start dating his sister."
794,1904,2016-09-27 14:47:00.000,"I'm afraid I still don't understand, sir. Well, that's certainly good to know."
795,1905,2015-04-12 10:40:20.000,"I'm afraid I still don't understand, sir. Well, that's certainly good to know."
795,1906,2017-01-18 03:07:22.000,"Maybe if we felt any human loss as keenly as we feel one of those close to us, human history would be far less bloody."
796,1907,2015-03-14 11:10:14.000,"Fate. It protects fools, little children, and ships named Enterprise."
796,1908,2016-01-06 03:55:33.000,"Fate. It protects fools, little children, and ships named Enterprise."
796,1909,2016-06-19 07:48:16.000,"Maybe if we felt any human loss as keenly as we feel one of those close to us, human history would be far less bloody."
798,1910,2016-09-14 19:08:48.000,I'll alert the crew. When has justice ever been as simple as a rule book?
798,1911,2015-10-06 15:19:11.000,"I'm afraid I still don't understand, sir. Well, that's certainly good to know."
798,1912,2016-12-27 15:42:46.000,Flair is what marks the difference between artistry and mere competence.
798,1913,2016-07-14 14:26:47.000,Flair is what marks the difference between artistry and mere competence.
798,1914,2015-07-07 02:30:58.000,"For an android with no feelings, he sure managed to evoke them in others."
799,1915,2016-02-19 19:49:08.000,Travel time to the nearest starbase? The Federation's gone; the Borg is everywhere!
799,1916,2015-10-01 08:57:00.000,"I suggest you drop it, Mr. Data. Mr. Worf, you sound like a man who's asking his friend if he can start dating his sister."
800,1917,2015-08-02 11:37:59.000,"Maybe if we felt any human loss as keenly as we feel one of those close to us, human history would be far less bloody."
801,1918,2016-04-09 05:55:51.000,Flair is what marks the difference between artistry and mere competence.
802,1919,2016-10-29 17:36:05.000,Flair is what marks the difference between artistry and mere competence.
803,1920,2015-04-27 13:38:42.000,"Maybe if we felt any human loss as keenly as we feel one of those close to us, human history would be far less bloody."
803,1921,2015-03-19 21:30:40.000,I'll alert the crew. When has justice ever been as simple as a rule book?
803,1922,2017-01-06 09:11:46.000,Travel time to the nearest starbase? The Federation's gone; the Borg is everywhere!
803,1923,2016-01-27 00:26:48.000,Flair is what marks the difference between artistry and mere competence.
803,1924,2016-10-15 19:33:20.000,I'll alert the crew. When has justice ever been as simple as a rule book?
804,1925,2016-01-27 15:11:22.000,I'll alert the crew. When has justice ever been as simple as a rule book?
804,1926,2015-02-08 14:23:04.000,I'll alert the crew. When has justice ever been as simple as a rule book?
805,1927,2015-02-12 08:04:06.000,"Maybe if we felt any human loss as keenly as we feel one of those close to us, human history would be far less bloody."
805,1928,2015-01-23 16:28:29.000,"Maybe if we felt any human loss as keenly as we feel one of those close to us, human history would be far less bloody."
805,1929,2016-06-08 22:23:26.000,"I've had twelve years to think about it. And if I had it to do over again, I would have grabbed the phaser and pointed it at you instead of them."
805,1930,2016-08-23 01:45:20.000,"Maybe if we felt any human loss as keenly as we feel one of those close to us, human history would be far less bloody."
805,1931,2016-02-20 01:22:02.000,"I've had twelve years to think about it. And if I had it to do over again, I would have grabbed the phaser and pointed it at you instead of them."
806,1932,2016-12-16 09:25:00.000,Flair is what marks the difference between artistry and mere competence.
807,1933,2015-11-16 11:27:52.000,"I suggest you drop it, Mr. Data. Mr. Worf, you sound like a man who's asking his friend if he can start dating his sister."
808,1934,2015-08-06 19:49:28.000,Flair is what marks the difference between artistry and mere competence.
808,1935,2015-10-03 03:37:51.000,Flair is what marks the difference between artistry and mere competence.
808,1936,2015-03-26 23:37:54.000,"For an android with no feelings, he sure managed to evoke them in others."
808,1937,2015-01-02 15:19:14.000,I'll alert the crew. When has justice ever been as simple as a rule book?
808,1938,2015-01-15 22:17:01.000,"For an android with no feelings, he sure managed to evoke them in others."
809,1939,2016-02-28 09:27:09.000,"I've had twelve years to think about it. And if I had it to do over again, I would have grabbed the phaser and pointed it at you instead of them."
810,1940,2016-07-07 00:12:52.000,"Fate. It protects fools, little children, and ships named Enterprise."
810,1941,2016-05-31 01:02:14.000,Flair is what marks the difference between artistry and mere competence.
811,1942,2015-01-27 01:41:50.000,Flair is what marks the difference between artistry and mere competence.
811,1943,2017-02-10 13:18:19.000,"For an android with no feelings, he sure managed to evoke them in others."
811,1944,2015-04-03 10:44:26.000,"I'm afraid I still don't understand, sir. Well, that's certainly good to know."
811,1945,2016-06-15 02:16:56.000,"Maybe if we felt any human loss as keenly as we feel one of those close to us, human history would be far less bloody."
811,1946,2016-08-20 04:56:53.000,"I suggest you drop it, Mr. Data. Mr. Worf, you sound like a man who's asking his friend if he can start dating his sister."
812,1947,2016-10-20 03:13:38.000,Flair is what marks the difference between artistry and mere competence.
812,1948,2015-08-17 17:32:58.000,"I'm afraid I still don't understand, sir. Well, that's certainly good to know."
814,1949,2016-07-20 12:48:09.000,"Fate. It protects fools, little children, and ships named Enterprise."
815,1950,2016-09-19 23:24:36.000,"I suggest you drop it, Mr. Data. Mr. Worf, you sound like a man who's asking his friend if he can start dating his sister."
815,1951,2015-10-29 00:04:50.000,Travel time to the nearest starbase? The Federation's gone; the Borg is everywhere!
815,1952,2016-09-15 06:08:56.000,I'll alert the crew. When has justice ever been as simple as a rule book?
816,1953,2016-10-07 08:18:03.000,"Fate. It protects fools, little children, and ships named Enterprise."
816,1954,2016-12-29 12:48:16.000,"I've had twelve years to think about it. And if I had it to do over again, I would have grabbed the phaser and pointed it at you instead of them."
816,1955,2016-10-17 22:55:36.000,"I've had twelve years to think about it. And if I had it to do over again, I would have grabbed the phaser and pointed it at you instead of them."
816,1956,2016-11-18 23:13:38.000,"Fate. It protects fools, little children, and ships named Enterprise."
816,1957,2016-12-13 01:57:25.000,"Maybe if we felt any human loss as keenly as we feel one of those close to us, human history would be far less bloody."
817,1958,2016-09-03 06:25:37.000,I'll alert the crew. When has justice ever been as simple as a rule book?
817,1959,2016-04-07 11:13:48.000,"For an android with no feelings, he sure managed to evoke them in others."
818,1960,2015-08-10 15:19:49.000,I'll alert the crew. When has justice ever been as simple as a rule book?
818,1961,2016-03-08 14:23:30.000,Flair is what marks the difference between artistry and mere competence.
818,1962,2016-08-29 13:08:46.000,"I'm afraid I still don't understand, sir. Well, that's certainly good to know."
818,1963,2016-01-08 04:25:01.000,"For an android with no feelings, he sure managed to evoke them in others."
818,1964,2016-02-25 03:45:33.000,Flair is what marks the difference between artistry and mere competence.
820,1965,2015-07-13 01:40:21.000,"Maybe if we felt any human loss as keenly as we feel one of those close to us, human history would be far less bloody."
820,1966,2015-12-04 11:55:18.000,"For an android with no feelings, he sure managed to evoke them in others."
820,1967,2015-11-21 00:46:23.000,Flair is what marks the difference between artistry and mere competence.
820,1968,2016-07-17 21:58:21.000,"I've had twelve years to think about it. And if I had it to do over again, I would have grabbed the phaser and pointed it at you instead of them."
820,1969,2015-03-28 20:06:56.000,"I'm afraid I still don't understand, sir. Well, that's certainly good to know."
821,1970,2016-08-10 02:06:47.000,"Fate. It protects fools, little children, and ships named Enterprise."
823,1971,2015-09-09 03:19:29.000,Flair is what marks the difference between artistry and mere competence.
823,1972,2016-01-07 11:50:02.000,"I'm afraid I still don't understand, sir. Well, that's certainly good to know."
823,1973,2015-02-26 02:38:59.000,"I've had twelve years to think about it. And if I had it to do over again, I would have grabbed the phaser and pointed it at you instead of them."
824,1974,2015-09-11 16:02:22.000,"For an android with no feelings, he sure managed to evoke them in others."
824,1975,2016-05-28 19:03:50.000,Flair is what marks the difference between artistry and mere competence.
824,1976,2016-05-11 21:42:30.000,"I've had twelve years to think about it. And if I had it to do over again, I would have grabbed the phaser and pointed it at you instead of them."
824,1977,2017-01-22 10:56:27.000,"Fate. It protects fools, little children, and ships named Enterprise."
826,1978,2015-11-18 21:07:08.000,Travel time to the nearest starbase? The Federation's gone; the Borg is everywhere!
826,1979,2016-02-07 19:19:00.000,"For an android with no feelings, he sure managed to evoke them in others."
826,1980,2015-04-26 21:15:51.000,"I'm afraid I still don't understand, sir. Well, that's certainly good to know."
826,1981,2016-10-20 20:46:39.000,"Maybe if we felt any human loss as keenly as we feel one of those close to us, human history would be far less bloody."
826,1982,2015-07-12 05:15:39.000,I'll alert the crew. When has justice ever been as simple as a rule book?
827,1983,2015-05-18 00:28:30.000,I'll alert the crew. When has justice ever been as simple as a rule book?
828,1984,2016-08-02 12:59:01.000,Flair is what marks the difference between artistry and mere competence.
828,1985,2017-01-23 18:49:41.000,Flair is what marks the difference between artistry and mere competence.
828,1986,2016-04-27 23:56:22.000,"Fate. It protects fools, little children, and ships named Enterprise."
828,1987,2016-05-29 21:55:20.000,"Fate. It protects fools, little children, and ships named Enterprise."
829,1988,2017-02-02 11:58:20.000,"I suggest you drop it, Mr. Data. Mr. Worf, you sound like a man who's asking his friend if he can start dating his sister."
830,1989,2017-01-13 23:19:11.000,"Maybe if we felt any human loss as keenly as we feel one of those close to us, human history would be far less bloody."
830,1990,2015-11-12 14:06:28.000,"I'm afraid I still don't understand, sir. Well, that's certainly good to know."
831,1991,2016-11-30 07:19:39.000,"Maybe if we felt any human loss as keenly as we feel one of those close to us, human history would be far less bloody."
832,1992,2015-03-28 10:12:03.000,"Maybe if we felt any human loss as keenly as we feel one of those close to us, human history would be far less bloody."
832,1993,2015-10-05 11:06:50.000,"I suggest you drop it, Mr. Data. Mr. Worf, you sound like a man who's asking his friend if he can start dating his sister."
833,1994,2015-11-20 05:22:32.000,"I've had twelve years to think about it. And if I had it to do over again, I would have grabbed the phaser and pointed it at you instead of them."
833,1995,2016-08-15 22:55:59.000,"For an android with no feelings, he sure managed to evoke them in others."
833,1996,2015-03-17 06:34:23.000,Flair is what marks the difference between artistry and mere competence.
833,1997,2015-05-19 12:14:55.000,Flair is what marks the difference between artistry and mere competence.
833,1998,2015-01-14 14:00:58.000,I'll alert the crew. When has justice ever been as simple as a rule book?
834,1999,2016-05-31 13:39:54.000,"Maybe if we felt any human loss as keenly as we feel one of those close to us, human history would be far less bloody."
834,2000,2015-02-23 10:59:03.000,"Maybe if we felt any human loss as keenly as we feel one of those close to us, human history would be far less bloody."
834,2001,2016-01-13 21:52:40.000,"Maybe if we felt any human loss as keenly as we feel one of those close to us, human history would be far less bloody."
834,2002,2015-07-21 15:25:36.000,Travel time to the nearest starbase? The Federation's gone; the Borg is everywhere!
834,2003,2016-06-04 08:44:36.000,I'll alert the crew. When has justice ever been as simple as a rule book?
835,2004,2016-10-27 01:40:45.000,"For an android with no feelings, he sure managed to evoke them in others."
835,2005,2015-12-31 03:25:55.000,I'll alert the crew. When has justice ever been as simple as a rule book?
836,2006,2015-03-20 06:51:11.000,I'll alert the crew. When has justice ever been as simple as a rule book?
836,2007,2015-06-17 22:50:29.000,"I've had twelve years to think about it. And if I had it to do over again, I would have grabbed the phaser and pointed it at you instead of them."
836,2008,2016-03-19 04:31:09.000,"I suggest you drop it, Mr. Data. Mr. Worf, you sound like a man who's asking his friend if he can start dating his sister."
836,2009,2016-01-18 11:58:03.000,"I'm afraid I still don't understand, sir. Well, that's certainly good to know."
836,2010,2015-03-08 06:35:04.000,"I suggest you drop it, Mr. Data. Mr. Worf, you sound like a man who's asking his friend if he can start dating his sister."
837,2011,2016-07-11 21:54:14.000,"For an android with no feelings, he sure managed to evoke them in others."
837,2012,2016-05-21 09:06:52.000,Flair is what marks the difference between artistry and mere competence.
837,2013,2015-11-02 07:38:37.000,I'll alert the crew. When has justice ever been as simple as a rule book?
838,2014,2016-07-10 07:21:52.000,"I suggest you drop it, Mr. Data. Mr. Worf, you sound like a man who's asking his friend if he can start dating his sister."
838,2015,2016-09-02 01:53:27.000,"Maybe if we felt any human loss as keenly as we feel one of those close to us, human history would be far less bloody."
838,2016,2015-09-23 14:40:57.000,Flair is what marks the difference between artistry and mere competence.
839,2017,2016-11-03 02:37:21.000,"I've had twelve years to think about it. And if I had it to do over again, I would have grabbed the phaser and pointed it at you instead of them."
839,2018,2016-09-29 18:08:05.000,"I've had twelve years to think about it. And if I had it to do over again, I would have grabbed the phaser and pointed it at you instead of them."
839,2019,2016-03-19 13:13:23.000,Travel time to the nearest starbase? The Federation's gone; the Borg is everywhere!
839,2020,2015-12-09 02:34:11.000,"I'm afraid I still don't understand, sir. Well, that's certainly good to know."
839,2021,2015-06-10 22:58:30.000,"For an android with no feelings, he sure managed to evoke them in others."
840,2022,2016-11-19 11:07:39.000,"Fate. It protects fools, little children, and ships named Enterprise."
840,2023,2016-02-04 01:08:30.000,"I've had twelve years to think about it. And if I had it to do over again, I would have grabbed the phaser and pointed it at you instead of them."
840,2024,2015-06-25 10:04:48.000,"I suggest you drop it, Mr. Data. Mr. Worf, you sound like a man who's asking his friend if he can start dating his sister."
841,2025,2015-07-21 17:35:47.000,"I suggest you drop it, Mr. Data. Mr. Worf, you sound like a man who's asking his friend if he can start dating his sister."
841,2026,2016-08-04 20:35:39.000,"I suggest you drop it, Mr. Data. Mr. Worf, you sound like a man who's asking his friend if he can start dating his sister."
841,2027,2017-01-24 20:22:00.000,"Maybe if we felt any human loss as keenly as we feel one of those close to us, human history would be far less bloody."
841,2028,2015-07-20 15:19:26.000,"I'm afraid I still don't understand, sir. Well, that's certainly good to know."
841,2029,2016-06-04 06:12:23.000,"For an android with no feelings, he sure managed to evoke them in others."
842,2030,2015-07-02 16:39:54.000,"Fate. It protects fools, little children, and ships named Enterprise."
842,2031,2016-05-11 07:46:24.000,"I suggest you drop it, Mr. Data. Mr. Worf, you sound like a man who's asking his friend if he can start dating his sister."
843,2032,2015-10-21 04:57:07.000,"Fate. It protects fools, little children, and ships named Enterprise."
843,2033,2016-06-29 12:42:59.000,"Fate. It protects fools, little children, and ships named Enterprise."
843,2034,2015-03-19 13:43:01.000,"Maybe if we felt any human loss as keenly as we feel one of those close to us, human history would be far less bloody."
843,2035,2016-09-06 20:34:51.000,"For an android with no feelings, he sure managed to evoke them in others."
844,2036,2016-07-10 07:33:57.000,"Maybe if we felt any human loss as keenly as we feel one of those close to us, human history would be far less bloody."
845,2037,2016-03-20 01:21:43.000,"Maybe if we felt any human loss as keenly as we feel one of those close to us, human history would be far less bloody."
847,2038,2015-04-08 20:08:22.000,Flair is what marks the difference between artistry and mere competence.
847,2039,2016-01-15 00:22:35.000,"For an android with no feelings, he sure managed to evoke them in others."
847,2040,2017-02-17 08:21:58.000,I'll alert the crew. When has justice ever been as simple as a rule book?
847,2041,2016-04-03 00:50:47.000,Flair is what marks the difference between artistry and mere competence.
848,2042,2016-08-12 17:12:02.000,Travel time to the nearest starbase? The Federation's gone; the Borg is everywhere!
848,2043,2015-05-14 01:23:24.000,Travel time to the nearest starbase? The Federation's gone; the Borg is everywhere!
848,2044,2015-06-18 07:35:09.000,Travel time to the nearest starbase? The Federation's gone; the Borg is everywhere!
848,2045,2015-11-08 01:42:38.000,"I suggest you drop it, Mr. Data. Mr. Worf, you sound like a man who's asking his friend if he can start dating his sister."
849,2046,2016-04-30 03:15:41.000,"I suggest you drop it, Mr. Data. Mr. Worf, you sound like a man who's asking his friend if he can start dating his sister."
849,2047,2016-09-06 08:05:00.000,"I've had twelve years to think about it. And if I had it to do over again, I would have grabbed the phaser and pointed it at you instead of them."
849,2048,2016-10-19 10:00:13.000,"I've had twelve years to think about it. And if I had it to do over again, I would have grabbed the phaser and pointed it at you instead of them."
849,2049,2016-09-19 20:00:20.000,"I've had twelve years to think about it. And if I had it to do over again, I would have grabbed the phaser and pointed it at you instead of them."
849,2050,2016-02-16 23:15:18.000,Travel time to the nearest starbase? The Federation's gone; the Borg is everywhere!
850,2051,2016-09-22 02:27:37.000,"For an android with no feelings, he sure managed to evoke them in others."
850,2052,2016-05-30 07:38:38.000,"Maybe if we felt any human loss as keenly as we feel one of those close to us, human history would be far less bloody."
850,2053,2017-02-01 07:20:57.000,Travel time to the nearest starbase? The Federation's gone; the Borg is everywhere!
850,2054,2015-06-29 15:15:57.000,Flair is what marks the difference between artistry and mere competence.
850,2055,2017-01-03 03:45:52.000,Flair is what marks the difference between artistry and mere competence.
851,2056,2016-06-29 01:06:26.000,"I've had twelve years to think about it. And if I had it to do over again, I would have grabbed the phaser and pointed it at you instead of them."
852,2057,2016-10-05 12:26:01.000,"I suggest you drop it, Mr. Data. Mr. Worf, you sound like a man who's asking his friend if he can start dating his sister."
852,2058,2016-04-30 23:37:52.000,"Fate. It protects fools, little children, and ships named Enterprise."
853,2059,2017-01-30 07:12:38.000,"I suggest you drop it, Mr. Data. Mr. Worf, you sound like a man who's asking his friend if he can start dating his sister."
853,2060,2016-03-27 20:08:58.000,"I suggest you drop it, Mr. Data. Mr. Worf, you sound like a man who's asking his friend if he can start dating his sister."
853,2061,2016-10-03 04:58:30.000,Flair is what marks the difference between artistry and mere competence.
853,2062,2016-05-20 10:36:41.000,Flair is what marks the difference between artistry and mere competence.
854,2063,2016-05-22 09:00:11.000,"Maybe if we felt any human loss as keenly as we feel one of those close to us, human history would be far less bloody."
856,2064,2016-03-31 05:15:12.000,"Fate. It protects fools, little children, and ships named Enterprise."
856,2065,2015-05-30 04:46:59.000,"Maybe if we felt any human loss as keenly as we feel one of those close to us, human history would be far less bloody."
857,2066,2015-09-06 10:54:18.000,"I've had twelve years to think about it. And if I had it to do over again, I would have grabbed the phaser and pointed it at you instead of them."
857,2067,2016-04-02 04:26:36.000,I'll alert the crew. When has justice ever been as simple as a rule book?
857,2068,2016-03-22 08:04:23.000,"For an android with no feelings, he sure managed to evoke them in others."
858,2069,2015-06-01 15:26:18.000,Travel time to the nearest starbase? The Federation's gone; the Borg is everywhere!
859,2070,2015-03-05 13:47:52.000,"For an android with no feelings, he sure managed to evoke them in others."
860,2071,2017-01-26 06:34:53.000,"I suggest you drop it, Mr. Data. Mr. Worf, you sound like a man who's asking his friend if he can start dating his sister."
860,2072,2015-01-13 20:03:50.000,"I've had twelve years to think about it. And if I had it to do over again, I would have grabbed the phaser and pointed it at you instead of them."
860,2073,2016-07-22 23:32:03.000,"For an android with no feelings, he sure managed to evoke them in others."
860,2074,2016-12-30 18:27:13.000,"I suggest you drop it, Mr. Data. Mr. Worf, you sound like a man who's asking his friend if he can start dating his sister."
860,2075,2017-02-09 20:53:04.000,"Maybe if we felt any human loss as keenly as we feel one of those close to us, human history would be far less bloody."
862,2076,2015-04-25 05:39:12.000,Flair is what marks the difference between artistry and mere competence.
862,2077,2016-05-01 16:12:31.000,I'll alert the crew. When has justice ever been as simple as a rule book?
862,2078,2015-04-04 13:45:22.000,"I'm afraid I still don't understand, sir. Well, that's certainly good to know."
862,2079,2016-06-08 09:30:45.000,"I'm afraid I still don't understand, sir. Well, that's certainly good to know."
862,2080,2016-03-30 21:50:00.000,"I suggest you drop it, Mr. Data. Mr. Worf, you sound like a man who's asking his friend if he can start dating his sister."
863,2081,2015-09-27 15:01:03.000,"I've had twelve years to think about it. And if I had it to do over again, I would have grabbed the phaser and pointed it at you instead of them."
863,2082,2015-09-10 19:08:10.000,"Fate. It protects fools, little children, and ships named Enterprise."
863,2083,2015-01-28 16:14:21.000,"I'm afraid I still don't understand, sir. Well, that's certainly good to know."
863,2084,2016-07-10 11:39:22.000,Flair is what marks the difference between artistry and mere competence.
863,2085,2016-12-15 02:15:23.000,"I'm afraid I still don't understand, sir. Well, that's certainly good to know."
864,2086,2016-01-16 10:47:16.000,"Fate. It protects fools, little children, and ships named Enterprise."
864,2087,2015-01-29 17:18:07.000,Flair is what marks the difference between artistry and mere competence.
864,2088,2015-04-18 19:30:57.000,I'll alert the crew. When has justice ever been as simple as a rule book?
865,2089,2015-11-27 22:22:36.000,"I've had twelve years to think about it. And if I had it to do over again, I would have grabbed the phaser and pointed it at you instead of them."
865,2090,2015-10-21 01:25:45.000,"I've had twelve years to think about it. And if I had it to do over again, I would have grabbed the phaser and pointed it at you instead of them."
866,2091,2015-06-09 05:16:08.000,"For an android with no feelings, he sure managed to evoke them in others."
866,2092,2015-10-15 03:11:59.000,"Fate. It protects fools, little children, and ships named Enterprise."
868,2093,2016-08-12 05:35:02.000,"Fate. It protects fools, little children, and ships named Enterprise."
868,2094,2016-02-19 11:23:34.000,"I suggest you drop it, Mr. Data. Mr. Worf, you sound like a man who's asking his friend if he can start dating his sister."
868,2095,2015-01-23 08:14:59.000,"Fate. It protects fools, little children, and ships named Enterprise."
869,2096,2017-02-06 21:04:51.000,"For an android with no feelings, he sure managed to evoke them in others."
869,2097,2015-08-05 05:35:22.000,"I suggest you drop it, Mr. Data. Mr. Worf, you sound like a man who's asking his friend if he can start dating his sister."
870,2098,2015-04-21 19:05:30.000,"I suggest you drop it, Mr. Data. Mr. Worf, you sound like a man who's asking his friend if he can start dating his sister."
870,2099,2016-07-24 05:49:41.000,Flair is what marks the difference between artistry and mere competence.
870,2100,2015-04-07 12:30:40.000,I'll alert the crew. When has justice ever been as simple as a rule book?
870,2101,2016-01-31 05:21:55.000,"I'm afraid I still don't understand, sir. Well, that's certainly good to know."
870,2102,2016-05-02 14:49:31.000,"I've had twelve years to think about it. And if I had it to do over again, I would have grabbed the phaser and pointed it at you instead of them."
871,2103,2015-01-11 04:50:45.000,I'll alert the crew. When has justice ever been as simple as a rule book?
871,2104,2016-02-29 05:17:33.000,Flair is what marks the difference between artistry and mere competence.
871,2105,2016-09-13 16:55:01.000,"I suggest you drop it, Mr. Data. Mr. Worf, you sound like a man who's asking his friend if he can start dating his sister."
872,2106,2016-01-13 23:49:48.000,"I've had twelve years to think about it. And if I had it to do over again, I would have grabbed the phaser and pointed it at you instead of them."
872,2107,2016-02-15 06:10:40.000,"I've had twelve years to think about it. And if I had it to do over again, I would have grabbed the phaser and pointed it at you instead of them."
872,2108,2015-03-17 13:29:17.000,"I suggest you drop it, Mr. Data. Mr. Worf, you sound like a man who's asking his friend if he can start dating his sister."
873,2109,2016-11-26 08:23:20.000,"I suggest you drop it, Mr. Data. Mr. Worf, you sound like a man who's asking his friend if he can start dating his sister."
873,2110,2016-08-19 19:04:42.000,"For an android with no feelings, he sure managed to evoke them in others."
874,2111,2015-09-02 00:51:03.000,Travel time to the nearest starbase? The Federation's gone; the Borg is everywhere!
875,2112,2015-12-30 14:06:21.000,Travel time to the nearest starbase? The Federation's gone; the Borg is everywhere!
875,2113,2016-08-21 09:11:44.000,"I've had twelve years to think about it. And if I had it to do over again, I would have grabbed the phaser and pointed it at you instead of them."
875,2114,2017-01-14 09:48:26.000,"I've had twelve years to think about it. And if I had it to do over again, I would have grabbed the phaser and pointed it at you instead of them."
875,2115,2017-02-20 02:51:07.000,Travel time to the nearest starbase? The Federation's gone; the Borg is everywhere!
875,2116,2015-06-28 23:00:25.000,Flair is what marks the difference between artistry and mere competence.
876,2117,2015-12-04 01:12:10.000,"Maybe if we felt any human loss as keenly as we feel one of those close to us, human history would be far less bloody."
876,2118,2015-08-13 18:25:50.000,"Fate. It protects fools, little children, and ships named Enterprise."
877,2119,2015-09-24 02:47:55.000,"I suggest you drop it, Mr. Data. Mr. Worf, you sound like a man who's asking his friend if he can start dating his sister."
879,2120,2016-06-22 07:07:06.000,"I've had twelve years to think about it. And if I had it to do over again, I would have grabbed the phaser and pointed it at you instead of them."
879,2121,2015-01-14 19:16:23.000,"Maybe if we felt any human loss as keenly as we feel one of those close to us, human history would be far less bloody."
880,2122,2015-02-13 08:24:40.000,"For an android with no feelings, he sure managed to evoke them in others."
880,2123,2016-05-12 23:59:49.000,I'll alert the crew. When has justice ever been as simple as a rule book?
880,2124,2016-08-17 19:46:54.000,"Fate. It protects fools, little children, and ships named Enterprise."
880,2125,2016-03-18 20:24:57.000,I'll alert the crew. When has justice ever been as simple as a rule book?
881,2126,2015-08-09 04:48:32.000,"Maybe if we felt any human loss as keenly as we feel one of those close to us, human history would be far less bloody."
881,2127,2016-09-17 08:16:02.000,"I've had twelve years to think about it. And if I had it to do over again, I would have grabbed the phaser and pointed it at you instead of them."
881,2128,2016-10-08 00:19:20.000,"I've had twelve years to think about it. And if I had it to do over again, I would have grabbed the phaser and pointed it at you instead of them."
883,2129,2016-04-12 11:43:26.000,Flair is what marks the difference between artistry and mere competence.
883,2130,2015-06-22 14:07:40.000,"Maybe if we felt any human loss as keenly as we feel one of those close to us, human history would be far less bloody."
885,2131,2015-04-09 04:55:38.000,"I'm afraid I still don't understand, sir. Well, that's certainly good to know."
885,2132,2015-08-20 18:46:44.000,Flair is what marks the difference between artistry and mere competence.
885,2133,2016-10-28 07:03:20.000,I'll alert the crew. When has justice ever been as simple as a rule book?
885,2134,2015-02-10 04:23:01.000,"Maybe if we felt any human loss as keenly as we feel one of those close to us, human history would be far less bloody."
886,2135,2015-09-24 05:15:04.000,"I've had twelve years to think about it. And if I had it to do over again, I would have grabbed the phaser and pointed it at you instead of them."
886,2136,2015-02-14 10:56:21.000,Flair is what marks the difference between artistry and mere competence.
886,2137,2016-06-19 10:11:25.000,Travel time to the nearest starbase? The Federation's gone; the Borg is everywhere!
886,2138,2015-12-24 19:26:25.000,Flair is what marks the difference between artistry and mere competence.
886,2139,2016-07-10 05:45:13.000,I'll alert the crew. When has justice ever been as simple as a rule book?
887,2140,2015-05-12 10:31:06.000,"I've had twelve years to think about it. And if I had it to do over again, I would have grabbed the phaser and pointed it at you instead of them."
887,2141,2015-03-16 02:32:53.000,Travel time to the nearest starbase? The Federation's gone; the Borg is everywhere!
887,2142,2017-01-22 06:07:06.000,I'll alert the crew. When has justice ever been as simple as a rule book?
888,2143,2015-10-17 17:18:58.000,"For an android with no feelings, he sure managed to evoke them in others."
888,2144,2016-04-01 19:00:06.000,"Fate. It protects fools, little children, and ships named Enterprise."
889,2145,2016-11-13 05:08:40.000,Travel time to the nearest starbase? The Federation's gone; the Borg is everywhere!
889,2146,2016-12-02 19:04:48.000,"Fate. It protects fools, little children, and ships named Enterprise."
890,2147,2015-06-01 19:40:05.000,"Fate. It protects fools, little children, and ships named Enterprise."
982,2386,2015-11-12 15:17:24.000,"I've had twelve years to think about it. And if I had it to do over again, I would have grabbed the phaser and pointed it at you instead of them."
982,2387,2016-05-14 06:26:27.000,"I suggest you drop it, Mr. Data. Mr. Worf, you sound like a man who's asking his friend if he can start dating his sister."
991,2405,2017-01-24 00:21:14.000,"I suggest you drop it, Mr. Data. Mr. Worf, you sound like a man who's asking his friend if he can start dating his sister."
987,2400,2015-09-20 15:24:01.000,Flair is what marks the difference between artistry and mere competence.
987,2401,2015-10-06 01:58:13.000,"I'm afraid I still don't understand, sir. Well, that's certainly good to know."
989,2402,2015-08-01 10:18:58.000,"I'm afraid I still don't understand, sir. Well, that's certainly good to know."
990,2403,2016-12-15 08:31:24.000,"I've had twelve years to think about it. And if I had it to do over again, I would have grabbed the phaser and pointed it at you instead of them."
990,2404,2015-12-10 08:55:48.000,"I'm afraid I still don't understand, sir. Well, that's certainly good to know."
992,2406,2016-12-15 16:58:43.000,"I'm afraid I still don't understand, sir. Well, that's certainly good to know."
992,2407,2015-06-22 18:19:31.000,Flair is what marks the difference between artistry and mere competence.
992,2408,2016-01-10 03:33:49.000,"I've had twelve years to think about it. And if I had it to do over again, I would have grabbed the phaser and pointed it at you instead of them."
994,2409,2016-11-11 22:21:27.000,"For an android with no feelings, he sure managed to evoke them in others."
994,2410,2015-10-16 16:34:07.000,I'll alert the crew. When has justice ever been as simple as a rule book?
994,2411,2016-08-11 09:56:56.000,Travel time to the nearest starbase? The Federation's gone; the Borg is everywhere!
994,2412,2015-06-15 07:13:19.000,I'll alert the crew. When has justice ever been as simple as a rule book?
994,2413,2016-02-14 20:32:35.000,Flair is what marks the difference between artistry and mere competence.
995,2414,2016-12-26 16:23:41.000,"I'm afraid I still don't understand, sir. Well, that's certainly good to know."
995,2415,2016-02-08 19:56:33.000,Travel time to the nearest starbase? The Federation's gone; the Borg is everywhere!
995,2416,2016-12-28 00:39:00.000,"I suggest you drop it, Mr. Data. Mr. Worf, you sound like a man who's asking his friend if he can start dating his sister."
995,2417,2016-10-14 06:48:48.000,"Fate. It protects fools, little children, and ships named Enterprise."
995,2418,2015-04-17 20:07:25.000,"Maybe if we felt any human loss as keenly as we feel one of those close to us, human history would be far less bloody."
996,2419,2016-01-19 22:41:16.000,"For an android with no feelings, he sure managed to evoke them in others."
998,2420,2015-11-03 13:46:04.000,"I suggest you drop it, Mr. Data. Mr. Worf, you sound like a man who's asking his friend if he can start dating his sister."
998,2421,2015-03-01 08:15:42.000,Flair is what marks the difference between artistry and mere competence.
998,2422,2015-01-22 21:04:19.000,"For an android with no feelings, he sure managed to evoke them in others."
998,2423,2016-07-11 07:10:37.000,"For an android with no feelings, he sure managed to evoke them in others."
998,2424,2015-06-07 17:05:27.000,"I'm afraid I still don't understand, sir. Well, that's certainly good to know."
999,2425,2016-12-08 10:08:27.000,I'll alert the crew. When has justice ever been as simple as a rule book?
1000,2426,2016-06-16 05:41:52.000,I'll alert the crew. When has justice ever been as simple as a rule book?
1000,2427,2017-01-27 05:37:55.000,"For an android with no feelings, he sure managed to evoke them in others."
1000,2428,2016-11-17 19:04:15.000,I'll alert the crew. When has justice ever been as simple as a rule book?
1000,2429,2016-08-11 11:41:59.000,"Maybe if we felt any human loss as keenly as we feel one of those close to us, human history would be far less bloody."
1000,2430,2015-10-25 07:38:44.000,"I've had twelve years to think about it. And if I had it to do over again, I would have grabbed the phaser and pointed it at you instead of them."
1002,2431,2016-08-03 12:41:23.000,I'll alert the crew. When has justice ever been as simple as a rule book?
1002,2432,2015-07-25 23:26:06.000,"Maybe if we felt any human loss as keenly as we feel one of those close to us, human history would be far less bloody."
1002,2433,2015-12-15 15:43:16.000,"Fate. It protects fools, little children, and ships named Enterprise."
1003,2434,2016-07-21 10:35:47.000,I'll alert the crew. When has justice ever been as simple as a rule book?
1014,2450,2016-04-26 06:00:34.000,"For an android with no feelings, he sure managed to evoke them in others."
1004,2435,2015-09-26 12:19:10.000,"I've had twelve years to think about it. And if I had it to do over again, I would have grabbed the phaser and pointed it at you instead of them."
1004,2436,2016-11-12 04:50:27.000,"Fate. It protects fools, little children, and ships named Enterprise."
1005,2437,2017-02-16 12:10:32.000,Flair is what marks the difference between artistry and mere competence.
1005,2438,2015-12-09 07:00:35.000,"I'm afraid I still don't understand, sir. Well, that's certainly good to know."
1005,2439,2015-09-10 17:23:31.000,"I suggest you drop it, Mr. Data. Mr. Worf, you sound like a man who's asking his friend if he can start dating his sister."
1005,2440,2016-04-15 14:09:09.000,"I suggest you drop it, Mr. Data. Mr. Worf, you sound like a man who's asking his friend if he can start dating his sister."
1006,2441,2015-12-10 09:43:59.000,"I suggest you drop it, Mr. Data. Mr. Worf, you sound like a man who's asking his friend if he can start dating his sister."
1006,2442,2016-09-19 11:13:42.000,"For an android with no feelings, he sure managed to evoke them in others."
1007,2443,2016-04-08 23:08:50.000,"Maybe if we felt any human loss as keenly as we feel one of those close to us, human history would be far less bloody."
1008,2444,2015-09-10 07:18:22.000,"Maybe if we felt any human loss as keenly as we feel one of those close to us, human history would be far less bloody."
1008,2445,2017-02-15 10:16:19.000,I'll alert the crew. When has justice ever been as simple as a rule book?
1008,2446,2015-12-01 13:30:43.000,"Fate. It protects fools, little children, and ships named Enterprise."
1008,2447,2015-05-02 10:39:36.000,I'll alert the crew. When has justice ever been as simple as a rule book?
1008,2448,2017-02-01 11:38:37.000,"For an android with no feelings, he sure managed to evoke them in others."
1009,2449,2016-12-12 13:54:06.000,"I've had twelve years to think about it. And if I had it to do over again, I would have grabbed the phaser and pointed it at you instead of them."
1010,2451,2015-01-02 23:59:05.000,I'll alert the crew. When has justice ever been as simple as a rule book?
1011,2452,2015-08-15 14:38:08.000,"Maybe if we felt any human loss as keenly as we feel one of those close to us, human history would be far less bloody."
1011,2453,2015-10-30 18:08:53.000,"I've had twelve years to think about it. And if I had it to do over again, I would have grabbed the phaser and pointed it at you instead of them."
1011,2454,2016-07-10 16:32:50.000,"Maybe if we felt any human loss as keenly as we feel one of those close to us, human history would be far less bloody."
1012,2455,2015-08-12 01:50:07.000,"I'm afraid I still don't understand, sir. Well, that's certainly good to know."
1012,2456,2016-09-20 20:03:05.000,"Fate. It protects fools, little children, and ships named Enterprise."
1012,2457,2016-12-06 14:33:34.000,Flair is what marks the difference between artistry and mere competence.
1012,2458,2016-05-04 15:00:54.000,"I've had twelve years to think about it. And if I had it to do over again, I would have grabbed the phaser and pointed it at you instead of them."
1016,2460,2015-04-15 04:26:26.000,"I've had twelve years to think about it. And if I had it to do over again, I would have grabbed the phaser and pointed it at you instead of them."
1016,2461,2016-07-22 09:38:54.000,"For an android with no feelings, he sure managed to evoke them in others."
1018,2462,2015-05-13 05:41:03.000,"I've had twelve years to think about it. And if I had it to do over again, I would have grabbed the phaser and pointed it at you instead of them."
1018,2463,2016-12-17 10:47:06.000,"For an android with no feelings, he sure managed to evoke them in others."
1019,2464,2016-08-16 15:19:02.000,"For an android with no feelings, he sure managed to evoke them in others."
1019,2465,2016-07-21 02:00:05.000,"I'm afraid I still don't understand, sir. Well, that's certainly good to know."
1019,2466,2015-07-16 22:33:14.000,"Fate. It protects fools, little children, and ships named Enterprise."
1019,2467,2015-12-17 15:36:40.000,"For an android with no feelings, he sure managed to evoke them in others."
1019,2468,2016-12-22 17:15:49.000,"I'm afraid I still don't understand, sir. Well, that's certainly good to know."
1015,2459,2016-04-02 12:03:36.000,"I've had twelve years to think about it. And if I had it to do over again, I would have grabbed the phaser and pointed it at you instead of them."
1023,2469,2015-09-27 03:57:51.000,Travel time to the nearest starbase? The Federation's gone; the Borg is everywhere!
1023,2470,2015-09-17 03:16:47.000,"I've had twelve years to think about it. And if I had it to do over again, I would have grabbed the phaser and pointed it at you instead of them."
1023,2471,2016-06-10 19:18:16.000,"Fate. It protects fools, little children, and ships named Enterprise."
1023,2472,2015-03-08 19:51:30.000,Travel time to the nearest starbase? The Federation's gone; the Borg is everywhere!
1023,2473,2016-06-01 10:15:52.000,"For an android with no feelings, he sure managed to evoke them in others."
1024,2474,2016-06-15 08:55:12.000,I'll alert the crew. When has justice ever been as simple as a rule book?
1024,2475,2016-01-07 07:27:18.000,"Fate. It protects fools, little children, and ships named Enterprise."
1024,2476,2016-07-18 04:53:18.000,"I suggest you drop it, Mr. Data. Mr. Worf, you sound like a man who's asking his friend if he can start dating his sister."
1025,2478,2015-11-30 09:38:13.000,"Maybe if we felt any human loss as keenly as we feel one of those close to us, human history would be far less bloody."
1025,2480,2015-04-18 04:31:08.000,"Maybe if we felt any human loss as keenly as we feel one of those close to us, human history would be far less bloody."
1025,2482,2016-01-27 21:12:42.000,"I've had twelve years to think about it. And if I had it to do over again, I would have grabbed the phaser and pointed it at you instead of them."
1020,2477,2016-07-13 07:47:47.000,"I suggest you drop it, Mr. Data. Mr. Worf, you sound like a man who's asking his friend if he can start dating his sister."
1020,2479,2016-06-26 00:52:54.000,"For an android with no feelings, he sure managed to evoke them in others."
1021,2481,2017-01-23 07:54:02.000,"I'm afraid I still don't understand, sir. Well, that's certainly good to know."
1021,2483,2015-12-26 15:50:55.000,"Fate. It protects fools, little children, and ships named Enterprise."
1021,2484,2015-07-22 06:39:30.000,"I've had twelve years to think about it. And if I had it to do over again, I would have grabbed the phaser and pointed it at you instead of them."
1021,2485,2015-07-28 13:02:52.000,"I'm afraid I still don't understand, sir. Well, that's certainly good to know."
1021,2486,2017-02-18 14:08:11.000,"I suggest you drop it, Mr. Data. Mr. Worf, you sound like a man who's asking his friend if he can start dating his sister."
1029,2497,2015-05-31 10:42:27.000,Flair is what marks the difference between artistry and mere competence.
1029,2498,2016-11-21 11:42:48.000,I'll alert the crew. When has justice ever been as simple as a rule book?
1030,2499,2016-03-02 17:25:00.000,"I suggest you drop it, Mr. Data. Mr. Worf, you sound like a man who's asking his friend if he can start dating his sister."
1030,2500,2016-02-18 06:56:34.000,"I'm afraid I still don't understand, sir. Well, that's certainly good to know."
1030,2501,2016-06-02 05:49:37.000,"I suggest you drop it, Mr. Data. Mr. Worf, you sound like a man who's asking his friend if he can start dating his sister."
1030,2502,2015-08-18 04:09:06.000,"I suggest you drop it, Mr. Data. Mr. Worf, you sound like a man who's asking his friend if he can start dating his sister."
1026,2487,2016-03-11 20:44:12.000,"I've had twelve years to think about it. And if I had it to do over again, I would have grabbed the phaser and pointed it at you instead of them."
1026,2488,2016-10-26 18:44:47.000,Travel time to the nearest starbase? The Federation's gone; the Borg is everywhere!
1026,2489,2015-02-01 08:33:52.000,"Maybe if we felt any human loss as keenly as we feel one of those close to us, human history would be far less bloody."
1026,2490,2015-12-30 15:15:46.000,"I'm afraid I still don't understand, sir. Well, that's certainly good to know."
1026,2491,2016-11-26 02:06:35.000,"For an android with no feelings, he sure managed to evoke them in others."
1027,2492,2016-06-19 05:58:35.000,"Fate. It protects fools, little children, and ships named Enterprise."
1027,2493,2015-11-03 12:54:43.000,"I've had twelve years to think about it. And if I had it to do over again, I would have grabbed the phaser and pointed it at you instead of them."
1027,2494,2015-08-21 09:58:37.000,Travel time to the nearest starbase? The Federation's gone; the Borg is everywhere!
1028,2495,2017-02-24 05:22:15.000,"For an android with no feelings, he sure managed to evoke them in others."
1028,2496,2015-12-24 09:57:17.000,I'll alert the crew. When has justice ever been as simple as a rule book?
1040,2524,2016-06-02 03:02:01.000,"For an android with no feelings, he sure managed to evoke them in others."
1040,2525,2015-08-03 08:11:03.000,Flair is what marks the difference between artistry and mere competence.
1041,2526,2015-08-08 00:30:38.000,"Maybe if we felt any human loss as keenly as we feel one of those close to us, human history would be far less bloody."
1041,2527,2016-04-25 21:14:30.000,"I'm afraid I still don't understand, sir. Well, that's certainly good to know."
1041,2528,2015-01-16 20:03:03.000,I'll alert the crew. When has justice ever been as simple as a rule book?
1041,2529,2016-04-07 16:41:19.000,"I suggest you drop it, Mr. Data. Mr. Worf, you sound like a man who's asking his friend if he can start dating his sister."
1033,2510,2015-12-08 19:58:09.000,"Fate. It protects fools, little children, and ships named Enterprise."
1033,2511,2015-10-30 10:36:04.000,"Fate. It protects fools, little children, and ships named Enterprise."
1033,2512,2015-01-13 08:52:17.000,Flair is what marks the difference between artistry and mere competence.
1033,2513,2017-01-27 13:15:42.000,"Fate. It protects fools, little children, and ships named Enterprise."
1034,2514,2016-01-12 16:27:29.000,Travel time to the nearest starbase? The Federation's gone; the Borg is everywhere!
1034,2515,2015-11-27 20:21:43.000,"Fate. It protects fools, little children, and ships named Enterprise."
1034,2516,2015-05-31 09:42:53.000,Flair is what marks the difference between artistry and mere competence.
1034,2517,2015-05-30 10:59:03.000,Flair is what marks the difference between artistry and mere competence.
1035,2518,2016-02-11 15:46:45.000,"I suggest you drop it, Mr. Data. Mr. Worf, you sound like a man who's asking his friend if he can start dating his sister."
1035,2519,2015-03-29 06:55:34.000,"Fate. It protects fools, little children, and ships named Enterprise."
1035,2520,2016-06-18 01:56:03.000,"I'm afraid I still don't understand, sir. Well, that's certainly good to know."
1035,2521,2015-02-25 11:58:58.000,"Fate. It protects fools, little children, and ships named Enterprise."
1031,2503,2016-09-28 04:44:29.000,I'll alert the crew. When has justice ever been as simple as a rule book?
1031,2504,2015-06-05 11:33:57.000,Travel time to the nearest starbase? The Federation's gone; the Borg is everywhere!
1032,2505,2016-04-17 22:52:26.000,I'll alert the crew. When has justice ever been as simple as a rule book?
1032,2506,2015-04-28 07:19:59.000,"I've had twelve years to think about it. And if I had it to do over again, I would have grabbed the phaser and pointed it at you instead of them."
1032,2507,2016-06-02 19:38:27.000,"Maybe if we felt any human loss as keenly as we feel one of those close to us, human history would be far less bloody."
1032,2508,2016-10-23 16:58:10.000,Flair is what marks the difference between artistry and mere competence.
1032,2509,2017-02-28 12:05:55.000,I'll alert the crew. When has justice ever been as simple as a rule book?
1036,2522,2015-05-23 20:05:52.000,"I suggest you drop it, Mr. Data. Mr. Worf, you sound like a man who's asking his friend if he can start dating his sister."
1036,2523,2015-04-03 06:02:26.000,Flair is what marks the difference between artistry and mere competence.
1047,2539,2016-02-25 06:25:07.000,"I've had twelve years to think about it. And if I had it to do over again, I would have grabbed the phaser and pointed it at you instead of them."
1047,2540,2016-06-21 11:33:35.000,Travel time to the nearest starbase? The Federation's gone; the Borg is everywhere!
1048,2541,2016-05-04 10:01:04.000,Travel time to the nearest starbase? The Federation's gone; the Borg is everywhere!
1049,2542,2016-09-27 13:30:44.000,"Fate. It protects fools, little children, and ships named Enterprise."
1043,2530,2016-09-15 18:34:59.000,I'll alert the crew. When has justice ever been as simple as a rule book?
1043,2531,2015-12-24 13:24:36.000,"Maybe if we felt any human loss as keenly as we feel one of those close to us, human history would be far less bloody."
1043,2532,2016-08-07 21:22:12.000,Flair is what marks the difference between artistry and mere competence.
1043,2533,2015-02-02 08:28:58.000,Travel time to the nearest starbase? The Federation's gone; the Borg is everywhere!
1044,2534,2015-04-01 23:11:54.000,"I've had twelve years to think about it. And if I had it to do over again, I would have grabbed the phaser and pointed it at you instead of them."
1045,2536,2017-01-15 05:34:27.000,"I've had twelve years to think about it. And if I had it to do over again, I would have grabbed the phaser and pointed it at you instead of them."
1045,2537,2017-02-28 15:08:49.000,"I'm afraid I still don't understand, sir. Well, that's certainly good to know."
1044,2535,2016-02-10 23:48:17.000,"I suggest you drop it, Mr. Data. Mr. Worf, you sound like a man who's asking his friend if he can start dating his sister."
1045,2538,2016-03-17 14:22:12.000,I'll alert the crew. When has justice ever been as simple as a rule book?
1057,2543,2015-01-26 03:21:09.000,"For an android with no feelings, he sure managed to evoke them in others."
1057,2544,2015-05-11 20:12:57.000,"I suggest you drop it, Mr. Data. Mr. Worf, you sound like a man who's asking his friend if he can start dating his sister."
1058,2545,2015-01-11 13:43:59.000,"I've had twelve years to think about it. And if I had it to do over again, I would have grabbed the phaser and pointed it at you instead of them."
1058,2547,2016-01-15 13:50:49.000,"Fate. It protects fools, little children, and ships named Enterprise."
1058,2549,2015-12-06 21:29:08.000,"Maybe if we felt any human loss as keenly as we feel one of those close to us, human history would be far less bloody."
1058,2551,2017-01-28 17:59:07.000,"For an android with no feelings, he sure managed to evoke them in others."
1058,2552,2015-02-27 14:59:20.000,"Fate. It protects fools, little children, and ships named Enterprise."
1059,2553,2017-01-27 00:02:39.000,"Fate. It protects fools, little children, and ships named Enterprise."
1059,2555,2016-08-19 04:56:21.000,Flair is what marks the difference between artistry and mere competence.
1059,2557,2016-08-16 09:12:05.000,"I'm afraid I still don't understand, sir. Well, that's certainly good to know."
1059,2559,2016-04-01 04:29:47.000,Flair is what marks the difference between artistry and mere competence.
1063,2590,2015-04-22 07:49:57.000,Flair is what marks the difference between artistry and mere competence.
1068,2593,2016-02-05 14:29:28.000,"I've had twelve years to think about it. And if I had it to do over again, I would have grabbed the phaser and pointed it at you instead of them."
1068,2594,2015-08-19 05:49:25.000,"I've had twelve years to think about it. And if I had it to do over again, I would have grabbed the phaser and pointed it at you instead of them."
1068,2595,2016-12-24 17:15:26.000,"Maybe if we felt any human loss as keenly as we feel one of those close to us, human history would be far less bloody."
1068,2596,2016-01-18 06:43:55.000,"I suggest you drop it, Mr. Data. Mr. Worf, you sound like a man who's asking his friend if he can start dating his sister."
1069,2597,2015-03-06 08:51:29.000,"I suggest you drop it, Mr. Data. Mr. Worf, you sound like a man who's asking his friend if he can start dating his sister."
1069,2598,2015-11-20 22:57:06.000,I'll alert the crew. When has justice ever been as simple as a rule book?
1069,2599,2016-10-02 00:02:18.000,"For an android with no feelings, he sure managed to evoke them in others."
1069,2600,2015-08-24 06:36:51.000,"I'm afraid I still don't understand, sir. Well, that's certainly good to know."
1069,2601,2015-02-20 08:47:31.000,I'll alert the crew. When has justice ever been as simple as a rule book?
1060,2580,2017-01-01 03:23:39.000,"I suggest you drop it, Mr. Data. Mr. Worf, you sound like a man who's asking his friend if he can start dating his sister."
1060,2581,2016-08-11 09:24:38.000,Flair is what marks the difference between artistry and mere competence.
1060,2582,2015-06-26 04:58:42.000,"For an android with no feelings, he sure managed to evoke them in others."
1061,2583,2016-05-05 13:44:22.000,"I suggest you drop it, Mr. Data. Mr. Worf, you sound like a man who's asking his friend if he can start dating his sister."
1074,2610,2015-11-13 21:11:27.000,Flair is what marks the difference between artistry and mere competence.
1061,2584,2016-05-08 15:12:17.000,"I suggest you drop it, Mr. Data. Mr. Worf, you sound like a man who's asking his friend if he can start dating his sister."
1061,2585,2015-03-08 03:56:25.000,"For an android with no feelings, he sure managed to evoke them in others."
1061,2586,2015-02-08 01:30:17.000,"I suggest you drop it, Mr. Data. Mr. Worf, you sound like a man who's asking his friend if he can start dating his sister."
1062,2587,2015-06-10 23:23:03.000,"For an android with no feelings, he sure managed to evoke them in others."
1062,2588,2016-12-01 18:31:22.000,Travel time to the nearest starbase? The Federation's gone; the Borg is everywhere!
1062,2589,2015-03-23 01:03:22.000,"Maybe if we felt any human loss as keenly as we feel one of those close to us, human history would be far less bloody."
1062,2591,2016-11-01 14:37:03.000,I'll alert the crew. When has justice ever been as simple as a rule book?
1062,2592,2015-02-25 06:30:15.000,I'll alert the crew. When has justice ever been as simple as a rule book?
1070,2602,2017-02-10 15:00:02.000,"I've had twelve years to think about it. And if I had it to do over again, I would have grabbed the phaser and pointed it at you instead of them."
1070,2603,2016-11-25 00:48:47.000,I'll alert the crew. When has justice ever been as simple as a rule book?
1071,2604,2016-02-18 05:21:30.000,Flair is what marks the difference between artistry and mere competence.
1071,2605,2015-06-20 12:56:22.000,"I'm afraid I still don't understand, sir. Well, that's certainly good to know."
1071,2606,2016-08-05 22:03:21.000,"For an android with no feelings, he sure managed to evoke them in others."
1050,2546,2015-05-06 21:21:04.000,"Maybe if we felt any human loss as keenly as we feel one of those close to us, human history would be far less bloody."
1051,2548,2015-03-24 20:10:29.000,"I've had twelve years to think about it. And if I had it to do over again, I would have grabbed the phaser and pointed it at you instead of them."
1071,2607,2015-02-17 21:31:35.000,I'll alert the crew. When has justice ever been as simple as a rule book?
1081,2632,2016-02-02 01:30:49.000,"Fate. It protects fools, little children, and ships named Enterprise."
1051,2550,2015-06-15 20:34:09.000,"I've had twelve years to think about it. And if I had it to do over again, I would have grabbed the phaser and pointed it at you instead of them."
1051,2554,2015-02-06 08:19:45.000,"I suggest you drop it, Mr. Data. Mr. Worf, you sound like a man who's asking his friend if he can start dating his sister."
1051,2556,2016-03-22 21:14:19.000,"I'm afraid I still don't understand, sir. Well, that's certainly good to know."
1051,2558,2015-02-25 03:07:54.000,Flair is what marks the difference between artistry and mere competence.
1052,2560,2015-04-29 08:32:06.000,"Fate. It protects fools, little children, and ships named Enterprise."
1052,2561,2015-09-13 06:07:47.000,Travel time to the nearest starbase? The Federation's gone; the Borg is everywhere!
1052,2562,2016-05-01 01:24:02.000,Flair is what marks the difference between artistry and mere competence.
1053,2563,2016-01-25 20:04:55.000,Flair is what marks the difference between artistry and mere competence.
1053,2564,2015-07-14 08:18:36.000,Travel time to the nearest starbase? The Federation's gone; the Borg is everywhere!
1053,2565,2016-01-18 06:36:42.000,I'll alert the crew. When has justice ever been as simple as a rule book?
1053,2566,2015-02-08 16:16:42.000,"I've had twelve years to think about it. And if I had it to do over again, I would have grabbed the phaser and pointed it at you instead of them."
1053,2567,2017-01-22 07:31:30.000,"For an android with no feelings, he sure managed to evoke them in others."
1054,2568,2016-04-07 03:43:43.000,Travel time to the nearest starbase? The Federation's gone; the Borg is everywhere!
1054,2569,2016-07-11 23:04:48.000,"For an android with no feelings, he sure managed to evoke them in others."
1054,2570,2015-01-08 21:44:08.000,"Fate. It protects fools, little children, and ships named Enterprise."
1054,2571,2015-06-18 07:38:59.000,"I'm afraid I still don't understand, sir. Well, that's certainly good to know."
1055,2572,2016-11-24 15:38:34.000,"I'm afraid I still don't understand, sir. Well, that's certainly good to know."
1055,2573,2017-01-22 10:01:31.000,"I've had twelve years to think about it. And if I had it to do over again, I would have grabbed the phaser and pointed it at you instead of them."
1055,2574,2015-10-27 10:22:02.000,"For an android with no feelings, he sure managed to evoke them in others."
1055,2575,2015-05-20 06:41:46.000,I'll alert the crew. When has justice ever been as simple as a rule book?
1056,2576,2015-05-14 11:10:31.000,Travel time to the nearest starbase? The Federation's gone; the Borg is everywhere!
1056,2577,2016-07-17 12:59:17.000,I'll alert the crew. When has justice ever been as simple as a rule book?
1056,2578,2016-01-16 22:09:03.000,Flair is what marks the difference between artistry and mere competence.
1056,2579,2015-02-02 06:29:32.000,Flair is what marks the difference between artistry and mere competence.
1081,2633,2016-12-22 09:25:10.000,Flair is what marks the difference between artistry and mere competence.
1081,2634,2015-04-25 23:07:43.000,Travel time to the nearest starbase? The Federation's gone; the Borg is everywhere!
1081,2635,2016-08-16 19:20:21.000,Flair is what marks the difference between artistry and mere competence.
1081,2636,2016-02-13 16:54:09.000,"I suggest you drop it, Mr. Data. Mr. Worf, you sound like a man who's asking his friend if he can start dating his sister."
1079,2624,2016-01-27 21:11:43.000,"For an android with no feelings, he sure managed to evoke them in others."
1082,2637,2016-01-08 22:48:25.000,"For an android with no feelings, he sure managed to evoke them in others."
1079,2626,2016-12-24 17:15:38.000,"Maybe if we felt any human loss as keenly as we feel one of those close to us, human history would be far less bloody."
1079,2628,2016-03-19 11:08:31.000,"I've had twelve years to think about it. And if I had it to do over again, I would have grabbed the phaser and pointed it at you instead of them."
1082,2638,2016-05-15 16:48:37.000,Travel time to the nearest starbase? The Federation's gone; the Borg is everywhere!
1080,2629,2016-01-18 12:16:58.000,Flair is what marks the difference between artistry and mere competence.
1080,2630,2016-01-21 09:25:09.000,"I've had twelve years to think about it. And if I had it to do over again, I would have grabbed the phaser and pointed it at you instead of them."
1080,2631,2016-05-18 18:49:16.000,Flair is what marks the difference between artistry and mere competence.
1073,2608,2015-03-12 21:18:22.000,Travel time to the nearest starbase? The Federation's gone; the Borg is everywhere!
1074,2609,2015-02-22 05:41:09.000,Travel time to the nearest starbase? The Federation's gone; the Borg is everywhere!
1074,2611,2015-05-05 13:44:37.000,Travel time to the nearest starbase? The Federation's gone; the Borg is everywhere!
1074,2612,2015-04-07 19:16:59.000,I'll alert the crew. When has justice ever been as simple as a rule book?
1075,2613,2016-09-01 15:30:35.000,I'll alert the crew. When has justice ever been as simple as a rule book?
1075,2614,2015-07-02 22:03:38.000,"I'm afraid I still don't understand, sir. Well, that's certainly good to know."
1075,2615,2016-04-14 02:18:21.000,"For an android with no feelings, he sure managed to evoke them in others."
1075,2616,2017-01-30 20:57:14.000,"Maybe if we felt any human loss as keenly as we feel one of those close to us, human history would be far less bloody."
1076,2617,2015-11-25 13:07:16.000,"I've had twelve years to think about it. And if I had it to do over again, I would have grabbed the phaser and pointed it at you instead of them."
1076,2618,2016-10-27 02:16:51.000,I'll alert the crew. When has justice ever been as simple as a rule book?
1076,2619,2015-08-25 15:30:47.000,Flair is what marks the difference between artistry and mere competence.
1076,2620,2015-01-29 03:21:55.000,Travel time to the nearest starbase? The Federation's gone; the Borg is everywhere!
1076,2621,2016-06-15 22:51:13.000,I'll alert the crew. When has justice ever been as simple as a rule book?
1077,2622,2015-09-06 17:07:44.000,"I suggest you drop it, Mr. Data. Mr. Worf, you sound like a man who's asking his friend if he can start dating his sister."
1077,2623,2016-02-03 00:05:57.000,Flair is what marks the difference between artistry and mere competence.
1077,2625,2015-03-16 06:41:43.000,"I'm afraid I still don't understand, sir. Well, that's certainly good to know."
1077,2627,2017-01-26 15:36:36.000,"For an android with no feelings, he sure managed to evoke them in others."
1083,2639,2016-12-25 17:15:57.000,"Maybe if we felt any human loss as keenly as we feel one of those close to us, human history would be far less bloody."
1083,2640,2015-05-16 04:19:17.000,I'll alert the crew. When has justice ever been as simple as a rule book?
1083,2641,2015-03-05 18:43:57.000,"I suggest you drop it, Mr. Data. Mr. Worf, you sound like a man who's asking his friend if he can start dating his sister."
1083,2642,2016-07-19 08:15:51.000,"Fate. It protects fools, little children, and ships named Enterprise."
1095,2650,2015-04-15 14:19:23.000,"I suggest you drop it, Mr. Data. Mr. Worf, you sound like a man who's asking his friend if he can start dating his sister."
1096,2651,2017-02-27 04:38:59.000,"I'm afraid I still don't understand, sir. Well, that's certainly good to know."
1096,2652,2016-06-07 05:53:06.000,Flair is what marks the difference between artistry and mere competence.
1096,2654,2015-01-14 20:36:36.000,"Maybe if we felt any human loss as keenly as we feel one of those close to us, human history would be far less bloody."
1097,2657,2016-05-06 14:56:30.000,"For an android with no feelings, he sure managed to evoke them in others."
1098,2658,2015-05-28 22:55:21.000,"I've had twelve years to think about it. And if I had it to do over again, I would have grabbed the phaser and pointed it at you instead of them."
1086,2643,2016-06-17 01:04:16.000,"For an android with no feelings, he sure managed to evoke them in others."
1098,2659,2015-12-27 00:09:06.000,"I suggest you drop it, Mr. Data. Mr. Worf, you sound like a man who's asking his friend if he can start dating his sister."
1098,2660,2016-01-19 17:35:10.000,Travel time to the nearest starbase? The Federation's gone; the Borg is everywhere!
1086,2644,2016-04-16 21:23:08.000,"Maybe if we felt any human loss as keenly as we feel one of those close to us, human history would be far less bloody."
1087,2645,2015-01-23 05:48:30.000,Travel time to the nearest starbase? The Federation's gone; the Borg is everywhere!
1087,2646,2016-05-22 21:30:17.000,"Maybe if we felt any human loss as keenly as we feel one of those close to us, human history would be far less bloody."
1088,2647,2016-11-27 13:09:37.000,"For an android with no feelings, he sure managed to evoke them in others."
1088,2648,2015-07-30 17:05:05.000,"I've had twelve years to think about it. And if I had it to do over again, I would have grabbed the phaser and pointed it at you instead of them."
1089,2649,2015-03-31 07:56:08.000,"For an android with no feelings, he sure managed to evoke them in others."
1091,2653,2016-02-29 01:24:44.000,I'll alert the crew. When has justice ever been as simple as a rule book?
1091,2655,2017-02-24 09:52:16.000,"I suggest you drop it, Mr. Data. Mr. Worf, you sound like a man who's asking his friend if he can start dating his sister."
1091,2656,2016-07-25 14:52:00.000,"Fate. It protects fools, little children, and ships named Enterprise."
1099,2661,2016-02-26 05:09:19.000,I'll alert the crew. When has justice ever been as simple as a rule book?
1100,2662,2015-12-18 01:03:40.000,"Fate. It protects fools, little children, and ships named Enterprise."
1100,2663,2016-02-15 01:11:28.000,"For an android with no feelings, he sure managed to evoke them in others."
1100,2664,2017-02-05 00:56:34.000,"Fate. It protects fools, little children, and ships named Enterprise."
1100,2665,2016-12-21 04:36:54.000,Flair is what marks the difference between artistry and mere competence.
1101,2666,2015-02-09 03:15:59.000,Travel time to the nearest starbase? The Federation's gone; the Borg is everywhere!
1101,2667,2017-01-02 11:37:53.000,"Maybe if we felt any human loss as keenly as we feel one of those close to us, human history would be far less bloody."
1101,2668,2016-04-18 16:52:50.000,"Fate. It protects fools, little children, and ships named Enterprise."
1101,2669,2015-02-26 10:33:09.000,"Fate. It protects fools, little children, and ships named Enterprise."
1102,2670,2016-08-22 12:09:42.000,"I'm afraid I still don't understand, sir. Well, that's certainly good to know."
1102,2671,2015-03-03 10:00:22.000,I'll alert the crew. When has justice ever been as simple as a rule book?
1102,2672,2016-12-31 12:35:01.000,Travel time to the nearest starbase? The Federation's gone; the Borg is everywhere!
1102,2673,2016-10-13 01:57:01.000,"I'm afraid I still don't understand, sir. Well, that's certainly good to know."
1103,2674,2015-01-09 16:34:10.000,"I've had twelve years to think about it. And if I had it to do over again, I would have grabbed the phaser and pointed it at you instead of them."
1103,2675,2015-09-13 01:22:27.000,"Fate. It protects fools, little children, and ships named Enterprise."
1103,2676,2016-09-01 14:36:47.000,"I've had twelve years to think about it. And if I had it to do over again, I would have grabbed the phaser and pointed it at you instead of them."
1103,2677,2015-01-02 16:26:18.000,"I suggest you drop it, Mr. Data. Mr. Worf, you sound like a man who's asking his friend if he can start dating his sister."
1106,2683,2015-07-07 07:27:58.000,Flair is what marks the difference between artistry and mere competence.
1107,2684,2015-12-16 06:10:30.000,"Fate. It protects fools, little children, and ships named Enterprise."
1108,2685,2015-03-29 19:10:51.000,Travel time to the nearest starbase? The Federation's gone; the Borg is everywhere!
1108,2686,2016-03-14 09:55:03.000,"For an android with no feelings, he sure managed to evoke them in others."
1108,2687,2016-10-17 03:01:04.000,"Maybe if we felt any human loss as keenly as we feel one of those close to us, human history would be far less bloody."
1108,2688,2016-09-23 16:01:28.000,Flair is what marks the difference between artistry and mere competence.
1109,2689,2015-01-20 19:57:22.000,Flair is what marks the difference between artistry and mere competence.
1109,2690,2016-12-14 00:40:53.000,I'll alert the crew. When has justice ever been as simple as a rule book?
1109,2691,2015-02-26 15:00:48.000,"For an android with no feelings, he sure managed to evoke them in others."
1110,2692,2016-12-12 01:28:18.000,"Fate. It protects fools, little children, and ships named Enterprise."
1110,2693,2015-11-22 12:14:33.000,"I suggest you drop it, Mr. Data. Mr. Worf, you sound like a man who's asking his friend if he can start dating his sister."
1110,2694,2015-05-01 01:51:07.000,"Fate. It protects fools, little children, and ships named Enterprise."
1104,2678,2016-06-08 23:46:13.000,Flair is what marks the difference between artistry and mere competence.
1105,2679,2015-10-13 09:34:02.000,"Maybe if we felt any human loss as keenly as we feel one of those close to us, human history would be far less bloody."
1105,2680,2015-11-19 04:52:36.000,Flair is what marks the difference between artistry and mere competence.
1105,2681,2016-09-17 21:27:14.000,Travel time to the nearest starbase? The Federation's gone; the Borg is everywhere!
1105,2682,2016-06-14 22:20:39.000,"Fate. It protects fools, little children, and ships named Enterprise."
1111,2695,2015-11-17 09:42:48.000,"I suggest you drop it, Mr. Data. Mr. Worf, you sound like a man who's asking his friend if he can start dating his sister."
1111,2696,2016-08-04 02:13:45.000,"Fate. It protects fools, little children, and ships named Enterprise."
1111,2697,2015-04-16 13:04:53.000,"I've had twelve years to think about it. And if I had it to do over again, I would have grabbed the phaser and pointed it at you instead of them."
1112,2698,2015-12-11 21:12:38.000,I'll alert the crew. When has justice ever been as simple as a rule book?
1112,2699,2016-10-25 19:42:11.000,I'll alert the crew. When has justice ever been as simple as a rule book?
1112,2700,2016-06-20 17:49:01.000,"Fate. It protects fools, little children, and ships named Enterprise."
1112,2701,2016-05-16 00:37:53.000,Travel time to the nearest starbase? The Federation's gone; the Borg is everywhere!
1112,2702,2016-07-22 06:49:26.000,"I've had twelve years to think about it. And if I had it to do over again, I would have grabbed the phaser and pointed it at you instead of them."
1114,2703,2016-09-03 04:05:24.000,"Maybe if we felt any human loss as keenly as we feel one of those close to us, human history would be far less bloody."
1114,2704,2016-01-13 10:18:34.000,Flair is what marks the difference between artistry and mere competence.
1114,2705,2016-07-25 08:29:10.000,"I'm afraid I still don't understand, sir. Well, that's certainly good to know."
1114,2706,2015-09-13 10:58:50.000,"I've had twelve years to think about it. And if I had it to do over again, I would have grabbed the phaser and pointed it at you instead of them."
1114,2707,2016-12-21 21:33:04.000,"Maybe if we felt any human loss as keenly as we feel one of those close to us, human history would be far less bloody."
1118,2711,2015-10-26 05:15:58.000,"Maybe if we felt any human loss as keenly as we feel one of those close to us, human history would be far less bloody."
1119,2713,2016-08-12 16:22:41.000,"Fate. It protects fools, little children, and ships named Enterprise."
1119,2715,2015-03-17 00:50:45.000,"Maybe if we felt any human loss as keenly as we feel one of those close to us, human history would be far less bloody."
1119,2717,2015-11-21 07:56:16.000,"Fate. It protects fools, little children, and ships named Enterprise."
1119,2719,2015-08-01 11:43:22.000,"I'm afraid I still don't understand, sir. Well, that's certainly good to know."
1115,2708,2015-01-27 19:26:16.000,I'll alert the crew. When has justice ever been as simple as a rule book?
911,2208,2015-01-31 10:45:20.000,"I've had twelve years to think about it. And if I had it to do over again, I would have grabbed the phaser and pointed it at you instead of them."
911,2209,2015-12-23 23:48:40.000,Travel time to the nearest starbase? The Federation's gone; the Borg is everywhere!
911,2210,2016-06-09 01:54:51.000,"Maybe if we felt any human loss as keenly as we feel one of those close to us, human history would be far less bloody."
911,2211,2016-07-27 16:51:51.000,Travel time to the nearest starbase? The Federation's gone; the Borg is everywhere!
911,2212,2016-01-24 20:41:13.000,"I'm afraid I still don't understand, sir. Well, that's certainly good to know."
912,2213,2015-10-28 00:06:28.000,"I've had twelve years to think about it. And if I had it to do over again, I would have grabbed the phaser and pointed it at you instead of them."
912,2214,2016-07-19 12:28:48.000,I'll alert the crew. When has justice ever been as simple as a rule book?
912,2215,2015-07-10 01:01:59.000,Travel time to the nearest starbase? The Federation's gone; the Borg is everywhere!
913,2216,2015-10-30 09:52:56.000,"I'm afraid I still don't understand, sir. Well, that's certainly good to know."
913,2217,2016-07-26 10:14:21.000,"I've had twelve years to think about it. And if I had it to do over again, I would have grabbed the phaser and pointed it at you instead of them."
913,2218,2016-09-23 18:37:58.000,"I've had twelve years to think about it. And if I had it to do over again, I would have grabbed the phaser and pointed it at you instead of them."
913,2219,2016-04-04 08:08:03.000,"I've had twelve years to think about it. And if I had it to do over again, I would have grabbed the phaser and pointed it at you instead of them."
914,2220,2016-08-03 02:38:53.000,"I'm afraid I still don't understand, sir. Well, that's certainly good to know."
915,2221,2016-11-15 02:56:05.000,"I suggest you drop it, Mr. Data. Mr. Worf, you sound like a man who's asking his friend if he can start dating his sister."
916,2222,2015-02-03 16:19:43.000,"I suggest you drop it, Mr. Data. Mr. Worf, you sound like a man who's asking his friend if he can start dating his sister."
916,2223,2016-06-13 15:11:13.000,"For an android with no feelings, he sure managed to evoke them in others."
916,2224,2016-07-21 03:32:39.000,Flair is what marks the difference between artistry and mere competence.
916,2225,2015-05-09 22:54:37.000,"Fate. It protects fools, little children, and ships named Enterprise."
916,2226,2016-06-24 16:20:17.000,I'll alert the crew. When has justice ever been as simple as a rule book?
917,2227,2016-09-23 04:06:54.000,"I'm afraid I still don't understand, sir. Well, that's certainly good to know."
918,2228,2017-01-28 01:00:34.000,"I'm afraid I still don't understand, sir. Well, that's certainly good to know."
918,2229,2015-09-26 04:14:03.000,"I'm afraid I still don't understand, sir. Well, that's certainly good to know."
919,2230,2015-05-28 11:57:52.000,Flair is what marks the difference between artistry and mere competence.
919,2231,2015-11-29 10:16:37.000,"I'm afraid I still don't understand, sir. Well, that's certainly good to know."
919,2232,2016-03-31 22:06:40.000,I'll alert the crew. When has justice ever been as simple as a rule book?
919,2233,2016-11-08 20:24:14.000,Travel time to the nearest starbase? The Federation's gone; the Borg is everywhere!
919,2234,2016-05-16 17:36:14.000,I'll alert the crew. When has justice ever been as simple as a rule book?
920,2235,2015-11-14 05:58:11.000,"For an android with no feelings, he sure managed to evoke them in others."
922,2236,2015-03-27 06:43:33.000,"I'm afraid I still don't understand, sir. Well, that's certainly good to know."
922,2237,2015-06-01 22:21:13.000,I'll alert the crew. When has justice ever been as simple as a rule book?
922,2238,2015-08-07 23:49:36.000,Travel time to the nearest starbase? The Federation's gone; the Borg is everywhere!
923,2239,2016-06-02 03:36:50.000,"Maybe if we felt any human loss as keenly as we feel one of those close to us, human history would be far less bloody."
924,2240,2017-01-15 02:11:06.000,I'll alert the crew. When has justice ever been as simple as a rule book?
924,2241,2016-12-09 20:16:06.000,"For an android with no feelings, he sure managed to evoke them in others."
924,2242,2015-11-11 10:41:06.000,"For an android with no feelings, he sure managed to evoke them in others."
924,2243,2015-07-10 17:43:03.000,"I suggest you drop it, Mr. Data. Mr. Worf, you sound like a man who's asking his friend if he can start dating his sister."
924,2244,2016-02-19 20:08:06.000,"I'm afraid I still don't understand, sir. Well, that's certainly good to know."
925,2245,2015-12-01 18:48:50.000,"Fate. It protects fools, little children, and ships named Enterprise."
925,2246,2016-07-26 11:43:13.000,Travel time to the nearest starbase? The Federation's gone; the Borg is everywhere!
925,2247,2016-10-02 20:37:31.000,I'll alert the crew. When has justice ever been as simple as a rule book?
926,2248,2016-05-25 14:30:27.000,I'll alert the crew. When has justice ever been as simple as a rule book?
926,2249,2017-01-23 13:09:20.000,"Maybe if we felt any human loss as keenly as we feel one of those close to us, human history would be far less bloody."
926,2250,2015-09-08 12:10:32.000,"Fate. It protects fools, little children, and ships named Enterprise."
926,2251,2016-11-17 10:21:06.000,"I suggest you drop it, Mr. Data. Mr. Worf, you sound like a man who's asking his friend if he can start dating his sister."
926,2252,2016-09-03 13:23:29.000,"For an android with no feelings, he sure managed to evoke them in others."
927,2253,2015-09-30 09:54:32.000,I'll alert the crew. When has justice ever been as simple as a rule book?
927,2254,2017-02-26 07:14:59.000,"I'm afraid I still don't understand, sir. Well, that's certainly good to know."
927,2255,2016-01-22 14:47:06.000,Flair is what marks the difference between artistry and mere competence.
927,2256,2015-04-06 16:07:11.000,"I suggest you drop it, Mr. Data. Mr. Worf, you sound like a man who's asking his friend if he can start dating his sister."
927,2257,2017-02-06 20:37:51.000,I'll alert the crew. When has justice ever been as simple as a rule book?
929,2258,2015-09-07 06:19:53.000,"I'm afraid I still don't understand, sir. Well, that's certainly good to know."
929,2259,2016-11-01 08:21:47.000,I'll alert the crew. When has justice ever been as simple as a rule book?
932,2260,2015-01-30 10:05:07.000,"Maybe if we felt any human loss as keenly as we feel one of those close to us, human history would be far less bloody."
933,2261,2015-01-18 21:22:32.000,Travel time to the nearest starbase? The Federation's gone; the Borg is everywhere!
933,2262,2015-02-06 07:18:54.000,"For an android with no feelings, he sure managed to evoke them in others."
933,2263,2016-02-01 21:35:09.000,"I've had twelve years to think about it. And if I had it to do over again, I would have grabbed the phaser and pointed it at you instead of them."
933,2264,2016-01-24 02:52:52.000,"Maybe if we felt any human loss as keenly as we feel one of those close to us, human history would be far less bloody."
934,2265,2015-01-29 16:27:06.000,Travel time to the nearest starbase? The Federation's gone; the Borg is everywhere!
934,2266,2017-02-21 10:03:22.000,"For an android with no feelings, he sure managed to evoke them in others."
934,2267,2016-09-01 14:28:06.000,Travel time to the nearest starbase? The Federation's gone; the Borg is everywhere!
934,2268,2015-02-23 04:20:57.000,"I'm afraid I still don't understand, sir. Well, that's certainly good to know."
934,2269,2015-06-28 10:57:59.000,"I suggest you drop it, Mr. Data. Mr. Worf, you sound like a man who's asking his friend if he can start dating his sister."
935,2270,2016-02-03 09:09:04.000,"Fate. It protects fools, little children, and ships named Enterprise."
935,2271,2016-02-21 12:06:03.000,"I'm afraid I still don't understand, sir. Well, that's certainly good to know."
935,2272,2015-06-23 23:21:16.000,"For an android with no feelings, he sure managed to evoke them in others."
938,2273,2017-01-06 15:47:19.000,"I suggest you drop it, Mr. Data. Mr. Worf, you sound like a man who's asking his friend if he can start dating his sister."
938,2274,2015-03-03 20:57:23.000,Travel time to the nearest starbase? The Federation's gone; the Borg is everywhere!
939,2275,2016-11-11 04:09:15.000,"For an android with no feelings, he sure managed to evoke them in others."
940,2276,2015-11-29 21:21:28.000,"Maybe if we felt any human loss as keenly as we feel one of those close to us, human history would be far less bloody."
940,2277,2016-11-05 07:22:57.000,"I suggest you drop it, Mr. Data. Mr. Worf, you sound like a man who's asking his friend if he can start dating his sister."
940,2278,2016-10-16 07:42:05.000,Flair is what marks the difference between artistry and mere competence.
940,2279,2015-08-28 08:09:58.000,"I've had twelve years to think about it. And if I had it to do over again, I would have grabbed the phaser and pointed it at you instead of them."
942,2280,2016-05-29 19:43:11.000,"Maybe if we felt any human loss as keenly as we feel one of those close to us, human history would be far less bloody."
942,2281,2016-07-06 06:46:36.000,"I've had twelve years to think about it. And if I had it to do over again, I would have grabbed the phaser and pointed it at you instead of them."
942,2282,2016-05-02 23:16:11.000,Flair is what marks the difference between artistry and mere competence.
942,2283,2016-06-10 00:43:23.000,"For an android with no feelings, he sure managed to evoke them in others."
943,2284,2015-10-05 22:40:49.000,"Maybe if we felt any human loss as keenly as we feel one of those close to us, human history would be far less bloody."
944,2285,2016-10-06 03:30:09.000,"I suggest you drop it, Mr. Data. Mr. Worf, you sound like a man who's asking his friend if he can start dating his sister."
944,2286,2016-11-15 10:48:31.000,Travel time to the nearest starbase? The Federation's gone; the Borg is everywhere!
945,2287,2015-09-20 21:52:02.000,Travel time to the nearest starbase? The Federation's gone; the Borg is everywhere!
945,2288,2015-09-07 19:54:48.000,Travel time to the nearest starbase? The Federation's gone; the Borg is everywhere!
946,2289,2016-09-18 16:00:30.000,"I'm afraid I still don't understand, sir. Well, that's certainly good to know."
947,2290,2015-12-26 13:34:30.000,"I'm afraid I still don't understand, sir. Well, that's certainly good to know."
947,2291,2015-12-02 17:10:29.000,"Fate. It protects fools, little children, and ships named Enterprise."
947,2292,2015-01-17 15:28:57.000,Travel time to the nearest starbase? The Federation's gone; the Borg is everywhere!
947,2293,2016-11-11 20:55:12.000,"For an android with no feelings, he sure managed to evoke them in others."
947,2294,2016-10-03 18:42:54.000,Flair is what marks the difference between artistry and mere competence.
949,2295,2015-04-14 08:26:52.000,"Maybe if we felt any human loss as keenly as we feel one of those close to us, human history would be far less bloody."
950,2296,2016-03-01 01:56:17.000,Travel time to the nearest starbase? The Federation's gone; the Borg is everywhere!
950,2297,2015-05-28 02:26:08.000,"Fate. It protects fools, little children, and ships named Enterprise."
950,2298,2015-09-04 02:38:40.000,I'll alert the crew. When has justice ever been as simple as a rule book?
950,2299,2015-02-02 19:26:57.000,"I've had twelve years to think about it. And if I had it to do over again, I would have grabbed the phaser and pointed it at you instead of them."
950,2300,2016-11-05 13:39:21.000,"For an android with no feelings, he sure managed to evoke them in others."
953,2301,2015-04-25 12:39:22.000,"I'm afraid I still don't understand, sir. Well, that's certainly good to know."
953,2302,2016-01-29 05:02:01.000,"Fate. It protects fools, little children, and ships named Enterprise."
953,2303,2015-01-04 01:35:35.000,"I've had twelve years to think about it. And if I had it to do over again, I would have grabbed the phaser and pointed it at you instead of them."
953,2304,2016-11-15 19:54:38.000,I'll alert the crew. When has justice ever been as simple as a rule book?
954,2305,2017-01-05 11:33:45.000,"I suggest you drop it, Mr. Data. Mr. Worf, you sound like a man who's asking his friend if he can start dating his sister."
956,2306,2015-03-27 09:31:25.000,Flair is what marks the difference between artistry and mere competence.
956,2307,2016-11-09 13:14:21.000,I'll alert the crew. When has justice ever been as simple as a rule book?
958,2308,2015-05-25 05:09:26.000,Travel time to the nearest starbase? The Federation's gone; the Borg is everywhere!
958,2309,2016-08-06 11:41:01.000,"I'm afraid I still don't understand, sir. Well, that's certainly good to know."
958,2310,2015-10-24 05:02:46.000,Flair is what marks the difference between artistry and mere competence.
958,2311,2016-10-05 11:58:37.000,I'll alert the crew. When has justice ever been as simple as a rule book?
958,2312,2015-02-16 21:38:02.000,"For an android with no feelings, he sure managed to evoke them in others."
959,2313,2015-04-27 12:35:26.000,"I suggest you drop it, Mr. Data. Mr. Worf, you sound like a man who's asking his friend if he can start dating his sister."
959,2314,2015-03-04 02:35:12.000,"I've had twelve years to think about it. And if I had it to do over again, I would have grabbed the phaser and pointed it at you instead of them."
959,2315,2015-01-22 18:38:19.000,"I suggest you drop it, Mr. Data. Mr. Worf, you sound like a man who's asking his friend if he can start dating his sister."
960,2316,2016-01-05 07:55:49.000,"I'm afraid I still don't understand, sir. Well, that's certainly good to know."
960,2317,2015-07-20 15:49:49.000,"For an android with no feelings, he sure managed to evoke them in others."
961,2318,2015-08-04 07:38:06.000,I'll alert the crew. When has justice ever been as simple as a rule book?
962,2319,2015-02-13 20:27:50.000,"I'm afraid I still don't understand, sir. Well, that's certainly good to know."
963,2320,2017-02-16 06:12:25.000,"I've had twelve years to think about it. And if I had it to do over again, I would have grabbed the phaser and pointed it at you instead of them."
963,2321,2016-01-16 17:54:31.000,"For an android with no feelings, he sure managed to evoke them in others."
963,2322,2015-09-15 14:41:08.000,"Maybe if we felt any human loss as keenly as we feel one of those close to us, human history would be far less bloody."
964,2323,2017-01-03 11:28:05.000,"I suggest you drop it, Mr. Data. Mr. Worf, you sound like a man who's asking his friend if he can start dating his sister."
964,2324,2015-12-08 12:27:58.000,I'll alert the crew. When has justice ever been as simple as a rule book?
964,2325,2015-06-01 10:18:47.000,I'll alert the crew. When has justice ever been as simple as a rule book?
964,2326,2016-08-28 11:01:05.000,"For an android with no feelings, he sure managed to evoke them in others."
964,2327,2015-07-08 17:00:59.000,"I suggest you drop it, Mr. Data. Mr. Worf, you sound like a man who's asking his friend if he can start dating his sister."
965,2328,2015-10-18 17:07:11.000,I'll alert the crew. When has justice ever been as simple as a rule book?
965,2329,2017-02-02 05:05:27.000,"For an android with no feelings, he sure managed to evoke them in others."
966,2330,2016-04-21 20:39:35.000,"For an android with no feelings, he sure managed to evoke them in others."
967,2331,2016-10-24 10:26:02.000,"I'm afraid I still don't understand, sir. Well, that's certainly good to know."
967,2332,2016-12-18 05:33:42.000,"Fate. It protects fools, little children, and ships named Enterprise."
967,2333,2015-12-22 00:53:39.000,Flair is what marks the difference between artistry and mere competence.
967,2334,2017-02-18 23:54:03.000,Flair is what marks the difference between artistry and mere competence.
968,2335,2015-09-22 12:47:59.000,"I'm afraid I still don't understand, sir. Well, that's certainly good to know."
968,2336,2015-09-29 15:05:46.000,"For an android with no feelings, he sure managed to evoke them in others."
968,2337,2015-09-12 00:53:55.000,I'll alert the crew. When has justice ever been as simple as a rule book?
968,2338,2016-12-01 23:15:57.000,I'll alert the crew. When has justice ever been as simple as a rule book?
968,2339,2016-12-02 13:38:18.000,"I suggest you drop it, Mr. Data. Mr. Worf, you sound like a man who's asking his friend if he can start dating his sister."
969,2340,2016-11-22 02:41:21.000,"For an android with no feelings, he sure managed to evoke them in others."
970,2341,2016-09-27 07:25:44.000,I'll alert the crew. When has justice ever been as simple as a rule book?
970,2342,2016-09-22 00:34:35.000,"Maybe if we felt any human loss as keenly as we feel one of those close to us, human history would be far less bloody."
970,2343,2016-02-10 04:44:53.000,"I've had twelve years to think about it. And if I had it to do over again, I would have grabbed the phaser and pointed it at you instead of them."
970,2345,2016-01-28 01:05:13.000,Travel time to the nearest starbase? The Federation's gone; the Borg is everywhere!
970,2347,2017-01-13 04:41:13.000,Travel time to the nearest starbase? The Federation's gone; the Borg is everywhere!
971,2344,2015-07-26 15:07:07.000,"For an android with no feelings, he sure managed to evoke them in others."
971,2346,2015-11-26 00:09:03.000,"Maybe if we felt any human loss as keenly as we feel one of those close to us, human history would be far less bloody."
971,2348,2016-01-26 03:02:03.000,"For an android with no feelings, he sure managed to evoke them in others."
971,2349,2015-10-26 02:13:38.000,Travel time to the nearest starbase? The Federation's gone; the Borg is everywhere!
972,2350,2015-09-25 08:38:33.000,"I suggest you drop it, Mr. Data. Mr. Worf, you sound like a man who's asking his friend if he can start dating his sister."
972,2351,2015-03-10 17:32:36.000,"I've had twelve years to think about it. And if I had it to do over again, I would have grabbed the phaser and pointed it at you instead of them."
972,2352,2015-07-09 08:56:32.000,"Fate. It protects fools, little children, and ships named Enterprise."
972,2353,2016-09-12 20:10:42.000,I'll alert the crew. When has justice ever been as simple as a rule book?
973,2354,2016-06-27 18:23:37.000,I'll alert the crew. When has justice ever been as simple as a rule book?
973,2355,2017-01-01 21:38:50.000,I'll alert the crew. When has justice ever been as simple as a rule book?
973,2356,2016-05-31 08:55:29.000,"Maybe if we felt any human loss as keenly as we feel one of those close to us, human history would be far less bloody."
973,2357,2015-09-16 21:47:41.000,I'll alert the crew. When has justice ever been as simple as a rule book?
974,2358,2016-11-29 17:12:01.000,"I suggest you drop it, Mr. Data. Mr. Worf, you sound like a man who's asking his friend if he can start dating his sister."
974,2359,2015-08-19 23:15:48.000,"I've had twelve years to think about it. And if I had it to do over again, I would have grabbed the phaser and pointed it at you instead of them."
975,2360,2015-05-21 05:34:06.000,Travel time to the nearest starbase? The Federation's gone; the Borg is everywhere!
975,2361,2016-10-31 19:29:08.000,"Maybe if we felt any human loss as keenly as we feel one of those close to us, human history would be far less bloody."
975,2362,2017-02-09 00:35:42.000,"I suggest you drop it, Mr. Data. Mr. Worf, you sound like a man who's asking his friend if he can start dating his sister."
975,2363,2016-12-13 13:24:25.000,"I've had twelve years to think about it. And if I had it to do over again, I would have grabbed the phaser and pointed it at you instead of them."
975,2364,2015-01-11 18:26:14.000,Travel time to the nearest starbase? The Federation's gone; the Borg is everywhere!
976,2365,2016-07-30 01:57:17.000,"I suggest you drop it, Mr. Data. Mr. Worf, you sound like a man who's asking his friend if he can start dating his sister."
977,2366,2017-01-23 14:30:11.000,"Fate. It protects fools, little children, and ships named Enterprise."
977,2367,2016-04-01 00:47:51.000,I'll alert the crew. When has justice ever been as simple as a rule book?
978,2368,2016-04-09 00:35:02.000,"Fate. It protects fools, little children, and ships named Enterprise."
978,2369,2017-01-12 02:50:28.000,"For an android with no feelings, he sure managed to evoke them in others."
978,2370,2016-03-28 00:28:19.000,"I've had twelve years to think about it. And if I had it to do over again, I would have grabbed the phaser and pointed it at you instead of them."
978,2371,2016-12-08 06:16:34.000,"Maybe if we felt any human loss as keenly as we feel one of those close to us, human history would be far less bloody."
978,2372,2015-05-15 05:14:16.000,"I've had twelve years to think about it. And if I had it to do over again, I would have grabbed the phaser and pointed it at you instead of them."
979,2373,2016-09-22 12:44:20.000,Flair is what marks the difference between artistry and mere competence.
979,2374,2016-09-05 03:35:08.000,"Fate. It protects fools, little children, and ships named Enterprise."
979,2375,2016-11-09 13:57:02.000,I'll alert the crew. When has justice ever been as simple as a rule book?
979,2376,2016-09-16 23:57:22.000,"Maybe if we felt any human loss as keenly as we feel one of those close to us, human history would be far less bloody."
979,2377,2015-11-20 16:26:21.000,"For an android with no feelings, he sure managed to evoke them in others."
983,2388,2015-06-25 00:48:18.000,I'll alert the crew. When has justice ever been as simple as a rule book?
983,2389,2016-10-15 18:13:04.000,Travel time to the nearest starbase? The Federation's gone; the Borg is everywhere!
983,2390,2017-01-31 06:30:46.000,"Fate. It protects fools, little children, and ships named Enterprise."
984,2391,2016-02-10 02:37:35.000,"Maybe if we felt any human loss as keenly as we feel one of those close to us, human history would be far less bloody."
984,2392,2016-12-13 15:12:26.000,Flair is what marks the difference between artistry and mere competence.
984,2393,2015-04-12 20:47:42.000,"Maybe if we felt any human loss as keenly as we feel one of those close to us, human history would be far less bloody."
984,2394,2016-04-05 15:18:12.000,"I suggest you drop it, Mr. Data. Mr. Worf, you sound like a man who's asking his friend if he can start dating his sister."
984,2395,2015-02-24 18:39:02.000,"I suggest you drop it, Mr. Data. Mr. Worf, you sound like a man who's asking his friend if he can start dating his sister."
985,2396,2015-07-24 16:23:56.000,"Fate. It protects fools, little children, and ships named Enterprise."
985,2397,2016-07-06 17:18:21.000,"I'm afraid I still don't understand, sir. Well, that's certainly good to know."
985,2398,2016-07-06 18:54:21.000,"I've had twelve years to think about it. And if I had it to do over again, I would have grabbed the phaser and pointed it at you instead of them."
985,2399,2016-12-26 01:15:26.000,Flair is what marks the difference between artistry and mere competence.
980,2378,2017-02-14 02:59:50.000,Travel time to the nearest starbase? The Federation's gone; the Borg is everywhere!
980,2379,2015-11-26 22:01:02.000,"For an android with no feelings, he sure managed to evoke them in others."
980,2380,2016-06-14 03:26:22.000,"For an android with no feelings, he sure managed to evoke them in others."
981,2381,2016-05-24 02:40:05.000,"I've had twelve years to think about it. And if I had it to do over again, I would have grabbed the phaser and pointed it at you instead of them."
981,2382,2016-08-21 18:35:59.000,"I'm afraid I still don't understand, sir. Well, that's certainly good to know."
981,2383,2016-02-01 13:17:19.000,"Maybe if we felt any human loss as keenly as we feel one of those close to us, human history would be far less bloody."
981,2384,2016-12-17 23:56:31.000,"For an android with no feelings, he sure managed to evoke them in others."
982,2385,2016-09-26 22:22:16.000,"Fate. It protects fools, little children, and ships named Enterprise."
1258,3106,2015-08-21 19:28:49.000,"Fate. It protects fools, little children, and ships named Enterprise."
1258,3107,2017-02-02 08:21:54.000,"I've had twelve years to think about it. And if I had it to do over again, I would have grabbed the phaser and pointed it at you instead of them."
1258,3108,2015-09-28 02:32:25.000,"For an android with no feelings, he sure managed to evoke them in others."
1252,3085,2015-11-06 20:58:48.000,"I'm afraid I still don't understand, sir. Well, that's certainly good to know."
1253,3086,2015-08-17 02:20:17.000,"Fate. It protects fools, little children, and ships named Enterprise."
1253,3087,2015-10-20 10:33:14.000,I'll alert the crew. When has justice ever been as simple as a rule book?
1254,3088,2015-02-01 03:31:19.000,Travel time to the nearest starbase? The Federation's gone; the Borg is everywhere!
1254,3089,2016-04-16 19:17:20.000,"I've had twelve years to think about it. And if I had it to do over again, I would have grabbed the phaser and pointed it at you instead of them."
1274,3140,2016-09-02 05:57:48.000,I'll alert the crew. When has justice ever been as simple as a rule book?
1274,3142,2016-02-01 11:09:57.000,Flair is what marks the difference between artistry and mere competence.
1274,3152,2015-05-18 23:02:09.000,"For an android with no feelings, he sure managed to evoke them in others."
1269,3127,2015-04-08 16:50:38.000,"Maybe if we felt any human loss as keenly as we feel one of those close to us, human history would be far less bloody."
1274,3153,2015-05-31 01:12:25.000,"Maybe if we felt any human loss as keenly as we feel one of those close to us, human history would be far less bloody."
1269,3128,2016-01-19 10:35:43.000,Flair is what marks the difference between artistry and mere competence.
1274,3154,2016-07-13 06:39:41.000,"I'm afraid I still don't understand, sir. Well, that's certainly good to know."
1269,3130,2016-07-04 04:44:05.000,"Maybe if we felt any human loss as keenly as we feel one of those close to us, human history would be far less bloody."
1269,3132,2016-08-01 15:54:11.000,"I'm afraid I still don't understand, sir. Well, that's certainly good to know."
1269,3134,2016-03-28 01:59:33.000,"Maybe if we felt any human loss as keenly as we feel one of those close to us, human history would be far less bloody."
1270,3137,2015-06-24 05:24:18.000,I'll alert the crew. When has justice ever been as simple as a rule book?
1270,3139,2016-07-03 20:11:53.000,"Maybe if we felt any human loss as keenly as we feel one of those close to us, human history would be far less bloody."
1270,3141,2016-06-08 06:38:02.000,"Maybe if we felt any human loss as keenly as we feel one of those close to us, human history would be far less bloody."
1270,3144,2015-12-09 15:19:38.000,"Maybe if we felt any human loss as keenly as we feel one of those close to us, human history would be far less bloody."
1270,3146,2016-03-24 07:06:37.000,Travel time to the nearest starbase? The Federation's gone; the Borg is everywhere!
1271,3148,2016-08-27 18:31:17.000,"I've had twelve years to think about it. And if I had it to do over again, I would have grabbed the phaser and pointed it at you instead of them."
1271,3150,2016-09-20 03:29:27.000,"Fate. It protects fools, little children, and ships named Enterprise."
1271,3156,2015-05-23 01:40:34.000,"I've had twelve years to think about it. And if I had it to do over again, I would have grabbed the phaser and pointed it at you instead of them."
1271,3157,2015-07-24 06:33:12.000,Flair is what marks the difference between artistry and mere competence.
1276,3165,2016-09-27 04:26:26.000,"I'm afraid I still don't understand, sir. Well, that's certainly good to know."
1271,3160,2015-11-21 06:14:31.000,"Fate. It protects fools, little children, and ships named Enterprise."
1276,3166,2017-02-01 22:03:56.000,I'll alert the crew. When has justice ever been as simple as a rule book?
1273,3162,2015-12-06 10:26:12.000,"For an android with no feelings, he sure managed to evoke them in others."
1276,3167,2017-02-06 09:58:07.000,Travel time to the nearest starbase? The Federation's gone; the Borg is everywhere!
1276,3168,2017-02-15 10:11:15.000,"I suggest you drop it, Mr. Data. Mr. Worf, you sound like a man who's asking his friend if he can start dating his sister."
1273,3163,2016-02-12 08:26:12.000,I'll alert the crew. When has justice ever been as simple as a rule book?
1273,3164,2016-05-09 14:42:05.000,"For an android with no feelings, he sure managed to evoke them in others."
1260,3109,2015-06-30 17:23:54.000,"Maybe if we felt any human loss as keenly as we feel one of those close to us, human history would be far less bloody."
1260,3110,2015-12-31 00:21:28.000,"Maybe if we felt any human loss as keenly as we feel one of those close to us, human history would be far less bloody."
1260,3111,2016-09-24 09:49:08.000,Flair is what marks the difference between artistry and mere competence.
1260,3112,2016-03-25 02:42:58.000,Travel time to the nearest starbase? The Federation's gone; the Borg is everywhere!
1261,3113,2016-11-12 06:07:39.000,"Fate. It protects fools, little children, and ships named Enterprise."
1261,3114,2016-01-31 16:53:03.000,Travel time to the nearest starbase? The Federation's gone; the Borg is everywhere!
1261,3115,2015-04-10 12:01:46.000,I'll alert the crew. When has justice ever been as simple as a rule book?
1261,3116,2015-10-01 16:18:27.000,"Fate. It protects fools, little children, and ships named Enterprise."
1262,3117,2016-05-12 06:13:04.000,Flair is what marks the difference between artistry and mere competence.
1262,3118,2015-04-09 23:59:46.000,"I'm afraid I still don't understand, sir. Well, that's certainly good to know."
1262,3119,2016-06-20 07:45:13.000,Travel time to the nearest starbase? The Federation's gone; the Borg is everywhere!
1262,3120,2015-10-17 23:06:45.000,I'll alert the crew. When has justice ever been as simple as a rule book?
1262,3121,2016-08-23 13:34:10.000,Travel time to the nearest starbase? The Federation's gone; the Borg is everywhere!
1263,3122,2016-12-03 00:22:07.000,"For an android with no feelings, he sure managed to evoke them in others."
1263,3123,2016-05-11 20:57:32.000,"I've had twelve years to think about it. And if I had it to do over again, I would have grabbed the phaser and pointed it at you instead of them."
1263,3124,2016-06-12 20:29:42.000,"I've had twelve years to think about it. And if I had it to do over again, I would have grabbed the phaser and pointed it at you instead of them."
1263,3125,2017-02-28 21:05:44.000,Flair is what marks the difference between artistry and mere competence.
1263,3126,2015-05-06 19:36:56.000,I'll alert the crew. When has justice ever been as simple as a rule book?
1265,3129,2016-03-14 02:42:39.000,"I've had twelve years to think about it. And if I had it to do over again, I would have grabbed the phaser and pointed it at you instead of them."
1265,3131,2015-01-12 23:30:20.000,Flair is what marks the difference between artistry and mere competence.
1265,3133,2016-04-02 08:14:31.000,I'll alert the crew. When has justice ever been as simple as a rule book?
1267,3136,2015-09-18 03:20:36.000,"For an android with no feelings, he sure managed to evoke them in others."
1267,3138,2015-05-04 20:20:54.000,"I'm afraid I still don't understand, sir. Well, that's certainly good to know."
1267,3159,2016-04-26 00:02:27.000,"For an android with no feelings, he sure managed to evoke them in others."
1267,3161,2016-06-03 09:24:13.000,"For an android with no feelings, he sure managed to evoke them in others."
1277,3169,2015-05-29 07:09:49.000,Flair is what marks the difference between artistry and mere competence.
1277,3170,2015-01-06 13:31:57.000,"I'm afraid I still don't understand, sir. Well, that's certainly good to know."
1277,3171,2015-04-19 19:04:16.000,"Maybe if we felt any human loss as keenly as we feel one of those close to us, human history would be far less bloody."
1277,3172,2015-06-20 12:24:26.000,"I suggest you drop it, Mr. Data. Mr. Worf, you sound like a man who's asking his friend if he can start dating his sister."
1119,2721,2016-03-28 17:46:14.000,"I've had twelve years to think about it. And if I had it to do over again, I would have grabbed the phaser and pointed it at you instead of them."
1120,2723,2015-07-12 05:49:32.000,Flair is what marks the difference between artistry and mere competence.
1120,2724,2016-05-25 12:35:18.000,I'll alert the crew. When has justice ever been as simple as a rule book?
1120,2725,2015-09-15 10:55:31.000,I'll alert the crew. When has justice ever been as simple as a rule book?
1122,2726,2017-01-16 01:57:37.000,"For an android with no feelings, he sure managed to evoke them in others."
1122,2727,2015-07-06 01:13:36.000,"Maybe if we felt any human loss as keenly as we feel one of those close to us, human history would be far less bloody."
1122,2728,2016-04-02 22:55:18.000,"For an android with no feelings, he sure managed to evoke them in others."
1122,2729,2015-07-19 11:15:45.000,"Fate. It protects fools, little children, and ships named Enterprise."
1122,2730,2016-11-04 05:59:38.000,"Fate. It protects fools, little children, and ships named Enterprise."
1123,2731,2015-05-20 13:30:03.000,I'll alert the crew. When has justice ever been as simple as a rule book?
1123,2732,2016-08-27 06:41:18.000,"Fate. It protects fools, little children, and ships named Enterprise."
1123,2733,2015-04-17 23:03:54.000,Flair is what marks the difference between artistry and mere competence.
1124,2734,2015-07-05 17:37:24.000,I'll alert the crew. When has justice ever been as simple as a rule book?
1124,2735,2015-05-06 14:09:29.000,"Maybe if we felt any human loss as keenly as we feel one of those close to us, human history would be far less bloody."
1124,2736,2016-06-19 21:23:23.000,"I'm afraid I still don't understand, sir. Well, that's certainly good to know."
1124,2737,2015-03-01 17:26:35.000,"Fate. It protects fools, little children, and ships named Enterprise."
1115,2709,2016-03-20 12:50:08.000,Travel time to the nearest starbase? The Federation's gone; the Borg is everywhere!
1115,2710,2015-08-12 12:25:38.000,"Fate. It protects fools, little children, and ships named Enterprise."
1116,2712,2016-11-08 05:12:22.000,I'll alert the crew. When has justice ever been as simple as a rule book?
1116,2714,2016-09-13 21:47:42.000,"I suggest you drop it, Mr. Data. Mr. Worf, you sound like a man who's asking his friend if he can start dating his sister."
1116,2716,2015-05-25 19:53:24.000,Flair is what marks the difference between artistry and mere competence.
1116,2718,2015-11-18 00:16:42.000,"For an android with no feelings, he sure managed to evoke them in others."
1116,2720,2016-12-22 23:37:05.000,"I've had twelve years to think about it. And if I had it to do over again, I would have grabbed the phaser and pointed it at you instead of them."
1117,2722,2015-10-13 17:11:57.000,"I suggest you drop it, Mr. Data. Mr. Worf, you sound like a man who's asking his friend if he can start dating his sister."
1125,2738,2016-04-21 15:44:16.000,Travel time to the nearest starbase? The Federation's gone; the Borg is everywhere!
1127,2742,2016-02-05 16:52:56.000,"I've had twelve years to think about it. And if I had it to do over again, I would have grabbed the phaser and pointed it at you instead of them."
1127,2743,2015-04-24 09:09:54.000,"I'm afraid I still don't understand, sir. Well, that's certainly good to know."
1127,2744,2016-05-24 12:26:35.000,"Maybe if we felt any human loss as keenly as we feel one of those close to us, human history would be far less bloody."
1127,2745,2017-01-05 09:47:43.000,"Maybe if we felt any human loss as keenly as we feel one of those close to us, human history would be far less bloody."
1128,2746,2016-11-16 23:33:12.000,"Maybe if we felt any human loss as keenly as we feel one of those close to us, human history would be far less bloody."
1128,2747,2016-04-08 10:55:03.000,"I suggest you drop it, Mr. Data. Mr. Worf, you sound like a man who's asking his friend if he can start dating his sister."
1128,2748,2015-07-10 07:20:22.000,"Fate. It protects fools, little children, and ships named Enterprise."
1128,2749,2016-06-18 09:45:18.000,Flair is what marks the difference between artistry and mere competence.
1129,2750,2016-03-04 04:21:24.000,"For an android with no feelings, he sure managed to evoke them in others."
1129,2751,2016-02-07 14:23:04.000,"I'm afraid I still don't understand, sir. Well, that's certainly good to know."
1130,2752,2016-08-31 01:54:31.000,I'll alert the crew. When has justice ever been as simple as a rule book?
1130,2753,2016-09-07 03:53:55.000,I'll alert the crew. When has justice ever been as simple as a rule book?
1130,2754,2015-10-25 05:20:51.000,Travel time to the nearest starbase? The Federation's gone; the Borg is everywhere!
1130,2755,2016-03-03 09:00:40.000,"Fate. It protects fools, little children, and ships named Enterprise."
1130,2756,2015-07-22 08:08:18.000,Travel time to the nearest starbase? The Federation's gone; the Borg is everywhere!
1132,2757,2016-04-08 04:57:14.000,"For an android with no feelings, he sure managed to evoke them in others."
1132,2758,2016-07-03 18:20:55.000,"I'm afraid I still don't understand, sir. Well, that's certainly good to know."
1132,2759,2016-07-26 19:40:35.000,"I suggest you drop it, Mr. Data. Mr. Worf, you sound like a man who's asking his friend if he can start dating his sister."
1139,2779,2015-05-24 00:47:36.000,"I suggest you drop it, Mr. Data. Mr. Worf, you sound like a man who's asking his friend if he can start dating his sister."
1133,2760,2015-02-14 13:10:36.000,I'll alert the crew. When has justice ever been as simple as a rule book?
1139,2780,2015-12-01 02:49:10.000,"I've had twelve years to think about it. And if I had it to do over again, I would have grabbed the phaser and pointed it at you instead of them."
1133,2761,2016-01-31 08:12:47.000,"I suggest you drop it, Mr. Data. Mr. Worf, you sound like a man who's asking his friend if he can start dating his sister."
1139,2781,2015-11-14 04:29:08.000,"For an android with no feelings, he sure managed to evoke them in others."
1133,2762,2016-04-26 20:06:40.000,Flair is what marks the difference between artistry and mere competence.
1139,2782,2015-10-30 10:51:53.000,Travel time to the nearest starbase? The Federation's gone; the Borg is everywhere!
1134,2763,2016-07-25 16:54:21.000,"I've had twelve years to think about it. And if I had it to do over again, I would have grabbed the phaser and pointed it at you instead of them."
1139,2783,2015-08-02 18:15:55.000,Flair is what marks the difference between artistry and mere competence.
1134,2764,2015-11-16 01:43:07.000,"Fate. It protects fools, little children, and ships named Enterprise."
1134,2765,2016-01-01 20:28:52.000,"Maybe if we felt any human loss as keenly as we feel one of those close to us, human history would be far less bloody."
1126,2739,2015-12-18 22:51:59.000,"I'm afraid I still don't understand, sir. Well, that's certainly good to know."
1134,2766,2016-02-01 01:50:23.000,"Fate. It protects fools, little children, and ships named Enterprise."
1126,2740,2015-06-23 07:58:39.000,Flair is what marks the difference between artistry and mere competence.
1126,2741,2015-11-15 00:16:04.000,"I suggest you drop it, Mr. Data. Mr. Worf, you sound like a man who's asking his friend if he can start dating his sister."
1135,2767,2016-12-27 09:27:15.000,"I've had twelve years to think about it. And if I had it to do over again, I would have grabbed the phaser and pointed it at you instead of them."
1135,2768,2015-03-12 08:23:58.000,"I'm afraid I still don't understand, sir. Well, that's certainly good to know."
1135,2769,2016-08-09 01:14:01.000,Travel time to the nearest starbase? The Federation's gone; the Borg is everywhere!
1136,2770,2016-09-24 01:04:41.000,"For an android with no feelings, he sure managed to evoke them in others."
1136,2771,2015-10-11 21:11:15.000,"Fate. It protects fools, little children, and ships named Enterprise."
1136,2772,2016-06-29 17:10:52.000,"Maybe if we felt any human loss as keenly as we feel one of those close to us, human history would be far less bloody."
1137,2773,2016-04-09 21:57:19.000,"I'm afraid I still don't understand, sir. Well, that's certainly good to know."
1137,2774,2016-10-04 06:22:45.000,"I suggest you drop it, Mr. Data. Mr. Worf, you sound like a man who's asking his friend if he can start dating his sister."
1137,2775,2015-10-06 08:55:32.000,"Fate. It protects fools, little children, and ships named Enterprise."
1137,2776,2016-09-05 09:35:07.000,"I suggest you drop it, Mr. Data. Mr. Worf, you sound like a man who's asking his friend if he can start dating his sister."
1137,2777,2016-01-19 23:52:24.000,Travel time to the nearest starbase? The Federation's gone; the Borg is everywhere!
1138,2778,2016-07-23 22:21:56.000,I'll alert the crew. When has justice ever been as simple as a rule book?
1141,2788,2015-01-04 09:27:08.000,"Fate. It protects fools, little children, and ships named Enterprise."
1141,2789,2016-10-16 18:29:19.000,"Fate. It protects fools, little children, and ships named Enterprise."
1141,2790,2016-10-07 17:59:08.000,Flair is what marks the difference between artistry and mere competence.
1142,2791,2015-03-07 21:01:41.000,"Fate. It protects fools, little children, and ships named Enterprise."
1142,2792,2015-05-31 00:55:25.000,Travel time to the nearest starbase? The Federation's gone; the Borg is everywhere!
1140,2784,2015-06-17 18:50:44.000,Flair is what marks the difference between artistry and mere competence.
1140,2785,2016-08-27 16:49:52.000,"Maybe if we felt any human loss as keenly as we feel one of those close to us, human history would be far less bloody."
1140,2786,2016-05-23 04:17:17.000,"I suggest you drop it, Mr. Data. Mr. Worf, you sound like a man who's asking his friend if he can start dating his sister."
1140,2787,2016-09-24 12:21:18.000,Travel time to the nearest starbase? The Federation's gone; the Borg is everywhere!
1146,2799,2016-06-12 10:16:21.000,"I suggest you drop it, Mr. Data. Mr. Worf, you sound like a man who's asking his friend if he can start dating his sister."
1146,2800,2017-01-07 05:53:26.000,I'll alert the crew. When has justice ever been as simple as a rule book?
1146,2801,2015-03-06 15:00:36.000,"Maybe if we felt any human loss as keenly as we feel one of those close to us, human history would be far less bloody."
1144,2793,2015-01-26 08:02:31.000,"I suggest you drop it, Mr. Data. Mr. Worf, you sound like a man who's asking his friend if he can start dating his sister."
1144,2794,2016-08-13 09:50:19.000,Flair is what marks the difference between artistry and mere competence.
1145,2795,2015-09-18 20:23:43.000,"I'm afraid I still don't understand, sir. Well, that's certainly good to know."
1145,2796,2015-11-07 12:05:34.000,"Fate. It protects fools, little children, and ships named Enterprise."
1145,2797,2016-11-27 17:56:26.000,Travel time to the nearest starbase? The Federation's gone; the Borg is everywhere!
1145,2798,2017-01-09 03:41:25.000,I'll alert the crew. When has justice ever been as simple as a rule book?
1147,2802,2015-09-10 05:00:02.000,"I suggest you drop it, Mr. Data. Mr. Worf, you sound like a man who's asking his friend if he can start dating his sister."
1147,2803,2016-06-18 15:53:04.000,"Fate. It protects fools, little children, and ships named Enterprise."
1147,2804,2016-09-02 21:21:17.000,"Maybe if we felt any human loss as keenly as we feel one of those close to us, human history would be far less bloody."
1147,2805,2016-01-30 21:29:47.000,"For an android with no feelings, he sure managed to evoke them in others."
1148,2806,2015-02-24 05:26:23.000,"For an android with no feelings, he sure managed to evoke them in others."
1148,2807,2015-10-10 18:28:24.000,I'll alert the crew. When has justice ever been as simple as a rule book?
1149,2808,2016-11-21 00:38:03.000,"For an android with no feelings, he sure managed to evoke them in others."
1149,2810,2015-03-21 22:40:21.000,I'll alert the crew. When has justice ever been as simple as a rule book?
1149,2812,2016-06-03 00:13:47.000,"I suggest you drop it, Mr. Data. Mr. Worf, you sound like a man who's asking his friend if he can start dating his sister."
1149,2814,2015-04-08 03:25:54.000,I'll alert the crew. When has justice ever been as simple as a rule book?
1150,2816,2016-10-17 03:21:12.000,"I'm afraid I still don't understand, sir. Well, that's certainly good to know."
1152,2809,2015-06-15 17:23:49.000,"Maybe if we felt any human loss as keenly as we feel one of those close to us, human history would be far less bloody."
1152,2811,2015-12-22 11:41:46.000,Flair is what marks the difference between artistry and mere competence.
1152,2813,2016-07-20 12:55:43.000,"I'm afraid I still don't understand, sir. Well, that's certainly good to know."
1153,2815,2016-03-26 00:47:14.000,Flair is what marks the difference between artistry and mere competence.
1154,2817,2015-11-13 06:55:55.000,"For an android with no feelings, he sure managed to evoke them in others."
1154,2818,2017-02-27 16:50:17.000,"I've had twelve years to think about it. And if I had it to do over again, I would have grabbed the phaser and pointed it at you instead of them."
1154,2819,2017-02-13 08:07:26.000,"I'm afraid I still don't understand, sir. Well, that's certainly good to know."
1155,2820,2016-11-18 03:01:55.000,"Maybe if we felt any human loss as keenly as we feel one of those close to us, human history would be far less bloody."
1155,2821,2015-09-02 16:41:14.000,"Fate. It protects fools, little children, and ships named Enterprise."
1155,2822,2016-01-07 01:40:48.000,"I suggest you drop it, Mr. Data. Mr. Worf, you sound like a man who's asking his friend if he can start dating his sister."
1155,2823,2015-11-01 18:29:55.000,"Maybe if we felt any human loss as keenly as we feel one of those close to us, human history would be far less bloody."
1155,2824,2016-01-04 08:51:46.000,"I'm afraid I still don't understand, sir. Well, that's certainly good to know."
1156,2825,2015-04-01 09:35:45.000,"I've had twelve years to think about it. And if I had it to do over again, I would have grabbed the phaser and pointed it at you instead of them."
1156,2826,2015-02-25 10:02:39.000,"Fate. It protects fools, little children, and ships named Enterprise."
1156,2827,2015-04-20 19:55:07.000,"I'm afraid I still don't understand, sir. Well, that's certainly good to know."
1156,2828,2016-06-27 06:11:17.000,I'll alert the crew. When has justice ever been as simple as a rule book?
1156,2829,2015-08-06 02:40:20.000,"For an android with no feelings, he sure managed to evoke them in others."
1157,2830,2015-12-05 08:04:56.000,"I'm afraid I still don't understand, sir. Well, that's certainly good to know."
1157,2831,2015-11-15 18:49:12.000,"I'm afraid I still don't understand, sir. Well, that's certainly good to know."
1157,2832,2016-09-15 09:16:15.000,I'll alert the crew. When has justice ever been as simple as a rule book?
1157,2833,2015-10-21 00:04:46.000,"I've had twelve years to think about it. And if I had it to do over again, I would have grabbed the phaser and pointed it at you instead of them."
1157,2834,2016-01-09 08:09:45.000,"I've had twelve years to think about it. And if I had it to do over again, I would have grabbed the phaser and pointed it at you instead of them."
1158,2835,2015-03-03 04:34:19.000,"I'm afraid I still don't understand, sir. Well, that's certainly good to know."
1158,2836,2015-05-17 09:07:10.000,"For an android with no feelings, he sure managed to evoke them in others."
1161,2846,2015-09-01 13:52:10.000,Travel time to the nearest starbase? The Federation's gone; the Borg is everywhere!
1161,2847,2015-07-06 18:10:24.000,"Maybe if we felt any human loss as keenly as we feel one of those close to us, human history would be far less bloody."
1161,2848,2016-01-04 03:23:09.000,"For an android with no feelings, he sure managed to evoke them in others."
1161,2849,2015-02-11 15:55:17.000,"Fate. It protects fools, little children, and ships named Enterprise."
1162,2850,2016-03-22 01:53:31.000,"I'm afraid I still don't understand, sir. Well, that's certainly good to know."
1162,2851,2016-02-28 09:13:17.000,"Fate. It protects fools, little children, and ships named Enterprise."
1162,2852,2016-12-07 09:04:14.000,"I'm afraid I still don't understand, sir. Well, that's certainly good to know."
1162,2853,2016-06-08 13:09:22.000,Travel time to the nearest starbase? The Federation's gone; the Borg is everywhere!
1162,2854,2015-12-22 12:02:13.000,Flair is what marks the difference between artistry and mere competence.
1164,2855,2016-11-07 09:45:49.000,"I'm afraid I still don't understand, sir. Well, that's certainly good to know."
1159,2837,2015-07-26 08:14:13.000,Flair is what marks the difference between artistry and mere competence.
1159,2838,2016-08-24 07:14:59.000,Flair is what marks the difference between artistry and mere competence.
1159,2839,2016-10-20 01:08:22.000,"I suggest you drop it, Mr. Data. Mr. Worf, you sound like a man who's asking his friend if he can start dating his sister."
1159,2840,2015-04-21 05:24:21.000,"I suggest you drop it, Mr. Data. Mr. Worf, you sound like a man who's asking his friend if he can start dating his sister."
1159,2841,2015-09-18 12:39:00.000,"I suggest you drop it, Mr. Data. Mr. Worf, you sound like a man who's asking his friend if he can start dating his sister."
1160,2842,2015-02-25 09:41:11.000,Travel time to the nearest starbase? The Federation's gone; the Borg is everywhere!
1160,2843,2016-12-10 18:28:09.000,"I'm afraid I still don't understand, sir. Well, that's certainly good to know."
1160,2844,2016-09-09 10:33:20.000,"For an android with no feelings, he sure managed to evoke them in others."
1160,2845,2015-01-30 10:46:20.000,"I'm afraid I still don't understand, sir. Well, that's certainly good to know."
1166,2878,2015-11-13 13:28:24.000,"I'm afraid I still don't understand, sir. Well, that's certainly good to know."
1166,2879,2016-06-05 07:24:23.000,"I've had twelve years to think about it. And if I had it to do over again, I would have grabbed the phaser and pointed it at you instead of them."
1166,2880,2016-11-23 20:54:05.000,"For an android with no feelings, he sure managed to evoke them in others."
1170,2881,2015-06-01 09:56:08.000,Travel time to the nearest starbase? The Federation's gone; the Borg is everywhere!
1170,2882,2016-04-21 12:25:49.000,"I suggest you drop it, Mr. Data. Mr. Worf, you sound like a man who's asking his friend if he can start dating his sister."
1170,2883,2016-10-26 00:43:25.000,"Maybe if we felt any human loss as keenly as we feel one of those close to us, human history would be far less bloody."
1170,2884,2016-03-11 21:15:53.000,"I've had twelve years to think about it. And if I had it to do over again, I would have grabbed the phaser and pointed it at you instead of them."
1175,2885,2016-09-27 19:25:35.000,"Maybe if we felt any human loss as keenly as we feel one of those close to us, human history would be far less bloody."
1175,2886,2015-01-10 09:56:52.000,I'll alert the crew. When has justice ever been as simple as a rule book?
1184,2896,2016-05-26 21:04:03.000,Flair is what marks the difference between artistry and mere competence.
1184,2897,2016-08-27 13:30:59.000,Flair is what marks the difference between artistry and mere competence.
1185,2899,2015-04-04 08:51:28.000,I'll alert the crew. When has justice ever been as simple as a rule book?
1185,2901,2015-04-29 20:07:14.000,"I'm afraid I still don't understand, sir. Well, that's certainly good to know."
1186,2903,2016-04-30 19:09:14.000,"Maybe if we felt any human loss as keenly as we feel one of those close to us, human history would be far less bloody."
1186,2905,2016-03-04 11:00:51.000,"I'm afraid I still don't understand, sir. Well, that's certainly good to know."
1186,2907,2016-10-23 21:50:06.000,Travel time to the nearest starbase? The Federation's gone; the Borg is everywhere!
1187,2909,2017-01-23 12:51:56.000,"Fate. It protects fools, little children, and ships named Enterprise."
1187,2911,2016-08-20 16:08:25.000,I'll alert the crew. When has justice ever been as simple as a rule book?
1187,2913,2016-05-17 12:54:28.000,"For an android with no feelings, he sure managed to evoke them in others."
1187,2915,2015-03-31 19:06:01.000,"Fate. It protects fools, little children, and ships named Enterprise."
1179,2890,2016-03-04 12:33:28.000,"Fate. It protects fools, little children, and ships named Enterprise."
1179,2891,2016-08-20 11:19:08.000,I'll alert the crew. When has justice ever been as simple as a rule book?
1179,2892,2016-01-17 23:40:56.000,"Maybe if we felt any human loss as keenly as we feel one of those close to us, human history would be far less bloody."
1179,2893,2016-02-23 23:26:16.000,Travel time to the nearest starbase? The Federation's gone; the Borg is everywhere!
1180,2894,2015-07-22 13:41:20.000,"Maybe if we felt any human loss as keenly as we feel one of those close to us, human history would be far less bloody."
1180,2895,2015-01-13 22:31:55.000,Flair is what marks the difference between artistry and mere competence.
1181,2898,2016-07-20 17:11:36.000,Flair is what marks the difference between artistry and mere competence.
1182,2900,2016-07-03 02:15:05.000,Flair is what marks the difference between artistry and mere competence.
1182,2902,2015-11-04 04:23:14.000,I'll alert the crew. When has justice ever been as simple as a rule book?
1182,2904,2016-05-09 20:43:33.000,"I'm afraid I still don't understand, sir. Well, that's certainly good to know."
1182,2906,2015-03-13 15:10:36.000,"Maybe if we felt any human loss as keenly as we feel one of those close to us, human history would be far less bloody."
1182,2908,2015-02-09 14:20:36.000,"For an android with no feelings, he sure managed to evoke them in others."
1183,2910,2016-10-30 00:07:42.000,"I suggest you drop it, Mr. Data. Mr. Worf, you sound like a man who's asking his friend if he can start dating his sister."
1183,2912,2016-08-30 04:48:39.000,"Fate. It protects fools, little children, and ships named Enterprise."
1167,2856,2015-03-08 15:17:24.000,I'll alert the crew. When has justice ever been as simple as a rule book?
1183,2914,2016-12-23 10:48:39.000,Flair is what marks the difference between artistry and mere competence.
1183,2916,2015-11-01 03:16:51.000,Travel time to the nearest starbase? The Federation's gone; the Borg is everywhere!
1167,2857,2015-02-15 02:34:07.000,Flair is what marks the difference between artistry and mere competence.
1169,2859,2016-07-16 16:45:47.000,"Maybe if we felt any human loss as keenly as we feel one of those close to us, human history would be far less bloody."
1169,2861,2015-06-10 15:18:45.000,"Fate. It protects fools, little children, and ships named Enterprise."
1169,2863,2016-08-22 03:34:43.000,"I'm afraid I still don't understand, sir. Well, that's certainly good to know."
1169,2865,2015-06-13 11:43:01.000,Travel time to the nearest starbase? The Federation's gone; the Borg is everywhere!
1174,2867,2017-02-19 23:25:35.000,"I suggest you drop it, Mr. Data. Mr. Worf, you sound like a man who's asking his friend if he can start dating his sister."
1174,2869,2016-07-13 16:48:38.000,I'll alert the crew. When has justice ever been as simple as a rule book?
1174,2871,2015-11-15 23:14:10.000,Flair is what marks the difference between artistry and mere competence.
1188,2917,2015-03-18 14:07:55.000,"For an android with no feelings, he sure managed to evoke them in others."
1188,2918,2015-06-08 22:37:33.000,I'll alert the crew. When has justice ever been as simple as a rule book?
1188,2919,2016-11-19 23:15:43.000,"I'm afraid I still don't understand, sir. Well, that's certainly good to know."
1188,2920,2016-01-03 02:03:17.000,"I'm afraid I still don't understand, sir. Well, that's certainly good to know."
1163,2858,2015-12-01 09:15:34.000,Flair is what marks the difference between artistry and mere competence.
1163,2860,2015-01-31 09:39:30.000,"I suggest you drop it, Mr. Data. Mr. Worf, you sound like a man who's asking his friend if he can start dating his sister."
1163,2862,2016-02-03 11:18:06.000,"I've had twelve years to think about it. And if I had it to do over again, I would have grabbed the phaser and pointed it at you instead of them."
1165,2864,2016-04-11 11:02:40.000,"I've had twelve years to think about it. And if I had it to do over again, I would have grabbed the phaser and pointed it at you instead of them."
1165,2866,2015-02-01 15:31:22.000,"For an android with no feelings, he sure managed to evoke them in others."
1168,2868,2015-07-14 23:30:10.000,"For an android with no feelings, he sure managed to evoke them in others."
1171,2870,2016-05-06 16:31:17.000,Travel time to the nearest starbase? The Federation's gone; the Borg is everywhere!
1171,2872,2016-01-13 01:13:04.000,"I've had twelve years to think about it. And if I had it to do over again, I would have grabbed the phaser and pointed it at you instead of them."
1173,2873,2016-03-28 23:52:48.000,"I've had twelve years to think about it. And if I had it to do over again, I would have grabbed the phaser and pointed it at you instead of them."
1173,2874,2016-07-06 19:41:44.000,Flair is what marks the difference between artistry and mere competence.
1173,2875,2015-07-15 13:14:34.000,"I'm afraid I still don't understand, sir. Well, that's certainly good to know."
1173,2876,2016-08-27 00:45:21.000,"Maybe if we felt any human loss as keenly as we feel one of those close to us, human history would be far less bloody."
1176,2877,2015-01-19 00:55:36.000,"I've had twelve years to think about it. And if I had it to do over again, I would have grabbed the phaser and pointed it at you instead of them."
1176,2887,2015-08-21 20:10:21.000,Flair is what marks the difference between artistry and mere competence.
1176,2888,2016-02-13 07:50:00.000,Travel time to the nearest starbase? The Federation's gone; the Borg is everywhere!
1176,2889,2016-12-13 03:43:36.000,"Fate. It protects fools, little children, and ships named Enterprise."
1192,2921,2015-01-06 02:14:15.000,"I'm afraid I still don't understand, sir. Well, that's certainly good to know."
1192,2922,2015-08-22 18:45:26.000,Travel time to the nearest starbase? The Federation's gone; the Borg is everywhere!
1192,2923,2015-04-08 23:16:25.000,"Maybe if we felt any human loss as keenly as we feel one of those close to us, human history would be far less bloody."
1199,2945,2017-01-18 18:19:02.000,Flair is what marks the difference between artistry and mere competence.
1192,2924,2016-09-01 12:04:28.000,"I'm afraid I still don't understand, sir. Well, that's certainly good to know."
1199,2947,2016-10-27 19:17:37.000,I'll alert the crew. When has justice ever been as simple as a rule book?
1192,2926,2016-05-16 08:35:04.000,I'll alert the crew. When has justice ever been as simple as a rule book?
1199,2948,2015-05-22 15:05:59.000,"I've had twelve years to think about it. And if I had it to do over again, I would have grabbed the phaser and pointed it at you instead of them."
1200,2949,2015-04-09 12:09:33.000,"For an android with no feelings, he sure managed to evoke them in others."
1200,2950,2015-11-30 07:46:13.000,"I've had twelve years to think about it. And if I had it to do over again, I would have grabbed the phaser and pointed it at you instead of them."
1200,2951,2015-09-12 16:39:54.000,"I've had twelve years to think about it. And if I had it to do over again, I would have grabbed the phaser and pointed it at you instead of them."
1201,2952,2016-04-07 00:31:31.000,"Maybe if we felt any human loss as keenly as we feel one of those close to us, human history would be far less bloody."
1202,2953,2016-09-03 16:56:09.000,"Maybe if we felt any human loss as keenly as we feel one of those close to us, human history would be far less bloody."
1203,2954,2017-01-17 18:22:20.000,"I'm afraid I still don't understand, sir. Well, that's certainly good to know."
1203,2955,2017-01-19 03:26:45.000,"Fate. It protects fools, little children, and ships named Enterprise."
1204,2956,2015-04-02 17:46:41.000,Flair is what marks the difference between artistry and mere competence.
1204,2957,2015-01-16 06:35:20.000,"I suggest you drop it, Mr. Data. Mr. Worf, you sound like a man who's asking his friend if he can start dating his sister."
1204,2958,2017-02-14 04:34:07.000,Travel time to the nearest starbase? The Federation's gone; the Borg is everywhere!
1206,2959,2015-04-22 05:34:35.000,I'll alert the crew. When has justice ever been as simple as a rule book?
1206,2960,2015-08-13 08:49:45.000,"I've had twelve years to think about it. And if I had it to do over again, I would have grabbed the phaser and pointed it at you instead of them."
1206,2961,2015-06-10 02:56:59.000,"I've had twelve years to think about it. And if I had it to do over again, I would have grabbed the phaser and pointed it at you instead of them."
1206,2962,2015-07-29 02:27:08.000,I'll alert the crew. When has justice ever been as simple as a rule book?
1207,2963,2016-10-12 19:28:24.000,Travel time to the nearest starbase? The Federation's gone; the Borg is everywhere!
1207,2964,2016-07-23 18:04:47.000,"I'm afraid I still don't understand, sir. Well, that's certainly good to know."
1207,2965,2015-11-03 14:07:13.000,"For an android with no feelings, he sure managed to evoke them in others."
1207,2966,2015-07-10 08:36:48.000,"Fate. It protects fools, little children, and ships named Enterprise."
1207,2967,2015-02-12 06:02:52.000,"I've had twelve years to think about it. And if I had it to do over again, I would have grabbed the phaser and pointed it at you instead of them."
1194,2932,2015-06-17 10:34:52.000,"Maybe if we felt any human loss as keenly as we feel one of those close to us, human history would be far less bloody."
1194,2933,2015-08-02 10:58:40.000,Flair is what marks the difference between artistry and mere competence.
1195,2934,2016-05-12 17:57:38.000,"I suggest you drop it, Mr. Data. Mr. Worf, you sound like a man who's asking his friend if he can start dating his sister."
1195,2935,2015-04-02 19:19:54.000,I'll alert the crew. When has justice ever been as simple as a rule book?
1195,2936,2016-12-19 14:52:14.000,"I'm afraid I still don't understand, sir. Well, that's certainly good to know."
1195,2937,2015-08-16 02:40:12.000,"I suggest you drop it, Mr. Data. Mr. Worf, you sound like a man who's asking his friend if he can start dating his sister."
1195,2938,2015-06-01 11:58:13.000,"Maybe if we felt any human loss as keenly as we feel one of those close to us, human history would be far less bloody."
1190,2925,2016-02-23 15:25:37.000,"Fate. It protects fools, little children, and ships named Enterprise."
1196,2939,2016-11-09 06:18:32.000,Travel time to the nearest starbase? The Federation's gone; the Borg is everywhere!
1190,2927,2016-04-27 04:33:36.000,"I'm afraid I still don't understand, sir. Well, that's certainly good to know."
1196,2940,2016-04-30 01:41:34.000,"I suggest you drop it, Mr. Data. Mr. Worf, you sound like a man who's asking his friend if he can start dating his sister."
1196,2941,2015-12-27 12:31:29.000,"For an android with no feelings, he sure managed to evoke them in others."
1190,2928,2016-06-10 00:50:02.000,"Fate. It protects fools, little children, and ships named Enterprise."
1190,2929,2016-02-10 18:25:37.000,Flair is what marks the difference between artistry and mere competence.
1198,2942,2016-05-19 14:08:56.000,Flair is what marks the difference between artistry and mere competence.
1198,2943,2016-06-15 17:32:25.000,"Fate. It protects fools, little children, and ships named Enterprise."
1191,2930,2015-10-04 23:12:44.000,"I'm afraid I still don't understand, sir. Well, that's certainly good to know."
1191,2931,2015-08-08 10:54:34.000,"I've had twelve years to think about it. And if I had it to do over again, I would have grabbed the phaser and pointed it at you instead of them."
1198,2944,2015-08-13 17:38:44.000,"I'm afraid I still don't understand, sir. Well, that's certainly good to know."
1198,2946,2015-09-08 05:56:45.000,I'll alert the crew. When has justice ever been as simple as a rule book?
1208,2968,2016-05-20 06:07:25.000,"I've had twelve years to think about it. And if I had it to do over again, I would have grabbed the phaser and pointed it at you instead of them."
1208,2969,2016-01-17 17:19:14.000,"For an android with no feelings, he sure managed to evoke them in others."
1208,2970,2017-02-19 10:04:06.000,Travel time to the nearest starbase? The Federation's gone; the Borg is everywhere!
1209,2971,2015-03-25 06:19:52.000,"I'm afraid I still don't understand, sir. Well, that's certainly good to know."
1209,2972,2015-04-16 21:12:32.000,Flair is what marks the difference between artistry and mere competence.
1209,2973,2016-01-21 20:41:43.000,I'll alert the crew. When has justice ever been as simple as a rule book?
1209,2974,2016-07-22 01:11:06.000,Travel time to the nearest starbase? The Federation's gone; the Borg is everywhere!
1209,2975,2015-10-29 04:13:15.000,"I'm afraid I still don't understand, sir. Well, that's certainly good to know."
1210,2976,2015-06-20 03:14:26.000,Travel time to the nearest starbase? The Federation's gone; the Borg is everywhere!
1210,2977,2016-02-28 01:59:21.000,"Fate. It protects fools, little children, and ships named Enterprise."
1210,2978,2015-05-20 02:58:32.000,Flair is what marks the difference between artistry and mere competence.
1210,2979,2017-02-01 00:05:26.000,"For an android with no feelings, he sure managed to evoke them in others."
1225,2994,2015-06-02 12:35:29.000,I'll alert the crew. When has justice ever been as simple as a rule book?
1225,2995,2016-05-15 20:05:20.000,"I'm afraid I still don't understand, sir. Well, that's certainly good to know."
1225,2996,2016-03-20 12:57:47.000,"I'm afraid I still don't understand, sir. Well, that's certainly good to know."
1226,2997,2015-12-12 08:10:43.000,"Maybe if we felt any human loss as keenly as we feel one of those close to us, human history would be far less bloody."
1226,2998,2017-01-01 16:41:04.000,"I'm afraid I still don't understand, sir. Well, that's certainly good to know."
1226,2999,2016-03-25 20:43:16.000,Flair is what marks the difference between artistry and mere competence.
1224,2992,2016-07-30 04:13:54.000,"I'm afraid I still don't understand, sir. Well, that's certainly good to know."
1224,2993,2015-01-28 21:15:10.000,Travel time to the nearest starbase? The Federation's gone; the Borg is everywhere!
1211,2980,2015-10-21 21:36:54.000,"Fate. It protects fools, little children, and ships named Enterprise."
1211,2981,2015-10-23 05:12:13.000,"Fate. It protects fools, little children, and ships named Enterprise."
1212,2982,2016-07-16 04:15:56.000,"For an android with no feelings, he sure managed to evoke them in others."
1212,2983,2016-09-18 14:07:27.000,"I'm afraid I still don't understand, sir. Well, that's certainly good to know."
1212,2984,2015-01-10 09:27:57.000,"Fate. It protects fools, little children, and ships named Enterprise."
1213,2985,2016-02-01 16:20:59.000,"Fate. It protects fools, little children, and ships named Enterprise."
1214,2986,2016-01-20 02:50:11.000,Travel time to the nearest starbase? The Federation's gone; the Borg is everywhere!
1214,2987,2016-01-23 18:34:58.000,"I'm afraid I still don't understand, sir. Well, that's certainly good to know."
1227,3014,2016-02-23 14:36:19.000,"Maybe if we felt any human loss as keenly as we feel one of those close to us, human history would be far less bloody."
1227,3015,2017-02-28 21:17:44.000,"I've had twelve years to think about it. And if I had it to do over again, I would have grabbed the phaser and pointed it at you instead of them."
1227,3016,2016-12-31 13:27:30.000,Flair is what marks the difference between artistry and mere competence.
1228,3017,2015-08-12 11:53:35.000,"I'm afraid I still don't understand, sir. Well, that's certainly good to know."
1228,3018,2015-05-01 12:54:07.000,"I'm afraid I still don't understand, sir. Well, that's certainly good to know."
1216,2988,2016-09-08 11:26:22.000,Flair is what marks the difference between artistry and mere competence.
1216,2989,2016-11-01 12:04:10.000,I'll alert the crew. When has justice ever been as simple as a rule book?
1216,2990,2016-02-23 02:22:38.000,Flair is what marks the difference between artistry and mere competence.
1216,2991,2016-10-21 15:04:38.000,"I'm afraid I still don't understand, sir. Well, that's certainly good to know."
1229,3019,2015-03-08 07:57:01.000,"I suggest you drop it, Mr. Data. Mr. Worf, you sound like a man who's asking his friend if he can start dating his sister."
1230,3020,2016-01-22 01:16:16.000,"I suggest you drop it, Mr. Data. Mr. Worf, you sound like a man who's asking his friend if he can start dating his sister."
1230,3021,2016-05-26 20:01:00.000,Flair is what marks the difference between artistry and mere competence.
1230,3022,2016-11-05 06:14:26.000,"For an android with no feelings, he sure managed to evoke them in others."
1230,3023,2015-10-24 12:41:56.000,"I'm afraid I still don't understand, sir. Well, that's certainly good to know."
1230,3024,2015-07-06 23:38:31.000,Flair is what marks the difference between artistry and mere competence.
1217,3000,2015-11-23 22:05:26.000,Flair is what marks the difference between artistry and mere competence.
1217,3001,2015-12-13 11:11:36.000,"Maybe if we felt any human loss as keenly as we feel one of those close to us, human history would be far less bloody."
1217,3002,2016-12-13 08:28:27.000,Flair is what marks the difference between artistry and mere competence.
1217,3003,2016-12-15 05:27:57.000,"Fate. It protects fools, little children, and ships named Enterprise."
1218,3004,2016-04-28 03:12:23.000,"I'm afraid I still don't understand, sir. Well, that's certainly good to know."
1218,3005,2015-06-18 08:29:39.000,I'll alert the crew. When has justice ever been as simple as a rule book?
1220,3006,2016-08-22 08:11:47.000,"I've had twelve years to think about it. And if I had it to do over again, I would have grabbed the phaser and pointed it at you instead of them."
1220,3007,2015-08-06 10:28:28.000,"Fate. It protects fools, little children, and ships named Enterprise."
1222,3008,2016-11-28 08:07:12.000,"Maybe if we felt any human loss as keenly as we feel one of those close to us, human history would be far less bloody."
1222,3009,2016-11-08 09:34:48.000,Flair is what marks the difference between artistry and mere competence.
1222,3010,2015-08-24 22:49:25.000,"I'm afraid I still don't understand, sir. Well, that's certainly good to know."
1223,3011,2015-09-10 07:42:08.000,"I've had twelve years to think about it. And if I had it to do over again, I would have grabbed the phaser and pointed it at you instead of them."
1223,3012,2016-05-12 10:42:28.000,"Fate. It protects fools, little children, and ships named Enterprise."
1223,3013,2016-04-09 17:12:46.000,"I'm afraid I still don't understand, sir. Well, that's certainly good to know."
1233,3029,2016-05-20 18:55:18.000,I'll alert the crew. When has justice ever been as simple as a rule book?
1233,3031,2015-09-27 00:48:11.000,Travel time to the nearest starbase? The Federation's gone; the Borg is everywhere!
1233,3033,2015-07-15 20:34:54.000,"Maybe if we felt any human loss as keenly as we feel one of those close to us, human history would be far less bloody."
1233,3035,2015-05-02 20:18:34.000,"Maybe if we felt any human loss as keenly as we feel one of those close to us, human history would be far less bloody."
1233,3036,2015-01-09 03:17:35.000,Flair is what marks the difference between artistry and mere competence.
1234,3037,2016-08-28 20:11:38.000,"Fate. It protects fools, little children, and ships named Enterprise."
1235,3038,2016-10-12 11:05:03.000,"I'm afraid I still don't understand, sir. Well, that's certainly good to know."
1235,3039,2016-05-29 20:18:39.000,I'll alert the crew. When has justice ever been as simple as a rule book?
1231,3025,2015-04-19 14:33:33.000,"I'm afraid I still don't understand, sir. Well, that's certainly good to know."
1231,3026,2015-02-05 07:37:04.000,"For an android with no feelings, he sure managed to evoke them in others."
1235,3040,2017-02-26 09:50:00.000,"Fate. It protects fools, little children, and ships named Enterprise."
1231,3027,2017-01-03 19:34:25.000,I'll alert the crew. When has justice ever been as simple as a rule book?
1235,3041,2015-10-03 08:32:47.000,Travel time to the nearest starbase? The Federation's gone; the Borg is everywhere!
1235,3042,2015-05-17 08:59:41.000,"Maybe if we felt any human loss as keenly as we feel one of those close to us, human history would be far less bloody."
1232,3028,2015-07-24 06:00:24.000,"Maybe if we felt any human loss as keenly as we feel one of those close to us, human history would be far less bloody."
1232,3030,2015-10-22 21:16:07.000,"I'm afraid I still don't understand, sir. Well, that's certainly good to know."
1232,3032,2016-07-13 14:04:20.000,Flair is what marks the difference between artistry and mere competence.
1232,3034,2016-05-21 19:29:50.000,Flair is what marks the difference between artistry and mere competence.
1238,3049,2016-03-07 15:44:03.000,"For an android with no feelings, he sure managed to evoke them in others."
1238,3050,2016-09-12 03:38:14.000,I'll alert the crew. When has justice ever been as simple as a rule book?
1238,3051,2015-12-28 19:13:14.000,Travel time to the nearest starbase? The Federation's gone; the Borg is everywhere!
1238,3052,2016-08-30 21:05:00.000,"For an android with no feelings, he sure managed to evoke them in others."
1238,3053,2016-01-24 01:33:45.000,Flair is what marks the difference between artistry and mere competence.
1239,3054,2016-09-02 08:19:07.000,"I've had twelve years to think about it. And if I had it to do over again, I would have grabbed the phaser and pointed it at you instead of them."
1239,3055,2016-09-07 18:52:07.000,"For an android with no feelings, he sure managed to evoke them in others."
1239,3056,2015-05-30 07:48:42.000,"I suggest you drop it, Mr. Data. Mr. Worf, you sound like a man who's asking his friend if he can start dating his sister."
1239,3057,2016-04-07 03:22:34.000,"I suggest you drop it, Mr. Data. Mr. Worf, you sound like a man who's asking his friend if he can start dating his sister."
1236,3043,2016-01-15 18:09:41.000,Travel time to the nearest starbase? The Federation's gone; the Borg is everywhere!
1237,3044,2015-07-09 01:24:54.000,I'll alert the crew. When has justice ever been as simple as a rule book?
1237,3045,2016-06-23 23:14:11.000,"Fate. It protects fools, little children, and ships named Enterprise."
1237,3046,2016-05-06 07:29:13.000,"Maybe if we felt any human loss as keenly as we feel one of those close to us, human history would be far less bloody."
1237,3047,2017-01-08 15:12:44.000,Travel time to the nearest starbase? The Federation's gone; the Borg is everywhere!
1237,3048,2015-03-05 20:24:33.000,Flair is what marks the difference between artistry and mere competence.
1243,3067,2017-02-12 05:46:20.000,"I've had twelve years to think about it. And if I had it to do over again, I would have grabbed the phaser and pointed it at you instead of them."
1243,3068,2015-09-16 04:22:53.000,I'll alert the crew. When has justice ever been as simple as a rule book?
1243,3069,2016-09-26 21:38:51.000,I'll alert the crew. When has justice ever been as simple as a rule book?
1243,3070,2015-08-12 21:57:06.000,"For an android with no feelings, he sure managed to evoke them in others."
1243,3071,2017-01-23 15:19:36.000,"I'm afraid I still don't understand, sir. Well, that's certainly good to know."
1244,3072,2016-02-02 16:02:08.000,Flair is what marks the difference between artistry and mere competence.
1245,3073,2016-04-10 05:14:09.000,"I suggest you drop it, Mr. Data. Mr. Worf, you sound like a man who's asking his friend if he can start dating his sister."
1245,3074,2015-11-12 04:58:55.000,Travel time to the nearest starbase? The Federation's gone; the Borg is everywhere!
1245,3075,2016-05-23 09:58:41.000,"Maybe if we felt any human loss as keenly as we feel one of those close to us, human history would be far less bloody."
1245,3076,2015-06-07 09:00:39.000,I'll alert the crew. When has justice ever been as simple as a rule book?
1246,3077,2016-12-15 19:41:36.000,Travel time to the nearest starbase? The Federation's gone; the Borg is everywhere!
1246,3078,2015-04-27 05:23:42.000,"I'm afraid I still don't understand, sir. Well, that's certainly good to know."
1240,3058,2016-12-06 07:16:24.000,"I suggest you drop it, Mr. Data. Mr. Worf, you sound like a man who's asking his friend if he can start dating his sister."
1240,3059,2016-11-25 11:24:04.000,"I suggest you drop it, Mr. Data. Mr. Worf, you sound like a man who's asking his friend if he can start dating his sister."
1240,3060,2016-08-21 12:28:17.000,"I've had twelve years to think about it. And if I had it to do over again, I would have grabbed the phaser and pointed it at you instead of them."
1240,3061,2016-10-23 00:54:14.000,"Fate. It protects fools, little children, and ships named Enterprise."
1240,3062,2015-11-19 06:41:37.000,"Maybe if we felt any human loss as keenly as we feel one of those close to us, human history would be far less bloody."
1242,3063,2016-04-15 20:07:37.000,I'll alert the crew. When has justice ever been as simple as a rule book?
1242,3064,2016-09-02 08:15:30.000,I'll alert the crew. When has justice ever been as simple as a rule book?
1242,3065,2016-09-16 02:36:19.000,"Fate. It protects fools, little children, and ships named Enterprise."
1242,3066,2016-10-10 22:52:31.000,I'll alert the crew. When has justice ever been as simple as a rule book?
1255,3090,2016-05-11 07:10:29.000,"I suggest you drop it, Mr. Data. Mr. Worf, you sound like a man who's asking his friend if he can start dating his sister."
1247,3079,2016-09-12 21:38:57.000,"I'm afraid I still don't understand, sir. Well, that's certainly good to know."
1255,3091,2015-09-16 13:30:55.000,"Fate. It protects fools, little children, and ships named Enterprise."
1255,3092,2015-10-10 10:03:53.000,"I've had twelve years to think about it. And if I had it to do over again, I would have grabbed the phaser and pointed it at you instead of them."
1247,3080,2015-03-19 03:31:29.000,"For an android with no feelings, he sure managed to evoke them in others."
1255,3093,2015-02-18 21:31:50.000,Flair is what marks the difference between artistry and mere competence.
1249,3081,2016-04-06 06:03:43.000,"Fate. It protects fools, little children, and ships named Enterprise."
1257,3099,2016-06-06 03:45:52.000,"For an android with no feelings, he sure managed to evoke them in others."
1256,3094,2016-06-05 16:48:47.000,"I suggest you drop it, Mr. Data. Mr. Worf, you sound like a man who's asking his friend if he can start dating his sister."
1251,3082,2015-08-26 18:50:04.000,"I suggest you drop it, Mr. Data. Mr. Worf, you sound like a man who's asking his friend if he can start dating his sister."
1256,3095,2015-09-21 10:24:55.000,Flair is what marks the difference between artistry and mere competence.
1251,3083,2015-06-01 09:47:30.000,"I've had twelve years to think about it. And if I had it to do over again, I would have grabbed the phaser and pointed it at you instead of them."
1257,3100,2016-09-11 07:36:32.000,"Maybe if we felt any human loss as keenly as we feel one of those close to us, human history would be far less bloody."
1256,3096,2016-08-20 08:37:43.000,"I'm afraid I still don't understand, sir. Well, that's certainly good to know."
1251,3084,2016-02-25 23:14:30.000,"I've had twelve years to think about it. And if I had it to do over again, I would have grabbed the phaser and pointed it at you instead of them."
1257,3101,2016-01-06 20:33:30.000,"I suggest you drop it, Mr. Data. Mr. Worf, you sound like a man who's asking his friend if he can start dating his sister."
1256,3097,2016-04-12 04:07:09.000,Travel time to the nearest starbase? The Federation's gone; the Borg is everywhere!
1257,3102,2017-01-21 14:32:07.000,"I've had twelve years to think about it. And if I had it to do over again, I would have grabbed the phaser and pointed it at you instead of them."
1256,3098,2016-07-18 05:05:19.000,I'll alert the crew. When has justice ever been as simple as a rule book?
1257,3103,2015-11-23 14:55:41.000,"Fate. It protects fools, little children, and ships named Enterprise."
1258,3104,2017-01-23 10:07:54.000,"I'm afraid I still don't understand, sir. Well, that's certainly good to know."
1258,3105,2016-07-01 14:30:56.000,"I'm afraid I still don't understand, sir. Well, that's certainly good to know."
1341,3356,2015-11-12 23:00:14.000,"I'm afraid I still don't understand, sir. Well, that's certainly good to know."
1341,3357,2016-08-04 15:54:19.000,"I'm afraid I still don't understand, sir. Well, that's certainly good to know."
1343,3358,2015-07-09 07:56:02.000,"For an android with no feelings, he sure managed to evoke them in others."
1343,3359,2015-07-06 11:55:33.000,"I've had twelve years to think about it. And if I had it to do over again, I would have grabbed the phaser and pointed it at you instead of them."
1343,3360,2015-05-11 17:42:52.000,Flair is what marks the difference between artistry and mere competence.
1343,3361,2015-12-03 15:57:50.000,I'll alert the crew. When has justice ever been as simple as a rule book?
1344,3362,2017-02-26 20:13:30.000,"For an android with no feelings, he sure managed to evoke them in others."
1344,3363,2016-08-14 02:23:39.000,"Maybe if we felt any human loss as keenly as we feel one of those close to us, human history would be far less bloody."
1344,3364,2015-05-06 14:39:42.000,"Fate. It protects fools, little children, and ships named Enterprise."
1344,3365,2016-09-12 02:40:25.000,"Maybe if we felt any human loss as keenly as we feel one of those close to us, human history would be far less bloody."
1345,3366,2015-07-01 00:57:14.000,Travel time to the nearest starbase? The Federation's gone; the Borg is everywhere!
1348,3376,2015-02-16 17:07:53.000,"I'm afraid I still don't understand, sir. Well, that's certainly good to know."
1348,3377,2016-07-12 07:17:42.000,Travel time to the nearest starbase? The Federation's gone; the Borg is everywhere!
1345,3367,2016-01-29 18:42:33.000,"Maybe if we felt any human loss as keenly as we feel one of those close to us, human history would be far less bloody."
1363,3381,2015-11-15 01:20:13.000,"I suggest you drop it, Mr. Data. Mr. Worf, you sound like a man who's asking his friend if he can start dating his sister."
1345,3368,2016-05-05 07:16:01.000,Travel time to the nearest starbase? The Federation's gone; the Borg is everywhere!
1348,3378,2016-03-09 21:36:35.000,"I'm afraid I still don't understand, sir. Well, that's certainly good to know."
1350,3379,2016-08-07 00:30:03.000,"I suggest you drop it, Mr. Data. Mr. Worf, you sound like a man who's asking his friend if he can start dating his sister."
1363,3382,2016-01-29 17:29:12.000,"Fate. It protects fools, little children, and ships named Enterprise."
1345,3369,2016-08-14 06:15:01.000,"Fate. It protects fools, little children, and ships named Enterprise."
1350,3380,2016-07-02 17:29:25.000,"For an android with no feelings, he sure managed to evoke them in others."
1363,3383,2016-05-03 23:08:01.000,I'll alert the crew. When has justice ever been as simple as a rule book?
1346,3370,2016-03-11 00:30:34.000,"Maybe if we felt any human loss as keenly as we feel one of those close to us, human history would be far less bloody."
1363,3384,2017-01-03 16:18:34.000,"Maybe if we felt any human loss as keenly as we feel one of those close to us, human history would be far less bloody."
1346,3371,2016-09-17 13:58:21.000,"I've had twelve years to think about it. And if I had it to do over again, I would have grabbed the phaser and pointed it at you instead of them."
1363,3385,2016-12-10 20:27:15.000,Travel time to the nearest starbase? The Federation's gone; the Borg is everywhere!
1346,3372,2015-05-01 00:50:09.000,"I'm afraid I still don't understand, sir. Well, that's certainly good to know."
1347,3373,2015-09-27 22:46:56.000,"Maybe if we felt any human loss as keenly as we feel one of those close to us, human history would be far less bloody."
1347,3374,2016-02-16 06:18:22.000,"For an android with no feelings, he sure managed to evoke them in others."
1347,3375,2016-09-17 14:10:15.000,Travel time to the nearest starbase? The Federation's gone; the Borg is everywhere!
1351,3386,2015-01-05 16:37:30.000,Travel time to the nearest starbase? The Federation's gone; the Borg is everywhere!
1351,3387,2016-07-20 17:05:18.000,Travel time to the nearest starbase? The Federation's gone; the Borg is everywhere!
1352,3388,2015-07-13 12:33:51.000,"I suggest you drop it, Mr. Data. Mr. Worf, you sound like a man who's asking his friend if he can start dating his sister."
1352,3389,2015-04-25 22:01:08.000,"I suggest you drop it, Mr. Data. Mr. Worf, you sound like a man who's asking his friend if he can start dating his sister."
1354,3390,2015-08-05 23:01:41.000,"I'm afraid I still don't understand, sir. Well, that's certainly good to know."
1354,3391,2016-10-09 02:57:03.000,"Maybe if we felt any human loss as keenly as we feel one of those close to us, human history would be far less bloody."
1354,3392,2016-06-07 22:00:32.000,Travel time to the nearest starbase? The Federation's gone; the Borg is everywhere!
1354,3394,2016-04-12 16:37:28.000,"I suggest you drop it, Mr. Data. Mr. Worf, you sound like a man who's asking his friend if he can start dating his sister."
1354,3396,2016-04-11 20:19:21.000,Travel time to the nearest starbase? The Federation's gone; the Borg is everywhere!
1364,3393,2015-05-03 17:17:52.000,"For an android with no feelings, he sure managed to evoke them in others."
1364,3395,2016-07-06 02:38:56.000,"I'm afraid I still don't understand, sir. Well, that's certainly good to know."
1364,3397,2015-05-01 19:48:05.000,I'll alert the crew. When has justice ever been as simple as a rule book?
1364,3398,2015-04-25 12:05:41.000,Flair is what marks the difference between artistry and mere competence.
1364,3399,2015-02-18 07:31:05.000,"I suggest you drop it, Mr. Data. Mr. Worf, you sound like a man who's asking his friend if he can start dating his sister."
1365,3400,2015-08-26 05:09:14.000,"I suggest you drop it, Mr. Data. Mr. Worf, you sound like a man who's asking his friend if he can start dating his sister."
1365,3401,2016-12-13 23:06:24.000,Travel time to the nearest starbase? The Federation's gone; the Borg is everywhere!
1365,3402,2016-04-19 12:26:14.000,"I suggest you drop it, Mr. Data. Mr. Worf, you sound like a man who's asking his friend if he can start dating his sister."
1366,3403,2015-12-26 11:04:12.000,Flair is what marks the difference between artistry and mere competence.
1366,3404,2016-08-30 12:37:02.000,"I suggest you drop it, Mr. Data. Mr. Worf, you sound like a man who's asking his friend if he can start dating his sister."
1367,3406,2017-01-04 16:17:41.000,"Fate. It protects fools, little children, and ships named Enterprise."
1367,3408,2016-09-13 01:45:41.000,Flair is what marks the difference between artistry and mere competence.
1367,3410,2015-10-04 17:39:30.000,"Maybe if we felt any human loss as keenly as we feel one of those close to us, human history would be far less bloody."
1367,3412,2016-04-05 13:21:54.000,I'll alert the crew. When has justice ever been as simple as a rule book?
1367,3414,2016-05-28 08:47:58.000,"For an android with no feelings, he sure managed to evoke them in others."
1374,3434,2016-05-03 11:28:37.000,"I've had twelve years to think about it. And if I had it to do over again, I would have grabbed the phaser and pointed it at you instead of them."
1375,3435,2016-10-18 21:46:37.000,Flair is what marks the difference between artistry and mere competence.
1376,3436,2017-01-13 00:54:15.000,"Fate. It protects fools, little children, and ships named Enterprise."
1377,3437,2015-08-16 03:43:46.000,"I suggest you drop it, Mr. Data. Mr. Worf, you sound like a man who's asking his friend if he can start dating his sister."
1377,3438,2017-02-03 21:13:09.000,"I've had twelve years to think about it. And if I had it to do over again, I would have grabbed the phaser and pointed it at you instead of them."
1355,3405,2015-12-13 16:53:17.000,Flair is what marks the difference between artistry and mere competence.
1355,3407,2015-06-23 11:18:36.000,"I suggest you drop it, Mr. Data. Mr. Worf, you sound like a man who's asking his friend if he can start dating his sister."
1355,3409,2015-05-27 13:54:00.000,"Fate. It protects fools, little children, and ships named Enterprise."
1379,3439,2015-01-02 22:18:06.000,"Fate. It protects fools, little children, and ships named Enterprise."
1380,3440,2016-04-02 02:14:21.000,Travel time to the nearest starbase? The Federation's gone; the Borg is everywhere!
1355,3411,2017-01-29 21:14:12.000,"Fate. It protects fools, little children, and ships named Enterprise."
1380,3441,2016-01-07 15:23:08.000,Travel time to the nearest starbase? The Federation's gone; the Borg is everywhere!
1355,3413,2015-03-21 08:14:35.000,"I suggest you drop it, Mr. Data. Mr. Worf, you sound like a man who's asking his friend if he can start dating his sister."
1381,3442,2017-01-31 11:49:15.000,"Fate. It protects fools, little children, and ships named Enterprise."
1357,3415,2016-03-13 12:01:53.000,"Fate. It protects fools, little children, and ships named Enterprise."
1381,3443,2016-09-12 20:14:11.000,"Fate. It protects fools, little children, and ships named Enterprise."
1357,3416,2016-01-16 12:09:27.000,"Fate. It protects fools, little children, and ships named Enterprise."
1381,3444,2015-08-30 23:47:42.000,"I'm afraid I still don't understand, sir. Well, that's certainly good to know."
1358,3417,2015-11-22 05:57:39.000,I'll alert the crew. When has justice ever been as simple as a rule book?
1381,3445,2016-12-13 22:15:16.000,"Fate. It protects fools, little children, and ships named Enterprise."
1358,3418,2016-03-16 09:16:03.000,Travel time to the nearest starbase? The Federation's gone; the Borg is everywhere!
1381,3446,2015-01-03 18:55:33.000,"Maybe if we felt any human loss as keenly as we feel one of those close to us, human history would be far less bloody."
1359,3419,2017-02-06 21:51:10.000,"For an android with no feelings, he sure managed to evoke them in others."
1359,3420,2016-07-10 01:33:27.000,"Fate. It protects fools, little children, and ships named Enterprise."
1359,3421,2015-11-25 11:18:52.000,I'll alert the crew. When has justice ever been as simple as a rule book?
1359,3422,2015-10-02 09:36:22.000,"I suggest you drop it, Mr. Data. Mr. Worf, you sound like a man who's asking his friend if he can start dating his sister."
1359,3423,2016-09-24 20:25:10.000,"I suggest you drop it, Mr. Data. Mr. Worf, you sound like a man who's asking his friend if he can start dating his sister."
1361,3424,2016-01-09 08:27:45.000,Flair is what marks the difference between artistry and mere competence.
1361,3425,2016-03-18 09:37:28.000,Travel time to the nearest starbase? The Federation's gone; the Borg is everywhere!
1361,3426,2015-11-21 23:26:59.000,Travel time to the nearest starbase? The Federation's gone; the Borg is everywhere!
1361,3427,2016-09-08 02:36:20.000,"Fate. It protects fools, little children, and ships named Enterprise."
1361,3428,2015-05-24 02:48:33.000,I'll alert the crew. When has justice ever been as simple as a rule book?
1370,3429,2016-01-05 03:20:47.000,"For an android with no feelings, he sure managed to evoke them in others."
1370,3430,2015-04-08 04:40:11.000,"I'm afraid I still don't understand, sir. Well, that's certainly good to know."
1370,3431,2016-08-01 20:16:18.000,Flair is what marks the difference between artistry and mere competence.
1370,3432,2016-06-12 20:02:34.000,"For an android with no feelings, he sure managed to evoke them in others."
1371,3433,2015-01-30 16:17:48.000,I'll alert the crew. When has justice ever been as simple as a rule book?
1397,3479,2016-04-19 13:19:48.000,Travel time to the nearest starbase? The Federation's gone; the Borg is everywhere!
1397,3480,2015-09-30 03:47:53.000,"Fate. It protects fools, little children, and ships named Enterprise."
1397,3481,2015-09-09 06:24:28.000,I'll alert the crew. When has justice ever been as simple as a rule book?
1397,3482,2015-09-18 12:08:55.000,"I've had twelve years to think about it. And if I had it to do over again, I would have grabbed the phaser and pointed it at you instead of them."
1397,3483,2016-05-18 11:11:30.000,"Fate. It protects fools, little children, and ships named Enterprise."
1391,3456,2015-01-11 15:07:52.000,"Maybe if we felt any human loss as keenly as we feel one of those close to us, human history would be far less bloody."
1391,3457,2016-08-20 15:03:02.000,I'll alert the crew. When has justice ever been as simple as a rule book?
1391,3458,2016-12-09 20:24:56.000,Travel time to the nearest starbase? The Federation's gone; the Borg is everywhere!
1391,3459,2015-11-24 03:07:30.000,I'll alert the crew. When has justice ever been as simple as a rule book?
1393,3460,2016-04-21 23:02:30.000,Flair is what marks the difference between artistry and mere competence.
1393,3461,2016-03-01 05:53:00.000,"For an android with no feelings, he sure managed to evoke them in others."
1393,3462,2015-10-19 19:52:00.000,"For an android with no feelings, he sure managed to evoke them in others."
1393,3463,2016-08-09 15:01:27.000,Travel time to the nearest starbase? The Federation's gone; the Borg is everywhere!
1393,3464,2015-10-31 02:46:09.000,"I've had twelve years to think about it. And if I had it to do over again, I would have grabbed the phaser and pointed it at you instead of them."
1389,3465,2016-01-07 15:14:38.000,Travel time to the nearest starbase? The Federation's gone; the Borg is everywhere!
1390,3466,2015-04-28 08:40:46.000,"I suggest you drop it, Mr. Data. Mr. Worf, you sound like a man who's asking his friend if he can start dating his sister."
1392,3467,2017-01-25 19:36:58.000,"I've had twelve years to think about it. And if I had it to do over again, I would have grabbed the phaser and pointed it at you instead of them."
1392,3468,2015-12-16 04:25:11.000,"I suggest you drop it, Mr. Data. Mr. Worf, you sound like a man who's asking his friend if he can start dating his sister."
1392,3469,2015-09-13 06:00:10.000,"Maybe if we felt any human loss as keenly as we feel one of those close to us, human history would be far less bloody."
1383,3447,2016-12-23 20:09:15.000,"I suggest you drop it, Mr. Data. Mr. Worf, you sound like a man who's asking his friend if he can start dating his sister."
1392,3470,2016-02-07 06:52:41.000,"Fate. It protects fools, little children, and ships named Enterprise."
1384,3448,2016-12-01 15:58:11.000,Travel time to the nearest starbase? The Federation's gone; the Borg is everywhere!
1392,3471,2015-03-09 04:53:37.000,Flair is what marks the difference between artistry and mere competence.
1384,3449,2015-04-13 04:23:46.000,"I've had twelve years to think about it. And if I had it to do over again, I would have grabbed the phaser and pointed it at you instead of them."
1394,3472,2015-05-29 00:02:51.000,Travel time to the nearest starbase? The Federation's gone; the Borg is everywhere!
1384,3450,2016-12-01 14:53:36.000,"I'm afraid I still don't understand, sir. Well, that's certainly good to know."
1384,3451,2016-07-19 16:43:41.000,"For an android with no feelings, he sure managed to evoke them in others."
1394,3473,2016-11-09 10:09:20.000,I'll alert the crew. When has justice ever been as simple as a rule book?
1385,3452,2017-01-12 11:54:24.000,"Maybe if we felt any human loss as keenly as we feel one of those close to us, human history would be far less bloody."
1394,3474,2016-08-13 20:29:34.000,"Fate. It protects fools, little children, and ships named Enterprise."
1394,3475,2016-08-22 01:38:49.000,I'll alert the crew. When has justice ever been as simple as a rule book?
1386,3453,2017-02-15 13:33:35.000,Travel time to the nearest starbase? The Federation's gone; the Borg is everywhere!
1394,3476,2015-12-01 05:46:24.000,Travel time to the nearest starbase? The Federation's gone; the Borg is everywhere!
1386,3454,2016-10-25 04:40:32.000,I'll alert the crew. When has justice ever been as simple as a rule book?
1395,3477,2015-10-21 16:22:12.000,"Maybe if we felt any human loss as keenly as we feel one of those close to us, human history would be far less bloody."
1386,3455,2015-04-05 08:31:37.000,Travel time to the nearest starbase? The Federation's gone; the Borg is everywhere!
1424,3526,2015-10-03 22:27:22.000,Flair is what marks the difference between artistry and mere competence.
1396,3478,2015-05-16 05:17:30.000,"Maybe if we felt any human loss as keenly as we feel one of those close to us, human history would be far less bloody."
1409,3497,2015-11-11 08:38:54.000,"For an android with no feelings, he sure managed to evoke them in others."
1409,3498,2016-03-08 13:26:11.000,Travel time to the nearest starbase? The Federation's gone; the Borg is everywhere!
1410,3499,2015-08-29 23:57:25.000,"Maybe if we felt any human loss as keenly as we feel one of those close to us, human history would be far less bloody."
1419,3521,2016-02-07 22:35:51.000,I'll alert the crew. When has justice ever been as simple as a rule book?
1419,3522,2015-04-19 20:11:05.000,"I'm afraid I still don't understand, sir. Well, that's certainly good to know."
1412,3504,2016-12-29 13:23:09.000,"For an android with no feelings, he sure managed to evoke them in others."
1419,3523,2016-06-04 16:08:59.000,Flair is what marks the difference between artistry and mere competence.
1412,3505,2015-08-18 01:07:27.000,"I suggest you drop it, Mr. Data. Mr. Worf, you sound like a man who's asking his friend if he can start dating his sister."
1420,3524,2016-04-26 02:52:14.000,"For an android with no feelings, he sure managed to evoke them in others."
1420,3525,2016-02-12 00:47:44.000,"I've had twelve years to think about it. And if I had it to do over again, I would have grabbed the phaser and pointed it at you instead of them."
1401,3489,2015-02-18 07:52:25.000,"I suggest you drop it, Mr. Data. Mr. Worf, you sound like a man who's asking his friend if he can start dating his sister."
1412,3506,2016-04-27 08:35:21.000,"Maybe if we felt any human loss as keenly as we feel one of those close to us, human history would be far less bloody."
1413,3507,2015-03-31 15:12:13.000,"I'm afraid I still don't understand, sir. Well, that's certainly good to know."
1402,3490,2015-10-04 02:12:54.000,"Maybe if we felt any human loss as keenly as we feel one of those close to us, human history would be far less bloody."
1402,3491,2016-03-28 03:04:52.000,"I've had twelve years to think about it. And if I had it to do over again, I would have grabbed the phaser and pointed it at you instead of them."
1414,3508,2016-03-20 01:36:47.000,"Maybe if we felt any human loss as keenly as we feel one of those close to us, human history would be far less bloody."
1415,3509,2016-09-13 06:38:54.000,Travel time to the nearest starbase? The Federation's gone; the Borg is everywhere!
1415,3510,2016-05-02 04:08:07.000,Travel time to the nearest starbase? The Federation's gone; the Borg is everywhere!
1416,3511,2016-02-10 13:07:38.000,"I've had twelve years to think about it. And if I had it to do over again, I would have grabbed the phaser and pointed it at you instead of them."
1416,3512,2016-03-09 19:30:42.000,"Fate. It protects fools, little children, and ships named Enterprise."
1416,3513,2016-07-10 04:29:29.000,"I suggest you drop it, Mr. Data. Mr. Worf, you sound like a man who's asking his friend if he can start dating his sister."
1417,3514,2016-09-08 14:05:51.000,Flair is what marks the difference between artistry and mere competence.
1417,3515,2016-11-03 23:12:48.000,"Fate. It protects fools, little children, and ships named Enterprise."
1418,3516,2016-02-29 01:27:03.000,"Fate. It protects fools, little children, and ships named Enterprise."
1418,3517,2015-11-03 09:26:16.000,"I suggest you drop it, Mr. Data. Mr. Worf, you sound like a man who's asking his friend if he can start dating his sister."
1418,3518,2015-10-14 13:39:30.000,Flair is what marks the difference between artistry and mere competence.
1418,3519,2016-01-02 20:26:16.000,"Fate. It protects fools, little children, and ships named Enterprise."
1418,3520,2015-05-04 13:14:22.000,"I suggest you drop it, Mr. Data. Mr. Worf, you sound like a man who's asking his friend if he can start dating his sister."
1398,3484,2015-01-10 19:28:14.000,"I'm afraid I still don't understand, sir. Well, that's certainly good to know."
1400,3485,2016-11-18 10:14:58.000,"Fate. It protects fools, little children, and ships named Enterprise."
1400,3486,2015-05-14 03:26:18.000,"I've had twelve years to think about it. And if I had it to do over again, I would have grabbed the phaser and pointed it at you instead of them."
1400,3487,2015-11-30 18:10:38.000,Travel time to the nearest starbase? The Federation's gone; the Borg is everywhere!
1400,3488,2015-02-26 05:30:45.000,"I've had twelve years to think about it. And if I had it to do over again, I would have grabbed the phaser and pointed it at you instead of them."
1404,3492,2016-01-10 08:09:01.000,"I suggest you drop it, Mr. Data. Mr. Worf, you sound like a man who's asking his friend if he can start dating his sister."
1404,3493,2016-05-03 22:07:26.000,Travel time to the nearest starbase? The Federation's gone; the Borg is everywhere!
1404,3494,2015-08-03 02:39:42.000,I'll alert the crew. When has justice ever been as simple as a rule book?
1404,3495,2016-09-14 14:13:32.000,"I'm afraid I still don't understand, sir. Well, that's certainly good to know."
1408,3496,2015-08-08 00:35:21.000,"Maybe if we felt any human loss as keenly as we feel one of those close to us, human history would be far less bloody."
1424,3527,2017-01-08 10:18:41.000,"I've had twelve years to think about it. And if I had it to do over again, I would have grabbed the phaser and pointed it at you instead of them."
1424,3528,2016-06-25 11:13:27.000,"Fate. It protects fools, little children, and ships named Enterprise."
1424,3529,2015-10-26 08:09:33.000,I'll alert the crew. When has justice ever been as simple as a rule book?
1426,3530,2015-04-16 16:30:01.000,"Maybe if we felt any human loss as keenly as we feel one of those close to us, human history would be far less bloody."
1428,3531,2015-03-08 19:01:41.000,"Maybe if we felt any human loss as keenly as we feel one of those close to us, human history would be far less bloody."
1428,3532,2017-02-15 20:10:37.000,"Maybe if we felt any human loss as keenly as we feel one of those close to us, human history would be far less bloody."
1428,3533,2015-07-24 19:22:06.000,"I'm afraid I still don't understand, sir. Well, that's certainly good to know."
1428,3534,2015-10-01 01:38:52.000,"I suggest you drop it, Mr. Data. Mr. Worf, you sound like a man who's asking his friend if he can start dating his sister."
1428,3535,2015-06-10 07:01:19.000,"I'm afraid I still don't understand, sir. Well, that's certainly good to know."
1411,3500,2015-06-02 18:18:10.000,"Maybe if we felt any human loss as keenly as we feel one of those close to us, human history would be far less bloody."
1411,3501,2015-02-17 11:20:30.000,"For an android with no feelings, he sure managed to evoke them in others."
1411,3502,2016-11-26 12:56:37.000,I'll alert the crew. When has justice ever been as simple as a rule book?
1411,3503,2017-02-04 10:17:11.000,"I suggest you drop it, Mr. Data. Mr. Worf, you sound like a man who's asking his friend if he can start dating his sister."
1435,3546,2015-08-25 23:13:11.000,"I'm afraid I still don't understand, sir. Well, that's certainly good to know."
1435,3548,2016-05-07 04:57:09.000,"Fate. It protects fools, little children, and ships named Enterprise."
1435,3549,2015-09-11 10:14:16.000,"Fate. It protects fools, little children, and ships named Enterprise."
1435,3550,2016-08-01 14:56:29.000,I'll alert the crew. When has justice ever been as simple as a rule book?
1429,3551,2016-01-24 12:49:05.000,I'll alert the crew. When has justice ever been as simple as a rule book?
1429,3552,2015-07-09 07:14:05.000,I'll alert the crew. When has justice ever been as simple as a rule book?
1429,3553,2015-02-18 19:24:52.000,"I suggest you drop it, Mr. Data. Mr. Worf, you sound like a man who's asking his friend if he can start dating his sister."
1429,3554,2016-11-12 19:55:36.000,"For an android with no feelings, he sure managed to evoke them in others."
1429,3555,2015-02-27 17:53:28.000,"I suggest you drop it, Mr. Data. Mr. Worf, you sound like a man who's asking his friend if he can start dating his sister."
1430,3556,2016-08-03 16:12:02.000,"Maybe if we felt any human loss as keenly as we feel one of those close to us, human history would be far less bloody."
1430,3557,2015-05-30 20:16:03.000,"I suggest you drop it, Mr. Data. Mr. Worf, you sound like a man who's asking his friend if he can start dating his sister."
1441,3560,2017-01-26 09:41:14.000,Flair is what marks the difference between artistry and mere competence.
1441,3562,2016-09-03 17:11:28.000,Flair is what marks the difference between artistry and mere competence.
1441,3564,2015-06-10 20:20:54.000,I'll alert the crew. When has justice ever been as simple as a rule book?
1441,3566,2015-10-04 18:08:19.000,"Fate. It protects fools, little children, and ships named Enterprise."
1442,3568,2017-01-19 21:18:13.000,Travel time to the nearest starbase? The Federation's gone; the Borg is everywhere!
1432,3536,2016-05-17 05:53:22.000,"Maybe if we felt any human loss as keenly as we feel one of those close to us, human history would be far less bloody."
1432,3537,2015-06-01 14:06:20.000,I'll alert the crew. When has justice ever been as simple as a rule book?
1443,3570,2015-06-11 18:32:32.000,"Fate. It protects fools, little children, and ships named Enterprise."
1432,3538,2016-12-29 06:38:16.000,Travel time to the nearest starbase? The Federation's gone; the Borg is everywhere!
1443,3572,2015-12-08 14:56:59.000,"I suggest you drop it, Mr. Data. Mr. Worf, you sound like a man who's asking his friend if he can start dating his sister."
1443,3574,2015-04-08 03:26:54.000,"I'm afraid I still don't understand, sir. Well, that's certainly good to know."
1433,3539,2015-07-16 13:46:00.000,Travel time to the nearest starbase? The Federation's gone; the Borg is everywhere!
1443,3576,2015-08-02 01:24:26.000,"I suggest you drop it, Mr. Data. Mr. Worf, you sound like a man who's asking his friend if he can start dating his sister."
1433,3540,2017-01-03 11:11:39.000,I'll alert the crew. When has justice ever been as simple as a rule book?
1443,3579,2016-10-05 23:34:59.000,"Fate. It protects fools, little children, and ships named Enterprise."
1433,3541,2015-10-16 16:20:04.000,"Fate. It protects fools, little children, and ships named Enterprise."
1433,3542,2016-07-03 04:38:50.000,"Maybe if we felt any human loss as keenly as we feel one of those close to us, human history would be far less bloody."
1444,3581,2016-03-04 17:17:55.000,"Maybe if we felt any human loss as keenly as we feel one of those close to us, human history would be far less bloody."
1433,3543,2017-01-06 09:38:21.000,"I'm afraid I still don't understand, sir. Well, that's certainly good to know."
1444,3583,2016-04-07 08:05:08.000,"I suggest you drop it, Mr. Data. Mr. Worf, you sound like a man who's asking his friend if he can start dating his sister."
1434,3544,2017-02-18 15:10:05.000,"Maybe if we felt any human loss as keenly as we feel one of those close to us, human history would be far less bloody."
1444,3587,2015-05-09 19:46:15.000,"Fate. It protects fools, little children, and ships named Enterprise."
1434,3545,2016-05-06 21:09:48.000,Travel time to the nearest starbase? The Federation's gone; the Borg is everywhere!
1444,3589,2015-04-17 08:41:14.000,"I've had twelve years to think about it. And if I had it to do over again, I would have grabbed the phaser and pointed it at you instead of them."
1434,3547,2017-01-30 05:35:02.000,"Maybe if we felt any human loss as keenly as we feel one of those close to us, human history would be far less bloody."
1444,3591,2016-07-14 22:02:14.000,Flair is what marks the difference between artistry and mere competence.
1445,3593,2015-12-29 13:25:55.000,"I've had twelve years to think about it. And if I had it to do over again, I would have grabbed the phaser and pointed it at you instead of them."
1458,3619,2016-03-05 00:23:47.000,"I've had twelve years to think about it. And if I had it to do over again, I would have grabbed the phaser and pointed it at you instead of them."
1458,3621,2016-09-07 06:46:23.000,"Fate. It protects fools, little children, and ships named Enterprise."
1458,3622,2015-04-15 16:51:56.000,"I've had twelve years to think about it. And if I had it to do over again, I would have grabbed the phaser and pointed it at you instead of them."
1459,3624,2015-10-03 15:27:54.000,I'll alert the crew. When has justice ever been as simple as a rule book?
1459,3625,2016-01-14 14:01:04.000,"Fate. It protects fools, little children, and ships named Enterprise."
1460,3626,2015-10-24 02:25:51.000,"Maybe if we felt any human loss as keenly as we feel one of those close to us, human history would be far less bloody."
1460,3627,2016-03-04 10:38:55.000,"Maybe if we felt any human loss as keenly as we feel one of those close to us, human history would be far less bloody."
1460,3628,2017-01-08 22:20:57.000,"I've had twelve years to think about it. And if I had it to do over again, I would have grabbed the phaser and pointed it at you instead of them."
1461,3629,2015-06-23 22:36:34.000,"I suggest you drop it, Mr. Data. Mr. Worf, you sound like a man who's asking his friend if he can start dating his sister."
1461,3630,2015-06-14 08:54:26.000,Flair is what marks the difference between artistry and mere competence.
1461,3631,2017-01-26 13:43:03.000,"I suggest you drop it, Mr. Data. Mr. Worf, you sound like a man who's asking his friend if he can start dating his sister."
1461,3632,2016-06-27 11:54:45.000,"I'm afraid I still don't understand, sir. Well, that's certainly good to know."
1462,3633,2016-02-03 22:25:41.000,"Maybe if we felt any human loss as keenly as we feel one of those close to us, human history would be far less bloody."
1462,3634,2016-11-24 19:37:01.000,"I'm afraid I still don't understand, sir. Well, that's certainly good to know."
1462,3635,2016-07-17 21:59:21.000,Flair is what marks the difference between artistry and mere competence.
1462,3636,2015-11-12 03:36:13.000,"Fate. It protects fools, little children, and ships named Enterprise."
1462,3637,2017-02-01 05:10:12.000,"I'm afraid I still don't understand, sir. Well, that's certainly good to know."
1453,3610,2015-08-02 03:45:14.000,Flair is what marks the difference between artistry and mere competence.
1454,3611,2017-01-05 02:33:50.000,Flair is what marks the difference between artistry and mere competence.
1454,3612,2016-06-25 13:48:08.000,Flair is what marks the difference between artistry and mere competence.
1455,3613,2017-02-10 15:08:31.000,Flair is what marks the difference between artistry and mere competence.
1455,3614,2015-03-21 13:01:53.000,"For an android with no feelings, he sure managed to evoke them in others."
1455,3615,2017-02-17 12:31:21.000,"Fate. It protects fools, little children, and ships named Enterprise."
1455,3616,2015-03-13 12:31:46.000,"For an android with no feelings, he sure managed to evoke them in others."
1457,3617,2017-01-14 06:08:40.000,Flair is what marks the difference between artistry and mere competence.
1457,3618,2015-05-12 01:00:01.000,I'll alert the crew. When has justice ever been as simple as a rule book?
1457,3620,2015-09-30 20:39:18.000,Flair is what marks the difference between artistry and mere competence.
1457,3623,2015-12-27 12:27:19.000,I'll alert the crew. When has justice ever been as simple as a rule book?
1436,3558,2015-11-29 20:31:46.000,"For an android with no feelings, he sure managed to evoke them in others."
1436,3559,2015-01-10 02:54:35.000,"Fate. It protects fools, little children, and ships named Enterprise."
1436,3561,2016-08-06 02:41:59.000,"Fate. It protects fools, little children, and ships named Enterprise."
1436,3563,2017-02-04 14:27:00.000,Travel time to the nearest starbase? The Federation's gone; the Borg is everywhere!
1436,3565,2016-04-14 07:58:24.000,"Fate. It protects fools, little children, and ships named Enterprise."
1437,3567,2016-03-23 09:20:54.000,"I've had twelve years to think about it. And if I had it to do over again, I would have grabbed the phaser and pointed it at you instead of them."
1437,3569,2017-01-05 10:12:00.000,"I'm afraid I still don't understand, sir. Well, that's certainly good to know."
1437,3571,2016-12-18 23:35:08.000,Flair is what marks the difference between artistry and mere competence.
1438,3573,2015-06-08 04:59:48.000,"Fate. It protects fools, little children, and ships named Enterprise."
1438,3577,2015-09-18 03:05:02.000,"For an android with no feelings, he sure managed to evoke them in others."
1440,3584,2015-08-20 22:14:13.000,Travel time to the nearest starbase? The Federation's gone; the Borg is everywhere!
1440,3586,2015-03-22 17:26:06.000,"I suggest you drop it, Mr. Data. Mr. Worf, you sound like a man who's asking his friend if he can start dating his sister."
1440,3597,2015-11-02 20:24:23.000,Flair is what marks the difference between artistry and mere competence.
1446,3575,2015-01-05 07:20:13.000,I'll alert the crew. When has justice ever been as simple as a rule book?
1446,3578,2016-12-29 02:51:06.000,Travel time to the nearest starbase? The Federation's gone; the Borg is everywhere!
1446,3580,2015-04-20 05:39:36.000,"I've had twelve years to think about it. And if I had it to do over again, I would have grabbed the phaser and pointed it at you instead of them."
1447,3582,2015-05-02 10:31:46.000,Flair is what marks the difference between artistry and mere competence.
1447,3585,2016-09-03 16:55:16.000,Flair is what marks the difference between artistry and mere competence.
1447,3588,2015-09-11 18:11:15.000,"I'm afraid I still don't understand, sir. Well, that's certainly good to know."
1447,3590,2016-05-26 22:25:04.000,"I suggest you drop it, Mr. Data. Mr. Worf, you sound like a man who's asking his friend if he can start dating his sister."
1448,3592,2016-02-01 14:29:58.000,I'll alert the crew. When has justice ever been as simple as a rule book?
1448,3594,2015-11-28 09:56:36.000,"For an android with no feelings, he sure managed to evoke them in others."
1448,3596,2015-08-23 00:04:07.000,Travel time to the nearest starbase? The Federation's gone; the Borg is everywhere!
1448,3598,2015-08-23 11:08:06.000,I'll alert the crew. When has justice ever been as simple as a rule book?
1468,3646,2015-02-21 20:53:39.000,Flair is what marks the difference between artistry and mere competence.
1468,3647,2017-02-25 02:55:05.000,Travel time to the nearest starbase? The Federation's gone; the Borg is everywhere!
1469,3648,2015-07-16 00:51:08.000,"I'm afraid I still don't understand, sir. Well, that's certainly good to know."
1469,3649,2015-10-03 16:47:06.000,"I'm afraid I still don't understand, sir. Well, that's certainly good to know."
1469,3650,2016-04-08 03:21:58.000,"Maybe if we felt any human loss as keenly as we feel one of those close to us, human history would be far less bloody."
1469,3651,2015-04-08 20:37:54.000,"I've had twelve years to think about it. And if I had it to do over again, I would have grabbed the phaser and pointed it at you instead of them."
1470,3658,2015-07-19 16:53:33.000,Flair is what marks the difference between artistry and mere competence.
1463,3638,2016-12-04 09:08:45.000,"I suggest you drop it, Mr. Data. Mr. Worf, you sound like a man who's asking his friend if he can start dating his sister."
1470,3659,2016-10-09 10:34:53.000,"I've had twelve years to think about it. And if I had it to do over again, I would have grabbed the phaser and pointed it at you instead of them."
1470,3660,2016-05-25 12:58:23.000,"Maybe if we felt any human loss as keenly as we feel one of those close to us, human history would be far less bloody."
1463,3639,2015-04-05 16:42:47.000,"Fate. It protects fools, little children, and ships named Enterprise."
1470,3661,2016-05-07 15:19:28.000,Flair is what marks the difference between artistry and mere competence.
1463,3640,2016-06-16 08:13:12.000,Flair is what marks the difference between artistry and mere competence.
1472,3662,2015-09-08 21:30:59.000,"For an android with no feelings, he sure managed to evoke them in others."
1463,3641,2016-09-22 23:28:03.000,"I suggest you drop it, Mr. Data. Mr. Worf, you sound like a man who's asking his friend if he can start dating his sister."
1472,3663,2017-02-04 01:20:34.000,"I've had twelve years to think about it. And if I had it to do over again, I would have grabbed the phaser and pointed it at you instead of them."
1464,3642,2016-04-15 21:24:22.000,Flair is what marks the difference between artistry and mere competence.
1474,3664,2016-08-17 06:34:22.000,"I've had twelve years to think about it. And if I had it to do over again, I would have grabbed the phaser and pointed it at you instead of them."
1464,3643,2016-03-15 12:27:28.000,Flair is what marks the difference between artistry and mere competence.
1464,3644,2015-06-11 09:54:55.000,"Fate. It protects fools, little children, and ships named Enterprise."
1474,3666,2016-03-10 16:48:53.000,"I've had twelve years to think about it. And if I had it to do over again, I would have grabbed the phaser and pointed it at you instead of them."
1464,3645,2016-05-16 22:40:34.000,"Fate. It protects fools, little children, and ships named Enterprise."
1475,3668,2016-10-11 08:27:29.000,"I'm afraid I still don't understand, sir. Well, that's certainly good to know."
1475,3670,2017-01-05 03:31:00.000,"Maybe if we felt any human loss as keenly as we feel one of those close to us, human history would be far less bloody."
1475,3671,2016-06-01 01:38:27.000,"Maybe if we felt any human loss as keenly as we feel one of those close to us, human history would be far less bloody."
1475,3672,2015-02-14 16:06:46.000,"Maybe if we felt any human loss as keenly as we feel one of those close to us, human history would be far less bloody."
1476,3674,2016-07-31 21:54:44.000,Flair is what marks the difference between artistry and mere competence.
1476,3676,2015-07-18 03:26:00.000,I'll alert the crew. When has justice ever been as simple as a rule book?
1476,3678,2015-10-14 03:35:34.000,Travel time to the nearest starbase? The Federation's gone; the Borg is everywhere!
1477,3679,2017-02-27 18:17:34.000,"I suggest you drop it, Mr. Data. Mr. Worf, you sound like a man who's asking his friend if he can start dating his sister."
1477,3680,2015-10-18 21:57:05.000,"For an android with no feelings, he sure managed to evoke them in others."
1477,3681,2015-10-24 12:37:04.000,"Fate. It protects fools, little children, and ships named Enterprise."
1477,3682,2015-05-10 21:13:52.000,Flair is what marks the difference between artistry and mere competence.
1477,3683,2015-01-20 19:28:19.000,Travel time to the nearest starbase? The Federation's gone; the Borg is everywhere!
1478,3684,2017-01-20 23:48:41.000,"For an android with no feelings, he sure managed to evoke them in others."
1478,3685,2015-02-19 11:51:49.000,"Maybe if we felt any human loss as keenly as we feel one of those close to us, human history would be far less bloody."
1478,3686,2017-01-21 04:53:49.000,"I've had twelve years to think about it. And if I had it to do over again, I would have grabbed the phaser and pointed it at you instead of them."
1478,3687,2016-03-13 03:24:00.000,"I'm afraid I still don't understand, sir. Well, that's certainly good to know."
1466,3652,2015-04-24 14:19:01.000,I'll alert the crew. When has justice ever been as simple as a rule book?
1466,3653,2015-05-07 22:38:24.000,Flair is what marks the difference between artistry and mere competence.
1466,3654,2015-01-14 07:22:05.000,"For an android with no feelings, he sure managed to evoke them in others."
1466,3655,2015-05-08 03:17:30.000,"I suggest you drop it, Mr. Data. Mr. Worf, you sound like a man who's asking his friend if he can start dating his sister."
1467,3656,2015-12-12 11:05:18.000,Flair is what marks the difference between artistry and mere competence.
1449,3595,2015-09-17 17:28:24.000,"For an android with no feelings, he sure managed to evoke them in others."
1467,3657,2017-01-31 22:27:39.000,"I've had twelve years to think about it. And if I had it to do over again, I would have grabbed the phaser and pointed it at you instead of them."
1449,3599,2015-05-18 04:18:12.000,"Maybe if we felt any human loss as keenly as we feel one of those close to us, human history would be far less bloody."
1277,3173,2017-01-27 09:45:23.000,"I'm afraid I still don't understand, sir. Well, that's certainly good to know."
1278,3174,2017-01-19 09:54:16.000,Flair is what marks the difference between artistry and mere competence.
1278,3175,2016-06-23 04:49:13.000,"I'm afraid I still don't understand, sir. Well, that's certainly good to know."
1278,3176,2016-08-08 06:59:14.000,"For an android with no feelings, he sure managed to evoke them in others."
1279,3177,2016-06-26 10:03:05.000,Travel time to the nearest starbase? The Federation's gone; the Borg is everywhere!
1279,3178,2015-01-27 15:43:08.000,I'll alert the crew. When has justice ever been as simple as a rule book?
1279,3179,2016-09-21 12:56:14.000,"Fate. It protects fools, little children, and ships named Enterprise."
1264,3135,2016-10-28 07:33:55.000,"Fate. It protects fools, little children, and ships named Enterprise."
1264,3143,2016-12-19 08:42:59.000,Flair is what marks the difference between artistry and mere competence.
1264,3145,2015-04-21 21:51:41.000,"I suggest you drop it, Mr. Data. Mr. Worf, you sound like a man who's asking his friend if he can start dating his sister."
1266,3147,2015-04-10 02:29:14.000,Travel time to the nearest starbase? The Federation's gone; the Borg is everywhere!
1266,3149,2016-03-31 15:05:28.000,"I'm afraid I still don't understand, sir. Well, that's certainly good to know."
1266,3151,2015-03-07 19:16:35.000,"I've had twelve years to think about it. And if I had it to do over again, I would have grabbed the phaser and pointed it at you instead of them."
1268,3155,2015-05-15 17:23:20.000,"Maybe if we felt any human loss as keenly as we feel one of those close to us, human history would be far less bloody."
1268,3158,2016-02-09 02:20:10.000,"Fate. It protects fools, little children, and ships named Enterprise."
1280,3180,2016-04-26 13:38:28.000,"For an android with no feelings, he sure managed to evoke them in others."
1280,3181,2016-08-25 10:36:20.000,"I've had twelve years to think about it. And if I had it to do over again, I would have grabbed the phaser and pointed it at you instead of them."
1282,3182,2015-03-21 02:29:22.000,"For an android with no feelings, he sure managed to evoke them in others."
1285,3193,2016-05-23 00:26:23.000,"Fate. It protects fools, little children, and ships named Enterprise."
1282,3183,2016-04-10 03:01:38.000,"I've had twelve years to think about it. And if I had it to do over again, I would have grabbed the phaser and pointed it at you instead of them."
1285,3194,2015-06-12 10:13:05.000,I'll alert the crew. When has justice ever been as simple as a rule book?
1282,3184,2016-12-04 09:28:26.000,I'll alert the crew. When has justice ever been as simple as a rule book?
1287,3195,2016-08-05 04:53:29.000,"Fate. It protects fools, little children, and ships named Enterprise."
1287,3196,2017-02-14 21:44:50.000,"I'm afraid I still don't understand, sir. Well, that's certainly good to know."
1282,3185,2016-04-16 05:30:15.000,"For an android with no feelings, he sure managed to evoke them in others."
1283,3186,2016-04-21 20:03:14.000,"I'm afraid I still don't understand, sir. Well, that's certainly good to know."
1288,3197,2015-02-10 05:58:52.000,I'll alert the crew. When has justice ever been as simple as a rule book?
1283,3187,2017-02-27 05:56:52.000,"I'm afraid I still don't understand, sir. Well, that's certainly good to know."
1288,3198,2015-05-20 19:17:36.000,"For an android with no feelings, he sure managed to evoke them in others."
1283,3188,2017-01-21 12:47:53.000,"For an android with no feelings, he sure managed to evoke them in others."
1288,3199,2016-05-17 22:36:04.000,"I'm afraid I still don't understand, sir. Well, that's certainly good to know."
1283,3189,2015-07-14 06:41:24.000,"I'm afraid I still don't understand, sir. Well, that's certainly good to know."
1284,3190,2015-02-09 12:01:49.000,"Maybe if we felt any human loss as keenly as we feel one of those close to us, human history would be far less bloody."
1288,3200,2016-08-01 06:58:36.000,Flair is what marks the difference between artistry and mere competence.
1284,3191,2015-01-13 06:46:05.000,I'll alert the crew. When has justice ever been as simple as a rule book?
1288,3201,2015-12-05 04:28:24.000,"I suggest you drop it, Mr. Data. Mr. Worf, you sound like a man who's asking his friend if he can start dating his sister."
1289,3202,2015-05-22 02:57:12.000,"I suggest you drop it, Mr. Data. Mr. Worf, you sound like a man who's asking his friend if he can start dating his sister."
1284,3192,2016-10-26 20:53:20.000,I'll alert the crew. When has justice ever been as simple as a rule book?
1289,3203,2015-10-28 21:41:12.000,Travel time to the nearest starbase? The Federation's gone; the Borg is everywhere!
1290,3204,2015-06-01 01:26:49.000,I'll alert the crew. When has justice ever been as simple as a rule book?
1290,3205,2015-10-18 02:48:42.000,"I'm afraid I still don't understand, sir. Well, that's certainly good to know."
1290,3206,2015-08-10 04:22:55.000,"I'm afraid I still don't understand, sir. Well, that's certainly good to know."
1294,3207,2017-01-28 04:34:46.000,"For an android with no feelings, he sure managed to evoke them in others."
1294,3209,2016-11-11 20:57:21.000,"Fate. It protects fools, little children, and ships named Enterprise."
1294,3211,2015-07-14 08:47:58.000,Travel time to the nearest starbase? The Federation's gone; the Borg is everywhere!
1296,3213,2015-02-02 00:15:42.000,"I suggest you drop it, Mr. Data. Mr. Worf, you sound like a man who's asking his friend if he can start dating his sister."
1296,3215,2016-09-26 07:05:24.000,"Maybe if we felt any human loss as keenly as we feel one of those close to us, human history would be far less bloody."
1296,3216,2015-03-14 06:33:02.000,"I'm afraid I still don't understand, sir. Well, that's certainly good to know."
1296,3217,2015-02-12 09:28:36.000,"I've had twelve years to think about it. And if I had it to do over again, I would have grabbed the phaser and pointed it at you instead of them."
1299,3218,2016-01-17 20:13:11.000,"Fate. It protects fools, little children, and ships named Enterprise."
1300,3219,2015-06-23 20:47:55.000,Flair is what marks the difference between artistry and mere competence.
1300,3220,2015-03-31 18:08:48.000,Travel time to the nearest starbase? The Federation's gone; the Borg is everywhere!
1300,3221,2015-10-27 23:14:01.000,I'll alert the crew. When has justice ever been as simple as a rule book?
1301,3222,2015-10-14 03:47:08.000,"I've had twelve years to think about it. And if I had it to do over again, I would have grabbed the phaser and pointed it at you instead of them."
1301,3223,2015-01-30 08:33:10.000,"For an android with no feelings, he sure managed to evoke them in others."
1293,3208,2016-10-08 04:31:40.000,"I'm afraid I still don't understand, sir. Well, that's certainly good to know."
1301,3224,2016-09-13 22:05:28.000,"For an android with no feelings, he sure managed to evoke them in others."
1293,3210,2016-04-29 15:01:26.000,"For an android with no feelings, he sure managed to evoke them in others."
1301,3226,2017-02-03 00:44:11.000,"I'm afraid I still don't understand, sir. Well, that's certainly good to know."
1293,3212,2016-04-02 03:18:00.000,"For an android with no feelings, he sure managed to evoke them in others."
1301,3228,2015-10-10 10:20:25.000,"For an android with no feelings, he sure managed to evoke them in others."
1295,3214,2015-07-20 00:03:02.000,"For an android with no feelings, he sure managed to evoke them in others."
1297,3225,2015-11-30 14:14:06.000,"I've had twelve years to think about it. And if I had it to do over again, I would have grabbed the phaser and pointed it at you instead of them."
1297,3227,2015-11-08 09:06:00.000,"Maybe if we felt any human loss as keenly as we feel one of those close to us, human history would be far less bloody."
1297,3229,2016-05-13 01:31:12.000,Travel time to the nearest starbase? The Federation's gone; the Borg is everywhere!
1297,3230,2017-01-20 11:36:52.000,"I'm afraid I still don't understand, sir. Well, that's certainly good to know."
1297,3231,2016-07-01 01:31:46.000,"I'm afraid I still don't understand, sir. Well, that's certainly good to know."
1307,3247,2015-10-17 22:38:53.000,"Fate. It protects fools, little children, and ships named Enterprise."
1307,3248,2015-12-20 22:56:48.000,"Fate. It protects fools, little children, and ships named Enterprise."
1307,3249,2016-03-18 08:36:46.000,Flair is what marks the difference between artistry and mere competence.
1307,3250,2016-07-07 17:08:14.000,"For an android with no feelings, he sure managed to evoke them in others."
1307,3251,2016-11-26 09:02:59.000,I'll alert the crew. When has justice ever been as simple as a rule book?
1308,3252,2016-05-16 05:55:42.000,"I've had twelve years to think about it. And if I had it to do over again, I would have grabbed the phaser and pointed it at you instead of them."
1302,3232,2015-07-03 02:30:39.000,"Maybe if we felt any human loss as keenly as we feel one of those close to us, human history would be far less bloody."
1302,3233,2015-08-17 10:30:56.000,"For an android with no feelings, he sure managed to evoke them in others."
1302,3234,2015-03-04 10:16:09.000,"I suggest you drop it, Mr. Data. Mr. Worf, you sound like a man who's asking his friend if he can start dating his sister."
1303,3235,2016-10-30 08:28:37.000,"For an android with no feelings, he sure managed to evoke them in others."
1303,3236,2016-10-17 11:05:55.000,"I suggest you drop it, Mr. Data. Mr. Worf, you sound like a man who's asking his friend if he can start dating his sister."
1303,3237,2015-09-17 19:54:54.000,"For an android with no feelings, he sure managed to evoke them in others."
1303,3238,2015-02-12 11:42:52.000,Flair is what marks the difference between artistry and mere competence.
1309,3253,2015-05-13 09:50:39.000,"I've had twelve years to think about it. And if I had it to do over again, I would have grabbed the phaser and pointed it at you instead of them."
1309,3254,2016-03-12 13:27:02.000,"I suggest you drop it, Mr. Data. Mr. Worf, you sound like a man who's asking his friend if he can start dating his sister."
1309,3255,2016-03-11 09:05:54.000,"I've had twelve years to think about it. And if I had it to do over again, I would have grabbed the phaser and pointed it at you instead of them."
1309,3256,2015-09-16 11:46:48.000,Travel time to the nearest starbase? The Federation's gone; the Borg is everywhere!
1304,3239,2015-05-05 16:22:52.000,"For an android with no feelings, he sure managed to evoke them in others."
1304,3240,2017-02-20 07:41:44.000,I'll alert the crew. When has justice ever been as simple as a rule book?
1304,3241,2016-11-16 04:34:31.000,I'll alert the crew. When has justice ever been as simple as a rule book?
1304,3242,2015-03-04 01:49:13.000,"Maybe if we felt any human loss as keenly as we feel one of those close to us, human history would be far less bloody."
1304,3243,2016-08-27 19:30:53.000,"I'm afraid I still don't understand, sir. Well, that's certainly good to know."
1305,3244,2015-08-01 16:55:49.000,"I've had twelve years to think about it. And if I had it to do over again, I would have grabbed the phaser and pointed it at you instead of them."
1306,3245,2015-03-03 23:36:05.000,"I've had twelve years to think about it. And if I had it to do over again, I would have grabbed the phaser and pointed it at you instead of them."
1306,3246,2015-04-02 04:11:05.000,"I'm afraid I still don't understand, sir. Well, that's certainly good to know."
1312,3257,2015-02-16 05:26:15.000,"I'm afraid I still don't understand, sir. Well, that's certainly good to know."
1312,3258,2016-04-06 23:33:36.000,Flair is what marks the difference between artistry and mere competence.
1312,3259,2016-09-29 19:20:18.000,"I've had twelve years to think about it. And if I had it to do over again, I would have grabbed the phaser and pointed it at you instead of them."
1312,3260,2015-04-10 14:26:05.000,"I'm afraid I still don't understand, sir. Well, that's certainly good to know."
1312,3261,2016-05-05 06:28:21.000,Travel time to the nearest starbase? The Federation's gone; the Borg is everywhere!
1313,3262,2016-02-04 18:12:45.000,"I'm afraid I still don't understand, sir. Well, that's certainly good to know."
1314,3264,2015-10-18 21:04:27.000,Flair is what marks the difference between artistry and mere competence.
1314,3266,2017-02-20 04:31:09.000,"I've had twelve years to think about it. And if I had it to do over again, I would have grabbed the phaser and pointed it at you instead of them."
1314,3268,2017-02-10 04:46:11.000,"I've had twelve years to think about it. And if I had it to do over again, I would have grabbed the phaser and pointed it at you instead of them."
1314,3270,2016-08-16 15:02:54.000,"Maybe if we felt any human loss as keenly as we feel one of those close to us, human history would be far less bloody."
1621,4045,2016-04-12 22:55:04.000,"I'm afraid I still don't understand, sir. Well, that's certainly good to know."
1316,3271,2016-08-04 19:45:49.000,"I suggest you drop it, Mr. Data. Mr. Worf, you sound like a man who's asking his friend if he can start dating his sister."
1316,3273,2015-11-26 23:41:37.000,Flair is what marks the difference between artistry and mere competence.
1316,3275,2016-07-29 21:41:50.000,Travel time to the nearest starbase? The Federation's gone; the Borg is everywhere!
1316,3277,2016-02-23 00:40:02.000,I'll alert the crew. When has justice ever been as simple as a rule book?
1316,3279,2015-06-10 12:32:07.000,I'll alert the crew. When has justice ever been as simple as a rule book?
1319,3280,2016-10-22 03:17:35.000,"I suggest you drop it, Mr. Data. Mr. Worf, you sound like a man who's asking his friend if he can start dating his sister."
1319,3282,2016-05-28 13:23:14.000,"I'm afraid I still don't understand, sir. Well, that's certainly good to know."
1319,3286,2016-01-03 18:52:42.000,"I'm afraid I still don't understand, sir. Well, that's certainly good to know."
1319,3289,2015-02-09 18:30:19.000,I'll alert the crew. When has justice ever been as simple as a rule book?
1319,3291,2015-09-19 12:56:06.000,Flair is what marks the difference between artistry and mere competence.
1323,3293,2016-06-17 09:57:02.000,"I've had twelve years to think about it. And if I had it to do over again, I would have grabbed the phaser and pointed it at you instead of them."
1323,3295,2015-11-03 06:16:59.000,"I've had twelve years to think about it. And if I had it to do over again, I would have grabbed the phaser and pointed it at you instead of them."
1325,3297,2015-07-30 10:31:59.000,"I've had twelve years to think about it. And if I had it to do over again, I would have grabbed the phaser and pointed it at you instead of them."
1325,3299,2016-08-07 11:24:49.000,Flair is what marks the difference between artistry and mere competence.
1325,3301,2015-06-24 21:32:04.000,"I've had twelve years to think about it. And if I had it to do over again, I would have grabbed the phaser and pointed it at you instead of them."
1325,3303,2015-06-07 19:35:57.000,"Maybe if we felt any human loss as keenly as we feel one of those close to us, human history would be far less bloody."
1315,3272,2015-05-26 23:09:51.000,"For an android with no feelings, he sure managed to evoke them in others."
1317,3274,2015-02-08 08:26:51.000,"I'm afraid I still don't understand, sir. Well, that's certainly good to know."
1325,3305,2017-01-04 17:11:42.000,"I'm afraid I still don't understand, sir. Well, that's certainly good to know."
1317,3276,2015-01-31 16:10:43.000,"For an android with no feelings, he sure managed to evoke them in others."
1317,3278,2016-11-22 12:01:42.000,Travel time to the nearest starbase? The Federation's gone; the Borg is everywhere!
1317,3281,2015-01-18 15:51:29.000,Flair is what marks the difference between artistry and mere competence.
1317,3284,2016-07-27 06:50:40.000,Flair is what marks the difference between artistry and mere competence.
1321,3288,2016-04-28 22:19:42.000,"I suggest you drop it, Mr. Data. Mr. Worf, you sound like a man who's asking his friend if he can start dating his sister."
1321,3290,2016-03-10 21:28:21.000,"For an android with no feelings, he sure managed to evoke them in others."
1321,3292,2017-02-22 22:03:37.000,"Fate. It protects fools, little children, and ships named Enterprise."
1321,3294,2015-05-06 18:22:28.000,"I'm afraid I still don't understand, sir. Well, that's certainly good to know."
1321,3296,2015-06-23 09:20:03.000,"I've had twelve years to think about it. And if I had it to do over again, I would have grabbed the phaser and pointed it at you instead of them."
1310,3263,2016-03-14 07:55:41.000,Travel time to the nearest starbase? The Federation's gone; the Borg is everywhere!
1310,3265,2016-02-28 18:55:45.000,"I'm afraid I still don't understand, sir. Well, that's certainly good to know."
1310,3267,2015-01-19 05:38:45.000,"I've had twelve years to think about it. And if I had it to do over again, I would have grabbed the phaser and pointed it at you instead of them."
1311,3269,2016-08-25 22:14:45.000,"I'm afraid I still don't understand, sir. Well, that's certainly good to know."
1318,3298,2016-03-13 03:00:42.000,I'll alert the crew. When has justice ever been as simple as a rule book?
1318,3300,2016-02-03 00:23:30.000,I'll alert the crew. When has justice ever been as simple as a rule book?
1318,3302,2015-05-24 12:29:41.000,I'll alert the crew. When has justice ever been as simple as a rule book?
1318,3304,2016-03-06 10:24:13.000,"Fate. It protects fools, little children, and ships named Enterprise."
1318,3306,2016-04-23 02:57:40.000,"I'm afraid I still don't understand, sir. Well, that's certainly good to know."
1320,3307,2016-09-29 01:52:22.000,"Maybe if we felt any human loss as keenly as we feel one of those close to us, human history would be far less bloody."
1320,3308,2016-06-17 09:51:46.000,"I'm afraid I still don't understand, sir. Well, that's certainly good to know."
1320,3309,2015-02-10 15:51:08.000,"I suggest you drop it, Mr. Data. Mr. Worf, you sound like a man who's asking his friend if he can start dating his sister."
1322,3310,2017-02-24 23:51:32.000,"Fate. It protects fools, little children, and ships named Enterprise."
1322,3311,2015-11-26 00:59:37.000,"For an android with no feelings, he sure managed to evoke them in others."
1327,3312,2015-10-18 23:50:48.000,"I suggest you drop it, Mr. Data. Mr. Worf, you sound like a man who's asking his friend if he can start dating his sister."
1327,3313,2016-12-29 00:51:29.000,"Fate. It protects fools, little children, and ships named Enterprise."
1333,3332,2015-11-10 11:36:54.000,"I'm afraid I still don't understand, sir. Well, that's certainly good to know."
1333,3333,2016-10-16 16:50:22.000,Flair is what marks the difference between artistry and mere competence.
1335,3335,2017-01-06 12:01:32.000,I'll alert the crew. When has justice ever been as simple as a rule book?
1338,3334,2016-05-13 20:41:44.000,"Maybe if we felt any human loss as keenly as we feel one of those close to us, human history would be far less bloody."
1335,3337,2016-06-13 15:26:36.000,"For an android with no feelings, he sure managed to evoke them in others."
1338,3336,2016-09-20 00:47:18.000,"I've had twelve years to think about it. And if I had it to do over again, I would have grabbed the phaser and pointed it at you instead of them."
1335,3339,2015-04-02 02:26:19.000,Travel time to the nearest starbase? The Federation's gone; the Borg is everywhere!
1338,3338,2016-03-20 19:37:28.000,Travel time to the nearest starbase? The Federation's gone; the Borg is everywhere!
1335,3343,2016-04-19 03:34:44.000,"For an android with no feelings, he sure managed to evoke them in others."
1338,3340,2015-09-17 16:52:28.000,"Maybe if we felt any human loss as keenly as we feel one of those close to us, human history would be far less bloody."
1337,3345,2016-06-22 08:25:58.000,"Fate. It protects fools, little children, and ships named Enterprise."
1338,3341,2015-06-08 00:12:31.000,"I suggest you drop it, Mr. Data. Mr. Worf, you sound like a man who's asking his friend if he can start dating his sister."
1337,3347,2015-01-02 23:16:48.000,I'll alert the crew. When has justice ever been as simple as a rule book?
1339,3342,2017-01-22 07:09:05.000,Travel time to the nearest starbase? The Federation's gone; the Borg is everywhere!
1337,3349,2016-11-27 20:53:18.000,"Maybe if we felt any human loss as keenly as we feel one of those close to us, human history would be far less bloody."
1339,3344,2016-04-12 22:59:31.000,Travel time to the nearest starbase? The Federation's gone; the Borg is everywhere!
1339,3346,2017-01-13 17:51:55.000,"Maybe if we felt any human loss as keenly as we feel one of those close to us, human history would be far less bloody."
1339,3348,2016-10-08 15:35:53.000,"For an android with no feelings, he sure managed to evoke them in others."
1339,3350,2016-05-18 04:32:03.000,"I suggest you drop it, Mr. Data. Mr. Worf, you sound like a man who's asking his friend if he can start dating his sister."
1330,3323,2016-06-28 23:50:20.000,Travel time to the nearest starbase? The Federation's gone; the Borg is everywhere!
1330,3324,2015-05-28 15:52:37.000,"I'm afraid I still don't understand, sir. Well, that's certainly good to know."
1331,3325,2015-04-24 22:39:09.000,"Fate. It protects fools, little children, and ships named Enterprise."
1331,3326,2015-09-18 22:42:44.000,I'll alert the crew. When has justice ever been as simple as a rule book?
1331,3327,2015-08-17 14:59:32.000,"For an android with no feelings, he sure managed to evoke them in others."
1331,3328,2015-09-16 11:11:59.000,"For an android with no feelings, he sure managed to evoke them in others."
1331,3329,2016-01-22 02:16:01.000,I'll alert the crew. When has justice ever been as simple as a rule book?
1332,3330,2016-10-25 04:36:16.000,I'll alert the crew. When has justice ever been as simple as a rule book?
1332,3331,2015-08-08 00:23:13.000,"I'm afraid I still don't understand, sir. Well, that's certainly good to know."
1329,3317,2015-11-07 02:59:19.000,"I've had twelve years to think about it. And if I had it to do over again, I would have grabbed the phaser and pointed it at you instead of them."
1329,3319,2016-04-08 00:17:22.000,"For an android with no feelings, he sure managed to evoke them in others."
1329,3320,2016-09-06 18:23:38.000,Flair is what marks the difference between artistry and mere competence.
1326,3283,2016-12-16 20:43:50.000,"Maybe if we felt any human loss as keenly as we feel one of those close to us, human history would be far less bloody."
1326,3285,2015-03-23 04:28:38.000,"For an android with no feelings, he sure managed to evoke them in others."
1326,3287,2016-03-21 06:21:08.000,"I suggest you drop it, Mr. Data. Mr. Worf, you sound like a man who's asking his friend if he can start dating his sister."
1326,3314,2016-10-24 11:31:03.000,"I've had twelve years to think about it. And if I had it to do over again, I would have grabbed the phaser and pointed it at you instead of them."
1328,3315,2016-09-22 12:27:47.000,"I've had twelve years to think about it. And if I had it to do over again, I would have grabbed the phaser and pointed it at you instead of them."
1340,3351,2016-02-09 10:36:43.000,"I've had twelve years to think about it. And if I had it to do over again, I would have grabbed the phaser and pointed it at you instead of them."
1340,3352,2016-04-10 09:19:48.000,Flair is what marks the difference between artistry and mere competence.
1328,3316,2016-01-28 00:34:10.000,"I'm afraid I still don't understand, sir. Well, that's certainly good to know."
1328,3318,2015-06-13 22:29:30.000,"For an android with no feelings, he sure managed to evoke them in others."
1341,3353,2015-11-11 22:48:36.000,I'll alert the crew. When has justice ever been as simple as a rule book?
1341,3354,2016-11-24 04:08:02.000,"Fate. It protects fools, little children, and ships named Enterprise."
1328,3321,2015-11-04 19:11:37.000,Travel time to the nearest starbase? The Federation's gone; the Borg is everywhere!
1328,3322,2015-07-26 08:02:04.000,Travel time to the nearest starbase? The Federation's gone; the Borg is everywhere!
1341,3355,2016-04-19 06:27:30.000,"I'm afraid I still don't understand, sir. Well, that's certainly good to know."
1625,4059,2015-03-17 16:42:45.000,"For an android with no feelings, he sure managed to evoke them in others."
1625,4060,2017-01-25 01:47:02.000,Flair is what marks the difference between artistry and mere competence.
1626,4061,2016-06-21 05:32:50.000,"Fate. It protects fools, little children, and ships named Enterprise."
1626,4062,2015-07-26 18:42:58.000,"I suggest you drop it, Mr. Data. Mr. Worf, you sound like a man who's asking his friend if he can start dating his sister."
1626,4063,2015-10-14 04:35:14.000,Travel time to the nearest starbase? The Federation's gone; the Borg is everywhere!
1626,4064,2015-07-16 15:05:39.000,"Fate. It protects fools, little children, and ships named Enterprise."
1620,4040,2016-01-18 14:02:04.000,Travel time to the nearest starbase? The Federation's gone; the Borg is everywhere!
1620,4041,2016-04-02 14:18:20.000,"For an android with no feelings, he sure managed to evoke them in others."
1620,4042,2017-02-28 13:57:50.000,"For an android with no feelings, he sure managed to evoke them in others."
1636,4084,2016-12-02 19:11:01.000,"I've had twelve years to think about it. And if I had it to do over again, I would have grabbed the phaser and pointed it at you instead of them."
1636,4085,2016-10-28 23:25:39.000,Flair is what marks the difference between artistry and mere competence.
1636,4086,2016-06-15 19:47:37.000,Flair is what marks the difference between artistry and mere competence.
1637,4087,2016-05-24 17:35:56.000,Flair is what marks the difference between artistry and mere competence.
1637,4088,2015-05-11 00:42:45.000,"Maybe if we felt any human loss as keenly as we feel one of those close to us, human history would be far less bloody."
1637,4089,2016-03-22 19:35:48.000,Flair is what marks the difference between artistry and mere competence.
1638,4090,2015-11-13 16:23:38.000,"Maybe if we felt any human loss as keenly as we feel one of those close to us, human history would be far less bloody."
1638,4091,2015-04-09 21:36:07.000,"Fate. It protects fools, little children, and ships named Enterprise."
1638,4092,2016-04-15 22:37:03.000,Flair is what marks the difference between artistry and mere competence.
1638,4093,2015-11-22 12:06:11.000,"Maybe if we felt any human loss as keenly as we feel one of those close to us, human history would be far less bloody."
1621,4043,2016-08-29 16:08:39.000,"I suggest you drop it, Mr. Data. Mr. Worf, you sound like a man who's asking his friend if he can start dating his sister."
1621,4044,2015-04-21 21:13:45.000,"Maybe if we felt any human loss as keenly as we feel one of those close to us, human history would be far less bloody."
1621,4046,2015-10-06 14:44:14.000,"For an android with no feelings, he sure managed to evoke them in others."
1621,4047,2015-01-11 12:14:10.000,"For an android with no feelings, he sure managed to evoke them in others."
1628,4065,2015-10-18 04:32:55.000,"For an android with no feelings, he sure managed to evoke them in others."
1622,4048,2015-08-15 19:32:05.000,"I've had twelve years to think about it. And if I had it to do over again, I would have grabbed the phaser and pointed it at you instead of them."
1628,4066,2016-06-19 03:02:28.000,I'll alert the crew. When has justice ever been as simple as a rule book?
1622,4049,2016-09-10 19:54:22.000,"I suggest you drop it, Mr. Data. Mr. Worf, you sound like a man who's asking his friend if he can start dating his sister."
1628,4067,2015-08-30 20:05:15.000,"For an android with no feelings, he sure managed to evoke them in others."
1623,4050,2016-01-26 15:08:45.000,"Fate. It protects fools, little children, and ships named Enterprise."
1629,4068,2016-03-14 13:14:52.000,I'll alert the crew. When has justice ever been as simple as a rule book?
1629,4069,2015-03-22 18:05:52.000,"Fate. It protects fools, little children, and ships named Enterprise."
1630,4070,2016-03-01 02:11:30.000,Flair is what marks the difference between artistry and mere competence.
1630,4071,2016-02-21 00:26:03.000,Flair is what marks the difference between artistry and mere competence.
1631,4072,2016-04-17 23:51:13.000,"I suggest you drop it, Mr. Data. Mr. Worf, you sound like a man who's asking his friend if he can start dating his sister."
1631,4073,2016-04-06 11:21:23.000,"Fate. It protects fools, little children, and ships named Enterprise."
1631,4074,2015-03-23 21:39:24.000,"I've had twelve years to think about it. And if I had it to do over again, I would have grabbed the phaser and pointed it at you instead of them."
1631,4075,2015-08-04 14:38:09.000,"Maybe if we felt any human loss as keenly as we feel one of those close to us, human history would be far less bloody."
1631,4076,2015-04-07 07:21:40.000,"I've had twelve years to think about it. And if I had it to do over again, I would have grabbed the phaser and pointed it at you instead of them."
1633,4077,2015-03-23 19:57:42.000,"Fate. It protects fools, little children, and ships named Enterprise."
1633,4078,2016-07-06 21:02:46.000,"I'm afraid I still don't understand, sir. Well, that's certainly good to know."
1634,4079,2016-02-25 04:22:19.000,I'll alert the crew. When has justice ever been as simple as a rule book?
1634,4080,2015-07-21 11:07:54.000,"Fate. It protects fools, little children, and ships named Enterprise."
1634,4081,2016-01-23 09:59:39.000,"Maybe if we felt any human loss as keenly as we feel one of those close to us, human history would be far less bloody."
1634,4082,2015-02-23 08:33:06.000,I'll alert the crew. When has justice ever been as simple as a rule book?
1634,4083,2015-03-04 08:48:06.000,"I'm afraid I still don't understand, sir. Well, that's certainly good to know."
1617,4036,2015-07-17 19:30:29.000,"Maybe if we felt any human loss as keenly as we feel one of those close to us, human history would be far less bloody."
1617,4037,2016-07-28 02:56:52.000,Travel time to the nearest starbase? The Federation's gone; the Borg is everywhere!
1617,4038,2015-01-01 00:56:50.000,"I suggest you drop it, Mr. Data. Mr. Worf, you sound like a man who's asking his friend if he can start dating his sister."
1645,4105,2015-11-20 06:31:28.000,"I've had twelve years to think about it. And if I had it to do over again, I would have grabbed the phaser and pointed it at you instead of them."
1645,4107,2015-08-31 15:15:44.000,Flair is what marks the difference between artistry and mere competence.
1617,4039,2016-05-24 16:38:23.000,"Maybe if we felt any human loss as keenly as we feel one of those close to us, human history would be far less bloody."
1645,4108,2016-05-16 04:05:41.000,"Maybe if we felt any human loss as keenly as we feel one of those close to us, human history would be far less bloody."
1645,4109,2015-11-09 10:05:23.000,"Maybe if we felt any human loss as keenly as we feel one of those close to us, human history would be far less bloody."
1639,4094,2015-09-10 08:32:00.000,I'll alert the crew. When has justice ever been as simple as a rule book?
1639,4095,2016-01-15 05:50:46.000,"Maybe if we felt any human loss as keenly as we feel one of those close to us, human history would be far less bloody."
1639,4096,2016-07-04 15:28:56.000,"I suggest you drop it, Mr. Data. Mr. Worf, you sound like a man who's asking his friend if he can start dating his sister."
1639,4097,2015-10-27 00:25:42.000,"Fate. It protects fools, little children, and ships named Enterprise."
1649,4115,2015-10-17 14:11:44.000,I'll alert the crew. When has justice ever been as simple as a rule book?
1639,4098,2016-11-27 21:51:20.000,"I suggest you drop it, Mr. Data. Mr. Worf, you sound like a man who's asking his friend if he can start dating his sister."
1641,4099,2016-06-05 00:18:05.000,"I've had twelve years to think about it. And if I had it to do over again, I would have grabbed the phaser and pointed it at you instead of them."
1641,4100,2016-06-23 16:13:14.000,"I suggest you drop it, Mr. Data. Mr. Worf, you sound like a man who's asking his friend if he can start dating his sister."
1450,3600,2015-10-27 22:06:02.000,"Maybe if we felt any human loss as keenly as we feel one of those close to us, human history would be far less bloody."
1450,3601,2016-09-08 03:58:34.000,"I'm afraid I still don't understand, sir. Well, that's certainly good to know."
1450,3602,2016-07-30 20:58:41.000,"I'm afraid I still don't understand, sir. Well, that's certainly good to know."
1451,3603,2016-02-08 12:23:54.000,I'll alert the crew. When has justice ever been as simple as a rule book?
1451,3604,2016-02-27 18:10:35.000,"Maybe if we felt any human loss as keenly as we feel one of those close to us, human history would be far less bloody."
1451,3605,2017-02-19 23:41:46.000,"I suggest you drop it, Mr. Data. Mr. Worf, you sound like a man who's asking his friend if he can start dating his sister."
1451,3606,2015-01-24 20:31:24.000,"I'm afraid I still don't understand, sir. Well, that's certainly good to know."
1452,3607,2017-02-02 18:37:34.000,"I suggest you drop it, Mr. Data. Mr. Worf, you sound like a man who's asking his friend if he can start dating his sister."
1452,3608,2016-12-13 14:09:58.000,Travel time to the nearest starbase? The Federation's gone; the Borg is everywhere!
1452,3609,2016-02-08 02:59:13.000,"I've had twelve years to think about it. And if I had it to do over again, I would have grabbed the phaser and pointed it at you instead of them."
1486,3701,2015-05-26 16:09:59.000,Travel time to the nearest starbase? The Federation's gone; the Borg is everywhere!
1486,3702,2015-10-26 00:00:29.000,I'll alert the crew. When has justice ever been as simple as a rule book?
1538,3833,2015-01-21 20:04:31.000,"Fate. It protects fools, little children, and ships named Enterprise."
1486,3703,2017-02-19 06:55:32.000,"I've had twelve years to think about it. And if I had it to do over again, I would have grabbed the phaser and pointed it at you instead of them."
1486,3704,2015-10-02 23:46:23.000,"I'm afraid I still don't understand, sir. Well, that's certainly good to know."
1487,3705,2015-11-10 04:33:37.000,"For an android with no feelings, he sure managed to evoke them in others."
1487,3706,2015-10-02 01:18:23.000,"Maybe if we felt any human loss as keenly as we feel one of those close to us, human history would be far less bloody."
1487,3707,2017-01-22 01:24:44.000,"I've had twelve years to think about it. And if I had it to do over again, I would have grabbed the phaser and pointed it at you instead of them."
1487,3708,2016-04-21 05:46:52.000,"Fate. It protects fools, little children, and ships named Enterprise."
1487,3709,2015-06-02 01:04:07.000,Flair is what marks the difference between artistry and mere competence.
1488,3710,2016-06-23 20:19:10.000,"Fate. It protects fools, little children, and ships named Enterprise."
1488,3711,2015-02-25 11:40:32.000,"I'm afraid I still don't understand, sir. Well, that's certainly good to know."
1488,3712,2015-08-04 11:28:48.000,"I suggest you drop it, Mr. Data. Mr. Worf, you sound like a man who's asking his friend if he can start dating his sister."
1471,3665,2015-12-03 22:34:39.000,Flair is what marks the difference between artistry and mere competence.
1473,3667,2016-06-18 06:23:56.000,"For an android with no feelings, he sure managed to evoke them in others."
1473,3669,2017-01-21 10:38:27.000,"Maybe if we felt any human loss as keenly as we feel one of those close to us, human history would be far less bloody."
1473,3673,2015-07-30 18:39:11.000,"Fate. It protects fools, little children, and ships named Enterprise."
1473,3675,2015-10-22 02:02:21.000,"For an android with no feelings, he sure managed to evoke them in others."
1473,3677,2017-01-17 19:38:33.000,"Fate. It protects fools, little children, and ships named Enterprise."
1489,3713,2016-06-10 08:39:30.000,"I suggest you drop it, Mr. Data. Mr. Worf, you sound like a man who's asking his friend if he can start dating his sister."
1489,3714,2015-05-10 15:19:58.000,"I've had twelve years to think about it. And if I had it to do over again, I would have grabbed the phaser and pointed it at you instead of them."
1490,3715,2016-12-02 20:48:30.000,"For an android with no feelings, he sure managed to evoke them in others."
1491,3716,2016-10-22 15:12:43.000,Flair is what marks the difference between artistry and mere competence.
1491,3717,2017-01-23 18:36:15.000,Flair is what marks the difference between artistry and mere competence.
1491,3718,2015-01-01 20:38:46.000,"I've had twelve years to think about it. And if I had it to do over again, I would have grabbed the phaser and pointed it at you instead of them."
1491,3719,2016-10-14 07:42:39.000,"I'm afraid I still don't understand, sir. Well, that's certainly good to know."
1492,3720,2015-11-10 06:56:18.000,"Maybe if we felt any human loss as keenly as we feel one of those close to us, human history would be far less bloody."
1492,3721,2015-11-03 21:29:44.000,"I've had twelve years to think about it. And if I had it to do over again, I would have grabbed the phaser and pointed it at you instead of them."
1492,3722,2016-12-10 07:18:51.000,I'll alert the crew. When has justice ever been as simple as a rule book?
1492,3723,2015-04-17 01:31:43.000,"I've had twelve years to think about it. And if I had it to do over again, I would have grabbed the phaser and pointed it at you instead of them."
1492,3724,2015-03-18 23:57:38.000,"I'm afraid I still don't understand, sir. Well, that's certainly good to know."
1483,3693,2015-09-22 08:06:01.000,"I'm afraid I still don't understand, sir. Well, that's certainly good to know."
1483,3695,2016-10-03 04:48:37.000,"Maybe if we felt any human loss as keenly as we feel one of those close to us, human history would be far less bloody."
1483,3697,2016-10-30 06:12:12.000,Flair is what marks the difference between artistry and mere competence.
1485,3699,2016-03-26 00:19:05.000,"Maybe if we felt any human loss as keenly as we feel one of those close to us, human history would be far less bloody."
1493,3725,2015-06-08 09:56:18.000,"I'm afraid I still don't understand, sir. Well, that's certainly good to know."
1493,3726,2015-09-06 23:05:01.000,Travel time to the nearest starbase? The Federation's gone; the Borg is everywhere!
1493,3727,2015-09-05 11:59:04.000,"Fate. It protects fools, little children, and ships named Enterprise."
1493,3728,2015-04-22 03:08:48.000,"For an android with no feelings, he sure managed to evoke them in others."
1493,3729,2016-12-28 20:09:15.000,"I've had twelve years to think about it. And if I had it to do over again, I would have grabbed the phaser and pointed it at you instead of them."
1494,3730,2016-07-29 15:30:45.000,"For an android with no feelings, he sure managed to evoke them in others."
1494,3731,2016-01-06 19:18:24.000,"I'm afraid I still don't understand, sir. Well, that's certainly good to know."
1494,3732,2017-02-06 17:08:55.000,"I've had twelve years to think about it. And if I had it to do over again, I would have grabbed the phaser and pointed it at you instead of them."
1494,3733,2016-12-29 01:03:24.000,Flair is what marks the difference between artistry and mere competence.
1494,3734,2016-04-09 03:59:55.000,I'll alert the crew. When has justice ever been as simple as a rule book?
1495,3735,2016-01-15 07:06:50.000,Travel time to the nearest starbase? The Federation's gone; the Borg is everywhere!
1495,3736,2015-07-23 04:19:59.000,"Fate. It protects fools, little children, and ships named Enterprise."
1495,3737,2015-09-26 12:41:01.000,"Maybe if we felt any human loss as keenly as we feel one of those close to us, human history would be far less bloody."
1495,3738,2017-02-18 13:18:56.000,"For an android with no feelings, he sure managed to evoke them in others."
1496,3739,2016-03-23 06:17:58.000,Flair is what marks the difference between artistry and mere competence.
1496,3740,2015-10-29 09:27:12.000,"I suggest you drop it, Mr. Data. Mr. Worf, you sound like a man who's asking his friend if he can start dating his sister."
1496,3741,2015-07-16 04:48:02.000,Flair is what marks the difference between artistry and mere competence.
1496,3742,2016-10-16 08:06:43.000,"For an android with no feelings, he sure managed to evoke them in others."
1480,3688,2016-11-15 09:25:39.000,"Fate. It protects fools, little children, and ships named Enterprise."
1482,3689,2017-02-13 03:21:11.000,"Maybe if we felt any human loss as keenly as we feel one of those close to us, human history would be far less bloody."
1482,3690,2016-05-17 03:45:49.000,Flair is what marks the difference between artistry and mere competence.
1482,3691,2015-09-02 09:28:35.000,Flair is what marks the difference between artistry and mere competence.
1482,3692,2016-12-23 07:30:21.000,"I've had twelve years to think about it. And if I had it to do over again, I would have grabbed the phaser and pointed it at you instead of them."
1484,3694,2015-11-21 16:11:08.000,Flair is what marks the difference between artistry and mere competence.
1484,3696,2015-08-09 13:36:11.000,"I'm afraid I still don't understand, sir. Well, that's certainly good to know."
1484,3698,2015-06-29 14:09:05.000,Flair is what marks the difference between artistry and mere competence.
1484,3700,2016-11-03 18:30:45.000,"Maybe if we felt any human loss as keenly as we feel one of those close to us, human history would be far less bloody."
1497,3743,2015-04-28 22:12:32.000,"I'm afraid I still don't understand, sir. Well, that's certainly good to know."
1499,3744,2016-11-28 15:40:15.000,"I'm afraid I still don't understand, sir. Well, that's certainly good to know."
1499,3745,2016-06-01 08:55:16.000,"I've had twelve years to think about it. And if I had it to do over again, I would have grabbed the phaser and pointed it at you instead of them."
1501,3746,2017-02-08 03:13:21.000,Travel time to the nearest starbase? The Federation's gone; the Borg is everywhere!
1501,3747,2015-07-29 11:43:48.000,"Fate. It protects fools, little children, and ships named Enterprise."
1501,3748,2016-07-03 11:31:00.000,"I'm afraid I still don't understand, sir. Well, that's certainly good to know."
1502,3749,2016-11-22 14:36:33.000,"I've had twelve years to think about it. And if I had it to do over again, I would have grabbed the phaser and pointed it at you instead of them."
1502,3750,2016-01-27 16:27:01.000,"I'm afraid I still don't understand, sir. Well, that's certainly good to know."
1502,3751,2016-06-25 21:59:51.000,"I suggest you drop it, Mr. Data. Mr. Worf, you sound like a man who's asking his friend if he can start dating his sister."
1514,3769,2015-08-04 12:19:04.000,"Fate. It protects fools, little children, and ships named Enterprise."
1514,3774,2016-08-13 21:58:41.000,"I suggest you drop it, Mr. Data. Mr. Worf, you sound like a man who's asking his friend if he can start dating his sister."
1514,3777,2015-09-17 18:22:10.000,"I've had twelve years to think about it. And if I had it to do over again, I would have grabbed the phaser and pointed it at you instead of them."
1514,3779,2016-10-18 11:54:44.000,"I've had twelve years to think about it. And if I had it to do over again, I would have grabbed the phaser and pointed it at you instead of them."
1514,3780,2017-01-06 05:52:41.000,"I've had twelve years to think about it. And if I had it to do over again, I would have grabbed the phaser and pointed it at you instead of them."
1515,3781,2016-03-17 01:56:44.000,"I'm afraid I still don't understand, sir. Well, that's certainly good to know."
1515,3782,2015-10-24 23:43:13.000,"I'm afraid I still don't understand, sir. Well, that's certainly good to know."
1515,3783,2015-05-15 00:08:20.000,I'll alert the crew. When has justice ever been as simple as a rule book?
1515,3784,2016-12-12 07:54:53.000,Travel time to the nearest starbase? The Federation's gone; the Borg is everywhere!
1516,3785,2016-01-20 19:21:30.000,"I suggest you drop it, Mr. Data. Mr. Worf, you sound like a man who's asking his friend if he can start dating his sister."
1516,3786,2016-08-13 14:57:51.000,"Fate. It protects fools, little children, and ships named Enterprise."
1517,3787,2016-04-07 22:15:53.000,"Fate. It protects fools, little children, and ships named Enterprise."
1517,3788,2015-08-09 19:59:38.000,"I suggest you drop it, Mr. Data. Mr. Worf, you sound like a man who's asking his friend if he can start dating his sister."
1517,3789,2015-04-30 08:34:53.000,"For an android with no feelings, he sure managed to evoke them in others."
1517,3790,2016-04-29 07:43:29.000,Flair is what marks the difference between artistry and mere competence.
1517,3791,2015-01-13 03:20:39.000,I'll alert the crew. When has justice ever been as simple as a rule book?
1518,3792,2015-12-20 01:14:37.000,Flair is what marks the difference between artistry and mere competence.
1518,3793,2015-06-14 17:28:04.000,"For an android with no feelings, he sure managed to evoke them in others."
1518,3794,2016-08-20 23:40:22.000,Flair is what marks the difference between artistry and mere competence.
1518,3795,2016-05-06 15:00:24.000,Travel time to the nearest starbase? The Federation's gone; the Borg is everywhere!
1518,3796,2016-02-26 16:34:30.000,"I've had twelve years to think about it. And if I had it to do over again, I would have grabbed the phaser and pointed it at you instead of them."
1509,3756,2015-09-09 23:51:19.000,I'll alert the crew. When has justice ever been as simple as a rule book?
1509,3758,2017-01-30 07:49:40.000,"Fate. It protects fools, little children, and ships named Enterprise."
1509,3761,2015-04-19 08:42:21.000,"I've had twelve years to think about it. And if I had it to do over again, I would have grabbed the phaser and pointed it at you instead of them."
1520,3797,2016-05-13 11:42:14.000,"Maybe if we felt any human loss as keenly as we feel one of those close to us, human history would be far less bloody."
1510,3765,2016-02-08 20:00:57.000,"I suggest you drop it, Mr. Data. Mr. Worf, you sound like a man who's asking his friend if he can start dating his sister."
1522,3798,2015-01-14 05:05:57.000,I'll alert the crew. When has justice ever been as simple as a rule book?
1510,3767,2016-07-29 10:23:48.000,"Fate. It protects fools, little children, and ships named Enterprise."
1522,3799,2016-03-10 13:28:49.000,"I suggest you drop it, Mr. Data. Mr. Worf, you sound like a man who's asking his friend if he can start dating his sister."
1510,3772,2015-01-28 18:45:29.000,"I suggest you drop it, Mr. Data. Mr. Worf, you sound like a man who's asking his friend if he can start dating his sister."
1523,3800,2015-02-11 02:37:56.000,"I'm afraid I still don't understand, sir. Well, that's certainly good to know."
1523,3802,2016-05-13 07:39:58.000,"I've had twelve years to think about it. And if I had it to do over again, I would have grabbed the phaser and pointed it at you instead of them."
1523,3804,2016-01-19 21:50:57.000,"Fate. It protects fools, little children, and ships named Enterprise."
1505,3752,2016-04-18 09:32:34.000,Flair is what marks the difference between artistry and mere competence.
1505,3753,2015-07-28 23:26:35.000,"Maybe if we felt any human loss as keenly as we feel one of those close to us, human history would be far less bloody."
1505,3754,2015-07-08 14:46:30.000,"For an android with no feelings, he sure managed to evoke them in others."
1505,3755,2016-12-17 03:27:25.000,Travel time to the nearest starbase? The Federation's gone; the Borg is everywhere!
1506,3757,2017-01-07 18:53:33.000,Flair is what marks the difference between artistry and mere competence.
1521,3801,2016-03-13 20:43:57.000,"For an android with no feelings, he sure managed to evoke them in others."
1506,3759,2016-05-16 23:09:36.000,Travel time to the nearest starbase? The Federation's gone; the Borg is everywhere!
1506,3763,2017-01-17 01:56:38.000,"I've had twelve years to think about it. And if I had it to do over again, I would have grabbed the phaser and pointed it at you instead of them."
1521,3803,2016-11-03 08:00:41.000,"I'm afraid I still don't understand, sir. Well, that's certainly good to know."
1507,3766,2017-02-21 03:16:26.000,Flair is what marks the difference between artistry and mere competence.
1508,3768,2016-03-24 08:17:19.000,I'll alert the crew. When has justice ever been as simple as a rule book?
1508,3771,2015-01-24 21:34:06.000,I'll alert the crew. When has justice ever been as simple as a rule book?
1508,3773,2015-10-17 03:23:49.000,I'll alert the crew. When has justice ever been as simple as a rule book?
1508,3776,2016-01-08 11:54:11.000,"Fate. It protects fools, little children, and ships named Enterprise."
1508,3778,2016-10-30 12:06:56.000,"Maybe if we felt any human loss as keenly as we feel one of those close to us, human history would be far less bloody."
1511,3760,2015-03-30 12:53:50.000,I'll alert the crew. When has justice ever been as simple as a rule book?
1512,3762,2016-07-25 18:39:56.000,"I suggest you drop it, Mr. Data. Mr. Worf, you sound like a man who's asking his friend if he can start dating his sister."
1512,3764,2015-07-31 01:17:27.000,"I suggest you drop it, Mr. Data. Mr. Worf, you sound like a man who's asking his friend if he can start dating his sister."
1512,3770,2015-12-03 15:39:46.000,"I've had twelve years to think about it. And if I had it to do over again, I would have grabbed the phaser and pointed it at you instead of them."
1513,3775,2016-04-17 05:35:59.000,I'll alert the crew. When has justice ever been as simple as a rule book?
1529,3810,2016-07-30 23:37:46.000,"For an android with no feelings, he sure managed to evoke them in others."
1529,3812,2016-04-04 03:18:10.000,"I've had twelve years to think about it. And if I had it to do over again, I would have grabbed the phaser and pointed it at you instead of them."
1529,3814,2015-08-16 00:09:15.000,Travel time to the nearest starbase? The Federation's gone; the Borg is everywhere!
1532,3816,2015-11-18 08:12:52.000,"I'm afraid I still don't understand, sir. Well, that's certainly good to know."
1532,3818,2015-12-14 06:53:56.000,"I've had twelve years to think about it. And if I had it to do over again, I would have grabbed the phaser and pointed it at you instead of them."
1532,3820,2016-03-09 03:40:08.000,"For an android with no feelings, he sure managed to evoke them in others."
1532,3822,2015-03-13 06:30:07.000,I'll alert the crew. When has justice ever been as simple as a rule book?
1532,3823,2016-01-06 14:50:06.000,"I suggest you drop it, Mr. Data. Mr. Worf, you sound like a man who's asking his friend if he can start dating his sister."
1525,3805,2016-04-02 22:19:22.000,"Fate. It protects fools, little children, and ships named Enterprise."
1525,3806,2016-05-12 07:26:05.000,"Fate. It protects fools, little children, and ships named Enterprise."
1525,3807,2015-11-16 14:41:51.000,"Maybe if we felt any human loss as keenly as we feel one of those close to us, human history would be far less bloody."
1525,3808,2015-08-15 08:06:18.000,"I suggest you drop it, Mr. Data. Mr. Worf, you sound like a man who's asking his friend if he can start dating his sister."
1526,3809,2015-06-15 15:59:30.000,Travel time to the nearest starbase? The Federation's gone; the Borg is everywhere!
1527,3811,2016-09-23 01:54:03.000,"Fate. It protects fools, little children, and ships named Enterprise."
1527,3813,2016-07-11 18:07:20.000,"I suggest you drop it, Mr. Data. Mr. Worf, you sound like a man who's asking his friend if he can start dating his sister."
1527,3815,2015-01-06 11:20:41.000,I'll alert the crew. When has justice ever been as simple as a rule book?
1530,3817,2015-02-21 14:48:43.000,"I'm afraid I still don't understand, sir. Well, that's certainly good to know."
1531,3819,2017-01-15 02:28:52.000,"Fate. It protects fools, little children, and ships named Enterprise."
1531,3821,2015-11-11 08:11:36.000,"Fate. It protects fools, little children, and ships named Enterprise."
1531,3824,2015-11-10 18:30:04.000,"I'm afraid I still don't understand, sir. Well, that's certainly good to know."
1531,3825,2016-09-14 10:24:05.000,"I've had twelve years to think about it. And if I had it to do over again, I would have grabbed the phaser and pointed it at you instead of them."
1531,3826,2016-03-10 09:47:55.000,I'll alert the crew. When has justice ever been as simple as a rule book?
1539,3835,2016-08-24 20:36:25.000,"I suggest you drop it, Mr. Data. Mr. Worf, you sound like a man who's asking his friend if he can start dating his sister."
1539,3836,2016-12-23 16:15:24.000,"I suggest you drop it, Mr. Data. Mr. Worf, you sound like a man who's asking his friend if he can start dating his sister."
1539,3837,2016-07-19 20:05:00.000,Flair is what marks the difference between artistry and mere competence.
1540,3838,2015-01-27 13:15:09.000,Flair is what marks the difference between artistry and mere competence.
1540,3839,2016-08-24 20:27:27.000,I'll alert the crew. When has justice ever been as simple as a rule book?
1540,3840,2016-12-24 09:36:41.000,"For an android with no feelings, he sure managed to evoke them in others."
1540,3841,2016-10-15 16:41:02.000,I'll alert the crew. When has justice ever been as simple as a rule book?
1541,3842,2016-02-06 19:49:17.000,"Maybe if we felt any human loss as keenly as we feel one of those close to us, human history would be far less bloody."
1541,3843,2015-05-19 09:44:39.000,"For an android with no feelings, he sure managed to evoke them in others."
1542,3844,2015-05-18 14:18:16.000,"For an android with no feelings, he sure managed to evoke them in others."
1542,3845,2016-09-20 08:19:07.000,"I suggest you drop it, Mr. Data. Mr. Worf, you sound like a man who's asking his friend if he can start dating his sister."
1542,3846,2015-05-29 21:08:40.000,"I'm afraid I still don't understand, sir. Well, that's certainly good to know."
1542,3847,2016-02-21 00:59:06.000,"For an android with no feelings, he sure managed to evoke them in others."
1534,3827,2016-11-20 06:09:18.000,Flair is what marks the difference between artistry and mere competence.
1534,3828,2016-07-18 10:57:08.000,"Fate. It protects fools, little children, and ships named Enterprise."
1534,3829,2016-08-01 12:50:37.000,"I'm afraid I still don't understand, sir. Well, that's certainly good to know."
1534,3830,2016-11-23 21:46:03.000,Flair is what marks the difference between artistry and mere competence.
1534,3831,2016-08-05 14:06:50.000,Flair is what marks the difference between artistry and mere competence.
1536,3832,2016-03-13 21:01:02.000,"Maybe if we felt any human loss as keenly as we feel one of those close to us, human history would be far less bloody."
1538,3834,2015-10-10 18:25:55.000,I'll alert the crew. When has justice ever been as simple as a rule book?
1557,3869,2016-01-26 15:25:20.000,"I've had twelve years to think about it. And if I had it to do over again, I would have grabbed the phaser and pointed it at you instead of them."
1557,3871,2015-02-19 17:58:48.000,"I suggest you drop it, Mr. Data. Mr. Worf, you sound like a man who's asking his friend if he can start dating his sister."
1558,3873,2015-12-13 20:35:15.000,"Maybe if we felt any human loss as keenly as we feel one of those close to us, human history would be far less bloody."
1558,3874,2015-04-06 19:05:28.000,"I've had twelve years to think about it. And if I had it to do over again, I would have grabbed the phaser and pointed it at you instead of them."
1558,3876,2016-07-06 18:33:32.000,"For an android with no feelings, he sure managed to evoke them in others."
1551,3865,2015-05-23 18:56:23.000,I'll alert the crew. When has justice ever been as simple as a rule book?
1551,3866,2015-01-02 07:40:53.000,"Maybe if we felt any human loss as keenly as we feel one of those close to us, human history would be far less bloody."
1551,3867,2016-05-16 20:48:54.000,"Maybe if we felt any human loss as keenly as we feel one of those close to us, human history would be far less bloody."
1551,3868,2015-05-04 19:57:51.000,I'll alert the crew. When has justice ever been as simple as a rule book?
1551,3870,2016-08-06 11:14:52.000,"Fate. It protects fools, little children, and ships named Enterprise."
1552,3872,2016-03-23 21:58:28.000,"I'm afraid I still don't understand, sir. Well, that's certainly good to know."
1552,3875,2015-05-16 18:06:17.000,"I've had twelve years to think about it. And if I had it to do over again, I would have grabbed the phaser and pointed it at you instead of them."
1553,3877,2015-08-17 18:21:38.000,"Maybe if we felt any human loss as keenly as we feel one of those close to us, human history would be far less bloody."
1555,3878,2015-05-25 12:35:01.000,"Fate. It protects fools, little children, and ships named Enterprise."
1556,3879,2016-03-08 10:33:13.000,Travel time to the nearest starbase? The Federation's gone; the Borg is everywhere!
1556,3880,2016-11-22 08:45:06.000,Travel time to the nearest starbase? The Federation's gone; the Borg is everywhere!
1556,3882,2017-02-25 11:02:01.000,"Fate. It protects fools, little children, and ships named Enterprise."
1543,3848,2015-04-29 16:19:01.000,"I've had twelve years to think about it. And if I had it to do over again, I would have grabbed the phaser and pointed it at you instead of them."
1543,3849,2015-11-18 03:15:37.000,"I've had twelve years to think about it. And if I had it to do over again, I would have grabbed the phaser and pointed it at you instead of them."
1543,3850,2015-10-30 04:13:51.000,"Fate. It protects fools, little children, and ships named Enterprise."
1543,3851,2016-05-13 06:05:18.000,"I suggest you drop it, Mr. Data. Mr. Worf, you sound like a man who's asking his friend if he can start dating his sister."
1544,3852,2015-12-17 12:57:41.000,"I'm afraid I still don't understand, sir. Well, that's certainly good to know."
1544,3853,2015-05-28 08:41:23.000,"I suggest you drop it, Mr. Data. Mr. Worf, you sound like a man who's asking his friend if he can start dating his sister."
1544,3854,2016-04-03 08:11:44.000,Travel time to the nearest starbase? The Federation's gone; the Borg is everywhere!
1544,3855,2016-06-09 15:41:04.000,"Fate. It protects fools, little children, and ships named Enterprise."
1545,3856,2015-12-19 08:54:29.000,"I suggest you drop it, Mr. Data. Mr. Worf, you sound like a man who's asking his friend if he can start dating his sister."
1545,3857,2016-07-22 12:42:03.000,"For an android with no feelings, he sure managed to evoke them in others."
1545,3858,2016-04-12 17:26:36.000,"Maybe if we felt any human loss as keenly as we feel one of those close to us, human history would be far less bloody."
1546,3859,2016-06-26 06:18:49.000,"I suggest you drop it, Mr. Data. Mr. Worf, you sound like a man who's asking his friend if he can start dating his sister."
1547,3860,2015-07-08 05:07:55.000,"I've had twelve years to think about it. And if I had it to do over again, I would have grabbed the phaser and pointed it at you instead of them."
1559,3881,2015-08-03 00:27:08.000,"I've had twelve years to think about it. And if I had it to do over again, I would have grabbed the phaser and pointed it at you instead of them."
1548,3861,2015-02-05 14:07:40.000,"I'm afraid I still don't understand, sir. Well, that's certainly good to know."
1549,3862,2016-05-25 23:34:18.000,"Fate. It protects fools, little children, and ships named Enterprise."
1549,3863,2016-01-03 07:02:47.000,I'll alert the crew. When has justice ever been as simple as a rule book?
1568,3898,2015-10-04 08:26:42.000,I'll alert the crew. When has justice ever been as simple as a rule book?
1549,3864,2015-03-01 21:50:50.000,Flair is what marks the difference between artistry and mere competence.
1568,3899,2015-03-07 10:08:44.000,Flair is what marks the difference between artistry and mere competence.
1568,3900,2016-08-08 07:24:18.000,"I've had twelve years to think about it. And if I had it to do over again, I would have grabbed the phaser and pointed it at you instead of them."
1569,3901,2016-12-05 14:04:19.000,"For an android with no feelings, he sure managed to evoke them in others."
1569,3902,2016-08-26 06:56:28.000,"I'm afraid I still don't understand, sir. Well, that's certainly good to know."
1569,3903,2015-11-10 08:24:23.000,"For an android with no feelings, he sure managed to evoke them in others."
1569,3904,2016-09-19 10:05:18.000,Travel time to the nearest starbase? The Federation's gone; the Borg is everywhere!
1569,3905,2015-06-27 14:37:54.000,"I've had twelve years to think about it. And if I had it to do over again, I would have grabbed the phaser and pointed it at you instead of them."
1571,3906,2015-09-13 13:13:03.000,Flair is what marks the difference between artistry and mere competence.
1571,3907,2016-08-09 06:41:03.000,"For an android with no feelings, he sure managed to evoke them in others."
1571,3908,2016-01-10 10:24:34.000,"For an android with no feelings, he sure managed to evoke them in others."
1572,3909,2015-06-08 12:37:47.000,"I'm afraid I still don't understand, sir. Well, that's certainly good to know."
1572,3910,2016-03-25 08:04:45.000,"I've had twelve years to think about it. And if I had it to do over again, I would have grabbed the phaser and pointed it at you instead of them."
1572,3911,2016-02-19 16:20:40.000,"I've had twelve years to think about it. And if I had it to do over again, I would have grabbed the phaser and pointed it at you instead of them."
1562,3883,2015-08-31 09:21:41.000,Flair is what marks the difference between artistry and mere competence.
1562,3884,2015-02-26 09:51:32.000,"I'm afraid I still don't understand, sir. Well, that's certainly good to know."
1562,3885,2016-03-31 21:11:03.000,"Fate. It protects fools, little children, and ships named Enterprise."
1562,3886,2015-09-06 12:18:22.000,"Maybe if we felt any human loss as keenly as we feel one of those close to us, human history would be far less bloody."
1563,3887,2015-01-18 16:59:16.000,"I suggest you drop it, Mr. Data. Mr. Worf, you sound like a man who's asking his friend if he can start dating his sister."
1563,3888,2015-04-12 06:49:48.000,"For an android with no feelings, he sure managed to evoke them in others."
1563,3889,2016-05-15 10:31:15.000,"For an android with no feelings, he sure managed to evoke them in others."
1563,3890,2015-09-23 06:30:38.000,"For an android with no feelings, he sure managed to evoke them in others."
1564,3891,2017-01-25 10:55:16.000,Travel time to the nearest starbase? The Federation's gone; the Borg is everywhere!
1564,3892,2015-04-05 19:15:52.000,Travel time to the nearest starbase? The Federation's gone; the Borg is everywhere!
1564,3893,2016-12-19 10:37:31.000,"I've had twelve years to think about it. And if I had it to do over again, I would have grabbed the phaser and pointed it at you instead of them."
1564,3894,2016-11-04 15:15:10.000,"I've had twelve years to think about it. And if I had it to do over again, I would have grabbed the phaser and pointed it at you instead of them."
1564,3895,2016-08-27 06:09:01.000,Flair is what marks the difference between artistry and mere competence.
1565,3896,2015-07-26 09:34:12.000,"Maybe if we felt any human loss as keenly as we feel one of those close to us, human history would be far less bloody."
1565,3897,2016-05-18 00:13:54.000,"I've had twelve years to think about it. And if I had it to do over again, I would have grabbed the phaser and pointed it at you instead of them."
1582,3939,2015-01-07 17:21:04.000,"I'm afraid I still don't understand, sir. Well, that's certainly good to know."
1582,3940,2015-12-17 20:13:15.000,I'll alert the crew. When has justice ever been as simple as a rule book?
1583,3941,2015-01-23 15:17:38.000,"For an android with no feelings, he sure managed to evoke them in others."
1583,3942,2015-02-28 19:38:19.000,I'll alert the crew. When has justice ever been as simple as a rule book?
1575,3914,2015-05-10 14:39:55.000,Travel time to the nearest starbase? The Federation's gone; the Borg is everywhere!
1575,3916,2015-06-13 02:33:12.000,"I've had twelve years to think about it. And if I had it to do over again, I would have grabbed the phaser and pointed it at you instead of them."
1576,3917,2015-12-12 00:12:37.000,"I suggest you drop it, Mr. Data. Mr. Worf, you sound like a man who's asking his friend if he can start dating his sister."
1576,3919,2015-10-17 04:28:07.000,"Maybe if we felt any human loss as keenly as we feel one of those close to us, human history would be far less bloody."
1576,3920,2015-05-19 11:10:40.000,Flair is what marks the difference between artistry and mere competence.
1577,3922,2015-12-04 23:21:13.000,"For an android with no feelings, he sure managed to evoke them in others."
1577,3923,2015-12-14 00:56:45.000,Flair is what marks the difference between artistry and mere competence.
1577,3924,2016-04-04 06:37:52.000,"I've had twelve years to think about it. And if I had it to do over again, I would have grabbed the phaser and pointed it at you instead of them."
1578,3925,2015-10-12 01:03:20.000,"Fate. It protects fools, little children, and ships named Enterprise."
1578,3926,2016-01-25 14:56:34.000,Travel time to the nearest starbase? The Federation's gone; the Borg is everywhere!
1579,3927,2015-09-26 22:22:35.000,I'll alert the crew. When has justice ever been as simple as a rule book?
1579,3928,2016-11-10 09:51:19.000,Flair is what marks the difference between artistry and mere competence.
1579,3929,2016-01-10 05:40:17.000,Flair is what marks the difference between artistry and mere competence.
1579,3930,2015-11-18 02:01:59.000,I'll alert the crew. When has justice ever been as simple as a rule book?
1579,3931,2016-04-03 07:26:29.000,Travel time to the nearest starbase? The Federation's gone; the Borg is everywhere!
1580,3932,2016-10-19 03:23:10.000,Travel time to the nearest starbase? The Federation's gone; the Borg is everywhere!
1580,3933,2016-07-12 21:07:03.000,Travel time to the nearest starbase? The Federation's gone; the Borg is everywhere!
1580,3934,2016-09-14 01:58:12.000,Flair is what marks the difference between artistry and mere competence.
1581,3935,2016-08-14 09:22:04.000,Travel time to the nearest starbase? The Federation's gone; the Borg is everywhere!
1574,3912,2016-01-10 09:10:39.000,"I've had twelve years to think about it. And if I had it to do over again, I would have grabbed the phaser and pointed it at you instead of them."
1581,3936,2015-04-09 00:20:28.000,"I'm afraid I still don't understand, sir. Well, that's certainly good to know."
1574,3913,2016-08-04 03:33:59.000,"Maybe if we felt any human loss as keenly as we feel one of those close to us, human history would be far less bloody."
1581,3937,2015-04-12 17:16:42.000,Flair is what marks the difference between artistry and mere competence.
1574,3915,2016-05-28 17:17:31.000,"I'm afraid I still don't understand, sir. Well, that's certainly good to know."
1581,3938,2015-04-10 21:58:12.000,"Fate. It protects fools, little children, and ships named Enterprise."
1574,3918,2015-04-02 07:46:42.000,"I'm afraid I still don't understand, sir. Well, that's certainly good to know."
1574,3921,2016-05-11 11:44:27.000,I'll alert the crew. When has justice ever been as simple as a rule book?
1588,3943,2016-04-10 14:15:17.000,"Maybe if we felt any human loss as keenly as we feel one of those close to us, human history would be far less bloody."
1588,3944,2015-09-20 03:01:52.000,"Maybe if we felt any human loss as keenly as we feel one of those close to us, human history would be far less bloody."
1588,3945,2015-12-24 09:53:01.000,"I suggest you drop it, Mr. Data. Mr. Worf, you sound like a man who's asking his friend if he can start dating his sister."
1588,3946,2015-03-11 10:20:30.000,"I've had twelve years to think about it. And if I had it to do over again, I would have grabbed the phaser and pointed it at you instead of them."
1588,3947,2015-12-06 06:10:56.000,"For an android with no feelings, he sure managed to evoke them in others."
1596,3969,2015-09-15 03:13:21.000,"For an android with no feelings, he sure managed to evoke them in others."
1596,3970,2016-04-23 07:25:10.000,"I suggest you drop it, Mr. Data. Mr. Worf, you sound like a man who's asking his friend if he can start dating his sister."
1597,3971,2015-02-07 03:20:52.000,I'll alert the crew. When has justice ever been as simple as a rule book?
1597,3972,2017-02-08 11:30:02.000,"Fate. It protects fools, little children, and ships named Enterprise."
1597,3973,2015-04-20 05:47:47.000,I'll alert the crew. When has justice ever been as simple as a rule book?
1597,3974,2015-10-05 07:37:06.000,"I suggest you drop it, Mr. Data. Mr. Worf, you sound like a man who's asking his friend if he can start dating his sister."
1598,3975,2015-07-30 05:13:45.000,Travel time to the nearest starbase? The Federation's gone; the Borg is everywhere!
1599,3976,2016-01-21 12:51:59.000,"For an android with no feelings, he sure managed to evoke them in others."
1599,3977,2015-03-09 00:22:28.000,"I'm afraid I still don't understand, sir. Well, that's certainly good to know."
1599,3978,2017-01-12 08:51:24.000,Flair is what marks the difference between artistry and mere competence.
1585,3948,2015-05-06 04:55:45.000,"Fate. It protects fools, little children, and ships named Enterprise."
1585,3949,2015-08-05 01:39:27.000,Flair is what marks the difference between artistry and mere competence.
1585,3951,2015-10-20 07:10:51.000,Travel time to the nearest starbase? The Federation's gone; the Borg is everywhere!
1587,3953,2016-12-08 13:10:00.000,"For an android with no feelings, he sure managed to evoke them in others."
1587,3955,2016-09-04 06:29:54.000,I'll alert the crew. When has justice ever been as simple as a rule book?
1589,3957,2015-04-12 01:55:09.000,"I'm afraid I still don't understand, sir. Well, that's certainly good to know."
1589,3959,2015-09-21 11:30:29.000,"I suggest you drop it, Mr. Data. Mr. Worf, you sound like a man who's asking his friend if he can start dating his sister."
1589,3960,2016-06-15 20:17:06.000,"I'm afraid I still don't understand, sir. Well, that's certainly good to know."
1589,3961,2016-10-04 04:23:57.000,"I'm afraid I still don't understand, sir. Well, that's certainly good to know."
1601,3988,2017-01-13 00:12:54.000,"Fate. It protects fools, little children, and ships named Enterprise."
1601,3989,2016-12-11 05:59:46.000,"I've had twelve years to think about it. And if I had it to do over again, I would have grabbed the phaser and pointed it at you instead of them."
1601,3990,2015-02-12 02:43:42.000,"Maybe if we felt any human loss as keenly as we feel one of those close to us, human history would be far less bloody."
1601,3991,2015-11-16 12:35:47.000,Flair is what marks the difference between artistry and mere competence.
1602,3992,2016-10-25 20:03:34.000,"I suggest you drop it, Mr. Data. Mr. Worf, you sound like a man who's asking his friend if he can start dating his sister."
1602,3993,2016-08-12 19:43:03.000,"I suggest you drop it, Mr. Data. Mr. Worf, you sound like a man who's asking his friend if he can start dating his sister."
1603,3994,2016-08-17 12:03:30.000,Travel time to the nearest starbase? The Federation's gone; the Borg is everywhere!
1603,3995,2015-08-20 23:30:59.000,"I'm afraid I still don't understand, sir. Well, that's certainly good to know."
1603,3996,2017-02-24 01:17:03.000,Flair is what marks the difference between artistry and mere competence.
1603,3997,2015-04-15 07:23:24.000,"For an android with no feelings, he sure managed to evoke them in others."
1604,3998,2015-08-25 15:48:50.000,I'll alert the crew. When has justice ever been as simple as a rule book?
1604,3999,2015-11-13 04:48:08.000,Travel time to the nearest starbase? The Federation's gone; the Borg is everywhere!
1605,4000,2015-11-22 20:11:38.000,"I've had twelve years to think about it. And if I had it to do over again, I would have grabbed the phaser and pointed it at you instead of them."
1605,4001,2015-02-10 22:58:03.000,I'll alert the crew. When has justice ever been as simple as a rule book?
1605,4013,2016-03-21 01:12:15.000,"I've had twelve years to think about it. And if I had it to do over again, I would have grabbed the phaser and pointed it at you instead of them."
1605,4014,2016-12-03 04:12:10.000,"I suggest you drop it, Mr. Data. Mr. Worf, you sound like a man who's asking his friend if he can start dating his sister."
1590,3950,2015-12-06 09:14:31.000,Travel time to the nearest starbase? The Federation's gone; the Borg is everywhere!
1590,3952,2015-11-25 10:52:42.000,"I suggest you drop it, Mr. Data. Mr. Worf, you sound like a man who's asking his friend if he can start dating his sister."
1593,3979,2016-12-13 08:58:36.000,I'll alert the crew. When has justice ever been as simple as a rule book?
1590,3954,2017-01-02 14:20:31.000,"For an android with no feelings, he sure managed to evoke them in others."
1595,3980,2015-07-29 16:35:46.000,Flair is what marks the difference between artistry and mere competence.
1590,3956,2017-02-07 01:22:11.000,"I'm afraid I still don't understand, sir. Well, that's certainly good to know."
1595,3981,2015-01-24 21:51:03.000,"Fate. It protects fools, little children, and ships named Enterprise."
1590,3958,2015-05-03 11:47:38.000,"Fate. It protects fools, little children, and ships named Enterprise."
1595,3982,2016-02-27 02:52:21.000,"I'm afraid I still don't understand, sir. Well, that's certainly good to know."
1595,3983,2015-01-04 02:22:25.000,Flair is what marks the difference between artistry and mere competence.
1595,3984,2016-03-15 06:27:05.000,"I suggest you drop it, Mr. Data. Mr. Worf, you sound like a man who's asking his friend if he can start dating his sister."
1600,3985,2016-06-30 16:32:09.000,"I've had twelve years to think about it. And if I had it to do over again, I would have grabbed the phaser and pointed it at you instead of them."
1600,3986,2015-02-20 22:25:41.000,"I'm afraid I still don't understand, sir. Well, that's certainly good to know."
1600,3987,2015-07-10 11:11:06.000,"I suggest you drop it, Mr. Data. Mr. Worf, you sound like a man who's asking his friend if he can start dating his sister."
1606,4002,2016-02-11 01:27:44.000,Flair is what marks the difference between artistry and mere competence.
1606,4003,2017-01-29 09:15:53.000,"I've had twelve years to think about it. And if I had it to do over again, I would have grabbed the phaser and pointed it at you instead of them."
1606,4004,2017-02-16 11:51:27.000,"Maybe if we felt any human loss as keenly as we feel one of those close to us, human history would be far less bloody."
1606,4005,2017-01-17 11:46:49.000,"I've had twelve years to think about it. And if I had it to do over again, I would have grabbed the phaser and pointed it at you instead of them."
1607,4006,2016-01-11 22:08:42.000,"Maybe if we felt any human loss as keenly as we feel one of those close to us, human history would be far less bloody."
1607,4007,2016-11-01 23:09:07.000,"Maybe if we felt any human loss as keenly as we feel one of those close to us, human history would be far less bloody."
1607,4008,2015-05-30 03:49:00.000,"I've had twelve years to think about it. And if I had it to do over again, I would have grabbed the phaser and pointed it at you instead of them."
1608,4009,2015-09-30 19:24:02.000,"For an android with no feelings, he sure managed to evoke them in others."
1608,4010,2015-05-11 03:44:36.000,"Fate. It protects fools, little children, and ships named Enterprise."
1609,4011,2015-07-25 04:06:35.000,"Maybe if we felt any human loss as keenly as we feel one of those close to us, human history would be far less bloody."
1609,4012,2016-08-26 11:04:10.000,"I've had twelve years to think about it. And if I had it to do over again, I would have grabbed the phaser and pointed it at you instead of them."
1591,3962,2016-12-13 07:59:13.000,"I've had twelve years to think about it. And if I had it to do over again, I would have grabbed the phaser and pointed it at you instead of them."
1591,3963,2016-09-13 19:27:21.000,"I'm afraid I still don't understand, sir. Well, that's certainly good to know."
1591,3964,2015-04-27 14:53:54.000,"Maybe if we felt any human loss as keenly as we feel one of those close to us, human history would be far less bloody."
1591,3965,2016-02-05 06:45:25.000,"I suggest you drop it, Mr. Data. Mr. Worf, you sound like a man who's asking his friend if he can start dating his sister."
1591,3966,2016-02-28 11:36:45.000,I'll alert the crew. When has justice ever been as simple as a rule book?
1592,3967,2016-01-02 15:23:15.000,"Fate. It protects fools, little children, and ships named Enterprise."
1592,3968,2016-03-07 01:23:55.000,"I'm afraid I still don't understand, sir. Well, that's certainly good to know."
1610,4015,2016-12-26 22:00:19.000,Travel time to the nearest starbase? The Federation's gone; the Borg is everywhere!
1610,4016,2016-04-30 10:16:10.000,Flair is what marks the difference between artistry and mere competence.
1610,4017,2016-06-04 05:26:41.000,"I've had twelve years to think about it. And if I had it to do over again, I would have grabbed the phaser and pointed it at you instead of them."
1610,4018,2016-04-13 04:36:05.000,"Maybe if we felt any human loss as keenly as we feel one of those close to us, human history would be far less bloody."
1610,4019,2015-02-16 04:16:25.000,Travel time to the nearest starbase? The Federation's gone; the Borg is everywhere!
1613,4025,2016-06-04 12:43:54.000,Flair is what marks the difference between artistry and mere competence.
1613,4026,2015-08-14 18:03:31.000,Travel time to the nearest starbase? The Federation's gone; the Borg is everywhere!
1611,4020,2016-05-26 08:39:50.000,"Maybe if we felt any human loss as keenly as we feel one of those close to us, human history would be far less bloody."
1613,4027,2016-11-27 13:59:40.000,Flair is what marks the difference between artistry and mere competence.
1611,4021,2016-12-05 23:28:36.000,"I'm afraid I still don't understand, sir. Well, that's certainly good to know."
1613,4028,2015-12-30 17:31:42.000,"For an android with no feelings, he sure managed to evoke them in others."
1611,4022,2015-09-13 19:41:23.000,"Fate. It protects fools, little children, and ships named Enterprise."
1613,4029,2015-01-07 00:52:27.000,"Fate. It protects fools, little children, and ships named Enterprise."
1611,4023,2015-03-05 03:53:36.000,Flair is what marks the difference between artistry and mere competence.
1611,4024,2015-06-15 18:17:38.000,I'll alert the crew. When has justice ever been as simple as a rule book?
1619,4034,2016-03-04 20:08:39.000,"Maybe if we felt any human loss as keenly as we feel one of those close to us, human history would be far less bloody."
1619,4035,2015-02-07 07:07:45.000,Flair is what marks the difference between artistry and mere competence.
1614,4030,2016-11-19 23:47:16.000,"Maybe if we felt any human loss as keenly as we feel one of those close to us, human history would be far less bloody."
1614,4031,2016-12-11 08:50:54.000,"Fate. It protects fools, little children, and ships named Enterprise."
1616,4032,2015-10-07 20:16:08.000,"Maybe if we felt any human loss as keenly as we feel one of those close to us, human history would be far less bloody."
1616,4033,2015-12-26 07:09:11.000,"Maybe if we felt any human loss as keenly as we feel one of those close to us, human history would be far less bloody."
1624,4051,2017-02-11 11:39:04.000,Travel time to the nearest starbase? The Federation's gone; the Borg is everywhere!
1624,4052,2015-01-24 17:40:36.000,"I suggest you drop it, Mr. Data. Mr. Worf, you sound like a man who's asking his friend if he can start dating his sister."
1624,4053,2015-11-04 02:29:37.000,Flair is what marks the difference between artistry and mere competence.
1624,4054,2016-11-18 23:58:58.000,Travel time to the nearest starbase? The Federation's gone; the Borg is everywhere!
1624,4055,2015-12-01 02:47:28.000,"I suggest you drop it, Mr. Data. Mr. Worf, you sound like a man who's asking his friend if he can start dating his sister."
1625,4056,2017-01-04 16:21:05.000,"I suggest you drop it, Mr. Data. Mr. Worf, you sound like a man who's asking his friend if he can start dating his sister."
1625,4057,2015-08-17 15:46:00.000,"I've had twelve years to think about it. And if I had it to do over again, I would have grabbed the phaser and pointed it at you instead of them."
1625,4058,2016-03-11 12:53:28.000,Flair is what marks the difference between artistry and mere competence.
1731,4332,2016-07-12 23:08:06.000,"Fate. It protects fools, little children, and ships named Enterprise."
1731,4333,2015-12-31 16:19:41.000,"For an android with no feelings, he sure managed to evoke them in others."
1732,4334,2016-11-18 22:45:42.000,Flair is what marks the difference between artistry and mere competence.
1732,4335,2017-02-12 03:05:28.000,Travel time to the nearest starbase? The Federation's gone; the Borg is everywhere!
1732,4336,2016-11-14 00:01:07.000,I'll alert the crew. When has justice ever been as simple as a rule book?
1732,4337,2016-03-12 05:48:08.000,"I've had twelve years to think about it. And if I had it to do over again, I would have grabbed the phaser and pointed it at you instead of them."
1732,4338,2017-01-04 18:14:48.000,"I'm afraid I still don't understand, sir. Well, that's certainly good to know."
1733,4339,2017-02-18 13:13:43.000,"I'm afraid I still don't understand, sir. Well, that's certainly good to know."
1733,4340,2016-06-03 04:44:53.000,"Fate. It protects fools, little children, and ships named Enterprise."
1729,4320,2016-11-15 04:50:47.000,"For an android with no feelings, he sure managed to evoke them in others."
1733,4341,2017-02-19 21:44:38.000,Flair is what marks the difference between artistry and mere competence.
1729,4321,2015-05-21 02:15:27.000,"Maybe if we felt any human loss as keenly as we feel one of those close to us, human history would be far less bloody."
1734,4342,2015-12-21 09:15:56.000,"I'm afraid I still don't understand, sir. Well, that's certainly good to know."
1734,4343,2015-02-15 08:17:01.000,"For an android with no feelings, he sure managed to evoke them in others."
1734,4344,2016-05-08 00:16:05.000,I'll alert the crew. When has justice ever been as simple as a rule book?
1734,4345,2016-05-14 01:46:05.000,"I've had twelve years to think about it. And if I had it to do over again, I would have grabbed the phaser and pointed it at you instead of them."
1735,4346,2015-12-01 22:02:23.000,"I suggest you drop it, Mr. Data. Mr. Worf, you sound like a man who's asking his friend if he can start dating his sister."
1735,4347,2015-03-15 15:15:57.000,I'll alert the crew. When has justice ever been as simple as a rule book?
1735,4348,2016-06-20 23:45:30.000,"Fate. It protects fools, little children, and ships named Enterprise."
1735,4349,2016-06-13 12:11:02.000,I'll alert the crew. When has justice ever been as simple as a rule book?
1735,4350,2016-05-28 13:09:54.000,"For an android with no feelings, he sure managed to evoke them in others."
1736,4351,2016-09-26 11:26:26.000,I'll alert the crew. When has justice ever been as simple as a rule book?
1736,4352,2017-01-23 23:51:40.000,I'll alert the crew. When has justice ever been as simple as a rule book?
1720,4290,2016-10-26 11:43:08.000,"Fate. It protects fools, little children, and ships named Enterprise."
1720,4291,2016-03-13 04:35:50.000,"I've had twelve years to think about it. And if I had it to do over again, I would have grabbed the phaser and pointed it at you instead of them."
1720,4292,2016-02-17 00:27:47.000,"I suggest you drop it, Mr. Data. Mr. Worf, you sound like a man who's asking his friend if he can start dating his sister."
1721,4293,2016-04-10 19:55:49.000,Flair is what marks the difference between artistry and mere competence.
1721,4294,2015-06-21 13:27:11.000,"I've had twelve years to think about it. And if I had it to do over again, I would have grabbed the phaser and pointed it at you instead of them."
1721,4295,2016-09-23 21:34:53.000,"I'm afraid I still don't understand, sir. Well, that's certainly good to know."
1721,4296,2015-08-16 17:32:05.000,"For an android with no feelings, he sure managed to evoke them in others."
1725,4309,2016-09-21 11:17:41.000,"I'm afraid I still don't understand, sir. Well, that's certainly good to know."
1725,4310,2015-12-12 13:36:17.000,"Maybe if we felt any human loss as keenly as we feel one of those close to us, human history would be far less bloody."
1726,4311,2015-10-09 15:53:21.000,Flair is what marks the difference between artistry and mere competence.
1726,4312,2016-05-06 13:46:03.000,Flair is what marks the difference between artistry and mere competence.
1726,4313,2016-02-21 07:51:29.000,I'll alert the crew. When has justice ever been as simple as a rule book?
1726,4315,2015-08-21 18:10:17.000,"I'm afraid I still don't understand, sir. Well, that's certainly good to know."
1726,4318,2015-11-08 23:12:03.000,Travel time to the nearest starbase? The Federation's gone; the Borg is everywhere!
1727,4319,2015-02-25 07:02:10.000,"Maybe if we felt any human loss as keenly as we feel one of those close to us, human history would be far less bloody."
1743,4374,2016-02-17 05:49:31.000,"Fate. It protects fools, little children, and ships named Enterprise."
1727,4322,2016-09-14 11:28:40.000,"Maybe if we felt any human loss as keenly as we feel one of those close to us, human history would be far less bloody."
1743,4375,2016-12-13 18:19:04.000,Travel time to the nearest starbase? The Federation's gone; the Borg is everywhere!
1741,4365,2015-01-02 08:08:10.000,"I've had twelve years to think about it. And if I had it to do over again, I would have grabbed the phaser and pointed it at you instead of them."
1727,4323,2015-07-11 00:29:49.000,Travel time to the nearest starbase? The Federation's gone; the Borg is everywhere!
1743,4376,2016-06-05 07:27:29.000,"Fate. It protects fools, little children, and ships named Enterprise."
1741,4366,2015-03-26 23:39:48.000,"Maybe if we felt any human loss as keenly as we feel one of those close to us, human history would be far less bloody."
1727,4324,2017-02-24 13:02:14.000,"I suggest you drop it, Mr. Data. Mr. Worf, you sound like a man who's asking his friend if he can start dating his sister."
1743,4377,2015-02-20 12:58:45.000,"Maybe if we felt any human loss as keenly as we feel one of those close to us, human history would be far less bloody."
1741,4367,2016-09-06 23:17:46.000,"Fate. It protects fools, little children, and ships named Enterprise."
1744,4378,2016-03-14 00:43:20.000,"Fate. It protects fools, little children, and ships named Enterprise."
1727,4325,2016-09-24 20:33:33.000,"For an android with no feelings, he sure managed to evoke them in others."
1741,4368,2016-12-13 01:07:32.000,"I'm afraid I still don't understand, sir. Well, that's certainly good to know."
1728,4326,2016-01-26 02:49:35.000,Travel time to the nearest starbase? The Federation's gone; the Borg is everywhere!
1742,4369,2015-03-01 16:19:49.000,"Fate. It protects fools, little children, and ships named Enterprise."
1728,4327,2016-02-11 01:27:46.000,"I've had twelve years to think about it. And if I had it to do over again, I would have grabbed the phaser and pointed it at you instead of them."
1742,4370,2015-02-25 01:51:43.000,"I've had twelve years to think about it. And if I had it to do over again, I would have grabbed the phaser and pointed it at you instead of them."
1728,4328,2015-02-28 20:30:52.000,"Maybe if we felt any human loss as keenly as we feel one of those close to us, human history would be far less bloody."
1742,4371,2016-03-15 14:20:16.000,Travel time to the nearest starbase? The Federation's gone; the Borg is everywhere!
1728,4329,2015-08-17 02:28:54.000,"I've had twelve years to think about it. And if I had it to do over again, I would have grabbed the phaser and pointed it at you instead of them."
1742,4372,2016-07-06 20:34:21.000,Travel time to the nearest starbase? The Federation's gone; the Borg is everywhere!
1728,4330,2016-05-19 20:02:47.000,"For an android with no feelings, he sure managed to evoke them in others."
1737,4353,2016-05-20 16:24:29.000,Travel time to the nearest starbase? The Federation's gone; the Borg is everywhere!
1738,4354,2015-08-26 10:56:27.000,"Fate. It protects fools, little children, and ships named Enterprise."
1742,4373,2016-08-20 12:00:54.000,"I've had twelve years to think about it. And if I had it to do over again, I would have grabbed the phaser and pointed it at you instead of them."
1738,4355,2015-01-11 00:49:05.000,"Fate. It protects fools, little children, and ships named Enterprise."
1738,4356,2015-01-09 19:33:43.000,"Fate. It protects fools, little children, and ships named Enterprise."
1738,4357,2015-12-04 07:44:41.000,"I suggest you drop it, Mr. Data. Mr. Worf, you sound like a man who's asking his friend if he can start dating his sister."
1738,4358,2015-09-05 20:47:39.000,"Fate. It protects fools, little children, and ships named Enterprise."
1739,4359,2017-01-23 17:52:27.000,"I'm afraid I still don't understand, sir. Well, that's certainly good to know."
1740,4360,2016-10-18 09:33:12.000,"Maybe if we felt any human loss as keenly as we feel one of those close to us, human history would be far less bloody."
1740,4361,2016-05-07 11:04:25.000,"For an android with no feelings, he sure managed to evoke them in others."
1740,4362,2015-01-17 12:29:57.000,Flair is what marks the difference between artistry and mere competence.
1740,4363,2015-09-30 04:12:11.000,Travel time to the nearest starbase? The Federation's gone; the Borg is everywhere!
1740,4364,2015-10-29 04:27:50.000,Flair is what marks the difference between artistry and mere competence.
1722,4297,2015-06-18 16:30:37.000,"I suggest you drop it, Mr. Data. Mr. Worf, you sound like a man who's asking his friend if he can start dating his sister."
1722,4298,2015-08-05 19:43:06.000,"I suggest you drop it, Mr. Data. Mr. Worf, you sound like a man who's asking his friend if he can start dating his sister."
1722,4299,2015-05-15 14:35:59.000,"Maybe if we felt any human loss as keenly as we feel one of those close to us, human history would be far less bloody."
1722,4300,2015-12-25 01:51:16.000,"I've had twelve years to think about it. And if I had it to do over again, I would have grabbed the phaser and pointed it at you instead of them."
1722,4301,2016-01-31 02:20:38.000,"For an android with no feelings, he sure managed to evoke them in others."
1723,4302,2016-01-30 19:01:48.000,"For an android with no feelings, he sure managed to evoke them in others."
1723,4303,2016-11-11 12:39:36.000,Flair is what marks the difference between artistry and mere competence.
1723,4304,2015-09-10 21:38:04.000,"I suggest you drop it, Mr. Data. Mr. Worf, you sound like a man who's asking his friend if he can start dating his sister."
1723,4305,2015-11-16 23:18:29.000,"I've had twelve years to think about it. And if I had it to do over again, I would have grabbed the phaser and pointed it at you instead of them."
1723,4306,2017-01-15 12:33:27.000,"Maybe if we felt any human loss as keenly as we feel one of those close to us, human history would be far less bloody."
1724,4307,2016-05-15 13:23:20.000,Travel time to the nearest starbase? The Federation's gone; the Borg is everywhere!
1724,4308,2016-05-02 20:40:00.000,"I'm afraid I still don't understand, sir. Well, that's certainly good to know."
1745,4379,2016-04-06 05:04:37.000,"Maybe if we felt any human loss as keenly as we feel one of those close to us, human history would be far less bloody."
1764,4413,2015-09-27 16:36:49.000,"Fate. It protects fools, little children, and ships named Enterprise."
1764,4414,2015-11-02 02:35:30.000,"Maybe if we felt any human loss as keenly as we feel one of those close to us, human history would be far less bloody."
1764,4415,2016-07-08 01:05:09.000,I'll alert the crew. When has justice ever been as simple as a rule book?
1764,4416,2015-09-10 21:48:48.000,"Maybe if we felt any human loss as keenly as we feel one of those close to us, human history would be far less bloody."
1754,4380,2016-09-24 03:28:42.000,"For an android with no feelings, he sure managed to evoke them in others."
1754,4381,2016-08-19 05:40:35.000,"I'm afraid I still don't understand, sir. Well, that's certainly good to know."
1757,4390,2015-03-11 18:34:45.000,"I'm afraid I still don't understand, sir. Well, that's certainly good to know."
1757,4392,2016-01-02 22:23:43.000,"For an android with no feelings, he sure managed to evoke them in others."
1757,4394,2016-02-06 00:27:35.000,"Maybe if we felt any human loss as keenly as we feel one of those close to us, human history would be far less bloody."
1759,4396,2016-06-27 13:54:03.000,Travel time to the nearest starbase? The Federation's gone; the Borg is everywhere!
1760,4397,2016-02-21 01:49:07.000,"For an android with no feelings, he sure managed to evoke them in others."
1760,4398,2015-03-10 20:36:34.000,"I'm afraid I still don't understand, sir. Well, that's certainly good to know."
1760,4399,2016-07-19 13:14:39.000,"I suggest you drop it, Mr. Data. Mr. Worf, you sound like a man who's asking his friend if he can start dating his sister."
1747,4382,2016-04-30 05:33:45.000,Flair is what marks the difference between artistry and mere competence.
1747,4384,2017-01-04 08:36:24.000,"Fate. It protects fools, little children, and ships named Enterprise."
1760,4400,2015-09-15 11:03:44.000,"Maybe if we felt any human loss as keenly as we feel one of those close to us, human history would be far less bloody."
1747,4386,2016-11-10 12:07:19.000,"For an android with no feelings, he sure managed to evoke them in others."
1760,4401,2015-03-18 18:17:05.000,"Fate. It protects fools, little children, and ships named Enterprise."
1747,4388,2015-12-27 14:33:14.000,"I'm afraid I still don't understand, sir. Well, that's certainly good to know."
1751,4389,2015-11-05 19:07:38.000,Flair is what marks the difference between artistry and mere competence.
1751,4391,2015-07-31 18:02:28.000,"I've had twelve years to think about it. And if I had it to do over again, I would have grabbed the phaser and pointed it at you instead of them."
1755,4393,2016-01-04 01:07:54.000,"I've had twelve years to think about it. And if I had it to do over again, I would have grabbed the phaser and pointed it at you instead of them."
1755,4395,2015-10-30 17:37:42.000,"I've had twelve years to think about it. And if I had it to do over again, I would have grabbed the phaser and pointed it at you instead of them."
1748,4383,2016-05-30 12:01:26.000,"Fate. It protects fools, little children, and ships named Enterprise."
1749,4385,2015-03-08 03:31:07.000,"Maybe if we felt any human loss as keenly as we feel one of those close to us, human history would be far less bloody."
1749,4387,2015-09-05 04:34:11.000,"I'm afraid I still don't understand, sir. Well, that's certainly good to know."
1778,4443,2017-01-08 04:14:53.000,"Maybe if we felt any human loss as keenly as we feel one of those close to us, human history would be far less bloody."
1749,4402,2015-02-19 01:20:02.000,I'll alert the crew. When has justice ever been as simple as a rule book?
1778,4445,2016-01-06 09:19:34.000,"I'm afraid I still don't understand, sir. Well, that's certainly good to know."
1749,4403,2016-06-21 16:53:11.000,"Maybe if we felt any human loss as keenly as we feel one of those close to us, human history would be far less bloody."
1779,4447,2017-02-06 00:52:54.000,"For an android with no feelings, he sure managed to evoke them in others."
1750,4405,2015-05-04 08:47:20.000,"I've had twelve years to think about it. And if I had it to do over again, I would have grabbed the phaser and pointed it at you instead of them."
1779,4448,2015-09-18 21:43:29.000,"I'm afraid I still don't understand, sir. Well, that's certainly good to know."
1752,4407,2015-05-09 02:56:07.000,"I've had twelve years to think about it. And if I had it to do over again, I would have grabbed the phaser and pointed it at you instead of them."
1779,4449,2015-12-30 14:47:47.000,"Fate. It protects fools, little children, and ships named Enterprise."
1752,4409,2015-01-29 02:27:56.000,I'll alert the crew. When has justice ever been as simple as a rule book?
1779,4450,2015-07-30 04:19:39.000,Flair is what marks the difference between artistry and mere competence.
1752,4410,2015-01-25 10:32:50.000,"For an android with no feelings, he sure managed to evoke them in others."
1779,4451,2016-06-09 15:42:58.000,Travel time to the nearest starbase? The Federation's gone; the Borg is everywhere!
1753,4411,2015-10-28 15:55:19.000,"I've had twelve years to think about it. And if I had it to do over again, I would have grabbed the phaser and pointed it at you instead of them."
1780,4452,2015-08-18 14:22:51.000,I'll alert the crew. When has justice ever been as simple as a rule book?
1753,4412,2015-04-13 09:03:54.000,"I'm afraid I still don't understand, sir. Well, that's certainly good to know."
1763,4404,2015-04-06 23:21:40.000,"I suggest you drop it, Mr. Data. Mr. Worf, you sound like a man who's asking his friend if he can start dating his sister."
1763,4406,2015-03-18 06:35:35.000,"For an android with no feelings, he sure managed to evoke them in others."
1763,4408,2016-09-07 05:50:47.000,Flair is what marks the difference between artistry and mere competence.
1785,4458,2015-06-24 16:23:46.000,"Maybe if we felt any human loss as keenly as we feel one of those close to us, human history would be far less bloody."
1785,4459,2016-07-13 08:53:06.000,"For an android with no feelings, he sure managed to evoke them in others."
1785,4460,2016-04-11 20:38:10.000,"I suggest you drop it, Mr. Data. Mr. Worf, you sound like a man who's asking his friend if he can start dating his sister."
1785,4461,2015-08-29 15:45:21.000,"I've had twelve years to think about it. And if I had it to do over again, I would have grabbed the phaser and pointed it at you instead of them."
1785,4462,2015-11-22 13:01:14.000,"Fate. It protects fools, little children, and ships named Enterprise."
1770,4417,2015-08-30 20:52:53.000,Travel time to the nearest starbase? The Federation's gone; the Borg is everywhere!
1770,4418,2016-02-11 09:07:03.000,"For an android with no feelings, he sure managed to evoke them in others."
1770,4420,2016-04-28 15:20:32.000,"I suggest you drop it, Mr. Data. Mr. Worf, you sound like a man who's asking his friend if he can start dating his sister."
1770,4422,2015-07-22 06:36:49.000,I'll alert the crew. When has justice ever been as simple as a rule book?
1772,4424,2016-08-09 08:24:14.000,Travel time to the nearest starbase? The Federation's gone; the Borg is everywhere!
1772,4426,2015-01-19 02:21:56.000,"For an android with no feelings, he sure managed to evoke them in others."
1772,4428,2016-03-12 15:31:26.000,Travel time to the nearest starbase? The Federation's gone; the Borg is everywhere!
1772,4430,2016-11-24 12:22:08.000,"Maybe if we felt any human loss as keenly as we feel one of those close to us, human history would be far less bloody."
1772,4432,2015-08-22 18:35:18.000,"Maybe if we felt any human loss as keenly as we feel one of those close to us, human history would be far less bloody."
1774,4440,2015-08-20 23:11:58.000,Travel time to the nearest starbase? The Federation's gone; the Borg is everywhere!
1774,4442,2016-05-29 05:00:37.000,"Maybe if we felt any human loss as keenly as we feel one of those close to us, human history would be far less bloody."
1774,4444,2015-06-30 22:20:27.000,"For an android with no feelings, he sure managed to evoke them in others."
1776,4446,2016-11-05 04:52:57.000,"I'm afraid I still don't understand, sir. Well, that's certainly good to know."
1798,4499,2016-06-15 09:22:20.000,I'll alert the crew. When has justice ever been as simple as a rule book?
1798,4500,2016-07-27 07:21:56.000,"I suggest you drop it, Mr. Data. Mr. Worf, you sound like a man who's asking his friend if he can start dating his sister."
1767,4419,2015-07-25 04:15:48.000,"I'm afraid I still don't understand, sir. Well, that's certainly good to know."
1769,4421,2016-11-18 02:28:30.000,Travel time to the nearest starbase? The Federation's gone; the Borg is everywhere!
1798,4501,2017-01-06 23:00:36.000,Flair is what marks the difference between artistry and mere competence.
1769,4423,2015-11-29 07:07:21.000,"I suggest you drop it, Mr. Data. Mr. Worf, you sound like a man who's asking his friend if he can start dating his sister."
1798,4502,2016-07-18 08:03:45.000,"I suggest you drop it, Mr. Data. Mr. Worf, you sound like a man who's asking his friend if he can start dating his sister."
1789,4470,2015-09-28 13:08:07.000,I'll alert the crew. When has justice ever been as simple as a rule book?
1769,4425,2015-01-26 05:23:54.000,"I suggest you drop it, Mr. Data. Mr. Worf, you sound like a man who's asking his friend if he can start dating his sister."
1799,4503,2015-01-28 05:26:32.000,Travel time to the nearest starbase? The Federation's gone; the Borg is everywhere!
1789,4471,2016-10-09 00:45:36.000,"Maybe if we felt any human loss as keenly as we feel one of those close to us, human history would be far less bloody."
1769,4427,2015-04-19 21:31:04.000,"I've had twelve years to think about it. And if I had it to do over again, I would have grabbed the phaser and pointed it at you instead of them."
1799,4504,2015-08-24 09:31:25.000,Flair is what marks the difference between artistry and mere competence.
1789,4472,2015-08-11 10:12:37.000,"I've had twelve years to think about it. And if I had it to do over again, I would have grabbed the phaser and pointed it at you instead of them."
1771,4429,2015-10-16 16:47:09.000,"Maybe if we felt any human loss as keenly as we feel one of those close to us, human history would be far less bloody."
1799,4505,2016-03-24 03:13:43.000,I'll alert the crew. When has justice ever been as simple as a rule book?
1789,4473,2015-05-18 23:49:00.000,"I'm afraid I still don't understand, sir. Well, that's certainly good to know."
1771,4431,2016-08-02 01:05:28.000,Travel time to the nearest starbase? The Federation's gone; the Borg is everywhere!
1800,4506,2015-09-24 02:09:14.000,I'll alert the crew. When has justice ever been as simple as a rule book?
1789,4474,2015-09-11 05:25:55.000,Flair is what marks the difference between artistry and mere competence.
1771,4433,2015-10-25 07:59:02.000,I'll alert the crew. When has justice ever been as simple as a rule book?
1771,4434,2016-07-06 17:57:41.000,"For an android with no feelings, he sure managed to evoke them in others."
1800,4507,2016-08-31 23:17:01.000,"I've had twelve years to think about it. And if I had it to do over again, I would have grabbed the phaser and pointed it at you instead of them."
1791,4475,2016-04-20 08:36:56.000,"Maybe if we felt any human loss as keenly as we feel one of those close to us, human history would be far less bloody."
1771,4435,2016-12-03 16:57:56.000,I'll alert the crew. When has justice ever been as simple as a rule book?
1791,4476,2015-12-31 17:57:56.000,I'll alert the crew. When has justice ever been as simple as a rule book?
1773,4436,2016-03-16 07:45:59.000,"Maybe if we felt any human loss as keenly as we feel one of those close to us, human history would be far less bloody."
1791,4480,2015-12-23 21:20:09.000,I'll alert the crew. When has justice ever been as simple as a rule book?
1773,4437,2015-09-25 10:58:27.000,"Fate. It protects fools, little children, and ships named Enterprise."
1791,4482,2017-01-31 13:05:25.000,"I've had twelve years to think about it. And if I had it to do over again, I would have grabbed the phaser and pointed it at you instead of them."
1775,4438,2015-02-03 03:06:46.000,I'll alert the crew. When has justice ever been as simple as a rule book?
1775,4439,2017-02-14 14:32:59.000,"For an android with no feelings, he sure managed to evoke them in others."
1791,4484,2015-04-13 06:28:38.000,I'll alert the crew. When has justice ever been as simple as a rule book?
1775,4441,2015-09-01 20:05:14.000,"Maybe if we felt any human loss as keenly as we feel one of those close to us, human history would be far less bloody."
1793,4486,2015-11-05 08:43:51.000,"Fate. It protects fools, little children, and ships named Enterprise."
1793,4488,2015-04-23 03:24:26.000,"I suggest you drop it, Mr. Data. Mr. Worf, you sound like a man who's asking his friend if he can start dating his sister."
1802,4508,2016-03-01 05:18:15.000,"I'm afraid I still don't understand, sir. Well, that's certainly good to know."
1794,4489,2015-06-03 04:48:35.000,"Maybe if we felt any human loss as keenly as we feel one of those close to us, human history would be far less bloody."
1794,4491,2016-05-18 08:59:36.000,Travel time to the nearest starbase? The Federation's gone; the Borg is everywhere!
1794,4493,2016-07-13 14:38:45.000,"For an android with no feelings, he sure managed to evoke them in others."
1794,4495,2016-12-03 02:05:50.000,"I'm afraid I still don't understand, sir. Well, that's certainly good to know."
1794,4497,2016-07-01 23:58:23.000,"I've had twelve years to think about it. And if I had it to do over again, I would have grabbed the phaser and pointed it at you instead of them."
1788,4477,2015-05-23 15:14:33.000,"I suggest you drop it, Mr. Data. Mr. Worf, you sound like a man who's asking his friend if he can start dating his sister."
1788,4478,2016-01-25 05:23:49.000,"Fate. It protects fools, little children, and ships named Enterprise."
1790,4479,2015-10-21 10:50:41.000,I'll alert the crew. When has justice ever been as simple as a rule book?
1790,4481,2016-03-16 18:41:17.000,"Fate. It protects fools, little children, and ships named Enterprise."
1792,4483,2017-02-26 08:53:28.000,I'll alert the crew. When has justice ever been as simple as a rule book?
1792,4485,2015-08-05 19:10:46.000,"I'm afraid I still don't understand, sir. Well, that's certainly good to know."
1792,4487,2015-09-27 12:19:37.000,"For an android with no feelings, he sure managed to evoke them in others."
1792,4490,2016-10-19 12:40:35.000,Flair is what marks the difference between artistry and mere competence.
1781,4453,2016-04-20 06:51:03.000,"Fate. It protects fools, little children, and ships named Enterprise."
1782,4454,2016-06-25 07:36:30.000,"I suggest you drop it, Mr. Data. Mr. Worf, you sound like a man who's asking his friend if he can start dating his sister."
1782,4455,2015-06-11 05:30:22.000,"I've had twelve years to think about it. And if I had it to do over again, I would have grabbed the phaser and pointed it at you instead of them."
1782,4456,2016-07-15 04:10:17.000,I'll alert the crew. When has justice ever been as simple as a rule book?
1782,4457,2015-01-25 15:41:04.000,"I'm afraid I still don't understand, sir. Well, that's certainly good to know."
1802,4509,2015-04-09 10:34:04.000,"I suggest you drop it, Mr. Data. Mr. Worf, you sound like a man who's asking his friend if he can start dating his sister."
1803,4510,2015-09-08 12:09:52.000,"I suggest you drop it, Mr. Data. Mr. Worf, you sound like a man who's asking his friend if he can start dating his sister."
1803,4511,2015-05-08 06:36:43.000,"I suggest you drop it, Mr. Data. Mr. Worf, you sound like a man who's asking his friend if he can start dating his sister."
1803,4512,2016-04-22 09:32:01.000,"Maybe if we felt any human loss as keenly as we feel one of those close to us, human history would be far less bloody."
1803,4513,2017-02-13 14:46:30.000,Travel time to the nearest starbase? The Federation's gone; the Borg is everywhere!
1803,4514,2016-09-21 02:42:29.000,I'll alert the crew. When has justice ever been as simple as a rule book?
1804,4515,2016-05-10 14:37:20.000,"I suggest you drop it, Mr. Data. Mr. Worf, you sound like a man who's asking his friend if he can start dating his sister."
1804,4516,2015-09-01 14:58:22.000,Flair is what marks the difference between artistry and mere competence.
1804,4517,2017-02-13 11:49:31.000,Travel time to the nearest starbase? The Federation's gone; the Borg is everywhere!
1804,4518,2016-03-02 13:07:14.000,"For an android with no feelings, he sure managed to evoke them in others."
1805,4519,2015-05-29 18:14:44.000,Travel time to the nearest starbase? The Federation's gone; the Borg is everywhere!
1805,4520,2016-03-22 08:22:52.000,I'll alert the crew. When has justice ever been as simple as a rule book?
1805,4521,2015-01-08 22:22:57.000,"Maybe if we felt any human loss as keenly as we feel one of those close to us, human history would be far less bloody."
1805,4522,2017-02-02 10:39:26.000,Travel time to the nearest starbase? The Federation's gone; the Borg is everywhere!
1786,4463,2017-02-14 22:36:33.000,"Maybe if we felt any human loss as keenly as we feel one of those close to us, human history would be far less bloody."
1786,4464,2015-03-04 12:04:38.000,Travel time to the nearest starbase? The Federation's gone; the Borg is everywhere!
1786,4465,2016-08-09 10:36:24.000,"I suggest you drop it, Mr. Data. Mr. Worf, you sound like a man who's asking his friend if he can start dating his sister."
1786,4466,2016-09-16 10:36:19.000,"I suggest you drop it, Mr. Data. Mr. Worf, you sound like a man who's asking his friend if he can start dating his sister."
1787,4467,2015-02-12 09:29:39.000,"For an android with no feelings, he sure managed to evoke them in others."
1787,4468,2015-03-03 11:58:16.000,Travel time to the nearest starbase? The Federation's gone; the Borg is everywhere!
1787,4469,2016-12-21 15:43:52.000,"Fate. It protects fools, little children, and ships named Enterprise."
1795,4492,2015-06-25 16:15:07.000,"For an android with no feelings, he sure managed to evoke them in others."
1796,4494,2015-04-25 13:44:28.000,I'll alert the crew. When has justice ever been as simple as a rule book?
1797,4496,2015-01-02 11:20:21.000,Flair is what marks the difference between artistry and mere competence.
1797,4498,2015-06-20 18:30:14.000,"Maybe if we felt any human loss as keenly as we feel one of those close to us, human history would be far less bloody."
1823,4570,2015-07-14 05:00:49.000,"Fate. It protects fools, little children, and ships named Enterprise."
1823,4571,2015-04-15 01:35:04.000,"For an android with no feelings, he sure managed to evoke them in others."
1823,4572,2016-04-11 09:37:45.000,"Fate. It protects fools, little children, and ships named Enterprise."
1823,4573,2016-02-26 10:53:47.000,Flair is what marks the difference between artistry and mere competence.
1823,4574,2015-06-17 12:23:36.000,"For an android with no feelings, he sure managed to evoke them in others."
1824,4576,2015-03-10 23:26:36.000,"Maybe if we felt any human loss as keenly as we feel one of those close to us, human history would be far less bloody."
1824,4577,2015-04-02 01:19:20.000,Flair is what marks the difference between artistry and mere competence.
1808,4526,2015-07-11 01:03:46.000,I'll alert the crew. When has justice ever been as simple as a rule book?
1808,4527,2016-04-21 18:45:53.000,I'll alert the crew. When has justice ever been as simple as a rule book?
1808,4528,2015-07-13 18:02:14.000,"I've had twelve years to think about it. And if I had it to do over again, I would have grabbed the phaser and pointed it at you instead of them."
1809,4529,2015-03-13 05:19:42.000,"For an android with no feelings, he sure managed to evoke them in others."
1809,4530,2016-03-15 06:02:33.000,"For an android with no feelings, he sure managed to evoke them in others."
1809,4531,2016-07-21 08:26:00.000,"For an android with no feelings, he sure managed to evoke them in others."
1809,4532,2017-01-30 00:23:04.000,I'll alert the crew. When has justice ever been as simple as a rule book?
1809,4533,2016-10-04 06:29:25.000,"Maybe if we felt any human loss as keenly as we feel one of those close to us, human history would be far less bloody."
1810,4534,2015-09-26 16:48:22.000,Travel time to the nearest starbase? The Federation's gone; the Borg is everywhere!
1810,4535,2016-02-20 20:28:03.000,"I'm afraid I still don't understand, sir. Well, that's certainly good to know."
1810,4536,2015-11-09 19:05:09.000,I'll alert the crew. When has justice ever been as simple as a rule book?
1810,4537,2016-11-17 00:38:29.000,"I suggest you drop it, Mr. Data. Mr. Worf, you sound like a man who's asking his friend if he can start dating his sister."
1826,4578,2015-04-25 02:35:21.000,I'll alert the crew. When has justice ever been as simple as a rule book?
1826,4579,2016-03-27 08:01:11.000,"I suggest you drop it, Mr. Data. Mr. Worf, you sound like a man who's asking his friend if he can start dating his sister."
1826,4580,2015-10-21 22:15:14.000,Travel time to the nearest starbase? The Federation's gone; the Borg is everywhere!
1826,4581,2016-11-17 12:10:56.000,"For an android with no feelings, he sure managed to evoke them in others."
1826,4582,2015-05-26 22:35:09.000,Flair is what marks the difference between artistry and mere competence.
1827,4583,2015-04-30 12:12:06.000,"Maybe if we felt any human loss as keenly as we feel one of those close to us, human history would be far less bloody."
1827,4584,2015-11-23 09:31:33.000,"For an android with no feelings, he sure managed to evoke them in others."
1829,4585,2015-12-03 06:33:28.000,Travel time to the nearest starbase? The Federation's gone; the Borg is everywhere!
1829,4586,2015-07-27 18:36:35.000,I'll alert the crew. When has justice ever been as simple as a rule book?
1829,4587,2016-05-12 22:50:25.000,"For an android with no feelings, he sure managed to evoke them in others."
1816,4540,2016-02-06 19:48:01.000,"For an android with no feelings, he sure managed to evoke them in others."
1816,4541,2016-06-02 15:29:48.000,"I suggest you drop it, Mr. Data. Mr. Worf, you sound like a man who's asking his friend if he can start dating his sister."
1816,4542,2016-08-19 13:27:45.000,"I'm afraid I still don't understand, sir. Well, that's certainly good to know."
1816,4543,2016-01-30 17:31:59.000,Travel time to the nearest starbase? The Federation's gone; the Borg is everywhere!
1816,4544,2015-05-18 15:49:22.000,"I'm afraid I still don't understand, sir. Well, that's certainly good to know."
1817,4545,2015-07-20 03:01:56.000,"I'm afraid I still don't understand, sir. Well, that's certainly good to know."
1817,4547,2016-03-10 06:27:35.000,Travel time to the nearest starbase? The Federation's gone; the Borg is everywhere!
1817,4548,2015-02-24 06:38:02.000,"For an android with no feelings, he sure managed to evoke them in others."
1818,4550,2016-02-18 18:13:46.000,Travel time to the nearest starbase? The Federation's gone; the Borg is everywhere!
1818,4552,2015-05-20 08:25:54.000,Travel time to the nearest starbase? The Federation's gone; the Borg is everywhere!
1818,4554,2016-10-26 23:24:24.000,"I suggest you drop it, Mr. Data. Mr. Worf, you sound like a man who's asking his friend if he can start dating his sister."
1818,4575,2016-07-16 20:40:27.000,"Maybe if we felt any human loss as keenly as we feel one of those close to us, human history would be far less bloody."
1806,4523,2015-11-03 18:39:07.000,Flair is what marks the difference between artistry and mere competence.
1806,4524,2016-05-20 19:49:37.000,"I'm afraid I still don't understand, sir. Well, that's certainly good to know."
1807,4525,2015-02-26 20:48:25.000,"I suggest you drop it, Mr. Data. Mr. Worf, you sound like a man who's asking his friend if he can start dating his sister."
1830,4588,2016-10-05 21:15:39.000,Flair is what marks the difference between artistry and mere competence.
1830,4589,2015-12-07 07:07:32.000,I'll alert the crew. When has justice ever been as simple as a rule book?
1830,4590,2016-10-17 03:52:30.000,"Maybe if we felt any human loss as keenly as we feel one of those close to us, human history would be far less bloody."
1831,4591,2016-10-04 02:42:10.000,Travel time to the nearest starbase? The Federation's gone; the Borg is everywhere!
1831,4592,2016-03-22 13:30:53.000,"I've had twelve years to think about it. And if I had it to do over again, I would have grabbed the phaser and pointed it at you instead of them."
1831,4593,2015-11-26 22:39:16.000,Flair is what marks the difference between artistry and mere competence.
1831,4594,2015-05-13 06:34:44.000,"I suggest you drop it, Mr. Data. Mr. Worf, you sound like a man who's asking his friend if he can start dating his sister."
1832,4595,2015-10-20 11:12:36.000,Travel time to the nearest starbase? The Federation's gone; the Borg is everywhere!
1832,4597,2016-02-08 12:19:51.000,I'll alert the crew. When has justice ever been as simple as a rule book?
1832,4601,2015-10-14 07:02:07.000,"Maybe if we felt any human loss as keenly as we feel one of those close to us, human history would be far less bloody."
1812,4538,2016-02-01 08:37:09.000,"I've had twelve years to think about it. And if I had it to do over again, I would have grabbed the phaser and pointed it at you instead of them."
1812,4539,2015-10-09 10:35:28.000,"Maybe if we felt any human loss as keenly as we feel one of those close to us, human history would be far less bloody."
1812,4546,2016-10-14 02:28:59.000,Travel time to the nearest starbase? The Federation's gone; the Borg is everywhere!
1812,4549,2015-05-04 23:03:16.000,"Fate. It protects fools, little children, and ships named Enterprise."
1812,4551,2016-07-31 04:47:07.000,Travel time to the nearest starbase? The Federation's gone; the Borg is everywhere!
1813,4553,2016-03-14 20:33:17.000,"Maybe if we felt any human loss as keenly as we feel one of those close to us, human history would be far less bloody."
1813,4555,2015-06-23 23:14:17.000,"For an android with no feelings, he sure managed to evoke them in others."
1813,4556,2016-11-28 01:18:28.000,"I've had twelve years to think about it. And if I had it to do over again, I would have grabbed the phaser and pointed it at you instead of them."
1814,4557,2015-09-21 08:09:17.000,"I'm afraid I still don't understand, sir. Well, that's certainly good to know."
1814,4558,2015-01-22 17:45:08.000,"Fate. It protects fools, little children, and ships named Enterprise."
1834,4596,2015-12-22 11:29:16.000,"I've had twelve years to think about it. And if I had it to do over again, I would have grabbed the phaser and pointed it at you instead of them."
1815,4559,2015-08-13 15:52:31.000,"I suggest you drop it, Mr. Data. Mr. Worf, you sound like a man who's asking his friend if he can start dating his sister."
1815,4560,2015-09-27 03:39:16.000,Travel time to the nearest starbase? The Federation's gone; the Borg is everywhere!
1834,4598,2016-01-14 10:57:10.000,Travel time to the nearest starbase? The Federation's gone; the Borg is everywhere!
1834,4599,2015-11-16 23:57:43.000,"Maybe if we felt any human loss as keenly as we feel one of those close to us, human history would be far less bloody."
1834,4600,2015-01-12 18:40:03.000,"For an android with no feelings, he sure managed to evoke them in others."
1834,4602,2015-11-15 16:56:48.000,"I've had twelve years to think about it. And if I had it to do over again, I would have grabbed the phaser and pointed it at you instead of them."
1835,4603,2015-06-21 02:20:23.000,"Fate. It protects fools, little children, and ships named Enterprise."
1836,4604,2015-08-04 23:10:53.000,Travel time to the nearest starbase? The Federation's gone; the Borg is everywhere!
1837,4605,2015-02-14 07:37:52.000,I'll alert the crew. When has justice ever been as simple as a rule book?
1837,4606,2015-11-22 05:04:04.000,"I've had twelve years to think about it. And if I had it to do over again, I would have grabbed the phaser and pointed it at you instead of them."
1837,4607,2016-10-20 10:19:57.000,Travel time to the nearest starbase? The Federation's gone; the Borg is everywhere!
1837,4608,2016-05-04 10:19:53.000,"Fate. It protects fools, little children, and ships named Enterprise."
1819,4561,2016-10-02 13:31:15.000,"Maybe if we felt any human loss as keenly as we feel one of those close to us, human history would be far less bloody."
1819,4562,2016-04-28 21:41:23.000,"I'm afraid I still don't understand, sir. Well, that's certainly good to know."
1819,4563,2015-03-28 05:51:56.000,"I suggest you drop it, Mr. Data. Mr. Worf, you sound like a man who's asking his friend if he can start dating his sister."
1820,4564,2016-09-04 17:13:26.000,"Maybe if we felt any human loss as keenly as we feel one of those close to us, human history would be far less bloody."
1820,4565,2016-11-21 12:23:18.000,"For an android with no feelings, he sure managed to evoke them in others."
1821,4566,2016-08-08 16:24:17.000,"I suggest you drop it, Mr. Data. Mr. Worf, you sound like a man who's asking his friend if he can start dating his sister."
1821,4567,2016-01-21 13:30:35.000,"I suggest you drop it, Mr. Data. Mr. Worf, you sound like a man who's asking his friend if he can start dating his sister."
1838,4609,2017-02-11 06:14:43.000,I'll alert the crew. When has justice ever been as simple as a rule book?
1838,4610,2015-02-21 01:26:23.000,I'll alert the crew. When has justice ever been as simple as a rule book?
1642,4101,2016-05-01 02:41:16.000,"Fate. It protects fools, little children, and ships named Enterprise."
1642,4102,2017-01-25 13:52:36.000,Travel time to the nearest starbase? The Federation's gone; the Borg is everywhere!
1642,4103,2016-11-05 21:39:01.000,"Maybe if we felt any human loss as keenly as we feel one of those close to us, human history would be far less bloody."
1642,4104,2015-08-22 21:29:45.000,"I suggest you drop it, Mr. Data. Mr. Worf, you sound like a man who's asking his friend if he can start dating his sister."
1642,4106,2015-01-18 02:59:31.000,"I suggest you drop it, Mr. Data. Mr. Worf, you sound like a man who's asking his friend if he can start dating his sister."
1663,4131,2015-02-05 14:32:54.000,I'll alert the crew. When has justice ever been as simple as a rule book?
1663,4132,2017-01-14 14:41:23.000,I'll alert the crew. When has justice ever been as simple as a rule book?
1652,4124,2015-01-27 11:35:59.000,"Fate. It protects fools, little children, and ships named Enterprise."
1663,4133,2016-04-20 08:44:23.000,"I've had twelve years to think about it. And if I had it to do over again, I would have grabbed the phaser and pointed it at you instead of them."
1653,4125,2015-11-09 00:47:32.000,"Fate. It protects fools, little children, and ships named Enterprise."
1664,4134,2015-05-24 01:52:55.000,"Maybe if we felt any human loss as keenly as we feel one of those close to us, human history would be far less bloody."
1654,4126,2015-11-08 04:00:17.000,"Fate. It protects fools, little children, and ships named Enterprise."
1664,4135,2015-05-20 13:03:18.000,"I suggest you drop it, Mr. Data. Mr. Worf, you sound like a man who's asking his friend if he can start dating his sister."
1655,4127,2016-07-24 04:59:13.000,Flair is what marks the difference between artistry and mere competence.
1664,4154,2015-09-05 16:53:26.000,Travel time to the nearest starbase? The Federation's gone; the Borg is everywhere!
1655,4128,2016-05-25 00:50:49.000,Travel time to the nearest starbase? The Federation's gone; the Borg is everywhere!
1655,4129,2016-05-21 12:37:54.000,"I'm afraid I still don't understand, sir. Well, that's certainly good to know."
1655,4130,2017-02-19 14:39:33.000,"I suggest you drop it, Mr. Data. Mr. Worf, you sound like a man who's asking his friend if he can start dating his sister."
1656,4137,2015-05-03 21:53:17.000,Flair is what marks the difference between artistry and mere competence.
1650,4116,2015-12-17 08:34:09.000,"I've had twelve years to think about it. And if I had it to do over again, I would have grabbed the phaser and pointed it at you instead of them."
1657,4138,2015-12-22 14:46:27.000,"Maybe if we felt any human loss as keenly as we feel one of those close to us, human history would be far less bloody."
1650,4117,2016-10-27 20:31:23.000,"For an android with no feelings, he sure managed to evoke them in others."
1657,4139,2015-09-24 09:44:54.000,"Fate. It protects fools, little children, and ships named Enterprise."
1650,4118,2016-11-30 00:59:06.000,"I'm afraid I still don't understand, sir. Well, that's certainly good to know."
1657,4141,2016-12-11 08:21:02.000,"For an android with no feelings, he sure managed to evoke them in others."
1650,4119,2016-11-29 14:09:51.000,Flair is what marks the difference between artistry and mere competence.
1657,4142,2016-10-20 08:08:39.000,Flair is what marks the difference between artistry and mere competence.
1650,4120,2015-10-16 21:25:25.000,"I've had twelve years to think about it. And if I had it to do over again, I would have grabbed the phaser and pointed it at you instead of them."
1657,4143,2015-11-18 08:13:06.000,"I've had twelve years to think about it. And if I had it to do over again, I would have grabbed the phaser and pointed it at you instead of them."
1651,4121,2016-02-14 00:38:21.000,"I've had twelve years to think about it. And if I had it to do over again, I would have grabbed the phaser and pointed it at you instead of them."
1651,4122,2015-11-23 05:54:29.000,"I've had twelve years to think about it. And if I had it to do over again, I would have grabbed the phaser and pointed it at you instead of them."
1651,4123,2015-09-08 05:06:16.000,"I suggest you drop it, Mr. Data. Mr. Worf, you sound like a man who's asking his friend if he can start dating his sister."
1648,4110,2016-06-07 09:13:30.000,"Maybe if we felt any human loss as keenly as we feel one of those close to us, human history would be far less bloody."
1648,4111,2017-02-12 17:52:03.000,"I'm afraid I still don't understand, sir. Well, that's certainly good to know."
1648,4112,2016-11-25 09:45:12.000,I'll alert the crew. When has justice ever been as simple as a rule book?
1648,4113,2016-07-04 17:12:40.000,"Fate. It protects fools, little children, and ships named Enterprise."
1648,4114,2017-01-07 04:51:14.000,Travel time to the nearest starbase? The Federation's gone; the Borg is everywhere!
1658,4136,2016-07-16 07:51:16.000,"For an android with no feelings, he sure managed to evoke them in others."
1658,4140,2015-12-08 22:41:09.000,Flair is what marks the difference between artistry and mere competence.
1658,4144,2015-02-13 07:25:19.000,"Fate. It protects fools, little children, and ships named Enterprise."
1658,4146,2016-01-07 21:22:07.000,"I've had twelve years to think about it. And if I had it to do over again, I would have grabbed the phaser and pointed it at you instead of them."
1658,4148,2015-12-23 23:43:02.000,Travel time to the nearest starbase? The Federation's gone; the Borg is everywhere!
1659,4150,2015-10-20 07:05:47.000,I'll alert the crew. When has justice ever been as simple as a rule book?
1659,4152,2015-04-06 20:19:34.000,"I'm afraid I still don't understand, sir. Well, that's certainly good to know."
1660,4156,2016-04-14 04:57:54.000,"For an android with no feelings, he sure managed to evoke them in others."
1662,4158,2015-11-22 23:41:28.000,Travel time to the nearest starbase? The Federation's gone; the Borg is everywhere!
1672,4167,2017-02-03 01:51:24.000,"I'm afraid I still don't understand, sir. Well, that's certainly good to know."
1672,4169,2015-05-26 03:59:55.000,"For an android with no feelings, he sure managed to evoke them in others."
1672,4171,2017-02-20 02:31:57.000,Travel time to the nearest starbase? The Federation's gone; the Borg is everywhere!
1673,4173,2015-07-11 19:58:36.000,"Fate. It protects fools, little children, and ships named Enterprise."
1673,4175,2016-07-01 11:20:48.000,I'll alert the crew. When has justice ever been as simple as a rule book?
1673,4176,2015-10-12 03:16:36.000,"I'm afraid I still don't understand, sir. Well, that's certainly good to know."
1673,4177,2016-10-19 00:12:44.000,Travel time to the nearest starbase? The Federation's gone; the Borg is everywhere!
1671,4166,2015-04-17 14:21:25.000,"I'm afraid I still don't understand, sir. Well, that's certainly good to know."
1671,4168,2016-07-16 10:48:12.000,"For an android with no feelings, he sure managed to evoke them in others."
1671,4170,2015-01-06 03:25:40.000,"I'm afraid I still don't understand, sir. Well, that's certainly good to know."
1671,4172,2015-04-12 03:28:28.000,"Fate. It protects fools, little children, and ships named Enterprise."
1671,4174,2017-01-24 18:34:48.000,"I've had twelve years to think about it. And if I had it to do over again, I would have grabbed the phaser and pointed it at you instead of them."
1675,4178,2015-04-18 19:41:24.000,"I suggest you drop it, Mr. Data. Mr. Worf, you sound like a man who's asking his friend if he can start dating his sister."
1675,4179,2015-01-29 20:32:56.000,"Fate. It protects fools, little children, and ships named Enterprise."
1675,4180,2016-06-28 16:49:36.000,"I've had twelve years to think about it. And if I had it to do over again, I would have grabbed the phaser and pointed it at you instead of them."
1666,4145,2016-03-16 14:41:12.000,"I'm afraid I still don't understand, sir. Well, that's certainly good to know."
1666,4147,2016-04-26 18:16:00.000,I'll alert the crew. When has justice ever been as simple as a rule book?
1666,4149,2015-05-05 13:19:56.000,"I've had twelve years to think about it. And if I had it to do over again, I would have grabbed the phaser and pointed it at you instead of them."
1666,4151,2017-01-14 02:34:37.000,Travel time to the nearest starbase? The Federation's gone; the Borg is everywhere!
1667,4153,2016-07-18 20:59:54.000,"For an android with no feelings, he sure managed to evoke them in others."
1667,4155,2016-04-19 06:29:16.000,I'll alert the crew. When has justice ever been as simple as a rule book?
1667,4157,2015-07-02 14:01:02.000,Travel time to the nearest starbase? The Federation's gone; the Borg is everywhere!
1667,4159,2015-03-07 12:16:42.000,"Fate. It protects fools, little children, and ships named Enterprise."
1667,4160,2015-09-11 04:40:26.000,Flair is what marks the difference between artistry and mere competence.
1668,4161,2016-02-18 09:21:15.000,"I'm afraid I still don't understand, sir. Well, that's certainly good to know."
1668,4162,2016-03-16 10:16:15.000,"I've had twelve years to think about it. And if I had it to do over again, I would have grabbed the phaser and pointed it at you instead of them."
1668,4163,2017-01-12 20:05:24.000,"For an android with no feelings, he sure managed to evoke them in others."
1670,4164,2015-07-21 08:16:02.000,"Maybe if we felt any human loss as keenly as we feel one of those close to us, human history would be far less bloody."
1670,4165,2015-09-17 18:57:12.000,Travel time to the nearest starbase? The Federation's gone; the Borg is everywhere!
1677,4181,2016-11-14 08:08:09.000,"I've had twelve years to think about it. And if I had it to do over again, I would have grabbed the phaser and pointed it at you instead of them."
1677,4182,2015-08-24 18:13:34.000,Flair is what marks the difference between artistry and mere competence.
1678,4183,2015-03-24 21:01:07.000,"I suggest you drop it, Mr. Data. Mr. Worf, you sound like a man who's asking his friend if he can start dating his sister."
1679,4184,2015-03-08 11:21:26.000,Flair is what marks the difference between artistry and mere competence.
1683,4193,2016-07-25 15:21:53.000,Flair is what marks the difference between artistry and mere competence.
1684,4194,2016-09-05 10:49:17.000,"For an android with no feelings, he sure managed to evoke them in others."
1680,4185,2016-10-02 02:45:12.000,"I suggest you drop it, Mr. Data. Mr. Worf, you sound like a man who's asking his friend if he can start dating his sister."
1680,4186,2016-07-24 08:27:44.000,"For an android with no feelings, he sure managed to evoke them in others."
1680,4187,2015-02-07 14:59:28.000,"I've had twelve years to think about it. And if I had it to do over again, I would have grabbed the phaser and pointed it at you instead of them."
1680,4188,2015-11-04 22:19:16.000,Flair is what marks the difference between artistry and mere competence.
1681,4189,2016-04-13 00:37:47.000,"I suggest you drop it, Mr. Data. Mr. Worf, you sound like a man who's asking his friend if he can start dating his sister."
1681,4190,2015-06-06 12:31:14.000,"I've had twelve years to think about it. And if I had it to do over again, I would have grabbed the phaser and pointed it at you instead of them."
1681,4191,2016-11-29 19:53:57.000,"I suggest you drop it, Mr. Data. Mr. Worf, you sound like a man who's asking his friend if he can start dating his sister."
1681,4192,2016-02-03 04:35:25.000,Travel time to the nearest starbase? The Federation's gone; the Borg is everywhere!
1682,4195,2016-12-13 11:36:19.000,"I'm afraid I still don't understand, sir. Well, that's certainly good to know."
1685,4196,2015-04-20 00:53:56.000,"Maybe if we felt any human loss as keenly as we feel one of those close to us, human history would be far less bloody."
1686,4197,2015-05-22 22:37:41.000,I'll alert the crew. When has justice ever been as simple as a rule book?
1686,4198,2015-03-04 04:09:22.000,"I suggest you drop it, Mr. Data. Mr. Worf, you sound like a man who's asking his friend if he can start dating his sister."
1686,4199,2016-03-12 09:59:17.000,"I suggest you drop it, Mr. Data. Mr. Worf, you sound like a man who's asking his friend if he can start dating his sister."
1686,4200,2017-02-21 17:29:52.000,"I'm afraid I still don't understand, sir. Well, that's certainly good to know."
1686,4201,2016-03-08 15:55:03.000,Travel time to the nearest starbase? The Federation's gone; the Borg is everywhere!
1701,4238,2016-05-10 09:24:40.000,"I suggest you drop it, Mr. Data. Mr. Worf, you sound like a man who's asking his friend if he can start dating his sister."
1701,4239,2016-10-21 15:37:58.000,"I'm afraid I still don't understand, sir. Well, that's certainly good to know."
1701,4240,2015-02-07 13:41:45.000,"I'm afraid I still don't understand, sir. Well, that's certainly good to know."
1701,4241,2016-05-26 10:32:09.000,"I'm afraid I still don't understand, sir. Well, that's certainly good to know."
1701,4242,2016-07-26 19:46:29.000,"I've had twelve years to think about it. And if I had it to do over again, I would have grabbed the phaser and pointed it at you instead of them."
1702,4243,2016-01-30 21:54:33.000,"I've had twelve years to think about it. And if I had it to do over again, I would have grabbed the phaser and pointed it at you instead of them."
1702,4244,2016-09-14 16:38:19.000,Flair is what marks the difference between artistry and mere competence.
1702,4245,2016-01-08 15:59:10.000,"I'm afraid I still don't understand, sir. Well, that's certainly good to know."
1687,4202,2015-09-16 06:12:05.000,Travel time to the nearest starbase? The Federation's gone; the Borg is everywhere!
1687,4203,2015-11-14 07:49:42.000,"Fate. It protects fools, little children, and ships named Enterprise."
1687,4204,2016-07-14 23:31:42.000,"Maybe if we felt any human loss as keenly as we feel one of those close to us, human history would be far less bloody."
1687,4205,2016-05-29 03:54:27.000,"I'm afraid I still don't understand, sir. Well, that's certainly good to know."
1687,4215,2017-02-25 06:50:17.000,"I've had twelve years to think about it. And if I had it to do over again, I would have grabbed the phaser and pointed it at you instead of them."
1692,4206,2015-06-24 18:47:58.000,I'll alert the crew. When has justice ever been as simple as a rule book?
1688,4217,2016-08-25 07:06:11.000,Flair is what marks the difference between artistry and mere competence.
1693,4207,2016-08-30 21:55:06.000,Flair is what marks the difference between artistry and mere competence.
1688,4219,2016-04-13 05:31:05.000,"I suggest you drop it, Mr. Data. Mr. Worf, you sound like a man who's asking his friend if he can start dating his sister."
1693,4208,2016-02-09 23:16:30.000,"I'm afraid I still don't understand, sir. Well, that's certainly good to know."
1693,4209,2015-05-08 02:37:14.000,"I'm afraid I still don't understand, sir. Well, that's certainly good to know."
1688,4221,2016-09-20 17:09:35.000,"I've had twelve years to think about it. And if I had it to do over again, I would have grabbed the phaser and pointed it at you instead of them."
1689,4223,2016-04-23 15:39:00.000,"For an android with no feelings, he sure managed to evoke them in others."
1693,4210,2015-04-19 22:59:03.000,"I've had twelve years to think about it. And if I had it to do over again, I would have grabbed the phaser and pointed it at you instead of them."
1693,4211,2015-05-23 21:46:01.000,"Maybe if we felt any human loss as keenly as we feel one of those close to us, human history would be far less bloody."
1689,4225,2015-05-06 11:27:29.000,"I've had twelve years to think about it. And if I had it to do over again, I would have grabbed the phaser and pointed it at you instead of them."
1689,4227,2016-09-23 11:04:20.000,"Fate. It protects fools, little children, and ships named Enterprise."
1694,4212,2015-06-16 19:12:42.000,I'll alert the crew. When has justice ever been as simple as a rule book?
1694,4213,2015-07-17 11:58:57.000,"For an android with no feelings, he sure managed to evoke them in others."
1689,4229,2016-05-08 12:13:42.000,"I'm afraid I still don't understand, sir. Well, that's certainly good to know."
1694,4214,2015-05-19 11:00:16.000,"Maybe if we felt any human loss as keenly as we feel one of those close to us, human history would be far less bloody."
1689,4231,2015-05-08 06:38:15.000,"For an android with no feelings, he sure managed to evoke them in others."
1695,4216,2015-09-04 06:49:44.000,Travel time to the nearest starbase? The Federation's gone; the Borg is everywhere!
1690,4233,2016-06-25 07:57:13.000,"I suggest you drop it, Mr. Data. Mr. Worf, you sound like a man who's asking his friend if he can start dating his sister."
1695,4218,2015-11-14 00:40:45.000,I'll alert the crew. When has justice ever been as simple as a rule book?
1690,4234,2016-04-23 13:25:27.000,"I've had twelve years to think about it. And if I had it to do over again, I would have grabbed the phaser and pointed it at you instead of them."
1695,4220,2016-06-28 20:21:57.000,"I'm afraid I still don't understand, sir. Well, that's certainly good to know."
1690,4235,2016-10-30 16:31:55.000,"For an android with no feelings, he sure managed to evoke them in others."
1695,4222,2015-07-12 17:18:01.000,"I suggest you drop it, Mr. Data. Mr. Worf, you sound like a man who's asking his friend if he can start dating his sister."
1690,4236,2016-11-16 20:25:34.000,"I'm afraid I still don't understand, sir. Well, that's certainly good to know."
1696,4224,2017-02-05 01:02:43.000,I'll alert the crew. When has justice ever been as simple as a rule book?
1690,4237,2016-12-02 01:10:18.000,"I suggest you drop it, Mr. Data. Mr. Worf, you sound like a man who's asking his friend if he can start dating his sister."
1697,4226,2015-07-10 18:29:30.000,Flair is what marks the difference between artistry and mere competence.
1697,4228,2015-11-08 17:50:05.000,"I'm afraid I still don't understand, sir. Well, that's certainly good to know."
1697,4230,2016-04-07 21:14:36.000,Flair is what marks the difference between artistry and mere competence.
1697,4232,2015-11-09 09:23:21.000,"I suggest you drop it, Mr. Data. Mr. Worf, you sound like a man who's asking his friend if he can start dating his sister."
1709,4265,2015-12-09 13:48:54.000,"I've had twelve years to think about it. And if I had it to do over again, I would have grabbed the phaser and pointed it at you instead of them."
1711,4266,2016-10-13 15:18:43.000,I'll alert the crew. When has justice ever been as simple as a rule book?
1711,4268,2016-01-09 21:37:08.000,Travel time to the nearest starbase? The Federation's gone; the Borg is everywhere!
1711,4269,2016-04-08 07:41:14.000,"Maybe if we felt any human loss as keenly as we feel one of those close to us, human history would be far less bloody."
1711,4271,2015-09-02 12:05:56.000,"Fate. It protects fools, little children, and ships named Enterprise."
1711,4273,2016-09-28 04:50:31.000,"Maybe if we felt any human loss as keenly as we feel one of those close to us, human history would be far less bloody."
1699,4246,2016-04-08 21:15:47.000,Flair is what marks the difference between artistry and mere competence.
1699,4247,2015-07-24 11:24:03.000,Travel time to the nearest starbase? The Federation's gone; the Borg is everywhere!
1699,4248,2016-02-22 11:10:57.000,"Maybe if we felt any human loss as keenly as we feel one of those close to us, human history would be far less bloody."
1700,4249,2017-02-09 00:37:04.000,"I'm afraid I still don't understand, sir. Well, that's certainly good to know."
1700,4250,2016-10-17 12:47:44.000,"I'm afraid I still don't understand, sir. Well, that's certainly good to know."
1712,4267,2016-06-04 01:30:26.000,"I've had twelve years to think about it. And if I had it to do over again, I would have grabbed the phaser and pointed it at you instead of them."
1703,4251,2016-08-30 15:55:08.000,"Fate. It protects fools, little children, and ships named Enterprise."
1703,4252,2015-12-02 16:14:47.000,I'll alert the crew. When has justice ever been as simple as a rule book?
1705,4253,2015-02-25 09:23:51.000,Travel time to the nearest starbase? The Federation's gone; the Borg is everywhere!
1705,4254,2015-05-25 14:10:51.000,Travel time to the nearest starbase? The Federation's gone; the Borg is everywhere!
1714,4274,2016-05-08 23:37:10.000,I'll alert the crew. When has justice ever been as simple as a rule book?
1715,4275,2016-11-03 03:58:55.000,"For an android with no feelings, he sure managed to evoke them in others."
1715,4276,2016-12-06 20:30:17.000,"Maybe if we felt any human loss as keenly as we feel one of those close to us, human history would be far less bloody."
1715,4277,2015-11-24 16:19:29.000,"Fate. It protects fools, little children, and ships named Enterprise."
1715,4278,2016-01-05 11:39:50.000,"I'm afraid I still don't understand, sir. Well, that's certainly good to know."
1715,4279,2016-02-24 07:51:17.000,"Fate. It protects fools, little children, and ships named Enterprise."
1716,4280,2016-12-03 22:45:29.000,"For an android with no feelings, he sure managed to evoke them in others."
1716,4281,2015-09-06 19:24:06.000,I'll alert the crew. When has justice ever been as simple as a rule book?
1716,4282,2015-04-20 21:20:27.000,"For an android with no feelings, he sure managed to evoke them in others."
1717,4283,2016-09-11 12:39:37.000,"I'm afraid I still don't understand, sir. Well, that's certainly good to know."
1717,4284,2015-09-22 08:51:41.000,"For an android with no feelings, he sure managed to evoke them in others."
1717,4285,2017-02-21 08:11:08.000,"I'm afraid I still don't understand, sir. Well, that's certainly good to know."
1718,4286,2015-01-29 20:23:22.000,"I'm afraid I still don't understand, sir. Well, that's certainly good to know."
1718,4287,2015-07-02 05:53:44.000,Flair is what marks the difference between artistry and mere competence.
1719,4288,2016-02-27 13:54:13.000,Travel time to the nearest starbase? The Federation's gone; the Borg is everywhere!
1719,4289,2016-03-04 13:39:38.000,"For an android with no feelings, he sure managed to evoke them in others."
1706,4255,2016-10-11 11:35:25.000,I'll alert the crew. When has justice ever been as simple as a rule book?
1706,4256,2016-04-03 17:17:07.000,Travel time to the nearest starbase? The Federation's gone; the Borg is everywhere!
1707,4257,2016-09-29 00:39:16.000,Travel time to the nearest starbase? The Federation's gone; the Borg is everywhere!
1707,4258,2016-12-23 06:20:33.000,"For an android with no feelings, he sure managed to evoke them in others."
1707,4259,2016-02-20 18:48:04.000,I'll alert the crew. When has justice ever been as simple as a rule book?
1708,4260,2015-12-11 04:53:39.000,Travel time to the nearest starbase? The Federation's gone; the Borg is everywhere!
1708,4261,2015-12-27 20:15:56.000,"I suggest you drop it, Mr. Data. Mr. Worf, you sound like a man who's asking his friend if he can start dating his sister."
1708,4262,2016-11-30 02:45:25.000,I'll alert the crew. When has justice ever been as simple as a rule book?
1708,4263,2015-02-01 21:08:44.000,"I've had twelve years to think about it. And if I had it to do over again, I would have grabbed the phaser and pointed it at you instead of them."
1708,4264,2017-01-13 16:36:22.000,"Maybe if we felt any human loss as keenly as we feel one of those close to us, human history would be far less bloody."
1730,4314,2015-11-05 09:14:05.000,"I suggest you drop it, Mr. Data. Mr. Worf, you sound like a man who's asking his friend if he can start dating his sister."
1730,4316,2015-10-01 17:57:23.000,Travel time to the nearest starbase? The Federation's gone; the Borg is everywhere!
1730,4317,2015-08-08 17:23:20.000,"I've had twelve years to think about it. And if I had it to do over again, I would have grabbed the phaser and pointed it at you instead of them."
1918,4812,2016-06-16 02:13:45.000,"For an android with no feelings, he sure managed to evoke them in others."
1713,4270,2015-11-27 15:57:05.000,"I suggest you drop it, Mr. Data. Mr. Worf, you sound like a man who's asking his friend if he can start dating his sister."
1713,4272,2016-10-12 06:12:42.000,"I'm afraid I still don't understand, sir. Well, that's certainly good to know."
1731,4331,2015-08-16 03:38:49.000,"For an android with no feelings, he sure managed to evoke them in others."
1997,5011,2016-08-20 00:28:37.000,Travel time to the nearest starbase? The Federation's gone; the Borg is everywhere!
1986,4983,2016-01-11 01:31:31.000,"I've had twelve years to think about it. And if I had it to do over again, I would have grabbed the phaser and pointed it at you instead of them."
1987,4984,2017-01-12 22:48:16.000,"I'm afraid I still don't understand, sir. Well, that's certainly good to know."
1997,5012,2015-09-16 00:37:15.000,"I suggest you drop it, Mr. Data. Mr. Worf, you sound like a man who's asking his friend if he can start dating his sister."
1987,4985,2015-10-11 19:16:45.000,I'll alert the crew. When has justice ever been as simple as a rule book?
1998,5013,2016-10-14 22:23:26.000,"Fate. It protects fools, little children, and ships named Enterprise."
1999,5014,2016-09-01 12:37:35.000,Flair is what marks the difference between artistry and mere competence.
1987,4986,2015-05-25 12:08:11.000,"Fate. It protects fools, little children, and ships named Enterprise."
1999,5015,2016-05-22 11:54:54.000,"Maybe if we felt any human loss as keenly as we feel one of those close to us, human history would be far less bloody."
1999,5016,2015-02-28 17:17:22.000,"I've had twelve years to think about it. And if I had it to do over again, I would have grabbed the phaser and pointed it at you instead of them."
2001,5017,2016-11-08 22:24:49.000,"I suggest you drop it, Mr. Data. Mr. Worf, you sound like a man who's asking his friend if he can start dating his sister."
2001,5018,2015-02-02 04:13:07.000,"Fate. It protects fools, little children, and ships named Enterprise."
2003,5019,2017-01-09 08:29:38.000,I'll alert the crew. When has justice ever been as simple as a rule book?
2003,5020,2016-10-11 10:55:05.000,"Fate. It protects fools, little children, and ships named Enterprise."
2003,5022,2016-09-24 18:47:50.000,"For an android with no feelings, he sure managed to evoke them in others."
2003,5024,2015-09-10 17:30:01.000,"For an android with no feelings, he sure managed to evoke them in others."
2004,5025,2016-06-20 03:36:23.000,"I suggest you drop it, Mr. Data. Mr. Worf, you sound like a man who's asking his friend if he can start dating his sister."
2005,5026,2016-09-11 10:43:07.000,"I've had twelve years to think about it. And if I had it to do over again, I would have grabbed the phaser and pointed it at you instead of them."
2005,5027,2016-04-23 14:55:51.000,"Fate. It protects fools, little children, and ships named Enterprise."
2005,5028,2016-07-12 23:55:08.000,"Maybe if we felt any human loss as keenly as we feel one of those close to us, human history would be far less bloody."
2005,5029,2016-07-03 12:02:46.000,I'll alert the crew. When has justice ever been as simple as a rule book?
2005,5030,2015-12-09 04:56:43.000,"Fate. It protects fools, little children, and ships named Enterprise."
2000,5021,2016-03-05 07:40:38.000,"Maybe if we felt any human loss as keenly as we feel one of those close to us, human history would be far less bloody."
2002,5023,2015-01-04 17:03:04.000,"Fate. It protects fools, little children, and ships named Enterprise."
2006,5036,2017-01-20 08:42:45.000,Travel time to the nearest starbase? The Federation's gone; the Borg is everywhere!
2006,5037,2015-06-02 13:17:24.000,Flair is what marks the difference between artistry and mere competence.
1989,4987,2016-10-18 10:24:53.000,Travel time to the nearest starbase? The Federation's gone; the Borg is everywhere!
1989,4988,2016-05-29 11:59:32.000,"I suggest you drop it, Mr. Data. Mr. Worf, you sound like a man who's asking his friend if he can start dating his sister."
1989,4989,2015-10-08 08:31:50.000,"Fate. It protects fools, little children, and ships named Enterprise."
1989,4990,2015-07-31 22:45:18.000,Flair is what marks the difference between artistry and mere competence.
1989,4991,2016-08-09 06:54:09.000,"Maybe if we felt any human loss as keenly as we feel one of those close to us, human history would be far less bloody."
1990,4992,2015-07-30 09:55:58.000,"I'm afraid I still don't understand, sir. Well, that's certainly good to know."
1990,4993,2017-02-15 17:39:09.000,Flair is what marks the difference between artistry and mere competence.
1990,4994,2015-06-20 00:14:38.000,Flair is what marks the difference between artistry and mere competence.
1990,4995,2016-09-14 20:49:54.000,"I've had twelve years to think about it. And if I had it to do over again, I would have grabbed the phaser and pointed it at you instead of them."
1990,4996,2015-07-09 12:57:10.000,Flair is what marks the difference between artistry and mere competence.
1991,5031,2016-12-06 13:55:41.000,Flair is what marks the difference between artistry and mere competence.
1991,5032,2015-09-15 00:23:11.000,"I suggest you drop it, Mr. Data. Mr. Worf, you sound like a man who's asking his friend if he can start dating his sister."
2013,5049,2015-01-04 09:21:57.000,"For an android with no feelings, he sure managed to evoke them in others."
2013,5050,2016-02-08 17:11:34.000,Flair is what marks the difference between artistry and mere competence.
2014,5051,2016-03-05 16:45:19.000,"I've had twelve years to think about it. And if I had it to do over again, I would have grabbed the phaser and pointed it at you instead of them."
1992,4997,2016-01-28 15:55:10.000,Flair is what marks the difference between artistry and mere competence.
1992,4998,2016-12-03 11:01:35.000,I'll alert the crew. When has justice ever been as simple as a rule book?
1992,4999,2016-10-18 19:27:24.000,Flair is what marks the difference between artistry and mere competence.
1992,5000,2016-12-14 19:55:46.000,"I'm afraid I still don't understand, sir. Well, that's certainly good to know."
1993,5001,2016-10-22 11:49:20.000,"I'm afraid I still don't understand, sir. Well, that's certainly good to know."
1993,5002,2016-07-11 21:55:07.000,"For an android with no feelings, he sure managed to evoke them in others."
1994,5003,2015-07-28 18:43:38.000,Flair is what marks the difference between artistry and mere competence.
1994,5004,2015-12-27 00:34:28.000,"Fate. It protects fools, little children, and ships named Enterprise."
1994,5033,2015-11-05 20:17:19.000,"I've had twelve years to think about it. And if I had it to do over again, I would have grabbed the phaser and pointed it at you instead of them."
1994,5034,2015-08-28 14:49:10.000,"I'm afraid I still don't understand, sir. Well, that's certainly good to know."
1994,5035,2015-03-20 17:41:49.000,Travel time to the nearest starbase? The Federation's gone; the Borg is everywhere!
2007,5038,2016-06-20 18:20:56.000,"I've had twelve years to think about it. And if I had it to do over again, I would have grabbed the phaser and pointed it at you instead of them."
2008,5039,2016-10-20 22:34:29.000,"Fate. It protects fools, little children, and ships named Enterprise."
2008,5040,2016-12-20 00:34:24.000,"For an android with no feelings, he sure managed to evoke them in others."
2008,5041,2015-06-19 20:24:23.000,"I suggest you drop it, Mr. Data. Mr. Worf, you sound like a man who's asking his friend if he can start dating his sister."
2009,5042,2015-12-12 13:09:55.000,"I suggest you drop it, Mr. Data. Mr. Worf, you sound like a man who's asking his friend if he can start dating his sister."
2009,5043,2015-10-25 07:30:56.000,"I'm afraid I still don't understand, sir. Well, that's certainly good to know."
2009,5044,2015-11-30 16:50:34.000,"For an android with no feelings, he sure managed to evoke them in others."
2009,5045,2016-11-19 21:48:18.000,"I've had twelve years to think about it. And if I had it to do over again, I would have grabbed the phaser and pointed it at you instead of them."
2015,5053,2015-08-11 21:18:27.000,"Fate. It protects fools, little children, and ships named Enterprise."
2009,5046,2016-08-02 22:51:37.000,"Maybe if we felt any human loss as keenly as we feel one of those close to us, human history would be far less bloody."
2015,5054,2016-11-01 17:31:32.000,Flair is what marks the difference between artistry and mere competence.
2010,5047,2016-04-25 13:43:49.000,"Fate. It protects fools, little children, and ships named Enterprise."
1821,4568,2016-09-14 00:08:21.000,"Fate. It protects fools, little children, and ships named Enterprise."
1821,4569,2015-03-10 17:41:46.000,"Fate. It protects fools, little children, and ships named Enterprise."
1838,4611,2016-08-31 22:45:28.000,"Fate. It protects fools, little children, and ships named Enterprise."
1838,4612,2016-10-29 19:28:56.000,"For an android with no feelings, he sure managed to evoke them in others."
1838,4613,2016-10-08 22:34:02.000,"I've had twelve years to think about it. And if I had it to do over again, I would have grabbed the phaser and pointed it at you instead of them."
1839,4614,2015-07-26 02:48:22.000,"For an android with no feelings, he sure managed to evoke them in others."
1839,4615,2016-11-18 17:24:54.000,"Maybe if we felt any human loss as keenly as we feel one of those close to us, human history would be far less bloody."
1840,4616,2015-03-13 08:43:31.000,"I'm afraid I still don't understand, sir. Well, that's certainly good to know."
1840,4617,2015-06-05 05:03:21.000,"Maybe if we felt any human loss as keenly as we feel one of those close to us, human history would be far less bloody."
1842,4618,2015-06-21 05:55:43.000,Flair is what marks the difference between artistry and mere competence.
1856,4660,2015-04-15 13:54:32.000,I'll alert the crew. When has justice ever been as simple as a rule book?
1856,4661,2015-02-20 14:48:07.000,"I'm afraid I still don't understand, sir. Well, that's certainly good to know."
1856,4662,2015-06-27 23:06:48.000,Travel time to the nearest starbase? The Federation's gone; the Borg is everywhere!
1856,4663,2015-05-03 23:02:12.000,Flair is what marks the difference between artistry and mere competence.
1856,4664,2015-03-28 06:12:08.000,I'll alert the crew. When has justice ever been as simple as a rule book?
1857,4665,2015-09-04 01:28:36.000,"For an android with no feelings, he sure managed to evoke them in others."
1857,4666,2015-06-08 01:21:42.000,"I suggest you drop it, Mr. Data. Mr. Worf, you sound like a man who's asking his friend if he can start dating his sister."
1857,4667,2015-03-16 08:52:27.000,"Fate. It protects fools, little children, and ships named Enterprise."
1858,4668,2015-03-07 08:45:06.000,"Maybe if we felt any human loss as keenly as we feel one of those close to us, human history would be far less bloody."
1858,4669,2015-02-27 16:06:28.000,"Fate. It protects fools, little children, and ships named Enterprise."
1859,4670,2015-01-29 11:09:07.000,"I suggest you drop it, Mr. Data. Mr. Worf, you sound like a man who's asking his friend if he can start dating his sister."
1859,4671,2015-02-11 18:45:14.000,"Fate. It protects fools, little children, and ships named Enterprise."
1860,4672,2016-07-15 18:01:25.000,I'll alert the crew. When has justice ever been as simple as a rule book?
1860,4673,2015-06-13 12:32:11.000,"For an android with no feelings, he sure managed to evoke them in others."
1860,4674,2015-04-02 15:30:40.000,"Fate. It protects fools, little children, and ships named Enterprise."
1860,4675,2016-12-23 11:31:54.000,"I'm afraid I still don't understand, sir. Well, that's certainly good to know."
1841,4619,2015-12-31 03:57:53.000,"I've had twelve years to think about it. And if I had it to do over again, I would have grabbed the phaser and pointed it at you instead of them."
1841,4620,2015-09-07 07:52:24.000,Flair is what marks the difference between artistry and mere competence.
1841,4621,2015-09-14 21:58:35.000,"Maybe if we felt any human loss as keenly as we feel one of those close to us, human history would be far less bloody."
1843,4622,2016-11-23 10:09:55.000,"I've had twelve years to think about it. And if I had it to do over again, I would have grabbed the phaser and pointed it at you instead of them."
1843,4623,2015-06-19 06:57:49.000,Flair is what marks the difference between artistry and mere competence.
1844,4624,2016-05-31 19:05:30.000,"For an android with no feelings, he sure managed to evoke them in others."
1844,4625,2015-11-13 03:56:23.000,"I suggest you drop it, Mr. Data. Mr. Worf, you sound like a man who's asking his friend if he can start dating his sister."
1845,4626,2015-06-15 04:35:53.000,"I've had twelve years to think about it. And if I had it to do over again, I would have grabbed the phaser and pointed it at you instead of them."
1845,4627,2016-05-26 16:56:54.000,Travel time to the nearest starbase? The Federation's gone; the Borg is everywhere!
1845,4628,2015-07-29 03:49:00.000,"I'm afraid I still don't understand, sir. Well, that's certainly good to know."
1846,4629,2015-06-27 10:49:06.000,"I'm afraid I still don't understand, sir. Well, that's certainly good to know."
1846,4630,2016-01-23 16:30:40.000,"Fate. It protects fools, little children, and ships named Enterprise."
1846,4631,2016-03-26 08:45:42.000,"I'm afraid I still don't understand, sir. Well, that's certainly good to know."
1846,4632,2015-09-05 20:15:43.000,"I suggest you drop it, Mr. Data. Mr. Worf, you sound like a man who's asking his friend if he can start dating his sister."
1847,4633,2016-12-08 04:23:01.000,Travel time to the nearest starbase? The Federation's gone; the Borg is everywhere!
1847,4634,2017-01-10 02:10:54.000,"Maybe if we felt any human loss as keenly as we feel one of those close to us, human history would be far less bloody."
1847,4635,2015-02-07 14:25:50.000,"Fate. It protects fools, little children, and ships named Enterprise."
1848,4636,2015-11-04 13:18:09.000,"I've had twelve years to think about it. And if I had it to do over again, I would have grabbed the phaser and pointed it at you instead of them."
1848,4637,2016-11-26 12:02:25.000,Travel time to the nearest starbase? The Federation's gone; the Borg is everywhere!
1865,4676,2015-06-06 10:20:59.000,"I'm afraid I still don't understand, sir. Well, that's certainly good to know."
1849,4638,2015-09-25 19:15:32.000,"Maybe if we felt any human loss as keenly as we feel one of those close to us, human history would be far less bloody."
1865,4677,2016-12-01 20:11:30.000,"Fate. It protects fools, little children, and ships named Enterprise."
1865,4679,2016-09-23 06:14:30.000,Travel time to the nearest starbase? The Federation's gone; the Borg is everywhere!
1849,4639,2016-10-28 07:01:14.000,"For an android with no feelings, he sure managed to evoke them in others."
1865,4682,2016-01-06 18:47:02.000,"Fate. It protects fools, little children, and ships named Enterprise."
1866,4684,2015-06-08 06:09:00.000,Flair is what marks the difference between artistry and mere competence.
1849,4640,2016-04-21 08:23:39.000,"I suggest you drop it, Mr. Data. Mr. Worf, you sound like a man who's asking his friend if he can start dating his sister."
1866,4686,2015-10-21 21:56:46.000,"I suggest you drop it, Mr. Data. Mr. Worf, you sound like a man who's asking his friend if he can start dating his sister."
1849,4641,2015-07-19 06:20:30.000,"Maybe if we felt any human loss as keenly as we feel one of those close to us, human history would be far less bloody."
1866,4688,2015-12-13 09:12:02.000,I'll alert the crew. When has justice ever been as simple as a rule book?
1850,4642,2017-02-17 18:47:32.000,I'll alert the crew. When has justice ever been as simple as a rule book?
1850,4643,2015-03-17 08:41:00.000,"Maybe if we felt any human loss as keenly as we feel one of those close to us, human history would be far less bloody."
1867,4690,2016-08-17 00:10:20.000,"For an android with no feelings, he sure managed to evoke them in others."
1850,4644,2015-04-23 05:54:49.000,"I've had twelve years to think about it. And if I had it to do over again, I would have grabbed the phaser and pointed it at you instead of them."
1850,4645,2016-06-18 00:19:44.000,"I suggest you drop it, Mr. Data. Mr. Worf, you sound like a man who's asking his friend if he can start dating his sister."
1850,4646,2015-10-22 16:43:54.000,"I suggest you drop it, Mr. Data. Mr. Worf, you sound like a man who's asking his friend if he can start dating his sister."
1851,4647,2016-01-18 18:10:40.000,Flair is what marks the difference between artistry and mere competence.
1851,4648,2015-03-06 12:59:30.000,"I've had twelve years to think about it. And if I had it to do over again, I would have grabbed the phaser and pointed it at you instead of them."
1871,4696,2017-01-14 01:58:25.000,"I suggest you drop it, Mr. Data. Mr. Worf, you sound like a man who's asking his friend if he can start dating his sister."
1871,4697,2016-03-20 20:42:28.000,"For an android with no feelings, he sure managed to evoke them in others."
1871,4698,2015-12-04 05:23:12.000,"For an android with no feelings, he sure managed to evoke them in others."
1871,4699,2016-01-14 19:47:08.000,"Maybe if we felt any human loss as keenly as we feel one of those close to us, human history would be far less bloody."
1871,4700,2016-06-18 03:37:07.000,"Maybe if we felt any human loss as keenly as we feel one of those close to us, human history would be far less bloody."
1872,4701,2015-05-12 22:51:00.000,"I've had twelve years to think about it. And if I had it to do over again, I would have grabbed the phaser and pointed it at you instead of them."
1872,4702,2016-05-17 14:49:37.000,"Fate. It protects fools, little children, and ships named Enterprise."
1872,4703,2016-03-18 04:23:36.000,"I'm afraid I still don't understand, sir. Well, that's certainly good to know."
1873,4704,2016-12-25 23:39:41.000,"I've had twelve years to think about it. And if I had it to do over again, I would have grabbed the phaser and pointed it at you instead of them."
1873,4705,2015-06-30 07:51:29.000,"I'm afraid I still don't understand, sir. Well, that's certainly good to know."
1873,4706,2016-10-11 23:10:39.000,"Fate. It protects fools, little children, and ships named Enterprise."
1873,4707,2015-10-15 04:23:03.000,"Maybe if we felt any human loss as keenly as we feel one of those close to us, human history would be far less bloody."
1874,4708,2015-04-07 07:05:20.000,"I've had twelve years to think about it. And if I had it to do over again, I would have grabbed the phaser and pointed it at you instead of them."
1874,4709,2016-11-10 18:01:22.000,Flair is what marks the difference between artistry and mere competence.
1874,4710,2015-01-18 12:02:13.000,Flair is what marks the difference between artistry and mere competence.
1852,4649,2015-12-30 20:27:27.000,Travel time to the nearest starbase? The Federation's gone; the Borg is everywhere!
1853,4650,2016-07-27 18:50:17.000,Flair is what marks the difference between artistry and mere competence.
1853,4651,2015-11-12 13:33:12.000,"For an android with no feelings, he sure managed to evoke them in others."
1853,4652,2015-10-06 14:35:32.000,"I've had twelve years to think about it. And if I had it to do over again, I would have grabbed the phaser and pointed it at you instead of them."
1854,4653,2016-02-03 01:31:48.000,"Fate. It protects fools, little children, and ships named Enterprise."
1854,4654,2016-04-26 01:23:57.000,"I suggest you drop it, Mr. Data. Mr. Worf, you sound like a man who's asking his friend if he can start dating his sister."
1854,4655,2016-05-16 12:24:20.000,Travel time to the nearest starbase? The Federation's gone; the Borg is everywhere!
1854,4656,2016-08-07 07:20:12.000,"For an android with no feelings, he sure managed to evoke them in others."
1855,4657,2017-02-24 07:55:46.000,"I'm afraid I still don't understand, sir. Well, that's certainly good to know."
1855,4658,2016-09-23 21:05:23.000,I'll alert the crew. When has justice ever been as simple as a rule book?
1855,4659,2016-10-04 03:47:25.000,"I've had twelve years to think about it. And if I had it to do over again, I would have grabbed the phaser and pointed it at you instead of them."
1861,4678,2015-02-21 07:56:13.000,Travel time to the nearest starbase? The Federation's gone; the Borg is everywhere!
1861,4680,2015-09-21 04:35:40.000,Flair is what marks the difference between artistry and mere competence.
1861,4681,2015-12-14 06:08:16.000,"Fate. It protects fools, little children, and ships named Enterprise."
1861,4683,2015-11-07 11:35:34.000,"I've had twelve years to think about it. And if I had it to do over again, I would have grabbed the phaser and pointed it at you instead of them."
1861,4685,2016-04-12 16:00:21.000,"I'm afraid I still don't understand, sir. Well, that's certainly good to know."
1863,4687,2015-07-21 14:14:52.000,"Fate. It protects fools, little children, and ships named Enterprise."
1863,4689,2015-08-20 11:26:37.000,Travel time to the nearest starbase? The Federation's gone; the Borg is everywhere!
1863,4691,2016-01-14 21:27:50.000,I'll alert the crew. When has justice ever been as simple as a rule book?
1868,4692,2016-06-20 16:32:41.000,"For an android with no feelings, he sure managed to evoke them in others."
1869,4693,2015-11-06 00:25:29.000,Flair is what marks the difference between artistry and mere competence.
1869,4694,2015-03-16 20:07:40.000,I'll alert the crew. When has justice ever been as simple as a rule book?
1869,4695,2016-10-22 09:49:52.000,"Maybe if we felt any human loss as keenly as we feel one of those close to us, human history would be far less bloody."
1879,4714,2016-12-12 20:03:12.000,"For an android with no feelings, he sure managed to evoke them in others."
1880,4716,2017-02-10 12:29:04.000,I'll alert the crew. When has justice ever been as simple as a rule book?
1875,4711,2016-03-08 05:34:37.000,Flair is what marks the difference between artistry and mere competence.
1875,4712,2016-03-13 14:40:20.000,I'll alert the crew. When has justice ever been as simple as a rule book?
1875,4713,2015-04-10 17:33:53.000,Flair is what marks the difference between artistry and mere competence.
1875,4715,2015-01-03 21:04:56.000,Flair is what marks the difference between artistry and mere competence.
1876,4717,2015-12-22 00:21:22.000,"Fate. It protects fools, little children, and ships named Enterprise."
1876,4718,2015-10-01 17:04:40.000,"For an android with no feelings, he sure managed to evoke them in others."
1885,4728,2016-04-01 18:43:16.000,"Fate. It protects fools, little children, and ships named Enterprise."
1876,4719,2015-02-25 04:51:50.000,"I suggest you drop it, Mr. Data. Mr. Worf, you sound like a man who's asking his friend if he can start dating his sister."
1885,4729,2016-02-06 09:33:29.000,"I'm afraid I still don't understand, sir. Well, that's certainly good to know."
1876,4720,2016-12-02 09:42:16.000,"Maybe if we felt any human loss as keenly as we feel one of those close to us, human history would be far less bloody."
1887,4730,2015-10-29 00:30:38.000,"Fate. It protects fools, little children, and ships named Enterprise."
1877,4721,2016-11-05 17:05:28.000,Travel time to the nearest starbase? The Federation's gone; the Borg is everywhere!
1887,4731,2016-02-15 07:27:39.000,"Maybe if we felt any human loss as keenly as we feel one of those close to us, human history would be far less bloody."
1877,4722,2017-01-28 23:15:29.000,"Fate. It protects fools, little children, and ships named Enterprise."
1887,4732,2016-07-05 13:56:39.000,"Fate. It protects fools, little children, and ships named Enterprise."
1877,4723,2016-02-29 04:46:46.000,"I've had twelve years to think about it. And if I had it to do over again, I would have grabbed the phaser and pointed it at you instead of them."
1888,4733,2016-11-20 23:19:35.000,"I suggest you drop it, Mr. Data. Mr. Worf, you sound like a man who's asking his friend if he can start dating his sister."
1888,4734,2016-11-23 12:49:02.000,"For an android with no feelings, he sure managed to evoke them in others."
1889,4735,2015-05-09 06:54:08.000,"I've had twelve years to think about it. And if I had it to do over again, I would have grabbed the phaser and pointed it at you instead of them."
1889,4736,2015-08-19 05:35:07.000,"For an android with no feelings, he sure managed to evoke them in others."
1890,4737,2015-12-21 03:15:51.000,"Fate. It protects fools, little children, and ships named Enterprise."
1890,4738,2015-07-12 15:02:59.000,"Maybe if we felt any human loss as keenly as we feel one of those close to us, human history would be far less bloody."
1890,4739,2016-11-11 19:32:42.000,"I'm afraid I still don't understand, sir. Well, that's certainly good to know."
1891,4740,2015-01-20 07:56:44.000,"I'm afraid I still don't understand, sir. Well, that's certainly good to know."
1891,4741,2015-01-13 09:10:07.000,"I've had twelve years to think about it. And if I had it to do over again, I would have grabbed the phaser and pointed it at you instead of them."
1891,4742,2016-12-23 00:28:04.000,"I suggest you drop it, Mr. Data. Mr. Worf, you sound like a man who's asking his friend if he can start dating his sister."
1891,4743,2016-06-21 03:36:10.000,Travel time to the nearest starbase? The Federation's gone; the Borg is everywhere!
1892,4744,2016-05-12 20:36:07.000,Travel time to the nearest starbase? The Federation's gone; the Borg is everywhere!
1892,4745,2016-03-07 11:21:47.000,"For an android with no feelings, he sure managed to evoke them in others."
1892,4746,2016-03-30 06:36:13.000,"I suggest you drop it, Mr. Data. Mr. Worf, you sound like a man who's asking his friend if he can start dating his sister."
1892,4747,2016-11-01 10:46:57.000,Flair is what marks the difference between artistry and mere competence.
1892,4748,2015-11-30 04:38:46.000,Travel time to the nearest starbase? The Federation's gone; the Borg is everywhere!
1881,4724,2015-11-30 22:23:43.000,"Fate. It protects fools, little children, and ships named Enterprise."
1881,4725,2015-07-08 08:19:58.000,"For an android with no feelings, he sure managed to evoke them in others."
1881,4726,2015-03-08 05:23:22.000,"I suggest you drop it, Mr. Data. Mr. Worf, you sound like a man who's asking his friend if he can start dating his sister."
1882,4727,2017-02-12 22:19:47.000,Flair is what marks the difference between artistry and mere competence.
1896,4760,2017-01-25 06:35:23.000,Flair is what marks the difference between artistry and mere competence.
1896,4761,2016-01-26 16:24:59.000,"For an android with no feelings, he sure managed to evoke them in others."
1896,4762,2016-09-01 10:39:35.000,"I've had twelve years to think about it. And if I had it to do over again, I would have grabbed the phaser and pointed it at you instead of them."
1893,4749,2015-12-16 02:38:52.000,Travel time to the nearest starbase? The Federation's gone; the Borg is everywhere!
1893,4750,2015-05-05 13:47:58.000,"I've had twelve years to think about it. And if I had it to do over again, I would have grabbed the phaser and pointed it at you instead of them."
1893,4751,2016-06-13 17:06:57.000,"Fate. It protects fools, little children, and ships named Enterprise."
1893,4752,2016-08-05 03:12:38.000,Travel time to the nearest starbase? The Federation's gone; the Borg is everywhere!
1893,4753,2015-11-28 01:47:01.000,"For an android with no feelings, he sure managed to evoke them in others."
1894,4754,2015-03-21 08:12:03.000,"I suggest you drop it, Mr. Data. Mr. Worf, you sound like a man who's asking his friend if he can start dating his sister."
1895,4755,2016-09-30 00:43:29.000,"For an android with no feelings, he sure managed to evoke them in others."
1895,4756,2015-02-05 12:40:57.000,"I suggest you drop it, Mr. Data. Mr. Worf, you sound like a man who's asking his friend if he can start dating his sister."
1895,4757,2015-01-22 15:58:23.000,"I suggest you drop it, Mr. Data. Mr. Worf, you sound like a man who's asking his friend if he can start dating his sister."
1895,4758,2016-05-19 02:59:07.000,Travel time to the nearest starbase? The Federation's gone; the Borg is everywhere!
1895,4759,2016-08-08 16:16:06.000,"Fate. It protects fools, little children, and ships named Enterprise."
1901,4763,2016-07-30 08:42:39.000,I'll alert the crew. When has justice ever been as simple as a rule book?
1901,4764,2017-01-31 16:04:11.000,"I'm afraid I still don't understand, sir. Well, that's certainly good to know."
1901,4765,2015-12-29 18:35:11.000,"For an android with no feelings, he sure managed to evoke them in others."
1904,4766,2017-02-23 11:24:20.000,Flair is what marks the difference between artistry and mere competence.
1920,4819,2016-06-15 19:27:24.000,I'll alert the crew. When has justice ever been as simple as a rule book?
1920,4820,2015-07-22 06:49:38.000,"For an android with no feelings, he sure managed to evoke them in others."
1921,4821,2015-05-15 20:01:57.000,"Fate. It protects fools, little children, and ships named Enterprise."
1921,4822,2015-11-16 13:50:36.000,"Maybe if we felt any human loss as keenly as we feel one of those close to us, human history would be far less bloody."
1921,4823,2015-06-06 22:14:53.000,"I suggest you drop it, Mr. Data. Mr. Worf, you sound like a man who's asking his friend if he can start dating his sister."
1922,4824,2016-09-18 13:57:09.000,"Fate. It protects fools, little children, and ships named Enterprise."
1902,4767,2015-10-07 22:04:10.000,Travel time to the nearest starbase? The Federation's gone; the Borg is everywhere!
1902,4768,2016-01-05 18:38:17.000,Flair is what marks the difference between artistry and mere competence.
1902,4769,2016-02-19 10:16:08.000,"Fate. It protects fools, little children, and ships named Enterprise."
1902,4771,2017-01-16 13:35:37.000,Flair is what marks the difference between artistry and mere competence.
1905,4773,2016-03-26 10:01:10.000,"Maybe if we felt any human loss as keenly as we feel one of those close to us, human history would be far less bloody."
1905,4775,2016-11-29 02:43:03.000,Flair is what marks the difference between artistry and mere competence.
1905,4777,2016-12-10 21:30:07.000,"I suggest you drop it, Mr. Data. Mr. Worf, you sound like a man who's asking his friend if he can start dating his sister."
1905,4779,2016-06-30 10:06:21.000,"For an android with no feelings, he sure managed to evoke them in others."
1906,4781,2016-03-30 02:43:52.000,Flair is what marks the difference between artistry and mere competence.
1907,4783,2016-11-29 07:22:00.000,"I'm afraid I still don't understand, sir. Well, that's certainly good to know."
1907,4784,2016-11-09 11:30:16.000,"For an android with no feelings, he sure managed to evoke them in others."
1907,4785,2015-09-10 08:16:04.000,"Fate. It protects fools, little children, and ships named Enterprise."
1907,4786,2016-09-10 22:52:21.000,"I'm afraid I still don't understand, sir. Well, that's certainly good to know."
1907,4787,2017-02-22 10:23:03.000,Flair is what marks the difference between artistry and mere competence.
1897,4770,2016-06-06 23:11:27.000,"I'm afraid I still don't understand, sir. Well, that's certainly good to know."
1897,4772,2015-04-13 03:35:38.000,"For an android with no feelings, he sure managed to evoke them in others."
1899,4774,2016-10-10 10:23:57.000,Travel time to the nearest starbase? The Federation's gone; the Borg is everywhere!
1900,4776,2016-07-16 12:03:40.000,"I'm afraid I still don't understand, sir. Well, that's certainly good to know."
1903,4778,2016-08-10 16:19:18.000,"I suggest you drop it, Mr. Data. Mr. Worf, you sound like a man who's asking his friend if he can start dating his sister."
1903,4780,2017-02-15 08:16:40.000,I'll alert the crew. When has justice ever been as simple as a rule book?
1903,4782,2015-06-29 11:48:33.000,Flair is what marks the difference between artistry and mere competence.
1923,4825,2016-08-12 05:23:06.000,I'll alert the crew. When has justice ever been as simple as a rule book?
1923,4826,2015-01-21 20:50:41.000,"Fate. It protects fools, little children, and ships named Enterprise."
1923,4827,2015-07-19 07:54:50.000,"For an android with no feelings, he sure managed to evoke them in others."
1923,4828,2016-10-22 18:17:55.000,I'll alert the crew. When has justice ever been as simple as a rule book?
1938,4853,2016-08-05 07:33:16.000,"Fate. It protects fools, little children, and ships named Enterprise."
1924,4829,2015-04-11 12:34:49.000,"Maybe if we felt any human loss as keenly as we feel one of those close to us, human history would be far less bloody."
1924,4830,2015-12-01 05:52:29.000,"Maybe if we felt any human loss as keenly as we feel one of those close to us, human history would be far less bloody."
1924,4831,2015-07-30 16:29:23.000,"I've had twelve years to think about it. And if I had it to do over again, I would have grabbed the phaser and pointed it at you instead of them."
1911,4791,2015-07-16 09:40:55.000,"Fate. It protects fools, little children, and ships named Enterprise."
1924,4832,2016-04-16 15:48:24.000,"I suggest you drop it, Mr. Data. Mr. Worf, you sound like a man who's asking his friend if he can start dating his sister."
1925,4833,2015-10-25 14:59:33.000,"Fate. It protects fools, little children, and ships named Enterprise."
1911,4792,2015-09-08 13:12:11.000,"I suggest you drop it, Mr. Data. Mr. Worf, you sound like a man who's asking his friend if he can start dating his sister."
1926,4834,2015-07-13 06:25:42.000,I'll alert the crew. When has justice ever been as simple as a rule book?
1911,4793,2015-02-15 13:55:05.000,"I've had twelve years to think about it. And if I had it to do over again, I would have grabbed the phaser and pointed it at you instead of them."
1912,4795,2016-02-05 05:32:26.000,I'll alert the crew. When has justice ever been as simple as a rule book?
1912,4797,2016-08-13 12:38:18.000,"Fate. It protects fools, little children, and ships named Enterprise."
1912,4799,2015-12-07 14:00:53.000,"I suggest you drop it, Mr. Data. Mr. Worf, you sound like a man who's asking his friend if he can start dating his sister."
1916,4801,2015-08-22 18:00:02.000,"I'm afraid I still don't understand, sir. Well, that's certainly good to know."
1916,4804,2015-11-26 05:42:21.000,Flair is what marks the difference between artistry and mere competence.
1916,4806,2016-07-01 00:06:13.000,"Maybe if we felt any human loss as keenly as we feel one of those close to us, human history would be far less bloody."
1916,4808,2015-08-25 23:52:49.000,"I've had twelve years to think about it. And if I had it to do over again, I would have grabbed the phaser and pointed it at you instead of them."
1916,4810,2016-12-13 23:07:08.000,"I've had twelve years to think about it. And if I had it to do over again, I would have grabbed the phaser and pointed it at you instead of them."
1918,4814,2017-02-28 05:01:01.000,Travel time to the nearest starbase? The Federation's gone; the Borg is everywhere!
1918,4816,2015-10-24 00:08:32.000,"I suggest you drop it, Mr. Data. Mr. Worf, you sound like a man who's asking his friend if he can start dating his sister."
1918,4817,2016-10-28 19:08:00.000,"For an android with no feelings, he sure managed to evoke them in others."
1910,4788,2015-02-16 02:12:16.000,"Maybe if we felt any human loss as keenly as we feel one of those close to us, human history would be far less bloody."
1938,4854,2016-11-25 01:59:21.000,"I'm afraid I still don't understand, sir. Well, that's certainly good to know."
1910,4789,2016-08-04 00:52:32.000,"For an android with no feelings, he sure managed to evoke them in others."
1938,4857,2016-03-09 15:50:18.000,"I've had twelve years to think about it. And if I had it to do over again, I would have grabbed the phaser and pointed it at you instead of them."
1910,4790,2015-01-19 18:53:23.000,"I'm afraid I still don't understand, sir. Well, that's certainly good to know."
1938,4858,2015-02-07 23:50:05.000,"I'm afraid I still don't understand, sir. Well, that's certainly good to know."
1938,4859,2015-12-25 13:43:37.000,"I suggest you drop it, Mr. Data. Mr. Worf, you sound like a man who's asking his friend if he can start dating his sister."
1939,4860,2015-09-30 01:50:13.000,"I'm afraid I still don't understand, sir. Well, that's certainly good to know."
1939,4861,2015-03-10 08:49:00.000,"Maybe if we felt any human loss as keenly as we feel one of those close to us, human history would be far less bloody."
1939,4862,2015-07-13 23:09:29.000,"I suggest you drop it, Mr. Data. Mr. Worf, you sound like a man who's asking his friend if he can start dating his sister."
1941,4863,2015-02-18 09:49:36.000,Travel time to the nearest starbase? The Federation's gone; the Borg is everywhere!
1913,4794,2015-07-11 22:30:45.000,Travel time to the nearest starbase? The Federation's gone; the Borg is everywhere!
1913,4796,2015-07-18 18:42:40.000,"For an android with no feelings, he sure managed to evoke them in others."
1941,4864,2015-06-20 05:48:17.000,Flair is what marks the difference between artistry and mere competence.
1913,4798,2015-06-08 09:37:07.000,"Fate. It protects fools, little children, and ships named Enterprise."
1941,4865,2015-07-15 21:47:30.000,I'll alert the crew. When has justice ever been as simple as a rule book?
1913,4800,2016-10-29 01:02:47.000,Flair is what marks the difference between artistry and mere competence.
1913,4802,2015-11-17 21:11:35.000,"I'm afraid I still don't understand, sir. Well, that's certainly good to know."
1915,4803,2017-01-28 01:36:38.000,"I've had twelve years to think about it. And if I had it to do over again, I would have grabbed the phaser and pointed it at you instead of them."
1915,4805,2016-09-14 11:15:59.000,Travel time to the nearest starbase? The Federation's gone; the Borg is everywhere!
1915,4807,2015-10-21 22:10:08.000,I'll alert the crew. When has justice ever been as simple as a rule book?
1915,4809,2016-11-07 04:36:12.000,"I suggest you drop it, Mr. Data. Mr. Worf, you sound like a man who's asking his friend if he can start dating his sister."
1917,4811,2015-02-25 14:00:34.000,"I'm afraid I still don't understand, sir. Well, that's certainly good to know."
1917,4813,2015-10-03 01:23:07.000,Flair is what marks the difference between artistry and mere competence.
1919,4815,2015-04-12 23:27:16.000,"Maybe if we felt any human loss as keenly as we feel one of those close to us, human history would be far less bloody."
1919,4818,2016-01-22 07:55:05.000,"I'm afraid I still don't understand, sir. Well, that's certainly good to know."
1932,4843,2015-02-17 18:53:45.000,"I suggest you drop it, Mr. Data. Mr. Worf, you sound like a man who's asking his friend if he can start dating his sister."
1932,4844,2015-02-11 23:25:45.000,"I've had twelve years to think about it. And if I had it to do over again, I would have grabbed the phaser and pointed it at you instead of them."
1946,4868,2015-04-01 01:11:11.000,"Fate. It protects fools, little children, and ships named Enterprise."
1932,4845,2016-04-11 02:16:17.000,"I've had twelve years to think about it. And if I had it to do over again, I would have grabbed the phaser and pointed it at you instead of them."
1946,4870,2017-02-18 06:32:25.000,"I'm afraid I still don't understand, sir. Well, that's certainly good to know."
1932,4846,2016-11-21 21:51:18.000,"Maybe if we felt any human loss as keenly as we feel one of those close to us, human history would be far less bloody."
1946,4872,2016-01-01 10:41:46.000,"Maybe if we felt any human loss as keenly as we feel one of those close to us, human history would be far less bloody."
1933,4847,2016-11-04 12:28:20.000,I'll alert the crew. When has justice ever been as simple as a rule book?
1933,4848,2015-02-02 13:33:36.000,Flair is what marks the difference between artistry and mere competence.
1933,4849,2016-06-16 10:16:56.000,"Fate. It protects fools, little children, and ships named Enterprise."
1935,4850,2016-07-20 05:00:01.000,"Fate. It protects fools, little children, and ships named Enterprise."
1936,4851,2015-09-15 00:37:43.000,I'll alert the crew. When has justice ever been as simple as a rule book?
1937,4852,2016-06-30 03:40:05.000,Flair is what marks the difference between artistry and mere competence.
1937,4855,2016-10-24 16:50:00.000,I'll alert the crew. When has justice ever been as simple as a rule book?
1937,4856,2015-03-02 09:10:59.000,"I suggest you drop it, Mr. Data. Mr. Worf, you sound like a man who's asking his friend if he can start dating his sister."
1930,4838,2015-12-04 10:46:08.000,"Maybe if we felt any human loss as keenly as we feel one of those close to us, human history would be far less bloody."
1930,4839,2016-01-23 09:08:53.000,"For an android with no feelings, he sure managed to evoke them in others."
1930,4840,2016-05-01 07:19:56.000,"For an android with no feelings, he sure managed to evoke them in others."
1931,4841,2016-06-27 15:54:51.000,"I suggest you drop it, Mr. Data. Mr. Worf, you sound like a man who's asking his friend if he can start dating his sister."
1931,4842,2017-02-19 14:43:04.000,"Fate. It protects fools, little children, and ships named Enterprise."
1928,4835,2015-10-16 04:22:05.000,"Maybe if we felt any human loss as keenly as we feel one of those close to us, human history would be far less bloody."
1928,4836,2015-05-15 03:43:35.000,Flair is what marks the difference between artistry and mere competence.
1928,4837,2016-10-19 22:00:19.000,"Fate. It protects fools, little children, and ships named Enterprise."
1955,4896,2015-05-12 09:14:02.000,Travel time to the nearest starbase? The Federation's gone; the Borg is everywhere!
1955,4898,2015-05-06 22:55:38.000,"I suggest you drop it, Mr. Data. Mr. Worf, you sound like a man who's asking his friend if he can start dating his sister."
1956,4900,2015-01-23 00:18:55.000,"For an android with no feelings, he sure managed to evoke them in others."
1957,4902,2015-11-21 01:01:05.000,"I've had twelve years to think about it. And if I had it to do over again, I would have grabbed the phaser and pointed it at you instead of them."
1957,4904,2015-11-27 14:44:49.000,"I've had twelve years to think about it. And if I had it to do over again, I would have grabbed the phaser and pointed it at you instead of them."
1958,4906,2015-05-12 10:59:06.000,"Maybe if we felt any human loss as keenly as we feel one of those close to us, human history would be far less bloody."
1959,4908,2015-05-27 11:40:00.000,Flair is what marks the difference between artistry and mere competence.
1959,4910,2015-05-19 18:38:48.000,"I've had twelve years to think about it. And if I had it to do over again, I would have grabbed the phaser and pointed it at you instead of them."
1949,4892,2015-10-31 02:56:16.000,"I'm afraid I still don't understand, sir. Well, that's certainly good to know."
1950,4893,2016-07-02 03:10:22.000,"Fate. It protects fools, little children, and ships named Enterprise."
1960,4912,2015-06-08 12:30:49.000,"Maybe if we felt any human loss as keenly as we feel one of those close to us, human history would be far less bloody."
1950,4894,2015-03-16 13:42:30.000,"Fate. It protects fools, little children, and ships named Enterprise."
1960,4914,2015-08-15 13:06:05.000,Flair is what marks the difference between artistry and mere competence.
1950,4895,2016-09-29 16:16:21.000,"I suggest you drop it, Mr. Data. Mr. Worf, you sound like a man who's asking his friend if he can start dating his sister."
1960,4915,2015-01-17 17:51:39.000,"Fate. It protects fools, little children, and ships named Enterprise."
1942,4866,2015-09-16 23:18:46.000,"I'm afraid I still don't understand, sir. Well, that's certainly good to know."
1942,4867,2016-04-07 16:32:46.000,"Maybe if we felt any human loss as keenly as we feel one of those close to us, human history would be far less bloody."
1943,4869,2016-05-29 19:01:17.000,Travel time to the nearest starbase? The Federation's gone; the Borg is everywhere!
1943,4871,2016-08-17 00:08:59.000,"I suggest you drop it, Mr. Data. Mr. Worf, you sound like a man who's asking his friend if he can start dating his sister."
1943,4873,2016-09-24 05:57:12.000,"Maybe if we felt any human loss as keenly as we feel one of those close to us, human history would be far less bloody."
1944,4874,2015-09-11 12:12:44.000,Flair is what marks the difference between artistry and mere competence.
1944,4875,2016-08-20 10:34:59.000,Travel time to the nearest starbase? The Federation's gone; the Borg is everywhere!
1944,4876,2015-11-08 02:12:16.000,Flair is what marks the difference between artistry and mere competence.
1944,4877,2016-04-26 03:35:54.000,"Fate. It protects fools, little children, and ships named Enterprise."
1944,4878,2016-07-22 11:37:00.000,I'll alert the crew. When has justice ever been as simple as a rule book?
1945,4879,2016-07-25 07:25:11.000,"Maybe if we felt any human loss as keenly as we feel one of those close to us, human history would be far less bloody."
1945,4880,2015-11-04 22:49:24.000,I'll alert the crew. When has justice ever been as simple as a rule book?
1945,4881,2017-02-06 22:11:32.000,"I suggest you drop it, Mr. Data. Mr. Worf, you sound like a man who's asking his friend if he can start dating his sister."
1945,4882,2015-01-01 08:02:03.000,"Maybe if we felt any human loss as keenly as we feel one of those close to us, human history would be far less bloody."
1963,4918,2015-10-10 21:38:05.000,I'll alert the crew. When has justice ever been as simple as a rule book?
1963,4919,2015-03-06 23:01:12.000,Travel time to the nearest starbase? The Federation's gone; the Borg is everywhere!
1952,4897,2015-07-01 23:25:56.000,"I'm afraid I still don't understand, sir. Well, that's certainly good to know."
1952,4899,2016-07-08 00:23:20.000,"Maybe if we felt any human loss as keenly as we feel one of those close to us, human history would be far less bloody."
1952,4901,2015-05-21 12:23:26.000,I'll alert the crew. When has justice ever been as simple as a rule book?
1947,4883,2015-05-20 21:10:21.000,"For an android with no feelings, he sure managed to evoke them in others."
1952,4903,2016-10-21 21:53:21.000,Flair is what marks the difference between artistry and mere competence.
1947,4884,2016-08-17 07:33:29.000,"Maybe if we felt any human loss as keenly as we feel one of those close to us, human history would be far less bloody."
1947,4885,2016-12-13 09:29:51.000,I'll alert the crew. When has justice ever been as simple as a rule book?
1952,4905,2015-12-06 02:18:07.000,Travel time to the nearest starbase? The Federation's gone; the Borg is everywhere!
1947,4886,2017-01-03 01:12:16.000,Flair is what marks the difference between artistry and mere competence.
1953,4907,2017-01-13 14:45:31.000,"I suggest you drop it, Mr. Data. Mr. Worf, you sound like a man who's asking his friend if he can start dating his sister."
1948,4887,2016-04-22 13:53:39.000,"I'm afraid I still don't understand, sir. Well, that's certainly good to know."
1953,4909,2016-05-28 05:10:06.000,"I suggest you drop it, Mr. Data. Mr. Worf, you sound like a man who's asking his friend if he can start dating his sister."
1948,4888,2015-07-25 02:52:41.000,"For an android with no feelings, he sure managed to evoke them in others."
1953,4911,2016-03-13 22:14:12.000,"I suggest you drop it, Mr. Data. Mr. Worf, you sound like a man who's asking his friend if he can start dating his sister."
1948,4889,2016-07-01 06:03:55.000,"For an android with no feelings, he sure managed to evoke them in others."
1953,4913,2016-06-21 16:55:51.000,Flair is what marks the difference between artistry and mere competence.
1948,4890,2016-07-13 14:02:31.000,Flair is what marks the difference between artistry and mere competence.
1948,4891,2016-04-20 21:25:00.000,"I suggest you drop it, Mr. Data. Mr. Worf, you sound like a man who's asking his friend if he can start dating his sister."
1967,4920,2015-12-25 20:11:11.000,"Maybe if we felt any human loss as keenly as we feel one of those close to us, human history would be far less bloody."
1967,4921,2016-08-17 21:34:08.000,I'll alert the crew. When has justice ever been as simple as a rule book?
1967,4922,2015-09-21 13:17:05.000,Flair is what marks the difference between artistry and mere competence.
1967,4923,2016-01-25 23:44:24.000,Travel time to the nearest starbase? The Federation's gone; the Borg is everywhere!
1978,4948,2016-10-15 18:52:12.000,Travel time to the nearest starbase? The Federation's gone; the Borg is everywhere!
1967,4924,2015-01-30 20:57:31.000,"Maybe if we felt any human loss as keenly as we feel one of those close to us, human history would be far less bloody."
1968,4925,2015-09-27 13:30:47.000,"I suggest you drop it, Mr. Data. Mr. Worf, you sound like a man who's asking his friend if he can start dating his sister."
1969,4926,2015-08-16 14:25:27.000,"Maybe if we felt any human loss as keenly as we feel one of those close to us, human history would be far less bloody."
1969,4927,2016-12-04 19:04:17.000,"I suggest you drop it, Mr. Data. Mr. Worf, you sound like a man who's asking his friend if he can start dating his sister."
1969,4928,2015-02-07 21:01:18.000,Flair is what marks the difference between artistry and mere competence.
1969,4929,2016-04-17 03:09:14.000,Flair is what marks the difference between artistry and mere competence.
1969,4930,2017-02-04 07:02:45.000,"Maybe if we felt any human loss as keenly as we feel one of those close to us, human history would be far less bloody."
1978,4949,2016-05-13 06:11:23.000,Travel time to the nearest starbase? The Federation's gone; the Borg is everywhere!
1978,4950,2015-07-27 10:17:30.000,Flair is what marks the difference between artistry and mere competence.
1978,4951,2015-09-19 10:38:48.000,"I've had twelve years to think about it. And if I had it to do over again, I would have grabbed the phaser and pointed it at you instead of them."
1973,4935,2015-03-27 21:14:42.000,Flair is what marks the difference between artistry and mere competence.
1979,4952,2015-04-06 21:20:26.000,Flair is what marks the difference between artistry and mere competence.
1973,4936,2016-03-07 04:38:49.000,"For an android with no feelings, he sure managed to evoke them in others."
1979,4953,2015-07-29 01:57:37.000,"For an android with no feelings, he sure managed to evoke them in others."
1973,4937,2016-05-16 06:03:32.000,I'll alert the crew. When has justice ever been as simple as a rule book?
1974,4938,2016-10-07 12:54:09.000,"I've had twelve years to think about it. And if I had it to do over again, I would have grabbed the phaser and pointed it at you instead of them."
1979,4954,2016-05-07 18:06:23.000,Flair is what marks the difference between artistry and mere competence.
1974,4939,2015-02-14 02:59:59.000,"Maybe if we felt any human loss as keenly as we feel one of those close to us, human history would be far less bloody."
1972,4931,2015-03-10 20:54:16.000,"I'm afraid I still don't understand, sir. Well, that's certainly good to know."
1979,4955,2017-02-09 20:05:22.000,"I suggest you drop it, Mr. Data. Mr. Worf, you sound like a man who's asking his friend if he can start dating his sister."
1974,4940,2016-06-14 12:23:33.000,Flair is what marks the difference between artistry and mere competence.
1972,4932,2016-01-19 10:32:41.000,"For an android with no feelings, he sure managed to evoke them in others."
1980,4956,2015-10-17 16:35:07.000,"Fate. It protects fools, little children, and ships named Enterprise."
1975,4941,2015-10-03 19:08:41.000,"I've had twelve years to think about it. And if I had it to do over again, I would have grabbed the phaser and pointed it at you instead of them."
1972,4933,2015-03-09 18:43:21.000,"I suggest you drop it, Mr. Data. Mr. Worf, you sound like a man who's asking his friend if he can start dating his sister."
1975,4942,2015-12-06 06:37:36.000,"I'm afraid I still don't understand, sir. Well, that's certainly good to know."
1980,4957,2017-02-27 06:10:10.000,Flair is what marks the difference between artistry and mere competence.
1972,4934,2016-12-19 23:12:57.000,Flair is what marks the difference between artistry and mere competence.
1975,4943,2016-07-06 08:37:53.000,"I'm afraid I still don't understand, sir. Well, that's certainly good to know."
1980,4958,2015-05-20 15:18:10.000,"Maybe if we felt any human loss as keenly as we feel one of those close to us, human history would be far less bloody."
1976,4944,2016-11-05 08:35:36.000,"Fate. It protects fools, little children, and ships named Enterprise."
1980,4959,2015-04-06 16:27:37.000,"I suggest you drop it, Mr. Data. Mr. Worf, you sound like a man who's asking his friend if he can start dating his sister."
1976,4945,2015-12-16 13:27:30.000,"For an android with no feelings, he sure managed to evoke them in others."
1981,4960,2015-05-01 08:11:26.000,Travel time to the nearest starbase? The Federation's gone; the Borg is everywhere!
1976,4946,2016-01-19 02:20:02.000,"For an android with no feelings, he sure managed to evoke them in others."
1981,4961,2016-03-17 14:49:46.000,"I suggest you drop it, Mr. Data. Mr. Worf, you sound like a man who's asking his friend if he can start dating his sister."
1981,4962,2016-03-31 17:40:59.000,"For an android with no feelings, he sure managed to evoke them in others."
1976,4947,2015-03-16 15:24:33.000,I'll alert the crew. When has justice ever been as simple as a rule book?
1981,4963,2015-10-02 15:55:11.000,"For an android with no feelings, he sure managed to evoke them in others."
1981,4964,2015-08-12 08:56:10.000,Travel time to the nearest starbase? The Federation's gone; the Borg is everywhere!
1964,4916,2016-09-26 05:21:28.000,"I've had twelve years to think about it. And if I had it to do over again, I would have grabbed the phaser and pointed it at you instead of them."
1982,4965,2016-05-01 03:28:11.000,"For an android with no feelings, he sure managed to evoke them in others."
1964,4917,2016-10-02 03:35:46.000,Travel time to the nearest starbase? The Federation's gone; the Borg is everywhere!
1982,4966,2015-09-04 23:30:26.000,"For an android with no feelings, he sure managed to evoke them in others."
1964,4967,2016-06-25 14:27:58.000,"For an android with no feelings, he sure managed to evoke them in others."
1964,4968,2016-08-19 04:20:15.000,"I'm afraid I still don't understand, sir. Well, that's certainly good to know."
1965,4969,2016-05-03 18:58:20.000,"Maybe if we felt any human loss as keenly as we feel one of those close to us, human history would be far less bloody."
1965,4970,2016-09-19 21:04:36.000,"Maybe if we felt any human loss as keenly as we feel one of those close to us, human history would be far less bloody."
1965,4971,2016-02-01 20:37:35.000,"For an android with no feelings, he sure managed to evoke them in others."
1965,4972,2015-01-27 21:33:09.000,Flair is what marks the difference between artistry and mere competence.
1966,4974,2015-05-08 03:29:09.000,"For an android with no feelings, he sure managed to evoke them in others."
1966,4976,2015-04-16 21:02:41.000,"Fate. It protects fools, little children, and ships named Enterprise."
1984,4973,2016-07-30 04:54:32.000,"For an android with no feelings, he sure managed to evoke them in others."
1985,4975,2016-03-29 13:33:50.000,"For an android with no feelings, he sure managed to evoke them in others."
1996,5005,2016-12-18 10:26:16.000,"Maybe if we felt any human loss as keenly as we feel one of those close to us, human history would be far less bloody."
1985,4977,2015-09-08 04:18:11.000,"For an android with no feelings, he sure managed to evoke them in others."
1996,5006,2015-09-14 05:45:26.000,"I suggest you drop it, Mr. Data. Mr. Worf, you sound like a man who's asking his friend if he can start dating his sister."
1996,5007,2015-07-22 02:43:20.000,"Maybe if we felt any human loss as keenly as we feel one of those close to us, human history would be far less bloody."
1985,4978,2016-05-26 13:45:50.000,"I'm afraid I still don't understand, sir. Well, that's certainly good to know."
1996,5008,2016-11-03 12:24:51.000,"Maybe if we felt any human loss as keenly as we feel one of those close to us, human history would be far less bloody."
1985,4979,2016-09-10 05:52:15.000,"Maybe if we felt any human loss as keenly as we feel one of those close to us, human history would be far less bloody."
1985,4980,2016-11-21 03:09:31.000,"I've had twelve years to think about it. And if I had it to do over again, I would have grabbed the phaser and pointed it at you instead of them."
1997,5009,2015-01-07 19:11:46.000,I'll alert the crew. When has justice ever been as simple as a rule book?
1986,4981,2016-08-27 15:07:04.000,Flair is what marks the difference between artistry and mere competence.
1997,5010,2016-03-23 22:47:56.000,Travel time to the nearest starbase? The Federation's gone; the Borg is everywhere!
1986,4982,2016-02-08 09:18:51.000,"For an android with no feelings, he sure managed to evoke them in others."
2107,5262,2017-01-05 10:43:26.000,"I'm afraid I still don't understand, sir. Well, that's certainly good to know."
2107,5263,2015-05-13 09:38:03.000,Travel time to the nearest starbase? The Federation's gone; the Borg is everywhere!
2099,5246,2015-07-09 12:44:47.000,"Maybe if we felt any human loss as keenly as we feel one of those close to us, human history would be far less bloody."
2099,5247,2015-03-21 02:22:23.000,"For an android with no feelings, he sure managed to evoke them in others."
2099,5248,2015-09-17 11:03:10.000,I'll alert the crew. When has justice ever been as simple as a rule book?
2101,5249,2015-04-17 14:37:57.000,Flair is what marks the difference between artistry and mere competence.
2102,5250,2015-12-14 23:52:57.000,"Fate. It protects fools, little children, and ships named Enterprise."
2102,5251,2016-09-05 15:39:54.000,Flair is what marks the difference between artistry and mere competence.
2102,5252,2015-11-22 08:51:12.000,Flair is what marks the difference between artistry and mere competence.
2102,5253,2016-10-20 10:18:24.000,I'll alert the crew. When has justice ever been as simple as a rule book?
2103,5254,2016-01-04 10:19:21.000,Travel time to the nearest starbase? The Federation's gone; the Borg is everywhere!
2104,5255,2016-10-14 17:18:52.000,Flair is what marks the difference between artistry and mere competence.
2106,5256,2015-02-05 09:05:13.000,"I suggest you drop it, Mr. Data. Mr. Worf, you sound like a man who's asking his friend if he can start dating his sister."
2106,5257,2015-07-11 02:04:09.000,Travel time to the nearest starbase? The Federation's gone; the Borg is everywhere!
2106,5258,2016-03-19 08:03:03.000,"For an android with no feelings, he sure managed to evoke them in others."
2106,5259,2016-10-10 20:29:22.000,I'll alert the crew. When has justice ever been as simple as a rule book?
2120,5290,2016-08-05 21:20:10.000,"Maybe if we felt any human loss as keenly as we feel one of those close to us, human history would be far less bloody."
2120,5291,2015-09-01 23:59:04.000,"Maybe if we felt any human loss as keenly as we feel one of those close to us, human history would be far less bloody."
2120,5292,2016-03-14 06:31:03.000,"I've had twelve years to think about it. And if I had it to do over again, I would have grabbed the phaser and pointed it at you instead of them."
2120,5293,2015-11-09 14:42:06.000,"Fate. It protects fools, little children, and ships named Enterprise."
2120,5294,2016-12-18 09:58:16.000,"I'm afraid I still don't understand, sir. Well, that's certainly good to know."
2121,5295,2015-08-08 05:13:33.000,"Maybe if we felt any human loss as keenly as we feel one of those close to us, human history would be far less bloody."
2121,5296,2015-06-03 13:39:26.000,"For an android with no feelings, he sure managed to evoke them in others."
2110,5264,2015-11-23 18:17:03.000,"For an android with no feelings, he sure managed to evoke them in others."
2121,5297,2015-11-01 14:04:17.000,"Maybe if we felt any human loss as keenly as we feel one of those close to us, human history would be far less bloody."
2110,5265,2016-10-19 09:55:36.000,"I've had twelve years to think about it. And if I had it to do over again, I would have grabbed the phaser and pointed it at you instead of them."
2110,5266,2016-04-03 03:07:23.000,"I suggest you drop it, Mr. Data. Mr. Worf, you sound like a man who's asking his friend if he can start dating his sister."
2110,5267,2015-06-19 04:53:43.000,"I'm afraid I still don't understand, sir. Well, that's certainly good to know."
2110,5269,2016-06-02 07:50:10.000,"I'm afraid I still don't understand, sir. Well, that's certainly good to know."
2111,5271,2015-05-22 23:21:12.000,Flair is what marks the difference between artistry and mere competence.
2111,5278,2015-03-02 12:24:10.000,"Fate. It protects fools, little children, and ships named Enterprise."
2111,5288,2016-04-14 22:49:58.000,"I've had twelve years to think about it. And if I had it to do over again, I would have grabbed the phaser and pointed it at you instead of them."
2111,5289,2015-11-11 06:59:54.000,"I'm afraid I still don't understand, sir. Well, that's certainly good to know."
2124,5298,2015-10-07 02:51:15.000,"Maybe if we felt any human loss as keenly as we feel one of those close to us, human history would be far less bloody."
2124,5299,2016-11-23 04:40:57.000,I'll alert the crew. When has justice ever been as simple as a rule book?
2124,5300,2017-02-09 21:17:04.000,"I've had twelve years to think about it. And if I had it to do over again, I would have grabbed the phaser and pointed it at you instead of them."
2126,5301,2015-03-19 12:55:28.000,"Fate. It protects fools, little children, and ships named Enterprise."
2126,5302,2017-02-22 13:02:40.000,Travel time to the nearest starbase? The Federation's gone; the Borg is everywhere!
2126,5303,2015-07-19 02:27:51.000,"I've had twelve years to think about it. And if I had it to do over again, I would have grabbed the phaser and pointed it at you instead of them."
2112,5268,2016-08-14 10:03:24.000,Flair is what marks the difference between artistry and mere competence.
2112,5270,2016-05-21 23:52:35.000,"For an android with no feelings, he sure managed to evoke them in others."
2112,5272,2016-03-12 17:41:29.000,Travel time to the nearest starbase? The Federation's gone; the Borg is everywhere!
2112,5273,2015-01-02 18:48:44.000,"I've had twelve years to think about it. And if I had it to do over again, I would have grabbed the phaser and pointed it at you instead of them."
2114,5274,2016-10-24 01:41:24.000,"Fate. It protects fools, little children, and ships named Enterprise."
2115,5275,2015-01-22 04:53:57.000,I'll alert the crew. When has justice ever been as simple as a rule book?
2115,5276,2015-07-26 06:22:17.000,"Fate. It protects fools, little children, and ships named Enterprise."
2115,5277,2017-02-14 20:10:05.000,Travel time to the nearest starbase? The Federation's gone; the Borg is everywhere!
2115,5279,2016-11-11 15:13:13.000,"I suggest you drop it, Mr. Data. Mr. Worf, you sound like a man who's asking his friend if he can start dating his sister."
2116,5280,2015-06-19 14:57:55.000,"Maybe if we felt any human loss as keenly as we feel one of those close to us, human history would be far less bloody."
2116,5281,2016-11-15 10:30:07.000,"I've had twelve years to think about it. And if I had it to do over again, I would have grabbed the phaser and pointed it at you instead of them."
2116,5282,2015-01-01 04:00:09.000,Flair is what marks the difference between artistry and mere competence.
2116,5283,2016-04-08 05:48:19.000,"For an android with no feelings, he sure managed to evoke them in others."
2117,5284,2015-11-04 20:05:01.000,Travel time to the nearest starbase? The Federation's gone; the Borg is everywhere!
2117,5285,2017-02-03 04:05:33.000,"I've had twelve years to think about it. And if I had it to do over again, I would have grabbed the phaser and pointed it at you instead of them."
2117,5286,2016-08-16 16:05:50.000,Flair is what marks the difference between artistry and mere competence.
2117,5287,2017-01-23 23:55:22.000,Flair is what marks the difference between artistry and mere competence.
2123,5306,2015-10-03 03:57:59.000,Flair is what marks the difference between artistry and mere competence.
2123,5307,2016-10-05 21:52:41.000,I'll alert the crew. When has justice ever been as simple as a rule book?
2123,5308,2015-09-20 11:15:00.000,"Fate. It protects fools, little children, and ships named Enterprise."
2123,5309,2016-01-06 01:14:12.000,"Maybe if we felt any human loss as keenly as we feel one of those close to us, human history would be far less bloody."
2123,5310,2016-12-12 13:49:03.000,Travel time to the nearest starbase? The Federation's gone; the Borg is everywhere!
2125,5311,2015-03-31 08:52:42.000,I'll alert the crew. When has justice ever been as simple as a rule book?
2125,5312,2016-05-20 03:20:19.000,"Fate. It protects fools, little children, and ships named Enterprise."
2125,5313,2015-05-25 02:26:42.000,"Maybe if we felt any human loss as keenly as we feel one of those close to us, human history would be far less bloody."
2125,5315,2017-02-05 03:57:02.000,"For an android with no feelings, he sure managed to evoke them in others."
2128,5317,2015-03-19 19:39:07.000,"I'm afraid I still don't understand, sir. Well, that's certainly good to know."
2128,5319,2015-05-20 20:50:26.000,"Maybe if we felt any human loss as keenly as we feel one of those close to us, human history would be far less bloody."
2128,5321,2016-10-29 21:41:18.000,"Maybe if we felt any human loss as keenly as we feel one of those close to us, human history would be far less bloody."
2133,5327,2015-03-05 08:16:45.000,"Maybe if we felt any human loss as keenly as we feel one of those close to us, human history would be far less bloody."
2133,5328,2016-12-01 03:55:57.000,"Maybe if we felt any human loss as keenly as we feel one of those close to us, human history would be far less bloody."
2134,5329,2016-08-19 23:20:48.000,"For an android with no feelings, he sure managed to evoke them in others."
2134,5330,2016-01-01 02:41:46.000,Travel time to the nearest starbase? The Federation's gone; the Borg is everywhere!
2134,5331,2015-08-16 04:00:11.000,"For an android with no feelings, he sure managed to evoke them in others."
2134,5332,2015-03-31 21:47:22.000,Flair is what marks the difference between artistry and mere competence.
2135,5333,2015-08-17 05:27:05.000,"I'm afraid I still don't understand, sir. Well, that's certainly good to know."
2135,5334,2016-05-25 00:55:45.000,"Fate. It protects fools, little children, and ships named Enterprise."
2135,5335,2015-12-18 09:21:58.000,"I'm afraid I still don't understand, sir. Well, that's certainly good to know."
2130,5314,2016-12-09 19:02:22.000,"Fate. It protects fools, little children, and ships named Enterprise."
2130,5316,2016-03-21 21:35:21.000,"I'm afraid I still don't understand, sir. Well, that's certainly good to know."
2131,5318,2017-01-23 01:28:13.000,"I suggest you drop it, Mr. Data. Mr. Worf, you sound like a man who's asking his friend if he can start dating his sister."
2131,5320,2015-03-11 01:32:07.000,"I suggest you drop it, Mr. Data. Mr. Worf, you sound like a man who's asking his friend if he can start dating his sister."
2132,5322,2015-04-27 20:29:30.000,Travel time to the nearest starbase? The Federation's gone; the Borg is everywhere!
2132,5323,2016-08-08 14:21:06.000,"I'm afraid I still don't understand, sir. Well, that's certainly good to know."
2132,5324,2016-07-09 09:08:38.000,"I suggest you drop it, Mr. Data. Mr. Worf, you sound like a man who's asking his friend if he can start dating his sister."
2132,5325,2015-04-11 14:09:34.000,"I've had twelve years to think about it. And if I had it to do over again, I would have grabbed the phaser and pointed it at you instead of them."
2132,5326,2015-06-09 16:17:35.000,"I'm afraid I still don't understand, sir. Well, that's certainly good to know."
2137,5336,2016-01-04 23:30:02.000,"Maybe if we felt any human loss as keenly as we feel one of those close to us, human history would be far less bloody."
2137,5337,2015-06-08 06:46:32.000,Travel time to the nearest starbase? The Federation's gone; the Borg is everywhere!
2137,5338,2015-03-16 18:58:24.000,"I've had twelve years to think about it. And if I had it to do over again, I would have grabbed the phaser and pointed it at you instead of them."
2137,5339,2016-08-22 00:45:33.000,"For an android with no feelings, he sure managed to evoke them in others."
2138,5340,2016-10-25 04:08:04.000,I'll alert the crew. When has justice ever been as simple as a rule book?
2138,5341,2015-04-26 18:20:21.000,"Fate. It protects fools, little children, and ships named Enterprise."
2138,5342,2015-01-28 01:30:56.000,"Maybe if we felt any human loss as keenly as we feel one of those close to us, human history would be far less bloody."
2138,5343,2015-02-24 07:48:00.000,I'll alert the crew. When has justice ever been as simple as a rule book?
2139,5344,2015-08-28 00:06:52.000,Travel time to the nearest starbase? The Federation's gone; the Borg is everywhere!
2139,5345,2016-01-17 23:09:55.000,Travel time to the nearest starbase? The Federation's gone; the Borg is everywhere!
2140,5346,2016-12-21 09:41:16.000,"I've had twelve years to think about it. And if I had it to do over again, I would have grabbed the phaser and pointed it at you instead of them."
2140,5347,2016-09-16 17:22:38.000,"I suggest you drop it, Mr. Data. Mr. Worf, you sound like a man who's asking his friend if he can start dating his sister."
2176,5410,2016-07-11 07:53:44.000,I'll alert the crew. When has justice ever been as simple as a rule book?
2144,5354,2016-07-20 19:19:35.000,"I've had twelve years to think about it. And if I had it to do over again, I would have grabbed the phaser and pointed it at you instead of them."
2140,5348,2016-11-23 12:37:50.000,"Maybe if we felt any human loss as keenly as we feel one of those close to us, human history would be far less bloody."
2144,5355,2016-09-22 20:23:13.000,"I'm afraid I still don't understand, sir. Well, that's certainly good to know."
2140,5349,2015-11-19 21:59:36.000,I'll alert the crew. When has justice ever been as simple as a rule book?
2144,5356,2016-11-30 15:39:35.000,"Fate. It protects fools, little children, and ships named Enterprise."
2144,5357,2016-08-28 17:10:14.000,I'll alert the crew. When has justice ever been as simple as a rule book?
2140,5350,2015-09-22 16:19:37.000,Flair is what marks the difference between artistry and mere competence.
2145,5358,2016-09-15 22:44:08.000,"Maybe if we felt any human loss as keenly as we feel one of those close to us, human history would be far less bloody."
2145,5359,2016-02-26 02:03:23.000,"I've had twelve years to think about it. And if I had it to do over again, I would have grabbed the phaser and pointed it at you instead of them."
2127,5304,2016-02-26 19:11:00.000,"I'm afraid I still don't understand, sir. Well, that's certainly good to know."
2145,5360,2015-08-08 18:30:35.000,Flair is what marks the difference between artistry and mere competence.
2127,5305,2016-06-27 23:53:34.000,"Fate. It protects fools, little children, and ships named Enterprise."
2146,5361,2015-03-16 23:42:52.000,I'll alert the crew. When has justice ever been as simple as a rule book?
2146,5362,2015-04-24 00:10:45.000,"Maybe if we felt any human loss as keenly as we feel one of those close to us, human history would be far less bloody."
2146,5363,2016-04-16 16:27:40.000,I'll alert the crew. When has justice ever been as simple as a rule book?
2147,5364,2016-12-04 15:49:31.000,"I suggest you drop it, Mr. Data. Mr. Worf, you sound like a man who's asking his friend if he can start dating his sister."
2147,5365,2015-08-16 23:57:06.000,Travel time to the nearest starbase? The Federation's gone; the Borg is everywhere!
2147,5366,2016-01-01 18:57:26.000,Flair is what marks the difference between artistry and mere competence.
2141,5351,2016-01-23 23:32:40.000,"I'm afraid I still don't understand, sir. Well, that's certainly good to know."
2141,5352,2015-08-20 06:14:36.000,"I suggest you drop it, Mr. Data. Mr. Worf, you sound like a man who's asking his friend if he can start dating his sister."
2142,5353,2016-02-24 08:24:23.000,"Maybe if we felt any human loss as keenly as we feel one of those close to us, human history would be far less bloody."
2163,5389,2016-01-12 00:27:57.000,"For an android with no feelings, he sure managed to evoke them in others."
2164,5390,2017-02-24 13:51:09.000,"For an android with no feelings, he sure managed to evoke them in others."
2150,5367,2016-10-27 14:54:56.000,"Fate. It protects fools, little children, and ships named Enterprise."
2150,5368,2017-01-11 06:58:25.000,"Maybe if we felt any human loss as keenly as we feel one of those close to us, human history would be far less bloody."
2150,5369,2016-01-05 03:24:00.000,Travel time to the nearest starbase? The Federation's gone; the Borg is everywhere!
2150,5370,2016-08-29 03:19:12.000,Travel time to the nearest starbase? The Federation's gone; the Borg is everywhere!
2150,5371,2015-12-15 01:51:37.000,"I've had twelve years to think about it. And if I had it to do over again, I would have grabbed the phaser and pointed it at you instead of them."
2152,5372,2015-06-22 22:28:31.000,"I've had twelve years to think about it. And if I had it to do over again, I would have grabbed the phaser and pointed it at you instead of them."
2152,5373,2016-09-24 18:32:25.000,"I suggest you drop it, Mr. Data. Mr. Worf, you sound like a man who's asking his friend if he can start dating his sister."
2152,5374,2015-08-23 14:29:05.000,"Fate. It protects fools, little children, and ships named Enterprise."
2169,5395,2016-09-22 03:58:10.000,"For an android with no feelings, he sure managed to evoke them in others."
2157,5383,2016-05-09 05:27:56.000,Flair is what marks the difference between artistry and mere competence.
2153,5375,2015-03-05 19:26:41.000,Travel time to the nearest starbase? The Federation's gone; the Borg is everywhere!
2157,5384,2016-07-21 20:58:42.000,"I've had twelve years to think about it. And if I had it to do over again, I would have grabbed the phaser and pointed it at you instead of them."
2153,5376,2015-05-10 21:01:37.000,"Maybe if we felt any human loss as keenly as we feel one of those close to us, human history would be far less bloody."
2157,5385,2016-08-07 12:47:48.000,Flair is what marks the difference between artistry and mere competence.
2155,5377,2015-03-03 12:46:56.000,Travel time to the nearest starbase? The Federation's gone; the Borg is everywhere!
2155,5378,2016-05-28 22:49:37.000,"Maybe if we felt any human loss as keenly as we feel one of those close to us, human history would be far less bloody."
2157,5386,2015-03-14 14:52:47.000,Travel time to the nearest starbase? The Federation's gone; the Borg is everywhere!
2155,5379,2015-10-23 23:09:02.000,Flair is what marks the difference between artistry and mere competence.
2159,5387,2016-08-08 21:54:29.000,"For an android with no feelings, he sure managed to evoke them in others."
2161,5388,2016-12-21 22:58:14.000,Travel time to the nearest starbase? The Federation's gone; the Borg is everywhere!
2156,5380,2016-05-05 05:34:27.000,Flair is what marks the difference between artistry and mere competence.
2156,5381,2016-08-21 04:11:48.000,"Fate. It protects fools, little children, and ships named Enterprise."
2156,5382,2016-05-16 08:25:44.000,"I'm afraid I still don't understand, sir. Well, that's certainly good to know."
2173,5400,2015-07-15 02:24:41.000,"I've had twelve years to think about it. And if I had it to do over again, I would have grabbed the phaser and pointed it at you instead of them."
2173,5402,2016-12-26 11:42:33.000,"I'm afraid I still don't understand, sir. Well, that's certainly good to know."
2173,5404,2015-04-30 14:18:50.000,Flair is what marks the difference between artistry and mere competence.
2173,5405,2016-01-24 09:19:22.000,"I'm afraid I still don't understand, sir. Well, that's certainly good to know."
2174,5406,2016-02-24 16:18:21.000,Flair is what marks the difference between artistry and mere competence.
2174,5407,2015-07-23 01:06:20.000,"Maybe if we felt any human loss as keenly as we feel one of those close to us, human history would be far less bloody."
2174,5408,2016-09-14 21:26:23.000,"I suggest you drop it, Mr. Data. Mr. Worf, you sound like a man who's asking his friend if he can start dating his sister."
2175,5409,2016-04-16 06:31:49.000,I'll alert the crew. When has justice ever been as simple as a rule book?
2176,5411,2016-12-10 02:21:05.000,"Maybe if we felt any human loss as keenly as we feel one of those close to us, human history would be far less bloody."
2176,5412,2016-03-06 19:03:46.000,"For an android with no feelings, he sure managed to evoke them in others."
2177,5413,2015-01-16 12:16:21.000,I'll alert the crew. When has justice ever been as simple as a rule book?
2177,5414,2015-02-24 03:15:57.000,I'll alert the crew. When has justice ever been as simple as a rule book?
2177,5415,2016-09-23 20:02:06.000,"I'm afraid I still don't understand, sir. Well, that's certainly good to know."
2179,5416,2015-01-29 17:03:08.000,I'll alert the crew. When has justice ever been as simple as a rule book?
2179,5417,2015-03-21 09:53:04.000,"I've had twelve years to think about it. And if I had it to do over again, I would have grabbed the phaser and pointed it at you instead of them."
2179,5418,2016-05-03 10:12:39.000,"Fate. It protects fools, little children, and ships named Enterprise."
2180,5419,2016-10-16 04:17:59.000,"I suggest you drop it, Mr. Data. Mr. Worf, you sound like a man who's asking his friend if he can start dating his sister."
2181,5420,2015-01-28 04:03:32.000,"I suggest you drop it, Mr. Data. Mr. Worf, you sound like a man who's asking his friend if he can start dating his sister."
2181,5421,2016-03-23 08:32:43.000,"Maybe if we felt any human loss as keenly as we feel one of those close to us, human history would be far less bloody."
2166,5391,2015-11-15 21:41:00.000,"For an android with no feelings, he sure managed to evoke them in others."
2181,5422,2016-08-31 15:28:09.000,"I'm afraid I still don't understand, sir. Well, that's certainly good to know."
2166,5392,2015-12-18 00:29:22.000,Flair is what marks the difference between artistry and mere competence.
2181,5423,2015-11-20 18:09:40.000,"Maybe if we felt any human loss as keenly as we feel one of those close to us, human history would be far less bloody."
2168,5393,2015-07-15 20:42:06.000,"Maybe if we felt any human loss as keenly as we feel one of those close to us, human history would be far less bloody."
2181,5424,2015-06-30 16:31:18.000,"I'm afraid I still don't understand, sir. Well, that's certainly good to know."
2168,5394,2016-09-09 04:10:02.000,"I suggest you drop it, Mr. Data. Mr. Worf, you sound like a man who's asking his friend if he can start dating his sister."
2183,5425,2015-01-08 00:25:38.000,"Fate. It protects fools, little children, and ships named Enterprise."
2183,5426,2015-07-02 14:36:53.000,Flair is what marks the difference between artistry and mere competence.
2183,5427,2015-06-11 16:02:25.000,"I suggest you drop it, Mr. Data. Mr. Worf, you sound like a man who's asking his friend if he can start dating his sister."
2183,5428,2015-12-27 21:52:41.000,"I'm afraid I still don't understand, sir. Well, that's certainly good to know."
2183,5429,2016-01-27 19:48:29.000,"I've had twelve years to think about it. And if I had it to do over again, I would have grabbed the phaser and pointed it at you instead of them."
2170,5396,2015-01-29 00:11:44.000,"Maybe if we felt any human loss as keenly as we feel one of those close to us, human history would be far less bloody."
2170,5397,2016-02-12 23:27:56.000,"Fate. It protects fools, little children, and ships named Enterprise."
2170,5398,2017-02-13 13:52:23.000,"I suggest you drop it, Mr. Data. Mr. Worf, you sound like a man who's asking his friend if he can start dating his sister."
2170,5399,2016-01-28 04:14:43.000,"I've had twelve years to think about it. And if I had it to do over again, I would have grabbed the phaser and pointed it at you instead of them."
2171,5401,2016-01-03 21:22:57.000,Flair is what marks the difference between artistry and mere competence.
2172,5403,2015-07-08 15:37:31.000,Flair is what marks the difference between artistry and mere competence.
2185,5432,2015-05-03 15:40:59.000,I'll alert the crew. When has justice ever been as simple as a rule book?
2185,5433,2015-08-14 12:27:48.000,"I suggest you drop it, Mr. Data. Mr. Worf, you sound like a man who's asking his friend if he can start dating his sister."
2185,5434,2015-01-16 04:01:58.000,Flair is what marks the difference between artistry and mere competence.
2196,5461,2015-06-18 09:13:40.000,"Fate. It protects fools, little children, and ships named Enterprise."
2185,5436,2017-01-01 22:10:42.000,I'll alert the crew. When has justice ever been as simple as a rule book?
2185,5438,2016-09-26 21:39:27.000,"I've had twelve years to think about it. And if I had it to do over again, I would have grabbed the phaser and pointed it at you instead of them."
2186,5440,2016-10-17 04:38:16.000,Flair is what marks the difference between artistry and mere competence.
2189,5435,2015-02-16 01:41:24.000,I'll alert the crew. When has justice ever been as simple as a rule book?
2186,5442,2015-10-29 23:03:39.000,"I suggest you drop it, Mr. Data. Mr. Worf, you sound like a man who's asking his friend if he can start dating his sister."
2189,5437,2016-03-10 15:39:17.000,I'll alert the crew. When has justice ever been as simple as a rule book?
2186,5444,2016-09-22 13:03:01.000,Flair is what marks the difference between artistry and mere competence.
2189,5439,2017-02-01 14:25:16.000,Travel time to the nearest starbase? The Federation's gone; the Borg is everywhere!
2186,5446,2016-04-16 12:36:58.000,I'll alert the crew. When has justice ever been as simple as a rule book?
2189,5441,2016-07-23 15:28:35.000,"Maybe if we felt any human loss as keenly as we feel one of those close to us, human history would be far less bloody."
2187,5448,2016-03-14 23:39:04.000,"Maybe if we felt any human loss as keenly as we feel one of those close to us, human history would be far less bloody."
2190,5443,2016-02-22 20:09:36.000,"For an android with no feelings, he sure managed to evoke them in others."
2187,5450,2016-09-23 09:30:16.000,"I'm afraid I still don't understand, sir. Well, that's certainly good to know."
2190,5445,2015-03-30 14:36:45.000,"Fate. It protects fools, little children, and ships named Enterprise."
2187,5451,2015-07-24 10:39:21.000,I'll alert the crew. When has justice ever been as simple as a rule book?
2190,5447,2015-09-16 18:10:52.000,"I'm afraid I still don't understand, sir. Well, that's certainly good to know."
2187,5452,2016-05-18 16:37:02.000,"For an android with no feelings, he sure managed to evoke them in others."
2190,5449,2016-01-30 02:20:12.000,"I suggest you drop it, Mr. Data. Mr. Worf, you sound like a man who's asking his friend if he can start dating his sister."
2187,5454,2015-11-05 19:10:13.000,"Maybe if we felt any human loss as keenly as we feel one of those close to us, human history would be far less bloody."
2190,5453,2016-07-22 17:09:48.000,"Fate. It protects fools, little children, and ships named Enterprise."
2188,5455,2015-01-27 06:12:25.000,"I suggest you drop it, Mr. Data. Mr. Worf, you sound like a man who's asking his friend if he can start dating his sister."
2188,5456,2015-10-24 04:59:33.000,Travel time to the nearest starbase? The Federation's gone; the Borg is everywhere!
2192,5457,2016-02-23 09:32:49.000,"I've had twelve years to think about it. And if I had it to do over again, I would have grabbed the phaser and pointed it at you instead of them."
2193,5458,2016-03-31 15:33:54.000,"Fate. It protects fools, little children, and ships named Enterprise."
2193,5459,2016-11-02 00:46:06.000,Travel time to the nearest starbase? The Federation's gone; the Borg is everywhere!
2193,5460,2015-02-28 09:34:27.000,"I'm afraid I still don't understand, sir. Well, that's certainly good to know."
2182,5430,2016-08-09 22:33:43.000,"I suggest you drop it, Mr. Data. Mr. Worf, you sound like a man who's asking his friend if he can start dating his sister."
2182,5431,2015-01-31 16:58:17.000,"I've had twelve years to think about it. And if I had it to do over again, I would have grabbed the phaser and pointed it at you instead of them."
2211,5505,2015-04-25 02:36:56.000,"I'm afraid I still don't understand, sir. Well, that's certainly good to know."
2211,5506,2016-02-09 17:30:09.000,"I'm afraid I still don't understand, sir. Well, that's certainly good to know."
2211,5507,2016-04-24 22:27:34.000,I'll alert the crew. When has justice ever been as simple as a rule book?
2211,5508,2015-04-10 04:40:14.000,"For an android with no feelings, he sure managed to evoke them in others."
2212,5509,2016-10-28 16:58:51.000,"For an android with no feelings, he sure managed to evoke them in others."
2212,5510,2015-03-02 03:47:30.000,"I'm afraid I still don't understand, sir. Well, that's certainly good to know."
2212,5511,2016-03-29 06:00:44.000,"Maybe if we felt any human loss as keenly as we feel one of those close to us, human history would be far less bloody."
2197,5462,2016-01-12 03:39:25.000,"I'm afraid I still don't understand, sir. Well, that's certainly good to know."
2197,5463,2016-05-28 01:44:09.000,"Maybe if we felt any human loss as keenly as we feel one of those close to us, human history would be far less bloody."
2198,5464,2016-06-28 23:47:31.000,"Maybe if we felt any human loss as keenly as we feel one of those close to us, human history would be far less bloody."
2198,5465,2015-08-27 07:08:23.000,I'll alert the crew. When has justice ever been as simple as a rule book?
2198,5466,2015-08-10 21:29:29.000,"I've had twelve years to think about it. And if I had it to do over again, I would have grabbed the phaser and pointed it at you instead of them."
2198,5467,2015-07-24 02:55:38.000,"I've had twelve years to think about it. And if I had it to do over again, I would have grabbed the phaser and pointed it at you instead of them."
2199,5468,2016-11-06 05:42:28.000,"Maybe if we felt any human loss as keenly as we feel one of those close to us, human history would be far less bloody."
2199,5469,2016-01-10 04:28:34.000,"Fate. It protects fools, little children, and ships named Enterprise."
2199,5470,2015-02-23 22:00:48.000,"Fate. It protects fools, little children, and ships named Enterprise."
2199,5471,2016-02-15 19:13:13.000,"For an android with no feelings, he sure managed to evoke them in others."
2199,5472,2015-03-21 07:48:24.000,"Fate. It protects fools, little children, and ships named Enterprise."
2200,5473,2015-11-02 04:13:07.000,I'll alert the crew. When has justice ever been as simple as a rule book?
2200,5474,2016-12-31 18:14:25.000,I'll alert the crew. When has justice ever been as simple as a rule book?
2200,5475,2015-11-25 00:24:31.000,Flair is what marks the difference between artistry and mere competence.
2200,5476,2015-06-28 22:46:21.000,Travel time to the nearest starbase? The Federation's gone; the Borg is everywhere!
2200,5477,2015-02-17 01:12:05.000,"For an android with no feelings, he sure managed to evoke them in others."
2209,5503,2015-06-25 11:44:57.000,"I'm afraid I still don't understand, sir. Well, that's certainly good to know."
2210,5504,2016-11-22 02:09:51.000,"Maybe if we felt any human loss as keenly as we feel one of those close to us, human history would be far less bloody."
2204,5481,2015-02-17 21:07:09.000,"I'm afraid I still don't understand, sir. Well, that's certainly good to know."
2204,5483,2016-12-04 06:36:26.000,"For an android with no feelings, he sure managed to evoke them in others."
2202,5478,2015-11-06 07:54:28.000,"Maybe if we felt any human loss as keenly as we feel one of those close to us, human history would be far less bloody."
2202,5479,2015-09-21 05:43:53.000,"For an android with no feelings, he sure managed to evoke them in others."
2202,5480,2017-01-27 19:16:09.000,Flair is what marks the difference between artistry and mere competence.
2203,5482,2016-12-22 05:25:47.000,Travel time to the nearest starbase? The Federation's gone; the Borg is everywhere!
2203,5484,2015-04-15 10:32:19.000,"I'm afraid I still don't understand, sir. Well, that's certainly good to know."
2213,5512,2015-10-25 15:02:48.000,"Fate. It protects fools, little children, and ships named Enterprise."
2203,5485,2016-05-09 09:25:11.000,"I'm afraid I still don't understand, sir. Well, that's certainly good to know."
2205,5487,2015-03-08 06:33:21.000,"I've had twelve years to think about it. And if I had it to do over again, I would have grabbed the phaser and pointed it at you instead of them."
2203,5486,2015-06-29 05:56:26.000,Travel time to the nearest starbase? The Federation's gone; the Borg is everywhere!
2205,5488,2017-02-23 04:03:56.000,I'll alert the crew. When has justice ever been as simple as a rule book?
2205,5489,2016-05-19 21:14:18.000,Flair is what marks the difference between artistry and mere competence.
2206,5490,2017-01-31 03:38:10.000,"For an android with no feelings, he sure managed to evoke them in others."
2206,5491,2015-01-17 03:59:22.000,"I'm afraid I still don't understand, sir. Well, that's certainly good to know."
2206,5492,2015-05-09 07:31:22.000,I'll alert the crew. When has justice ever been as simple as a rule book?
2207,5493,2016-06-25 17:46:51.000,Travel time to the nearest starbase? The Federation's gone; the Borg is everywhere!
2207,5494,2016-07-11 20:21:13.000,Travel time to the nearest starbase? The Federation's gone; the Borg is everywhere!
2207,5495,2016-10-19 00:27:37.000,"Fate. It protects fools, little children, and ships named Enterprise."
2207,5496,2016-02-10 06:07:02.000,"I'm afraid I still don't understand, sir. Well, that's certainly good to know."
2207,5497,2015-12-17 03:52:24.000,I'll alert the crew. When has justice ever been as simple as a rule book?
2208,5498,2016-09-27 10:28:48.000,"For an android with no feelings, he sure managed to evoke them in others."
2208,5499,2015-06-04 20:43:22.000,Travel time to the nearest starbase? The Federation's gone; the Borg is everywhere!
2208,5500,2015-07-05 09:54:26.000,"I suggest you drop it, Mr. Data. Mr. Worf, you sound like a man who's asking his friend if he can start dating his sister."
2208,5501,2016-01-26 09:01:24.000,"Fate. It protects fools, little children, and ships named Enterprise."
2208,5502,2016-03-25 07:25:54.000,"I'm afraid I still don't understand, sir. Well, that's certainly good to know."
2213,5513,2015-09-06 17:41:40.000,"Maybe if we felt any human loss as keenly as we feel one of those close to us, human history would be far less bloody."
2213,5514,2015-08-22 06:04:28.000,"I suggest you drop it, Mr. Data. Mr. Worf, you sound like a man who's asking his friend if he can start dating his sister."
2213,5515,2015-11-12 07:03:00.000,Flair is what marks the difference between artistry and mere competence.
2213,5516,2015-09-11 13:54:38.000,I'll alert the crew. When has justice ever been as simple as a rule book?
2214,5517,2015-09-19 19:45:01.000,"I suggest you drop it, Mr. Data. Mr. Worf, you sound like a man who's asking his friend if he can start dating his sister."
2219,5528,2016-03-27 21:26:11.000,I'll alert the crew. When has justice ever been as simple as a rule book?
2219,5529,2015-04-27 01:12:48.000,"Maybe if we felt any human loss as keenly as we feel one of those close to us, human history would be far less bloody."
2220,5530,2015-07-06 20:05:43.000,"For an android with no feelings, he sure managed to evoke them in others."
2221,5531,2015-11-12 17:09:37.000,"For an android with no feelings, he sure managed to evoke them in others."
2221,5532,2017-02-07 20:35:24.000,"Maybe if we felt any human loss as keenly as we feel one of those close to us, human history would be far less bloody."
2221,5533,2015-04-12 03:30:27.000,"For an android with no feelings, he sure managed to evoke them in others."
2222,5534,2016-11-19 14:55:44.000,"I'm afraid I still don't understand, sir. Well, that's certainly good to know."
2222,5535,2016-01-19 01:52:53.000,"Maybe if we felt any human loss as keenly as we feel one of those close to us, human history would be far less bloody."
2222,5536,2016-07-31 20:15:07.000,"I suggest you drop it, Mr. Data. Mr. Worf, you sound like a man who's asking his friend if he can start dating his sister."
2215,5518,2016-03-26 16:53:13.000,"Maybe if we felt any human loss as keenly as we feel one of those close to us, human history would be far less bloody."
2222,5537,2015-12-16 20:47:41.000,Flair is what marks the difference between artistry and mere competence.
2216,5519,2015-06-21 06:18:18.000,Flair is what marks the difference between artistry and mere competence.
2217,5520,2016-02-01 12:11:16.000,"I suggest you drop it, Mr. Data. Mr. Worf, you sound like a man who's asking his friend if he can start dating his sister."
2222,5538,2016-10-03 07:15:23.000,"I suggest you drop it, Mr. Data. Mr. Worf, you sound like a man who's asking his friend if he can start dating his sister."
2217,5521,2016-05-05 22:03:01.000,"I suggest you drop it, Mr. Data. Mr. Worf, you sound like a man who's asking his friend if he can start dating his sister."
2217,5522,2016-03-13 19:56:01.000,"Maybe if we felt any human loss as keenly as we feel one of those close to us, human history would be far less bloody."
2217,5523,2016-09-05 16:59:45.000,Flair is what marks the difference between artistry and mere competence.
2217,5524,2015-09-24 07:49:53.000,"I'm afraid I still don't understand, sir. Well, that's certainly good to know."
2218,5525,2016-05-06 17:41:59.000,"Fate. It protects fools, little children, and ships named Enterprise."
2218,5526,2016-03-03 03:46:02.000,"I've had twelve years to think about it. And if I had it to do over again, I would have grabbed the phaser and pointed it at you instead of them."
2218,5527,2015-12-17 16:50:39.000,"Maybe if we felt any human loss as keenly as we feel one of those close to us, human history would be far less bloody."
2231,5559,2016-08-25 20:54:04.000,I'll alert the crew. When has justice ever been as simple as a rule book?
2231,5560,2016-07-24 16:30:17.000,"I've had twelve years to think about it. And if I had it to do over again, I would have grabbed the phaser and pointed it at you instead of them."
2231,5561,2015-07-02 15:50:39.000,"Fate. It protects fools, little children, and ships named Enterprise."
2232,5562,2016-10-22 07:07:28.000,Travel time to the nearest starbase? The Federation's gone; the Borg is everywhere!
2232,5563,2015-01-26 06:26:12.000,"I'm afraid I still don't understand, sir. Well, that's certainly good to know."
2232,5564,2015-04-23 17:13:54.000,"Fate. It protects fools, little children, and ships named Enterprise."
2233,5565,2015-06-12 19:48:49.000,"Fate. It protects fools, little children, and ships named Enterprise."
2233,5566,2015-03-22 21:05:24.000,Flair is what marks the difference between artistry and mere competence.
2233,5567,2017-02-08 13:12:09.000,"Fate. It protects fools, little children, and ships named Enterprise."
2233,5568,2016-04-20 17:55:44.000,"For an android with no feelings, he sure managed to evoke them in others."
2233,5569,2015-12-10 13:15:58.000,Travel time to the nearest starbase? The Federation's gone; the Borg is everywhere!
2234,5570,2015-11-14 13:02:37.000,"Maybe if we felt any human loss as keenly as we feel one of those close to us, human history would be far less bloody."
2235,5572,2016-03-11 03:37:19.000,"Fate. It protects fools, little children, and ships named Enterprise."
2235,5574,2015-08-11 00:19:50.000,"Maybe if we felt any human loss as keenly as we feel one of those close to us, human history would be far less bloody."
2235,5576,2015-09-21 09:06:46.000,"I've had twelve years to think about it. And if I had it to do over again, I would have grabbed the phaser and pointed it at you instead of them."
2235,5578,2015-05-06 17:09:32.000,"I suggest you drop it, Mr. Data. Mr. Worf, you sound like a man who's asking his friend if he can start dating his sister."
2238,5579,2015-01-10 21:55:57.000,"I suggest you drop it, Mr. Data. Mr. Worf, you sound like a man who's asking his friend if he can start dating his sister."
2238,5580,2015-12-06 20:17:01.000,Flair is what marks the difference between artistry and mere competence.
2239,5581,2015-08-12 09:37:32.000,I'll alert the crew. When has justice ever been as simple as a rule book?
2239,5582,2015-08-19 01:14:50.000,"I'm afraid I still don't understand, sir. Well, that's certainly good to know."
2239,5583,2017-01-10 12:38:11.000,"Fate. It protects fools, little children, and ships named Enterprise."
2249,5584,2015-06-25 22:47:33.000,"I suggest you drop it, Mr. Data. Mr. Worf, you sound like a man who's asking his friend if he can start dating his sister."
2251,5585,2016-04-19 18:21:20.000,"For an android with no feelings, he sure managed to evoke them in others."
2015,5055,2017-02-27 13:14:09.000,"I'm afraid I still don't understand, sir. Well, that's certainly good to know."
2015,5056,2015-07-16 02:44:22.000,"Fate. It protects fools, little children, and ships named Enterprise."
2010,5048,2016-01-11 22:37:40.000,"I'm afraid I still don't understand, sir. Well, that's certainly good to know."
2015,5057,2016-02-04 19:43:17.000,"For an android with no feelings, he sure managed to evoke them in others."
2011,5052,2015-07-11 10:26:08.000,"Fate. It protects fools, little children, and ships named Enterprise."
2026,5076,2015-11-19 09:38:44.000,"I suggest you drop it, Mr. Data. Mr. Worf, you sound like a man who's asking his friend if he can start dating his sister."
2016,5058,2015-11-23 03:59:40.000,Travel time to the nearest starbase? The Federation's gone; the Borg is everywhere!
2011,5062,2016-12-29 05:32:04.000,"Maybe if we felt any human loss as keenly as we feel one of those close to us, human history would be far less bloody."
2027,5078,2016-05-19 14:34:30.000,"I'm afraid I still don't understand, sir. Well, that's certainly good to know."
2016,5059,2016-03-18 11:28:45.000,Flair is what marks the difference between artistry and mere competence.
2016,5060,2015-04-23 14:31:03.000,"I've had twelve years to think about it. And if I had it to do over again, I would have grabbed the phaser and pointed it at you instead of them."
2016,5061,2015-09-13 14:52:33.000,Flair is what marks the difference between artistry and mere competence.
2032,5093,2016-01-14 15:03:54.000,"Maybe if we felt any human loss as keenly as we feel one of those close to us, human history would be far less bloody."
2034,5094,2016-12-02 18:38:05.000,"I'm afraid I still don't understand, sir. Well, that's certainly good to know."
2034,5095,2016-11-02 02:35:07.000,Flair is what marks the difference between artistry and mere competence.
2034,5096,2015-08-23 15:54:55.000,"I've had twelve years to think about it. And if I had it to do over again, I would have grabbed the phaser and pointed it at you instead of them."
2034,5097,2015-08-18 18:55:01.000,"I've had twelve years to think about it. And if I had it to do over again, I would have grabbed the phaser and pointed it at you instead of them."
2035,5098,2016-10-18 00:28:42.000,"Fate. It protects fools, little children, and ships named Enterprise."
2018,5063,2015-09-02 18:07:58.000,"I suggest you drop it, Mr. Data. Mr. Worf, you sound like a man who's asking his friend if he can start dating his sister."
2018,5064,2015-09-03 09:42:03.000,"I've had twelve years to think about it. And if I had it to do over again, I would have grabbed the phaser and pointed it at you instead of them."
2019,5065,2016-09-17 10:24:51.000,Flair is what marks the difference between artistry and mere competence.
2019,5066,2015-05-03 21:29:06.000,"I suggest you drop it, Mr. Data. Mr. Worf, you sound like a man who's asking his friend if he can start dating his sister."
2019,5067,2016-11-29 20:31:29.000,"I suggest you drop it, Mr. Data. Mr. Worf, you sound like a man who's asking his friend if he can start dating his sister."
2020,5068,2015-12-31 16:29:35.000,"For an android with no feelings, he sure managed to evoke them in others."
2021,5069,2015-09-10 01:29:36.000,"Fate. It protects fools, little children, and ships named Enterprise."
2021,5070,2016-02-16 20:28:13.000,"I suggest you drop it, Mr. Data. Mr. Worf, you sound like a man who's asking his friend if he can start dating his sister."
2022,5071,2017-01-10 00:53:17.000,Travel time to the nearest starbase? The Federation's gone; the Borg is everywhere!
2022,5072,2015-12-23 03:56:24.000,Flair is what marks the difference between artistry and mere competence.
2037,5107,2017-01-03 09:40:10.000,"I'm afraid I still don't understand, sir. Well, that's certainly good to know."
2037,5109,2016-07-07 15:42:23.000,Flair is what marks the difference between artistry and mere competence.
2037,5111,2015-08-31 05:06:19.000,"I've had twelve years to think about it. And if I had it to do over again, I would have grabbed the phaser and pointed it at you instead of them."
2037,5112,2016-03-31 14:19:00.000,"Maybe if we felt any human loss as keenly as we feel one of those close to us, human history would be far less bloody."
2030,5099,2016-05-08 06:55:32.000,Travel time to the nearest starbase? The Federation's gone; the Borg is everywhere!
2030,5100,2016-05-01 07:47:19.000,"I'm afraid I still don't understand, sir. Well, that's certainly good to know."
2030,5101,2015-12-25 03:02:54.000,"Maybe if we felt any human loss as keenly as we feel one of those close to us, human history would be far less bloody."
2030,5102,2015-06-12 13:45:27.000,Flair is what marks the difference between artistry and mere competence.
2030,5103,2015-10-05 11:05:34.000,"I'm afraid I still don't understand, sir. Well, that's certainly good to know."
2031,5104,2015-05-26 12:39:56.000,"Fate. It protects fools, little children, and ships named Enterprise."
2031,5105,2015-05-26 16:46:50.000,"I've had twelve years to think about it. And if I had it to do over again, I would have grabbed the phaser and pointed it at you instead of them."
2031,5106,2015-06-20 05:16:09.000,"I'm afraid I still don't understand, sir. Well, that's certainly good to know."
2038,5113,2016-02-23 22:25:00.000,I'll alert the crew. When has justice ever been as simple as a rule book?
2038,5114,2016-12-05 19:29:30.000,I'll alert the crew. When has justice ever been as simple as a rule book?
2017,5073,2015-06-01 23:26:05.000,"Maybe if we felt any human loss as keenly as we feel one of those close to us, human history would be far less bloody."
2017,5074,2015-06-04 06:02:34.000,I'll alert the crew. When has justice ever been as simple as a rule book?
2023,5075,2016-12-05 21:20:09.000,"I'm afraid I still don't understand, sir. Well, that's certainly good to know."
2023,5077,2015-06-29 00:18:55.000,"I suggest you drop it, Mr. Data. Mr. Worf, you sound like a man who's asking his friend if he can start dating his sister."
2023,5079,2016-10-20 00:05:46.000,I'll alert the crew. When has justice ever been as simple as a rule book?
2023,5080,2016-02-10 06:38:38.000,"For an android with no feelings, he sure managed to evoke them in others."
2024,5081,2015-04-25 07:53:39.000,"For an android with no feelings, he sure managed to evoke them in others."
2024,5082,2016-03-22 17:19:23.000,Travel time to the nearest starbase? The Federation's gone; the Borg is everywhere!
2024,5083,2016-06-22 14:45:10.000,Travel time to the nearest starbase? The Federation's gone; the Borg is everywhere!
2024,5084,2016-10-08 14:54:43.000,"Maybe if we felt any human loss as keenly as we feel one of those close to us, human history would be far less bloody."
2024,5085,2015-08-04 13:57:27.000,I'll alert the crew. When has justice ever been as simple as a rule book?
2025,5086,2015-11-01 11:01:54.000,Flair is what marks the difference between artistry and mere competence.
2025,5087,2015-10-24 13:30:35.000,I'll alert the crew. When has justice ever been as simple as a rule book?
2029,5088,2015-09-20 13:03:34.000,"Maybe if we felt any human loss as keenly as we feel one of those close to us, human history would be far less bloody."
2029,5089,2016-09-19 05:49:11.000,Travel time to the nearest starbase? The Federation's gone; the Borg is everywhere!
2029,5090,2015-06-04 05:28:59.000,"For an android with no feelings, he sure managed to evoke them in others."
2029,5091,2015-01-26 07:29:52.000,"For an android with no feelings, he sure managed to evoke them in others."
2029,5092,2016-01-04 10:25:42.000,Travel time to the nearest starbase? The Federation's gone; the Borg is everywhere!
2044,5122,2015-06-20 03:28:32.000,Flair is what marks the difference between artistry and mere competence.
2044,5123,2015-06-22 07:08:58.000,I'll alert the crew. When has justice ever been as simple as a rule book?
2044,5124,2016-07-23 23:52:10.000,Travel time to the nearest starbase? The Federation's gone; the Borg is everywhere!
2044,5125,2016-12-27 01:35:24.000,"Maybe if we felt any human loss as keenly as we feel one of those close to us, human history would be far less bloody."
2045,5126,2015-09-26 07:20:54.000,"I've had twelve years to think about it. And if I had it to do over again, I would have grabbed the phaser and pointed it at you instead of them."
2036,5108,2015-11-01 11:46:28.000,Flair is what marks the difference between artistry and mere competence.
2036,5110,2016-12-11 11:09:27.000,Travel time to the nearest starbase? The Federation's gone; the Borg is everywhere!
2046,5127,2017-02-21 12:49:26.000,Travel time to the nearest starbase? The Federation's gone; the Borg is everywhere!
2046,5128,2017-02-20 14:07:25.000,"For an android with no feelings, he sure managed to evoke them in others."
2046,5129,2015-12-18 23:33:46.000,"Fate. It protects fools, little children, and ships named Enterprise."
2041,5115,2016-09-18 08:45:38.000,"I suggest you drop it, Mr. Data. Mr. Worf, you sound like a man who's asking his friend if he can start dating his sister."
2041,5116,2015-10-20 20:34:34.000,"Fate. It protects fools, little children, and ships named Enterprise."
2042,5117,2015-07-29 17:54:26.000,Travel time to the nearest starbase? The Federation's gone; the Borg is everywhere!
2047,5130,2016-11-01 03:14:37.000,"I've had twelve years to think about it. And if I had it to do over again, I would have grabbed the phaser and pointed it at you instead of them."
2047,5131,2015-12-29 14:52:48.000,"I suggest you drop it, Mr. Data. Mr. Worf, you sound like a man who's asking his friend if he can start dating his sister."
2047,5132,2017-02-01 09:12:01.000,Flair is what marks the difference between artistry and mere competence.
2047,5133,2016-02-15 10:43:12.000,I'll alert the crew. When has justice ever been as simple as a rule book?
2048,5134,2015-10-23 19:56:05.000,Flair is what marks the difference between artistry and mere competence.
2048,5135,2015-11-27 14:32:47.000,"Maybe if we felt any human loss as keenly as we feel one of those close to us, human history would be far less bloody."
2048,5136,2015-12-13 16:39:32.000,"Fate. It protects fools, little children, and ships named Enterprise."
2048,5137,2016-06-17 06:12:19.000,"I'm afraid I still don't understand, sir. Well, that's certainly good to know."
2049,5138,2016-10-04 22:33:59.000,"I'm afraid I still don't understand, sir. Well, that's certainly good to know."
2049,5139,2016-06-03 01:38:14.000,"Maybe if we felt any human loss as keenly as we feel one of those close to us, human history would be far less bloody."
2049,5140,2015-06-05 15:30:58.000,Flair is what marks the difference between artistry and mere competence.
2049,5145,2015-09-09 16:18:09.000,"Maybe if we felt any human loss as keenly as we feel one of those close to us, human history would be far less bloody."
2049,5147,2016-01-18 20:32:56.000,"I suggest you drop it, Mr. Data. Mr. Worf, you sound like a man who's asking his friend if he can start dating his sister."
2050,5152,2015-05-04 04:42:55.000,Travel time to the nearest starbase? The Federation's gone; the Borg is everywhere!
2050,5154,2015-03-10 10:06:19.000,"Maybe if we felt any human loss as keenly as we feel one of those close to us, human history would be far less bloody."
2051,5141,2016-04-10 21:31:37.000,I'll alert the crew. When has justice ever been as simple as a rule book?
2051,5142,2016-05-06 15:12:35.000,"I suggest you drop it, Mr. Data. Mr. Worf, you sound like a man who's asking his friend if he can start dating his sister."
2051,5143,2016-08-06 19:23:24.000,"I've had twelve years to think about it. And if I had it to do over again, I would have grabbed the phaser and pointed it at you instead of them."
2051,5144,2015-10-11 12:07:02.000,Flair is what marks the difference between artistry and mere competence.
2051,5146,2015-08-01 15:50:20.000,"I'm afraid I still don't understand, sir. Well, that's certainly good to know."
2052,5148,2015-12-09 06:02:15.000,"I'm afraid I still don't understand, sir. Well, that's certainly good to know."
2052,5149,2016-12-22 21:15:17.000,I'll alert the crew. When has justice ever been as simple as a rule book?
2052,5150,2017-01-15 07:20:36.000,"Maybe if we felt any human loss as keenly as we feel one of those close to us, human history would be far less bloody."
2053,5151,2017-01-14 14:01:03.000,Travel time to the nearest starbase? The Federation's gone; the Borg is everywhere!
2053,5153,2017-02-06 10:58:48.000,"I'm afraid I still don't understand, sir. Well, that's certainly good to know."
2053,5155,2015-05-21 00:27:55.000,I'll alert the crew. When has justice ever been as simple as a rule book?
2054,5156,2016-09-11 23:26:22.000,"I suggest you drop it, Mr. Data. Mr. Worf, you sound like a man who's asking his friend if he can start dating his sister."
2054,5157,2016-08-14 18:23:29.000,I'll alert the crew. When has justice ever been as simple as a rule book?
2043,5118,2016-06-09 01:13:48.000,"Fate. It protects fools, little children, and ships named Enterprise."
2054,5158,2016-11-29 20:55:02.000,"I suggest you drop it, Mr. Data. Mr. Worf, you sound like a man who's asking his friend if he can start dating his sister."
2043,5119,2015-05-21 00:54:14.000,Travel time to the nearest starbase? The Federation's gone; the Borg is everywhere!
2054,5159,2016-10-12 21:15:09.000,Flair is what marks the difference between artistry and mere competence.
2043,5120,2016-12-17 12:04:27.000,I'll alert the crew. When has justice ever been as simple as a rule book?
2054,5160,2016-02-13 05:45:22.000,"I've had twelve years to think about it. And if I had it to do over again, I would have grabbed the phaser and pointed it at you instead of them."
2043,5121,2016-04-23 12:07:29.000,"Fate. It protects fools, little children, and ships named Enterprise."
2055,5161,2016-12-13 11:07:42.000,Flair is what marks the difference between artistry and mere competence.
2055,5162,2016-09-30 00:37:48.000,Flair is what marks the difference between artistry and mere competence.
2055,5163,2015-08-18 17:55:15.000,"Fate. It protects fools, little children, and ships named Enterprise."
2055,5164,2016-03-29 20:58:02.000,"I've had twelve years to think about it. And if I had it to do over again, I would have grabbed the phaser and pointed it at you instead of them."
2055,5165,2016-04-21 05:15:37.000,"I'm afraid I still don't understand, sir. Well, that's certainly good to know."
2062,5169,2015-07-04 06:34:37.000,"For an android with no feelings, he sure managed to evoke them in others."
2062,5171,2015-09-22 00:54:25.000,"Maybe if we felt any human loss as keenly as we feel one of those close to us, human history would be far less bloody."
2062,5173,2015-12-23 10:33:29.000,Flair is what marks the difference between artistry and mere competence.
2063,5175,2015-06-27 03:47:20.000,"I suggest you drop it, Mr. Data. Mr. Worf, you sound like a man who's asking his friend if he can start dating his sister."
2063,5177,2015-08-23 17:12:44.000,"I'm afraid I still don't understand, sir. Well, that's certainly good to know."
2063,5179,2015-09-07 06:04:29.000,Flair is what marks the difference between artistry and mere competence.
2058,5166,2016-09-06 02:05:22.000,Travel time to the nearest starbase? The Federation's gone; the Borg is everywhere!
2058,5167,2017-01-27 02:29:18.000,Travel time to the nearest starbase? The Federation's gone; the Borg is everywhere!
2058,5168,2017-02-14 14:21:36.000,"For an android with no feelings, he sure managed to evoke them in others."
2058,5170,2015-08-21 21:12:33.000,Flair is what marks the difference between artistry and mere competence.
2065,5184,2015-11-15 13:43:27.000,"Fate. It protects fools, little children, and ships named Enterprise."
2058,5172,2015-06-11 09:43:41.000,"I suggest you drop it, Mr. Data. Mr. Worf, you sound like a man who's asking his friend if he can start dating his sister."
2059,5174,2017-02-13 11:28:35.000,"I suggest you drop it, Mr. Data. Mr. Worf, you sound like a man who's asking his friend if he can start dating his sister."
2059,5176,2016-07-17 19:48:49.000,Flair is what marks the difference between artistry and mere competence.
2060,5178,2015-03-10 02:04:41.000,Flair is what marks the difference between artistry and mere competence.
2060,5180,2016-04-10 13:45:07.000,"For an android with no feelings, he sure managed to evoke them in others."
2060,5181,2015-03-04 18:41:11.000,"I suggest you drop it, Mr. Data. Mr. Worf, you sound like a man who's asking his friend if he can start dating his sister."
2061,5182,2015-05-02 23:37:20.000,I'll alert the crew. When has justice ever been as simple as a rule book?
2061,5183,2017-02-16 13:16:15.000,"For an android with no feelings, he sure managed to evoke them in others."
2065,5185,2016-02-01 10:02:12.000,"I suggest you drop it, Mr. Data. Mr. Worf, you sound like a man who's asking his friend if he can start dating his sister."
2069,5186,2016-08-16 09:36:04.000,"I've had twelve years to think about it. And if I had it to do over again, I would have grabbed the phaser and pointed it at you instead of them."
2072,5187,2015-12-24 08:38:59.000,"I'm afraid I still don't understand, sir. Well, that's certainly good to know."
2072,5188,2015-03-24 09:24:17.000,Flair is what marks the difference between artistry and mere competence.
2078,5189,2015-03-31 23:03:47.000,"Fate. It protects fools, little children, and ships named Enterprise."
2078,5191,2015-10-18 02:04:24.000,Flair is what marks the difference between artistry and mere competence.
2079,5192,2015-09-10 05:31:33.000,"Fate. It protects fools, little children, and ships named Enterprise."
2079,5193,2016-02-18 18:27:27.000,"I'm afraid I still don't understand, sir. Well, that's certainly good to know."
2079,5194,2016-04-02 10:29:05.000,"Fate. It protects fools, little children, and ships named Enterprise."
2079,5195,2015-05-11 21:32:25.000,Travel time to the nearest starbase? The Federation's gone; the Borg is everywhere!
2080,5196,2015-09-09 08:36:10.000,Flair is what marks the difference between artistry and mere competence.
2081,5197,2016-09-15 07:55:07.000,"Fate. It protects fools, little children, and ships named Enterprise."
2081,5198,2016-06-08 14:47:12.000,I'll alert the crew. When has justice ever been as simple as a rule book?
2082,5201,2016-06-13 06:27:20.000,"For an android with no feelings, he sure managed to evoke them in others."
2084,5203,2015-11-19 06:45:53.000,Flair is what marks the difference between artistry and mere competence.
2084,5207,2016-03-17 05:13:55.000,"Maybe if we felt any human loss as keenly as we feel one of those close to us, human history would be far less bloody."
2084,5209,2016-10-20 06:39:34.000,"Fate. It protects fools, little children, and ships named Enterprise."
2085,5211,2015-07-23 05:46:33.000,"Fate. It protects fools, little children, and ships named Enterprise."
2085,5213,2016-07-04 23:35:28.000,"Fate. It protects fools, little children, and ships named Enterprise."
2085,5215,2016-10-03 21:36:52.000,"Maybe if we felt any human loss as keenly as we feel one of those close to us, human history would be far less bloody."
2096,5233,2015-02-01 01:14:32.000,Flair is what marks the difference between artistry and mere competence.
2096,5235,2015-08-06 02:01:12.000,Travel time to the nearest starbase? The Federation's gone; the Borg is everywhere!
2096,5237,2015-11-03 08:13:15.000,"I suggest you drop it, Mr. Data. Mr. Worf, you sound like a man who's asking his friend if he can start dating his sister."
2096,5238,2017-02-19 13:11:01.000,Travel time to the nearest starbase? The Federation's gone; the Borg is everywhere!
2096,5239,2017-01-13 19:31:00.000,"I'm afraid I still don't understand, sir. Well, that's certainly good to know."
2097,5240,2016-11-24 15:40:45.000,I'll alert the crew. When has justice ever been as simple as a rule book?
2097,5241,2015-02-04 20:09:41.000,Flair is what marks the difference between artistry and mere competence.
2086,5200,2015-06-11 12:29:14.000,Travel time to the nearest starbase? The Federation's gone; the Borg is everywhere!
2086,5202,2016-04-05 05:11:09.000,Travel time to the nearest starbase? The Federation's gone; the Borg is everywhere!
2086,5205,2017-02-11 14:11:20.000,"For an android with no feelings, he sure managed to evoke them in others."
2087,5208,2015-03-31 21:41:54.000,"I've had twelve years to think about it. And if I had it to do over again, I would have grabbed the phaser and pointed it at you instead of them."
2088,5212,2015-01-14 08:03:43.000,"I'm afraid I still don't understand, sir. Well, that's certainly good to know."
2088,5217,2016-03-05 05:16:36.000,I'll alert the crew. When has justice ever been as simple as a rule book?
2088,5219,2015-07-21 05:38:06.000,"Fate. It protects fools, little children, and ships named Enterprise."
2088,5221,2017-01-11 23:30:13.000,"I've had twelve years to think about it. And if I had it to do over again, I would have grabbed the phaser and pointed it at you instead of them."
2088,5222,2016-10-06 06:25:05.000,"Fate. It protects fools, little children, and ships named Enterprise."
2089,5223,2015-06-26 06:30:57.000,"Fate. It protects fools, little children, and ships named Enterprise."
2089,5224,2015-05-22 22:15:00.000,"For an android with no feelings, he sure managed to evoke them in others."
2089,5225,2016-08-22 12:31:52.000,"I've had twelve years to think about it. And if I had it to do over again, I would have grabbed the phaser and pointed it at you instead of them."
2091,5227,2015-03-30 19:54:24.000,"Fate. It protects fools, little children, and ships named Enterprise."
2089,5226,2017-02-26 07:35:17.000,"Fate. It protects fools, little children, and ships named Enterprise."
2091,5228,2016-08-14 14:20:18.000,"I'm afraid I still don't understand, sir. Well, that's certainly good to know."
2095,5242,2015-09-03 18:28:18.000,"I'm afraid I still don't understand, sir. Well, that's certainly good to know."
2098,5243,2015-09-25 02:55:37.000,"I suggest you drop it, Mr. Data. Mr. Worf, you sound like a man who's asking his friend if he can start dating his sister."
2098,5244,2016-12-31 01:30:40.000,"I've had twelve years to think about it. And if I had it to do over again, I would have grabbed the phaser and pointed it at you instead of them."
2098,5245,2015-01-13 18:03:56.000,Travel time to the nearest starbase? The Federation's gone; the Borg is everywhere!
2092,5229,2015-09-27 07:06:08.000,I'll alert the crew. When has justice ever been as simple as a rule book?
2092,5230,2015-08-15 18:57:21.000,Travel time to the nearest starbase? The Federation's gone; the Borg is everywhere!
2092,5231,2015-01-25 20:55:36.000,Travel time to the nearest starbase? The Federation's gone; the Borg is everywhere!
2093,5232,2015-04-20 12:13:33.000,"Maybe if we felt any human loss as keenly as we feel one of those close to us, human history would be far less bloody."
2093,5234,2017-01-24 18:36:41.000,I'll alert the crew. When has justice ever been as simple as a rule book?
2093,5236,2015-09-05 07:28:16.000,Flair is what marks the difference between artistry and mere competence.
2073,5190,2015-09-18 16:04:06.000,"I'm afraid I still don't understand, sir. Well, that's certainly good to know."
2073,5199,2016-04-11 05:08:44.000,Flair is what marks the difference between artistry and mere competence.
2073,5204,2016-04-12 00:32:04.000,"I'm afraid I still don't understand, sir. Well, that's certainly good to know."
2073,5206,2015-02-24 02:39:12.000,"I'm afraid I still don't understand, sir. Well, that's certainly good to know."
2073,5210,2016-08-10 16:07:52.000,Flair is what marks the difference between artistry and mere competence.
2076,5214,2015-10-02 19:36:27.000,Travel time to the nearest starbase? The Federation's gone; the Borg is everywhere!
2076,5216,2015-03-10 05:50:37.000,"I've had twelve years to think about it. And if I had it to do over again, I would have grabbed the phaser and pointed it at you instead of them."
2076,5218,2015-03-12 12:01:16.000,Flair is what marks the difference between artistry and mere competence.
2076,5220,2015-10-21 07:27:09.000,"I'm afraid I still don't understand, sir. Well, that's certainly good to know."
2107,5260,2016-08-28 22:01:38.000,Travel time to the nearest starbase? The Federation's gone; the Borg is everywhere!
2107,5261,2015-08-17 06:56:44.000,"For an android with no feelings, he sure managed to evoke them in others."
2391,5958,2016-12-29 03:10:49.000,"Maybe if we felt any human loss as keenly as we feel one of those close to us, human history would be far less bloody."
2391,5959,2015-10-08 15:01:42.000,"Fate. It protects fools, little children, and ships named Enterprise."
2391,5960,2016-01-20 17:17:13.000,"I've had twelve years to think about it. And if I had it to do over again, I would have grabbed the phaser and pointed it at you instead of them."
2391,5961,2017-01-21 15:40:37.000,Flair is what marks the difference between artistry and mere competence.
2392,5962,2015-06-13 10:58:17.000,"Maybe if we felt any human loss as keenly as we feel one of those close to us, human history would be far less bloody."
2392,5963,2016-04-09 06:56:27.000,"I've had twelve years to think about it. And if I had it to do over again, I would have grabbed the phaser and pointed it at you instead of them."
2392,5964,2016-09-03 19:36:43.000,"I've had twelve years to think about it. And if I had it to do over again, I would have grabbed the phaser and pointed it at you instead of them."
2393,5965,2016-11-30 03:01:58.000,I'll alert the crew. When has justice ever been as simple as a rule book?
2393,5966,2015-10-09 18:58:10.000,Flair is what marks the difference between artistry and mere competence.
2394,5967,2016-04-25 23:13:51.000,I'll alert the crew. When has justice ever been as simple as a rule book?
2394,5968,2016-05-13 16:12:44.000,"Maybe if we felt any human loss as keenly as we feel one of those close to us, human history would be far less bloody."
2394,5969,2016-06-27 13:26:08.000,Flair is what marks the difference between artistry and mere competence.
2380,5929,2015-08-05 00:12:47.000,"I suggest you drop it, Mr. Data. Mr. Worf, you sound like a man who's asking his friend if he can start dating his sister."
2380,5930,2016-05-03 20:02:24.000,I'll alert the crew. When has justice ever been as simple as a rule book?
2380,5931,2016-10-30 21:26:10.000,"Fate. It protects fools, little children, and ships named Enterprise."
2398,5975,2016-11-30 00:10:22.000,Travel time to the nearest starbase? The Federation's gone; the Borg is everywhere!
2396,5970,2015-12-04 13:35:17.000,"I'm afraid I still don't understand, sir. Well, that's certainly good to know."
2396,5971,2015-10-04 03:23:22.000,"I suggest you drop it, Mr. Data. Mr. Worf, you sound like a man who's asking his friend if he can start dating his sister."
2396,5972,2016-03-26 06:18:06.000,"Maybe if we felt any human loss as keenly as we feel one of those close to us, human history would be far less bloody."
2397,5973,2016-03-15 02:24:59.000,Travel time to the nearest starbase? The Federation's gone; the Borg is everywhere!
2397,5974,2016-12-16 04:51:44.000,"For an android with no feelings, he sure managed to evoke them in others."
2404,5976,2016-11-18 19:58:26.000,"For an android with no feelings, he sure managed to evoke them in others."
2404,5977,2016-09-22 09:26:43.000,Travel time to the nearest starbase? The Federation's gone; the Borg is everywhere!
2404,5979,2016-11-23 10:10:06.000,"I suggest you drop it, Mr. Data. Mr. Worf, you sound like a man who's asking his friend if he can start dating his sister."
2405,5981,2015-10-12 21:46:33.000,I'll alert the crew. When has justice ever been as simple as a rule book?
2382,5932,2016-01-19 02:25:13.000,Flair is what marks the difference between artistry and mere competence.
2382,5933,2015-02-21 01:00:14.000,"Fate. It protects fools, little children, and ships named Enterprise."
2382,5934,2015-10-22 08:37:52.000,"Fate. It protects fools, little children, and ships named Enterprise."
2382,5935,2016-08-05 22:28:18.000,I'll alert the crew. When has justice ever been as simple as a rule book?
2384,5937,2015-02-16 10:03:29.000,"I've had twelve years to think about it. And if I had it to do over again, I would have grabbed the phaser and pointed it at you instead of them."
2386,5938,2015-01-06 02:52:02.000,"Fate. It protects fools, little children, and ships named Enterprise."
2386,5939,2015-05-11 08:06:59.000,"I've had twelve years to think about it. And if I had it to do over again, I would have grabbed the phaser and pointed it at you instead of them."
2386,5941,2015-09-02 11:33:44.000,"I've had twelve years to think about it. And if I had it to do over again, I would have grabbed the phaser and pointed it at you instead of them."
2386,5943,2016-02-10 07:43:43.000,Flair is what marks the difference between artistry and mere competence.
2386,5945,2016-05-12 01:39:39.000,"Fate. It protects fools, little children, and ships named Enterprise."
2388,5947,2015-01-06 12:47:17.000,"I suggest you drop it, Mr. Data. Mr. Worf, you sound like a man who's asking his friend if he can start dating his sister."
2388,5949,2016-09-23 07:30:33.000,"For an android with no feelings, he sure managed to evoke them in others."
2388,5951,2016-10-04 13:57:08.000,Flair is what marks the difference between artistry and mere competence.
2388,5952,2016-04-18 14:19:54.000,"For an android with no feelings, he sure managed to evoke them in others."
2381,5940,2015-11-24 07:36:14.000,"I suggest you drop it, Mr. Data. Mr. Worf, you sound like a man who's asking his friend if he can start dating his sister."
2383,5942,2016-11-23 04:47:24.000,"I've had twelve years to think about it. And if I had it to do over again, I would have grabbed the phaser and pointed it at you instead of them."
2383,5944,2016-08-06 19:58:21.000,"Fate. It protects fools, little children, and ships named Enterprise."
2383,5946,2016-06-25 16:27:25.000,Flair is what marks the difference between artistry and mere competence.
2406,5993,2015-06-05 02:32:33.000,Flair is what marks the difference between artistry and mere competence.
2383,5948,2015-10-31 18:20:45.000,"I've had twelve years to think about it. And if I had it to do over again, I would have grabbed the phaser and pointed it at you instead of them."
2406,5994,2016-02-16 03:17:16.000,"Maybe if we felt any human loss as keenly as we feel one of those close to us, human history would be far less bloody."
2385,5950,2016-06-13 09:37:21.000,"For an android with no feelings, he sure managed to evoke them in others."
2406,5995,2016-03-05 00:50:54.000,I'll alert the crew. When has justice ever been as simple as a rule book?
2406,5996,2016-07-15 07:13:32.000,I'll alert the crew. When has justice ever been as simple as a rule book?
2407,5997,2015-05-28 22:07:26.000,Flair is what marks the difference between artistry and mere competence.
2407,5998,2015-02-09 19:22:58.000,"I'm afraid I still don't understand, sir. Well, that's certainly good to know."
2409,5999,2015-03-31 18:09:17.000,Travel time to the nearest starbase? The Federation's gone; the Borg is everywhere!
2409,6000,2015-01-30 10:03:00.000,"Maybe if we felt any human loss as keenly as we feel one of those close to us, human history would be far less bloody."
2410,6001,2015-11-05 04:39:18.000,"I'm afraid I still don't understand, sir. Well, that's certainly good to know."
2411,6002,2017-02-09 04:38:03.000,"I'm afraid I still don't understand, sir. Well, that's certainly good to know."
2411,6003,2016-05-04 12:12:18.000,Travel time to the nearest starbase? The Federation's gone; the Borg is everywhere!
2419,6022,2015-06-24 05:48:43.000,I'll alert the crew. When has justice ever been as simple as a rule book?
2420,6023,2017-01-20 07:33:33.000,"For an android with no feelings, he sure managed to evoke them in others."
2420,6024,2015-01-13 14:04:47.000,"I've had twelve years to think about it. And if I had it to do over again, I would have grabbed the phaser and pointed it at you instead of them."
2423,6029,2016-12-10 00:07:31.000,"Maybe if we felt any human loss as keenly as we feel one of those close to us, human history would be far less bloody."
2423,6030,2015-06-20 01:22:39.000,"Maybe if we felt any human loss as keenly as we feel one of those close to us, human history would be far less bloody."
2423,6031,2015-08-06 09:04:14.000,"Fate. It protects fools, little children, and ships named Enterprise."
2251,5586,2015-05-22 00:03:56.000,"I've had twelve years to think about it. And if I had it to do over again, I would have grabbed the phaser and pointed it at you instead of them."
2237,5571,2016-03-21 20:26:09.000,"I've had twelve years to think about it. And if I had it to do over again, I would have grabbed the phaser and pointed it at you instead of them."
2237,5573,2015-01-05 10:30:34.000,Travel time to the nearest starbase? The Federation's gone; the Borg is everywhere!
2237,5575,2015-12-09 22:14:00.000,Travel time to the nearest starbase? The Federation's gone; the Borg is everywhere!
2237,5577,2016-08-28 17:45:39.000,"I've had twelve years to think about it. And if I had it to do over again, I would have grabbed the phaser and pointed it at you instead of them."
2244,5587,2017-02-08 23:52:04.000,"For an android with no feelings, he sure managed to evoke them in others."
2244,5589,2016-11-05 15:37:23.000,I'll alert the crew. When has justice ever been as simple as a rule book?
2244,5591,2015-02-11 09:48:53.000,I'll alert the crew. When has justice ever been as simple as a rule book?
2244,5593,2015-04-12 15:46:38.000,"For an android with no feelings, he sure managed to evoke them in others."
2245,5595,2015-11-09 17:29:55.000,Flair is what marks the difference between artistry and mere competence.
2246,5597,2016-07-19 20:38:36.000,"I'm afraid I still don't understand, sir. Well, that's certainly good to know."
2246,5599,2016-08-19 19:51:49.000,I'll alert the crew. When has justice ever been as simple as a rule book?
2247,5601,2016-03-03 10:49:55.000,I'll alert the crew. When has justice ever been as simple as a rule book?
2247,5603,2016-03-04 01:19:51.000,"I suggest you drop it, Mr. Data. Mr. Worf, you sound like a man who's asking his friend if he can start dating his sister."
2248,5605,2015-01-03 00:06:30.000,"For an android with no feelings, he sure managed to evoke them in others."
2248,5607,2015-12-25 04:01:42.000,"Fate. It protects fools, little children, and ships named Enterprise."
2248,5609,2016-06-08 23:16:39.000,"I suggest you drop it, Mr. Data. Mr. Worf, you sound like a man who's asking his friend if he can start dating his sister."
2250,5611,2015-07-10 12:11:34.000,"For an android with no feelings, he sure managed to evoke them in others."
2227,5554,2017-01-13 08:28:45.000,"For an android with no feelings, he sure managed to evoke them in others."
2228,5555,2015-06-07 19:13:06.000,"Fate. It protects fools, little children, and ships named Enterprise."
2228,5556,2015-04-11 12:13:58.000,Travel time to the nearest starbase? The Federation's gone; the Borg is everywhere!
2228,5557,2015-07-04 10:09:25.000,"I suggest you drop it, Mr. Data. Mr. Worf, you sound like a man who's asking his friend if he can start dating his sister."
2229,5558,2016-05-12 11:00:13.000,I'll alert the crew. When has justice ever been as simple as a rule book?
2258,5626,2016-12-17 02:49:41.000,"I'm afraid I still don't understand, sir. Well, that's certainly good to know."
2259,5627,2016-08-21 21:40:20.000,"I suggest you drop it, Mr. Data. Mr. Worf, you sound like a man who's asking his friend if he can start dating his sister."
2259,5628,2016-12-10 18:32:46.000,"Maybe if we felt any human loss as keenly as we feel one of those close to us, human history would be far less bloody."
2223,5539,2016-10-05 22:07:26.000,"Fate. It protects fools, little children, and ships named Enterprise."
2223,5540,2015-12-15 03:40:36.000,"Maybe if we felt any human loss as keenly as we feel one of those close to us, human history would be far less bloody."
2259,5629,2015-03-28 05:51:18.000,Travel time to the nearest starbase? The Federation's gone; the Borg is everywhere!
2259,5630,2017-02-10 01:15:25.000,"I'm afraid I still don't understand, sir. Well, that's certainly good to know."
2223,5541,2016-05-17 05:14:25.000,"I suggest you drop it, Mr. Data. Mr. Worf, you sound like a man who's asking his friend if he can start dating his sister."
2223,5542,2017-01-08 03:00:43.000,"I've had twelve years to think about it. And if I had it to do over again, I would have grabbed the phaser and pointed it at you instead of them."
2259,5631,2015-05-10 22:00:20.000,"Maybe if we felt any human loss as keenly as we feel one of those close to us, human history would be far less bloody."
2223,5543,2015-10-08 23:00:04.000,"Fate. It protects fools, little children, and ships named Enterprise."
2224,5544,2015-02-13 21:20:19.000,I'll alert the crew. When has justice ever been as simple as a rule book?
2224,5545,2016-06-11 12:19:20.000,"Maybe if we felt any human loss as keenly as we feel one of those close to us, human history would be far less bloody."
2224,5546,2015-07-23 05:38:45.000,"For an android with no feelings, he sure managed to evoke them in others."
2225,5547,2015-03-25 02:12:01.000,"I suggest you drop it, Mr. Data. Mr. Worf, you sound like a man who's asking his friend if he can start dating his sister."
2225,5548,2015-10-25 01:05:02.000,"I've had twelve years to think about it. And if I had it to do over again, I would have grabbed the phaser and pointed it at you instead of them."
2225,5549,2015-08-07 09:48:44.000,Flair is what marks the difference between artistry and mere competence.
2226,5550,2016-08-25 06:54:48.000,"I've had twelve years to think about it. And if I had it to do over again, I would have grabbed the phaser and pointed it at you instead of them."
2226,5551,2015-05-27 09:32:38.000,"Fate. It protects fools, little children, and ships named Enterprise."
2226,5552,2015-01-31 11:04:46.000,I'll alert the crew. When has justice ever been as simple as a rule book?
2226,5553,2016-08-01 00:39:48.000,I'll alert the crew. When has justice ever been as simple as a rule book?
2253,5612,2015-06-23 10:03:05.000,Flair is what marks the difference between artistry and mere competence.
2255,5613,2015-04-14 04:47:17.000,"I'm afraid I still don't understand, sir. Well, that's certainly good to know."
2255,5614,2017-01-20 11:53:24.000,"Maybe if we felt any human loss as keenly as we feel one of those close to us, human history would be far less bloody."
2255,5615,2016-09-17 08:39:48.000,I'll alert the crew. When has justice ever been as simple as a rule book?
2255,5616,2016-05-04 15:25:15.000,"Maybe if we felt any human loss as keenly as we feel one of those close to us, human history would be far less bloody."
2255,5618,2017-02-26 09:27:32.000,I'll alert the crew. When has justice ever been as simple as a rule book?
2265,5650,2015-02-23 00:46:13.000,"Maybe if we felt any human loss as keenly as we feel one of those close to us, human history would be far less bloody."
2240,5588,2015-02-03 12:09:23.000,"For an android with no feelings, he sure managed to evoke them in others."
2265,5651,2015-08-14 00:35:07.000,"I'm afraid I still don't understand, sir. Well, that's certainly good to know."
2240,5590,2016-10-24 12:38:39.000,"I'm afraid I still don't understand, sir. Well, that's certainly good to know."
2240,5592,2015-08-16 01:02:23.000,"For an android with no feelings, he sure managed to evoke them in others."
2240,5594,2016-07-11 13:52:15.000,"I've had twelve years to think about it. And if I had it to do over again, I would have grabbed the phaser and pointed it at you instead of them."
2241,5596,2016-11-06 06:23:46.000,"I'm afraid I still don't understand, sir. Well, that's certainly good to know."
2241,5598,2016-07-26 19:34:08.000,Travel time to the nearest starbase? The Federation's gone; the Borg is everywhere!
2272,5652,2015-02-14 11:59:50.000,"For an android with no feelings, he sure managed to evoke them in others."
2241,5600,2016-10-04 20:25:31.000,"Maybe if we felt any human loss as keenly as we feel one of those close to us, human history would be far less bloody."
2241,5602,2016-05-26 17:40:39.000,"Maybe if we felt any human loss as keenly as we feel one of those close to us, human history would be far less bloody."
2243,5604,2016-04-01 05:24:01.000,Flair is what marks the difference between artistry and mere competence.
2243,5606,2015-08-18 06:30:17.000,"I suggest you drop it, Mr. Data. Mr. Worf, you sound like a man who's asking his friend if he can start dating his sister."
2243,5608,2016-04-20 09:03:03.000,"I suggest you drop it, Mr. Data. Mr. Worf, you sound like a man who's asking his friend if he can start dating his sister."
2243,5610,2015-10-03 17:17:41.000,Travel time to the nearest starbase? The Federation's gone; the Borg is everywhere!
2272,5654,2016-09-21 17:29:14.000,"Fate. It protects fools, little children, and ships named Enterprise."
2273,5656,2015-09-11 12:32:05.000,"Maybe if we felt any human loss as keenly as we feel one of those close to us, human history would be far less bloody."
2273,5658,2017-02-02 03:26:10.000,"Maybe if we felt any human loss as keenly as we feel one of those close to us, human history would be far less bloody."
2273,5660,2017-01-07 23:24:27.000,"For an android with no feelings, he sure managed to evoke them in others."
2274,5662,2016-11-16 05:12:10.000,"For an android with no feelings, he sure managed to evoke them in others."
2274,5664,2016-09-16 09:52:58.000,Flair is what marks the difference between artistry and mere competence.
2274,5666,2016-04-13 19:59:59.000,"Fate. It protects fools, little children, and ships named Enterprise."
2274,5668,2016-10-12 05:43:37.000,Travel time to the nearest starbase? The Federation's gone; the Borg is everywhere!
2254,5617,2016-05-18 09:41:48.000,Travel time to the nearest starbase? The Federation's gone; the Borg is everywhere!
2254,5619,2015-10-17 13:36:53.000,"Fate. It protects fools, little children, and ships named Enterprise."
2256,5620,2015-04-02 01:14:01.000,Travel time to the nearest starbase? The Federation's gone; the Borg is everywhere!
2256,5621,2015-02-18 06:39:29.000,I'll alert the crew. When has justice ever been as simple as a rule book?
2257,5622,2015-03-25 14:32:20.000,"For an android with no feelings, he sure managed to evoke them in others."
2257,5623,2016-01-24 00:35:20.000,"I'm afraid I still don't understand, sir. Well, that's certainly good to know."
2257,5624,2016-10-29 11:23:06.000,"Maybe if we felt any human loss as keenly as we feel one of those close to us, human history would be far less bloody."
2257,5625,2016-08-30 19:52:23.000,I'll alert the crew. When has justice ever been as simple as a rule book?
2284,5686,2016-04-20 12:29:31.000,"Maybe if we felt any human loss as keenly as we feel one of those close to us, human history would be far less bloody."
2284,5687,2015-01-12 14:37:28.000,"Maybe if we felt any human loss as keenly as we feel one of those close to us, human history would be far less bloody."
2284,5688,2015-03-30 00:42:09.000,I'll alert the crew. When has justice ever been as simple as a rule book?
2284,5689,2015-12-29 05:43:04.000,Travel time to the nearest starbase? The Federation's gone; the Borg is everywhere!
2286,5690,2016-08-19 13:42:19.000,"I'm afraid I still don't understand, sir. Well, that's certainly good to know."
2286,5692,2016-12-15 10:32:59.000,"I'm afraid I still don't understand, sir. Well, that's certainly good to know."
2286,5694,2016-05-01 22:11:21.000,Travel time to the nearest starbase? The Federation's gone; the Borg is everywhere!
2286,5696,2015-12-13 22:13:41.000,"I suggest you drop it, Mr. Data. Mr. Worf, you sound like a man who's asking his friend if he can start dating his sister."
2286,5698,2015-12-17 21:20:47.000,"I'm afraid I still don't understand, sir. Well, that's certainly good to know."
2287,5700,2017-01-26 20:30:02.000,"For an android with no feelings, he sure managed to evoke them in others."
2287,5705,2015-11-30 11:28:25.000,"For an android with no feelings, he sure managed to evoke them in others."
2282,5701,2017-02-18 15:23:05.000,"Maybe if we felt any human loss as keenly as we feel one of those close to us, human history would be far less bloody."
2282,5703,2016-12-11 13:21:18.000,"I've had twelve years to think about it. And if I had it to do over again, I would have grabbed the phaser and pointed it at you instead of them."
2282,5706,2016-12-06 06:43:05.000,"I've had twelve years to think about it. And if I had it to do over again, I would have grabbed the phaser and pointed it at you instead of them."
2282,5707,2015-03-05 16:06:33.000,"I suggest you drop it, Mr. Data. Mr. Worf, you sound like a man who's asking his friend if he can start dating his sister."
2288,5708,2016-02-06 07:51:13.000,"Maybe if we felt any human loss as keenly as we feel one of those close to us, human history would be far less bloody."
2288,5709,2015-10-26 08:56:37.000,Flair is what marks the difference between artistry and mere competence.
2289,5710,2016-03-26 16:02:02.000,"Maybe if we felt any human loss as keenly as we feel one of those close to us, human history would be far less bloody."
2289,5711,2015-04-13 00:44:31.000,"For an android with no feelings, he sure managed to evoke them in others."
2290,5712,2016-03-26 17:40:24.000,"I suggest you drop it, Mr. Data. Mr. Worf, you sound like a man who's asking his friend if he can start dating his sister."
2290,5713,2016-08-07 19:19:29.000,"For an android with no feelings, he sure managed to evoke them in others."
2290,5714,2016-03-21 19:07:45.000,I'll alert the crew. When has justice ever been as simple as a rule book?
2290,5715,2016-03-07 14:49:59.000,"Maybe if we felt any human loss as keenly as we feel one of those close to us, human history would be far less bloody."
2290,5716,2015-10-28 05:31:23.000,"I've had twelve years to think about it. And if I had it to do over again, I would have grabbed the phaser and pointed it at you instead of them."
2266,5653,2016-01-13 07:35:54.000,"I suggest you drop it, Mr. Data. Mr. Worf, you sound like a man who's asking his friend if he can start dating his sister."
2266,5655,2015-08-25 03:27:40.000,"I've had twelve years to think about it. And if I had it to do over again, I would have grabbed the phaser and pointed it at you instead of them."
2267,5657,2015-09-04 17:34:11.000,"I'm afraid I still don't understand, sir. Well, that's certainly good to know."
2267,5659,2017-02-03 03:24:28.000,"I suggest you drop it, Mr. Data. Mr. Worf, you sound like a man who's asking his friend if he can start dating his sister."
2267,5661,2016-12-24 08:38:54.000,"I suggest you drop it, Mr. Data. Mr. Worf, you sound like a man who's asking his friend if he can start dating his sister."
2267,5663,2015-12-23 12:44:02.000,I'll alert the crew. When has justice ever been as simple as a rule book?
2268,5665,2015-11-12 11:19:23.000,Flair is what marks the difference between artistry and mere competence.
2268,5667,2015-05-09 08:56:18.000,"I'm afraid I still don't understand, sir. Well, that's certainly good to know."
2269,5669,2017-02-09 09:09:12.000,I'll alert the crew. When has justice ever been as simple as a rule book?
2269,5670,2016-12-30 17:10:47.000,"Maybe if we felt any human loss as keenly as we feel one of those close to us, human history would be far less bloody."
2269,5671,2016-03-04 13:14:54.000,"Fate. It protects fools, little children, and ships named Enterprise."
2269,5673,2015-11-06 23:33:51.000,"Maybe if we felt any human loss as keenly as we feel one of those close to us, human history would be far less bloody."
2269,5675,2016-04-22 13:00:00.000,"Fate. It protects fools, little children, and ships named Enterprise."
2270,5677,2016-05-31 09:35:50.000,"Fate. It protects fools, little children, and ships named Enterprise."
2270,5679,2015-10-21 02:33:23.000,I'll alert the crew. When has justice ever been as simple as a rule book?
2276,5672,2015-09-30 20:10:42.000,"For an android with no feelings, he sure managed to evoke them in others."
2277,5674,2016-09-09 15:24:28.000,"Maybe if we felt any human loss as keenly as we feel one of those close to us, human history would be far less bloody."
2270,5681,2016-09-17 19:26:56.000,I'll alert the crew. When has justice ever been as simple as a rule book?
2278,5676,2015-06-24 02:52:21.000,"I've had twelve years to think about it. And if I had it to do over again, I would have grabbed the phaser and pointed it at you instead of them."
2271,5682,2016-05-30 10:03:22.000,"I suggest you drop it, Mr. Data. Mr. Worf, you sound like a man who's asking his friend if he can start dating his sister."
2279,5678,2015-06-07 01:19:00.000,Travel time to the nearest starbase? The Federation's gone; the Borg is everywhere!
2271,5683,2015-10-19 13:00:02.000,"Fate. It protects fools, little children, and ships named Enterprise."
2279,5680,2016-09-06 04:34:18.000,"Fate. It protects fools, little children, and ships named Enterprise."
2271,5684,2016-04-27 00:02:14.000,Flair is what marks the difference between artistry and mere competence.
2271,5685,2015-11-19 03:08:54.000,"I've had twelve years to think about it. And if I had it to do over again, I would have grabbed the phaser and pointed it at you instead of them."
2281,5691,2015-08-07 06:53:32.000,Flair is what marks the difference between artistry and mere competence.
2299,5734,2016-10-02 10:20:21.000,"I'm afraid I still don't understand, sir. Well, that's certainly good to know."
2281,5693,2016-01-26 23:23:00.000,"Maybe if we felt any human loss as keenly as we feel one of those close to us, human history would be far less bloody."
2281,5695,2015-11-05 18:08:11.000,Travel time to the nearest starbase? The Federation's gone; the Borg is everywhere!
2283,5697,2015-05-30 09:36:13.000,"I suggest you drop it, Mr. Data. Mr. Worf, you sound like a man who's asking his friend if he can start dating his sister."
2283,5699,2015-06-20 09:52:10.000,"I suggest you drop it, Mr. Data. Mr. Worf, you sound like a man who's asking his friend if he can start dating his sister."
2283,5702,2017-01-02 03:20:25.000,Travel time to the nearest starbase? The Federation's gone; the Borg is everywhere!
2283,5704,2015-02-05 00:24:19.000,"Fate. It protects fools, little children, and ships named Enterprise."
2261,5634,2016-04-21 22:42:20.000,I'll alert the crew. When has justice ever been as simple as a rule book?
2261,5636,2015-05-06 05:49:38.000,"For an android with no feelings, he sure managed to evoke them in others."
2261,5638,2015-12-20 00:35:11.000,Flair is what marks the difference between artistry and mere competence.
2261,5639,2016-07-10 01:02:04.000,"I'm afraid I still don't understand, sir. Well, that's certainly good to know."
2261,5640,2017-01-03 13:19:33.000,"Fate. It protects fools, little children, and ships named Enterprise."
2262,5641,2016-11-23 06:14:18.000,I'll alert the crew. When has justice ever been as simple as a rule book?
2262,5642,2015-09-03 07:28:17.000,"I suggest you drop it, Mr. Data. Mr. Worf, you sound like a man who's asking his friend if he can start dating his sister."
2262,5643,2015-10-19 09:18:01.000,"I've had twelve years to think about it. And if I had it to do over again, I would have grabbed the phaser and pointed it at you instead of them."
2263,5644,2015-07-04 05:33:46.000,"Maybe if we felt any human loss as keenly as we feel one of those close to us, human history would be far less bloody."
2263,5645,2016-08-20 22:12:16.000,I'll alert the crew. When has justice ever been as simple as a rule book?
2263,5646,2015-03-02 00:21:52.000,"Fate. It protects fools, little children, and ships named Enterprise."
2263,5647,2015-11-01 11:21:52.000,Flair is what marks the difference between artistry and mere competence.
2263,5648,2016-01-21 22:34:58.000,Flair is what marks the difference between artistry and mere competence.
2264,5649,2016-06-11 01:05:01.000,"I suggest you drop it, Mr. Data. Mr. Worf, you sound like a man who's asking his friend if he can start dating his sister."
2260,5632,2016-06-13 15:42:17.000,"Fate. It protects fools, little children, and ships named Enterprise."
2260,5633,2015-08-31 22:00:00.000,"For an android with no feelings, he sure managed to evoke them in others."
2260,5635,2015-11-07 06:36:07.000,"I suggest you drop it, Mr. Data. Mr. Worf, you sound like a man who's asking his friend if he can start dating his sister."
2260,5637,2015-07-07 05:21:40.000,"I suggest you drop it, Mr. Data. Mr. Worf, you sound like a man who's asking his friend if he can start dating his sister."
2296,5735,2016-07-05 10:25:52.000,"Fate. It protects fools, little children, and ships named Enterprise."
2296,5736,2016-08-22 20:11:23.000,"Fate. It protects fools, little children, and ships named Enterprise."
2296,5737,2016-08-20 03:15:22.000,"Maybe if we felt any human loss as keenly as we feel one of those close to us, human history would be far less bloody."
2311,5761,2015-03-26 23:52:24.000,"I've had twelve years to think about it. And if I had it to do over again, I would have grabbed the phaser and pointed it at you instead of them."
2298,5738,2016-02-27 22:12:15.000,Travel time to the nearest starbase? The Federation's gone; the Borg is everywhere!
2298,5739,2016-08-19 15:43:58.000,"I suggest you drop it, Mr. Data. Mr. Worf, you sound like a man who's asking his friend if he can start dating his sister."
2298,5740,2015-06-09 00:52:18.000,Flair is what marks the difference between artistry and mere competence.
2298,5741,2015-07-19 18:08:02.000,Travel time to the nearest starbase? The Federation's gone; the Borg is everywhere!
2298,5742,2016-12-27 16:08:17.000,I'll alert the crew. When has justice ever been as simple as a rule book?
2308,5751,2015-07-18 20:12:54.000,"I suggest you drop it, Mr. Data. Mr. Worf, you sound like a man who's asking his friend if he can start dating his sister."
2308,5752,2016-01-05 01:38:27.000,Flair is what marks the difference between artistry and mere competence.
2308,5753,2016-02-11 03:18:44.000,Flair is what marks the difference between artistry and mere competence.
2308,5754,2015-10-17 17:33:02.000,"For an android with no feelings, he sure managed to evoke them in others."
2310,5755,2015-08-29 05:49:03.000,Flair is what marks the difference between artistry and mere competence.
2310,5756,2017-01-14 14:55:38.000,"I suggest you drop it, Mr. Data. Mr. Worf, you sound like a man who's asking his friend if he can start dating his sister."
2304,5746,2016-07-22 00:15:06.000,"I'm afraid I still don't understand, sir. Well, that's certainly good to know."
2305,5747,2016-06-05 08:29:20.000,Flair is what marks the difference between artistry and mere competence.
2305,5748,2017-02-26 00:46:40.000,"I'm afraid I still don't understand, sir. Well, that's certainly good to know."
2305,5749,2016-12-03 07:13:16.000,Travel time to the nearest starbase? The Federation's gone; the Borg is everywhere!
2305,5750,2016-12-20 03:51:06.000,"I'm afraid I still don't understand, sir. Well, that's certainly good to know."
2291,5717,2016-03-03 10:17:05.000,Flair is what marks the difference between artistry and mere competence.
2291,5718,2015-12-21 08:37:21.000,"I'm afraid I still don't understand, sir. Well, that's certainly good to know."
2291,5719,2015-12-18 22:00:50.000,"I've had twelve years to think about it. And if I had it to do over again, I would have grabbed the phaser and pointed it at you instead of them."
2291,5720,2015-08-27 17:54:36.000,"For an android with no feelings, he sure managed to evoke them in others."
2292,5721,2015-09-05 19:51:22.000,"Fate. It protects fools, little children, and ships named Enterprise."
2292,5722,2015-11-11 10:38:18.000,Travel time to the nearest starbase? The Federation's gone; the Borg is everywhere!
2292,5723,2015-04-15 18:42:33.000,"I'm afraid I still don't understand, sir. Well, that's certainly good to know."
2292,5724,2015-05-29 20:55:58.000,"Maybe if we felt any human loss as keenly as we feel one of those close to us, human history would be far less bloody."
2292,5725,2016-02-21 07:40:11.000,"I'm afraid I still don't understand, sir. Well, that's certainly good to know."
2293,5726,2016-06-30 21:04:51.000,"Maybe if we felt any human loss as keenly as we feel one of those close to us, human history would be far less bloody."
2293,5727,2015-08-17 12:38:56.000,"Fate. It protects fools, little children, and ships named Enterprise."
2293,5728,2016-04-11 07:31:13.000,Travel time to the nearest starbase? The Federation's gone; the Borg is everywhere!
2294,5729,2015-02-14 18:55:57.000,"I suggest you drop it, Mr. Data. Mr. Worf, you sound like a man who's asking his friend if he can start dating his sister."
2294,5730,2017-02-06 06:54:56.000,"I suggest you drop it, Mr. Data. Mr. Worf, you sound like a man who's asking his friend if he can start dating his sister."
2294,5731,2016-06-01 03:51:21.000,"I've had twelve years to think about it. And if I had it to do over again, I would have grabbed the phaser and pointed it at you instead of them."
2295,5732,2015-05-10 09:54:51.000,"Fate. It protects fools, little children, and ships named Enterprise."
2295,5733,2015-09-09 17:55:02.000,"Fate. It protects fools, little children, and ships named Enterprise."
2302,5743,2015-03-23 15:01:57.000,Travel time to the nearest starbase? The Federation's gone; the Borg is everywhere!
2303,5744,2015-02-21 13:20:22.000,"I've had twelve years to think about it. And if I had it to do over again, I would have grabbed the phaser and pointed it at you instead of them."
2312,5762,2015-02-23 14:09:23.000,"Maybe if we felt any human loss as keenly as we feel one of those close to us, human history would be far less bloody."
2303,5745,2015-03-21 20:40:45.000,Travel time to the nearest starbase? The Federation's gone; the Borg is everywhere!
2312,5763,2015-02-25 22:02:55.000,"For an android with no feelings, he sure managed to evoke them in others."
2314,5764,2015-02-24 22:47:00.000,"Maybe if we felt any human loss as keenly as we feel one of those close to us, human history would be far less bloody."
2315,5765,2016-06-22 18:42:33.000,"I suggest you drop it, Mr. Data. Mr. Worf, you sound like a man who's asking his friend if he can start dating his sister."
2315,5766,2016-07-09 21:17:15.000,"Maybe if we felt any human loss as keenly as we feel one of those close to us, human history would be far less bloody."
2315,5767,2015-06-15 16:20:41.000,"I've had twelve years to think about it. And if I had it to do over again, I would have grabbed the phaser and pointed it at you instead of them."
2315,5768,2015-03-24 16:44:54.000,"Maybe if we felt any human loss as keenly as we feel one of those close to us, human history would be far less bloody."
2316,5769,2016-12-11 11:10:21.000,I'll alert the crew. When has justice ever been as simple as a rule book?
2318,5770,2015-08-17 17:15:25.000,"I suggest you drop it, Mr. Data. Mr. Worf, you sound like a man who's asking his friend if he can start dating his sister."
2325,5782,2015-01-09 18:29:12.000,"For an android with no feelings, he sure managed to evoke them in others."
2325,5783,2016-12-28 20:05:09.000,"Maybe if we felt any human loss as keenly as we feel one of those close to us, human history would be far less bloody."
2325,5784,2015-06-26 16:18:11.000,"I've had twelve years to think about it. And if I had it to do over again, I would have grabbed the phaser and pointed it at you instead of them."
2320,5771,2016-04-24 16:03:35.000,"For an android with no feelings, he sure managed to evoke them in others."
2320,5772,2016-11-24 10:47:34.000,"I suggest you drop it, Mr. Data. Mr. Worf, you sound like a man who's asking his friend if he can start dating his sister."
2321,5773,2016-06-05 14:42:34.000,"I've had twelve years to think about it. And if I had it to do over again, I would have grabbed the phaser and pointed it at you instead of them."
2321,5774,2016-11-03 00:13:18.000,I'll alert the crew. When has justice ever been as simple as a rule book?
2321,5775,2016-10-24 15:43:58.000,"For an android with no feelings, he sure managed to evoke them in others."
2322,5776,2016-12-30 07:55:53.000,"Fate. It protects fools, little children, and ships named Enterprise."
2323,5777,2016-02-12 19:12:15.000,"I suggest you drop it, Mr. Data. Mr. Worf, you sound like a man who's asking his friend if he can start dating his sister."
2324,5778,2017-01-05 15:38:21.000,"I've had twelve years to think about it. And if I had it to do over again, I would have grabbed the phaser and pointed it at you instead of them."
2324,5779,2016-03-22 20:22:48.000,"For an android with no feelings, he sure managed to evoke them in others."
2324,5780,2016-07-07 03:53:50.000,"Maybe if we felt any human loss as keenly as we feel one of those close to us, human history would be far less bloody."
2324,5781,2016-08-22 01:34:29.000,"Fate. It protects fools, little children, and ships named Enterprise."
2307,5757,2015-07-01 16:04:16.000,"I'm afraid I still don't understand, sir. Well, that's certainly good to know."
2307,5758,2016-01-29 22:58:16.000,Travel time to the nearest starbase? The Federation's gone; the Borg is everywhere!
2307,5759,2016-09-08 06:24:34.000,"I've had twelve years to think about it. And if I had it to do over again, I would have grabbed the phaser and pointed it at you instead of them."
2309,5760,2016-11-27 08:58:40.000,I'll alert the crew. When has justice ever been as simple as a rule book?
2327,5785,2016-11-24 23:54:51.000,"I'm afraid I still don't understand, sir. Well, that's certainly good to know."
2327,5786,2015-08-09 17:12:27.000,"I've had twelve years to think about it. And if I had it to do over again, I would have grabbed the phaser and pointed it at you instead of them."
2327,5787,2015-02-09 21:13:35.000,Flair is what marks the difference between artistry and mere competence.
2336,5794,2015-01-06 15:39:43.000,"Fate. It protects fools, little children, and ships named Enterprise."
2336,5796,2017-02-02 07:06:03.000,Travel time to the nearest starbase? The Federation's gone; the Borg is everywhere!
2338,5798,2017-02-08 09:44:02.000,"Fate. It protects fools, little children, and ships named Enterprise."
2330,5793,2016-07-22 04:09:42.000,"I'm afraid I still don't understand, sir. Well, that's certainly good to know."
2338,5800,2015-09-16 10:00:56.000,"Maybe if we felt any human loss as keenly as we feel one of those close to us, human history would be far less bloody."
2331,5795,2016-11-09 14:28:30.000,"I suggest you drop it, Mr. Data. Mr. Worf, you sound like a man who's asking his friend if he can start dating his sister."
2338,5802,2016-12-25 09:31:46.000,"Fate. It protects fools, little children, and ships named Enterprise."
2332,5797,2016-09-02 13:51:27.000,Travel time to the nearest starbase? The Federation's gone; the Borg is everywhere!
2338,5804,2016-04-16 07:19:12.000,"Fate. It protects fools, little children, and ships named Enterprise."
2332,5799,2015-11-19 18:16:04.000,Flair is what marks the difference between artistry and mere competence.
2333,5801,2015-09-13 18:19:59.000,"Maybe if we felt any human loss as keenly as we feel one of those close to us, human history would be far less bloody."
2338,5806,2016-04-01 21:49:12.000,I'll alert the crew. When has justice ever been as simple as a rule book?
2333,5803,2016-02-04 16:01:51.000,"I suggest you drop it, Mr. Data. Mr. Worf, you sound like a man who's asking his friend if he can start dating his sister."
2333,5805,2016-07-01 16:36:53.000,Flair is what marks the difference between artistry and mere competence.
2335,5807,2015-12-24 02:13:57.000,I'll alert the crew. When has justice ever been as simple as a rule book?
2339,5808,2015-03-18 03:34:16.000,"I'm afraid I still don't understand, sir. Well, that's certainly good to know."
2339,5809,2016-06-01 21:33:02.000,"Fate. It protects fools, little children, and ships named Enterprise."
2339,5810,2017-02-14 23:03:29.000,"For an android with no feelings, he sure managed to evoke them in others."
2340,5811,2016-11-20 23:00:13.000,Flair is what marks the difference between artistry and mere competence.
2340,5812,2016-01-18 22:50:24.000,Travel time to the nearest starbase? The Federation's gone; the Borg is everywhere!
2340,5813,2016-08-24 23:59:51.000,"I've had twelve years to think about it. And if I had it to do over again, I would have grabbed the phaser and pointed it at you instead of them."
2340,5814,2015-09-10 16:27:20.000,Travel time to the nearest starbase? The Federation's gone; the Borg is everywhere!
2340,5815,2015-02-01 22:52:13.000,"I suggest you drop it, Mr. Data. Mr. Worf, you sound like a man who's asking his friend if he can start dating his sister."
2341,5816,2015-06-15 04:37:51.000,"Fate. It protects fools, little children, and ships named Enterprise."
2341,5817,2016-02-23 19:10:06.000,"I suggest you drop it, Mr. Data. Mr. Worf, you sound like a man who's asking his friend if he can start dating his sister."
2342,5818,2017-02-16 15:51:58.000,"I'm afraid I still don't understand, sir. Well, that's certainly good to know."
2342,5819,2016-08-13 06:47:56.000,"Fate. It protects fools, little children, and ships named Enterprise."
2342,5820,2016-09-02 14:11:06.000,Travel time to the nearest starbase? The Federation's gone; the Borg is everywhere!
2342,5821,2015-03-06 09:32:38.000,"I'm afraid I still don't understand, sir. Well, that's certainly good to know."
2328,5788,2015-09-22 07:52:49.000,"For an android with no feelings, he sure managed to evoke them in others."
2342,5822,2016-12-25 19:47:11.000,"I've had twelve years to think about it. And if I had it to do over again, I would have grabbed the phaser and pointed it at you instead of them."
2329,5789,2016-06-17 19:11:57.000,"For an android with no feelings, he sure managed to evoke them in others."
2329,5790,2015-01-01 15:15:57.000,Flair is what marks the difference between artistry and mere competence.
2329,5791,2017-01-10 17:51:57.000,"I suggest you drop it, Mr. Data. Mr. Worf, you sound like a man who's asking his friend if he can start dating his sister."
2329,5792,2016-12-10 06:36:19.000,"I've had twelve years to think about it. And if I had it to do over again, I would have grabbed the phaser and pointed it at you instead of them."
2343,5823,2017-02-06 18:54:02.000,"I suggest you drop it, Mr. Data. Mr. Worf, you sound like a man who's asking his friend if he can start dating his sister."
2343,5824,2015-12-27 17:02:37.000,"Fate. It protects fools, little children, and ships named Enterprise."
2343,5825,2015-11-08 04:35:57.000,"I suggest you drop it, Mr. Data. Mr. Worf, you sound like a man who's asking his friend if he can start dating his sister."
2343,5826,2016-03-11 05:29:11.000,I'll alert the crew. When has justice ever been as simple as a rule book?
2343,5827,2016-10-09 18:27:47.000,"I'm afraid I still don't understand, sir. Well, that's certainly good to know."
2344,5828,2017-02-18 08:15:44.000,"I'm afraid I still don't understand, sir. Well, that's certainly good to know."
2344,5829,2016-04-05 01:29:59.000,I'll alert the crew. When has justice ever been as simple as a rule book?
2344,5830,2015-08-30 00:42:05.000,Flair is what marks the difference between artistry and mere competence.
2345,5831,2015-09-13 05:12:10.000,"Fate. It protects fools, little children, and ships named Enterprise."
2345,5832,2016-03-20 08:55:38.000,Flair is what marks the difference between artistry and mere competence.
2345,5833,2015-03-14 08:00:23.000,Travel time to the nearest starbase? The Federation's gone; the Borg is everywhere!
2345,5834,2016-05-14 06:21:13.000,"I'm afraid I still don't understand, sir. Well, that's certainly good to know."
2346,5835,2016-01-11 11:43:03.000,"I suggest you drop it, Mr. Data. Mr. Worf, you sound like a man who's asking his friend if he can start dating his sister."
2346,5836,2015-07-02 00:10:52.000,"I suggest you drop it, Mr. Data. Mr. Worf, you sound like a man who's asking his friend if he can start dating his sister."
2346,5837,2016-03-13 11:28:43.000,Flair is what marks the difference between artistry and mere competence.
2350,5850,2015-11-25 12:27:12.000,"Fate. It protects fools, little children, and ships named Enterprise."
2350,5851,2016-04-01 04:27:40.000,"I'm afraid I still don't understand, sir. Well, that's certainly good to know."
2351,5852,2015-02-06 04:16:14.000,I'll alert the crew. When has justice ever been as simple as a rule book?
2351,5853,2016-06-11 01:50:34.000,I'll alert the crew. When has justice ever been as simple as a rule book?
2351,5854,2015-02-09 11:57:18.000,"I suggest you drop it, Mr. Data. Mr. Worf, you sound like a man who's asking his friend if he can start dating his sister."
2351,5855,2015-05-15 18:22:54.000,Travel time to the nearest starbase? The Federation's gone; the Borg is everywhere!
2352,5856,2015-07-24 02:12:23.000,Flair is what marks the difference between artistry and mere competence.
2352,5857,2016-01-14 06:21:18.000,"Fate. It protects fools, little children, and ships named Enterprise."
2352,5858,2015-05-19 06:26:56.000,"For an android with no feelings, he sure managed to evoke them in others."
2347,5838,2015-04-15 11:40:52.000,"Fate. It protects fools, little children, and ships named Enterprise."
2352,5859,2015-05-31 22:29:06.000,Flair is what marks the difference between artistry and mere competence.
2347,5839,2017-02-18 23:38:54.000,Flair is what marks the difference between artistry and mere competence.
2358,5881,2015-08-30 16:32:13.000,Travel time to the nearest starbase? The Federation's gone; the Borg is everywhere!
2352,5860,2015-12-05 22:26:49.000,I'll alert the crew. When has justice ever been as simple as a rule book?
2347,5840,2016-09-01 23:41:54.000,"Fate. It protects fools, little children, and ships named Enterprise."
2353,5861,2016-02-25 18:56:36.000,"Maybe if we felt any human loss as keenly as we feel one of those close to us, human history would be far less bloody."
2359,5882,2016-08-03 13:44:58.000,Flair is what marks the difference between artistry and mere competence.
2356,5874,2016-09-19 05:45:20.000,"I'm afraid I still don't understand, sir. Well, that's certainly good to know."
2353,5862,2016-04-14 08:09:31.000,"For an android with no feelings, he sure managed to evoke them in others."
2359,5883,2016-01-23 20:16:09.000,"For an android with no feelings, he sure managed to evoke them in others."
2353,5863,2016-05-10 16:05:13.000,"Maybe if we felt any human loss as keenly as we feel one of those close to us, human history would be far less bloody."
2356,5875,2017-01-06 10:28:04.000,"I suggest you drop it, Mr. Data. Mr. Worf, you sound like a man who's asking his friend if he can start dating his sister."
2353,5864,2017-01-09 14:52:34.000,"I've had twelve years to think about it. And if I had it to do over again, I would have grabbed the phaser and pointed it at you instead of them."
2359,5884,2015-04-20 22:07:55.000,"For an android with no feelings, he sure managed to evoke them in others."
2356,5876,2015-03-11 10:58:21.000,"I've had twelve years to think about it. And if I had it to do over again, I would have grabbed the phaser and pointed it at you instead of them."
2353,5865,2015-11-10 06:50:46.000,"I'm afraid I still don't understand, sir. Well, that's certainly good to know."
2359,5885,2016-01-29 08:06:54.000,Flair is what marks the difference between artistry and mere competence.
2356,5877,2016-10-11 13:00:04.000,"For an android with no feelings, he sure managed to evoke them in others."
2354,5866,2015-07-26 00:56:58.000,"I'm afraid I still don't understand, sir. Well, that's certainly good to know."
2357,5878,2015-10-18 12:42:13.000,"Maybe if we felt any human loss as keenly as we feel one of those close to us, human history would be far less bloody."
2359,5886,2016-01-28 16:41:59.000,"Fate. It protects fools, little children, and ships named Enterprise."
2354,5867,2016-12-28 06:36:10.000,"I suggest you drop it, Mr. Data. Mr. Worf, you sound like a man who's asking his friend if he can start dating his sister."
2348,5841,2016-12-03 07:36:41.000,I'll alert the crew. When has justice ever been as simple as a rule book?
2357,5879,2016-07-19 20:05:59.000,Travel time to the nearest starbase? The Federation's gone; the Borg is everywhere!
2361,5887,2016-02-15 10:56:11.000,"I've had twelve years to think about it. And if I had it to do over again, I would have grabbed the phaser and pointed it at you instead of them."
2354,5868,2015-01-04 09:42:32.000,"I suggest you drop it, Mr. Data. Mr. Worf, you sound like a man who's asking his friend if he can start dating his sister."
2348,5842,2016-11-11 23:54:00.000,"Fate. It protects fools, little children, and ships named Enterprise."
2361,5888,2016-10-22 11:07:02.000,"I've had twelve years to think about it. And if I had it to do over again, I would have grabbed the phaser and pointed it at you instead of them."
2357,5880,2016-11-10 19:24:12.000,"I've had twelve years to think about it. And if I had it to do over again, I would have grabbed the phaser and pointed it at you instead of them."
2354,5869,2016-05-07 18:40:25.000,"I've had twelve years to think about it. And if I had it to do over again, I would have grabbed the phaser and pointed it at you instead of them."
2361,5889,2016-08-10 15:44:22.000,"Fate. It protects fools, little children, and ships named Enterprise."
2354,5870,2016-08-27 20:46:02.000,Flair is what marks the difference between artistry and mere competence.
2348,5843,2016-02-29 02:02:47.000,"Fate. It protects fools, little children, and ships named Enterprise."
2362,5890,2015-07-04 08:39:44.000,"I've had twelve years to think about it. And if I had it to do over again, I would have grabbed the phaser and pointed it at you instead of them."
2355,5871,2017-02-27 17:44:15.000,"I'm afraid I still don't understand, sir. Well, that's certainly good to know."
2362,5891,2015-03-23 08:13:38.000,Travel time to the nearest starbase? The Federation's gone; the Borg is everywhere!
2355,5872,2015-03-25 10:26:01.000,Travel time to the nearest starbase? The Federation's gone; the Borg is everywhere!
2348,5844,2016-06-05 02:20:51.000,Flair is what marks the difference between artistry and mere competence.
2355,5873,2016-07-21 09:23:23.000,"Maybe if we felt any human loss as keenly as we feel one of those close to us, human history would be far less bloody."
2362,5892,2016-01-19 09:31:17.000,Travel time to the nearest starbase? The Federation's gone; the Borg is everywhere!
2349,5845,2016-10-23 11:28:58.000,"Fate. It protects fools, little children, and ships named Enterprise."
2362,5893,2016-12-30 04:46:23.000,"I'm afraid I still don't understand, sir. Well, that's certainly good to know."
2349,5846,2016-03-17 17:36:37.000,Travel time to the nearest starbase? The Federation's gone; the Borg is everywhere!
2349,5847,2015-11-06 18:04:56.000,"I'm afraid I still don't understand, sir. Well, that's certainly good to know."
2349,5848,2015-02-25 11:37:51.000,Travel time to the nearest starbase? The Federation's gone; the Borg is everywhere!
2349,5849,2015-11-05 08:19:53.000,Flair is what marks the difference between artistry and mere competence.
2370,5908,2015-10-14 17:45:22.000,"Maybe if we felt any human loss as keenly as we feel one of those close to us, human history would be far less bloody."
2370,5909,2015-04-15 21:27:55.000,Travel time to the nearest starbase? The Federation's gone; the Borg is everywhere!
2370,5910,2016-02-06 03:57:27.000,I'll alert the crew. When has justice ever been as simple as a rule book?
2371,5911,2016-06-14 23:34:05.000,"I suggest you drop it, Mr. Data. Mr. Worf, you sound like a man who's asking his friend if he can start dating his sister."
2371,5912,2017-01-07 10:14:09.000,"I'm afraid I still don't understand, sir. Well, that's certainly good to know."
2371,5913,2016-09-12 20:39:31.000,I'll alert the crew. When has justice ever been as simple as a rule book?
2372,5914,2015-11-09 03:59:42.000,I'll alert the crew. When has justice ever been as simple as a rule book?
2373,5915,2016-01-09 23:47:09.000,"Maybe if we felt any human loss as keenly as we feel one of those close to us, human history would be far less bloody."
2373,5916,2015-08-25 18:01:25.000,"I suggest you drop it, Mr. Data. Mr. Worf, you sound like a man who's asking his friend if he can start dating his sister."
2374,5917,2017-01-29 01:32:23.000,"For an android with no feelings, he sure managed to evoke them in others."
2376,5918,2016-10-08 22:02:21.000,Travel time to the nearest starbase? The Federation's gone; the Borg is everywhere!
2376,5919,2016-07-14 13:20:07.000,"I've had twelve years to think about it. And if I had it to do over again, I would have grabbed the phaser and pointed it at you instead of them."
2376,5920,2016-01-06 01:28:44.000,"I've had twelve years to think about it. And if I had it to do over again, I would have grabbed the phaser and pointed it at you instead of them."
2376,5921,2015-04-24 02:34:25.000,"I'm afraid I still don't understand, sir. Well, that's certainly good to know."
2376,5922,2015-07-02 13:22:18.000,"I'm afraid I still don't understand, sir. Well, that's certainly good to know."
2363,5894,2015-12-02 00:07:07.000,Flair is what marks the difference between artistry and mere competence.
2363,5895,2016-10-20 18:53:44.000,"Fate. It protects fools, little children, and ships named Enterprise."
2363,5896,2015-03-11 19:04:12.000,"I've had twelve years to think about it. And if I had it to do over again, I would have grabbed the phaser and pointed it at you instead of them."
2365,5897,2016-11-14 06:47:16.000,"For an android with no feelings, he sure managed to evoke them in others."
2365,5898,2015-07-11 11:01:45.000,"Fate. It protects fools, little children, and ships named Enterprise."
2365,5899,2016-07-04 07:22:43.000,"I've had twelve years to think about it. And if I had it to do over again, I would have grabbed the phaser and pointed it at you instead of them."
2365,5900,2016-08-28 06:31:46.000,"I suggest you drop it, Mr. Data. Mr. Worf, you sound like a man who's asking his friend if he can start dating his sister."
2366,5901,2015-06-19 10:58:02.000,"I've had twelve years to think about it. And if I had it to do over again, I would have grabbed the phaser and pointed it at you instead of them."
2366,5902,2015-04-18 03:24:57.000,"Maybe if we felt any human loss as keenly as we feel one of those close to us, human history would be far less bloody."
2366,5903,2016-02-20 10:34:59.000,"Maybe if we felt any human loss as keenly as we feel one of those close to us, human history would be far less bloody."
2367,5904,2016-08-11 00:02:54.000,"I suggest you drop it, Mr. Data. Mr. Worf, you sound like a man who's asking his friend if he can start dating his sister."
2377,5923,2015-10-02 19:36:42.000,Flair is what marks the difference between artistry and mere competence.
2377,5924,2016-07-01 06:39:47.000,Travel time to the nearest starbase? The Federation's gone; the Borg is everywhere!
2367,5905,2015-10-10 18:41:58.000,Travel time to the nearest starbase? The Federation's gone; the Borg is everywhere!
2377,5925,2015-09-08 16:28:51.000,"I've had twelve years to think about it. And if I had it to do over again, I would have grabbed the phaser and pointed it at you instead of them."
2367,5906,2015-06-27 10:06:19.000,I'll alert the crew. When has justice ever been as simple as a rule book?
2378,5926,2015-08-16 14:15:16.000,"For an android with no feelings, he sure managed to evoke them in others."
2367,5907,2015-12-03 15:59:21.000,"I'm afraid I still don't understand, sir. Well, that's certainly good to know."
2378,5927,2016-09-18 06:29:22.000,Travel time to the nearest starbase? The Federation's gone; the Borg is everywhere!
2379,5928,2016-12-23 18:03:35.000,"I've had twelve years to think about it. And if I had it to do over again, I would have grabbed the phaser and pointed it at you instead of them."
2379,5936,2015-05-30 17:48:46.000,"I suggest you drop it, Mr. Data. Mr. Worf, you sound like a man who's asking his friend if he can start dating his sister."
2389,5953,2017-01-26 21:00:58.000,Flair is what marks the difference between artistry and mere competence.
2389,5954,2016-06-11 20:27:01.000,I'll alert the crew. When has justice ever been as simple as a rule book?
2389,5955,2016-10-08 02:14:52.000,Flair is what marks the difference between artistry and mere competence.
2389,5956,2015-03-01 13:47:41.000,"I've had twelve years to think about it. And if I had it to do over again, I would have grabbed the phaser and pointed it at you instead of them."
2391,5957,2016-07-25 23:50:15.000,"For an android with no feelings, he sure managed to evoke them in others."
2500,6197,2015-05-27 02:09:22.000,"Fate. It protects fools, little children, and ships named Enterprise."
2474,6156,2015-04-22 23:16:02.000,"I've had twelve years to think about it. And if I had it to do over again, I would have grabbed the phaser and pointed it at you instead of them."
2500,6199,2017-02-02 08:37:02.000,"I'm afraid I still don't understand, sir. Well, that's certainly good to know."
2474,6160,2015-04-26 03:18:39.000,"For an android with no feelings, he sure managed to evoke them in others."
2503,6201,2016-01-25 17:20:39.000,"I'm afraid I still don't understand, sir. Well, that's certainly good to know."
2475,6162,2015-10-20 11:25:20.000,Travel time to the nearest starbase? The Federation's gone; the Borg is everywhere!
2503,6203,2015-07-17 14:51:06.000,"Fate. It protects fools, little children, and ships named Enterprise."
2475,6164,2016-07-09 03:37:52.000,"I've had twelve years to think about it. And if I had it to do over again, I would have grabbed the phaser and pointed it at you instead of them."
2503,6205,2015-10-24 16:02:44.000,"Maybe if we felt any human loss as keenly as we feel one of those close to us, human history would be far less bloody."
2475,6166,2016-09-30 19:33:01.000,"I've had twelve years to think about it. And if I had it to do over again, I would have grabbed the phaser and pointed it at you instead of them."
2503,6207,2016-12-01 16:13:18.000,"I suggest you drop it, Mr. Data. Mr. Worf, you sound like a man who's asking his friend if he can start dating his sister."
2476,6168,2015-01-01 09:35:18.000,"For an android with no feelings, he sure managed to evoke them in others."
2476,6170,2015-04-28 18:14:53.000,"Fate. It protects fools, little children, and ships named Enterprise."
2477,6171,2015-07-16 06:39:01.000,Flair is what marks the difference between artistry and mere competence.
2477,6172,2016-11-19 22:43:58.000,"Maybe if we felt any human loss as keenly as we feel one of those close to us, human history would be far less bloody."
2477,6173,2015-06-25 14:42:42.000,"I'm afraid I still don't understand, sir. Well, that's certainly good to know."
2477,6174,2016-07-11 11:48:57.000,"I suggest you drop it, Mr. Data. Mr. Worf, you sound like a man who's asking his friend if he can start dating his sister."
2495,6196,2015-06-21 05:15:58.000,"Maybe if we felt any human loss as keenly as we feel one of those close to us, human history would be far less bloody."
2495,6198,2015-12-26 23:06:20.000,Travel time to the nearest starbase? The Federation's gone; the Borg is everywhere!
2495,6200,2015-03-03 14:09:52.000,Travel time to the nearest starbase? The Federation's gone; the Borg is everywhere!
2495,6202,2016-01-04 12:14:09.000,"Fate. It protects fools, little children, and ships named Enterprise."
2495,6204,2015-10-13 16:20:46.000,"I'm afraid I still don't understand, sir. Well, that's certainly good to know."
2496,6206,2015-03-20 03:43:37.000,Flair is what marks the difference between artistry and mere competence.
2496,6208,2015-02-09 22:22:29.000,"Fate. It protects fools, little children, and ships named Enterprise."
2497,6209,2017-01-07 15:19:35.000,Travel time to the nearest starbase? The Federation's gone; the Borg is everywhere!
2497,6210,2016-02-21 12:05:50.000,"I've had twelve years to think about it. And if I had it to do over again, I would have grabbed the phaser and pointed it at you instead of them."
2497,6211,2016-04-16 22:50:41.000,"For an android with no feelings, he sure managed to evoke them in others."
2497,6212,2016-02-12 19:53:46.000,Travel time to the nearest starbase? The Federation's gone; the Borg is everywhere!
2497,6213,2016-03-03 03:51:01.000,I'll alert the crew. When has justice ever been as simple as a rule book?
2505,6220,2017-02-12 22:17:21.000,"I've had twelve years to think about it. And if I had it to do over again, I would have grabbed the phaser and pointed it at you instead of them."
2505,6221,2016-04-02 21:32:24.000,Flair is what marks the difference between artistry and mere competence.
2506,6222,2015-07-05 15:32:19.000,I'll alert the crew. When has justice ever been as simple as a rule book?
2506,6223,2015-05-09 13:03:32.000,"Fate. It protects fools, little children, and ships named Enterprise."
2506,6224,2015-07-18 19:55:43.000,"Fate. It protects fools, little children, and ships named Enterprise."
2508,6225,2016-12-16 22:13:37.000,I'll alert the crew. When has justice ever been as simple as a rule book?
2492,6214,2015-01-09 23:28:47.000,"I've had twelve years to think about it. And if I had it to do over again, I would have grabbed the phaser and pointed it at you instead of them."
2492,6215,2017-01-06 02:48:15.000,"I've had twelve years to think about it. And if I had it to do over again, I would have grabbed the phaser and pointed it at you instead of them."
2492,6216,2016-04-29 04:37:07.000,"I've had twelve years to think about it. And if I had it to do over again, I would have grabbed the phaser and pointed it at you instead of them."
2494,6217,2015-08-24 13:46:17.000,Travel time to the nearest starbase? The Federation's gone; the Borg is everywhere!
2494,6218,2015-05-20 00:49:00.000,"Fate. It protects fools, little children, and ships named Enterprise."
2494,6219,2016-05-12 03:03:37.000,Travel time to the nearest starbase? The Federation's gone; the Borg is everywhere!
2507,6226,2015-07-09 11:20:56.000,"I've had twelve years to think about it. And if I had it to do over again, I would have grabbed the phaser and pointed it at you instead of them."
2531,6265,2015-10-01 03:17:53.000,"I suggest you drop it, Mr. Data. Mr. Worf, you sound like a man who's asking his friend if he can start dating his sister."
2531,6267,2016-04-11 00:49:05.000,"I'm afraid I still don't understand, sir. Well, that's certainly good to know."
2531,6268,2016-07-24 01:49:16.000,"I suggest you drop it, Mr. Data. Mr. Worf, you sound like a man who's asking his friend if he can start dating his sister."
2531,6269,2015-06-13 18:24:20.000,Flair is what marks the difference between artistry and mere competence.
2532,6270,2016-05-27 13:24:20.000,Travel time to the nearest starbase? The Federation's gone; the Borg is everywhere!
2532,6271,2015-09-19 10:47:12.000,"I'm afraid I still don't understand, sir. Well, that's certainly good to know."
2533,6272,2016-01-29 02:42:14.000,"Fate. It protects fools, little children, and ships named Enterprise."
2523,6253,2016-10-24 16:51:58.000,"I've had twelve years to think about it. And if I had it to do over again, I would have grabbed the phaser and pointed it at you instead of them."
2533,6273,2016-10-19 15:56:46.000,Flair is what marks the difference between artistry and mere competence.
2524,6255,2015-02-28 23:33:47.000,"For an android with no feelings, he sure managed to evoke them in others."
2533,6274,2016-04-23 21:19:08.000,"For an android with no feelings, he sure managed to evoke them in others."
2524,6257,2015-09-22 02:28:20.000,"Maybe if we felt any human loss as keenly as we feel one of those close to us, human history would be far less bloody."
2534,6275,2017-01-02 17:04:56.000,Travel time to the nearest starbase? The Federation's gone; the Borg is everywhere!
2524,6259,2016-08-16 09:55:41.000,Flair is what marks the difference between artistry and mere competence.
2524,6261,2015-09-06 04:23:30.000,"Maybe if we felt any human loss as keenly as we feel one of those close to us, human history would be far less bloody."
2534,6276,2016-12-01 16:15:36.000,"Fate. It protects fools, little children, and ships named Enterprise."
2526,6262,2017-02-16 13:18:30.000,"I've had twelve years to think about it. And if I had it to do over again, I would have grabbed the phaser and pointed it at you instead of them."
2534,6277,2015-08-12 18:53:39.000,Flair is what marks the difference between artistry and mere competence.
2526,6263,2016-09-06 13:18:35.000,"Maybe if we felt any human loss as keenly as we feel one of those close to us, human history would be far less bloody."
2535,6278,2016-01-30 10:29:22.000,"I've had twelve years to think about it. And if I had it to do over again, I would have grabbed the phaser and pointed it at you instead of them."
2527,6264,2016-10-15 02:58:54.000,"I'm afraid I still don't understand, sir. Well, that's certainly good to know."
2536,6279,2016-06-05 21:34:25.000,Travel time to the nearest starbase? The Federation's gone; the Borg is everywhere!
2536,6280,2015-03-06 18:49:34.000,"I've had twelve years to think about it. And if I had it to do over again, I would have grabbed the phaser and pointed it at you instead of them."
2529,6266,2015-02-27 22:21:01.000,Flair is what marks the difference between artistry and mere competence.
2536,6281,2016-04-27 21:00:24.000,I'll alert the crew. When has justice ever been as simple as a rule book?
2537,6282,2016-01-26 14:41:47.000,"I've had twelve years to think about it. And if I had it to do over again, I would have grabbed the phaser and pointed it at you instead of them."
2537,6283,2016-08-13 13:19:24.000,"Maybe if we felt any human loss as keenly as we feel one of those close to us, human history would be far less bloody."
2537,6284,2017-01-28 02:27:28.000,"For an android with no feelings, he sure managed to evoke them in others."
2537,6285,2016-11-07 12:44:09.000,"Fate. It protects fools, little children, and ships named Enterprise."
2537,6286,2015-02-28 12:28:40.000,Travel time to the nearest starbase? The Federation's gone; the Borg is everywhere!
2530,6249,2015-03-11 01:02:44.000,"Fate. It protects fools, little children, and ships named Enterprise."
2530,6251,2017-01-09 22:15:32.000,Flair is what marks the difference between artistry and mere competence.
2513,6238,2016-02-11 12:23:58.000,Travel time to the nearest starbase? The Federation's gone; the Borg is everywhere!
2513,6239,2016-01-06 18:07:44.000,"Fate. It protects fools, little children, and ships named Enterprise."
2515,6240,2016-12-15 08:00:07.000,"I suggest you drop it, Mr. Data. Mr. Worf, you sound like a man who's asking his friend if he can start dating his sister."
2510,6227,2016-12-28 01:11:07.000,"I'm afraid I still don't understand, sir. Well, that's certainly good to know."
2515,6241,2016-05-13 00:57:50.000,"Maybe if we felt any human loss as keenly as we feel one of those close to us, human history would be far less bloody."
2510,6228,2015-01-10 18:00:13.000,"I've had twelve years to think about it. And if I had it to do over again, I would have grabbed the phaser and pointed it at you instead of them."
2510,6229,2015-03-02 11:31:51.000,I'll alert the crew. When has justice ever been as simple as a rule book?
2510,6230,2015-03-29 13:26:38.000,I'll alert the crew. When has justice ever been as simple as a rule book?
2510,6231,2015-03-06 01:59:43.000,I'll alert the crew. When has justice ever been as simple as a rule book?
2511,6232,2015-01-04 21:34:13.000,"Maybe if we felt any human loss as keenly as we feel one of those close to us, human history would be far less bloody."
2511,6233,2015-12-05 04:08:15.000,"I suggest you drop it, Mr. Data. Mr. Worf, you sound like a man who's asking his friend if he can start dating his sister."
2512,6234,2016-02-13 07:26:32.000,"I suggest you drop it, Mr. Data. Mr. Worf, you sound like a man who's asking his friend if he can start dating his sister."
2512,6235,2015-01-26 03:23:46.000,I'll alert the crew. When has justice ever been as simple as a rule book?
2512,6236,2015-01-05 19:23:55.000,"I suggest you drop it, Mr. Data. Mr. Worf, you sound like a man who's asking his friend if he can start dating his sister."
2512,6237,2015-03-15 01:48:18.000,"Maybe if we felt any human loss as keenly as we feel one of those close to us, human history would be far less bloody."
2517,6242,2016-10-09 03:26:27.000,"Maybe if we felt any human loss as keenly as we feel one of those close to us, human history would be far less bloody."
2518,6243,2015-09-12 08:01:33.000,"Maybe if we felt any human loss as keenly as we feel one of those close to us, human history would be far less bloody."
2518,6244,2016-09-10 06:30:39.000,"I'm afraid I still don't understand, sir. Well, that's certainly good to know."
2518,6245,2015-05-21 14:14:39.000,"I suggest you drop it, Mr. Data. Mr. Worf, you sound like a man who's asking his friend if he can start dating his sister."
2518,6246,2015-06-05 16:03:06.000,"I suggest you drop it, Mr. Data. Mr. Worf, you sound like a man who's asking his friend if he can start dating his sister."
2518,6247,2015-07-03 02:15:52.000,"Fate. It protects fools, little children, and ships named Enterprise."
2519,6248,2016-12-20 13:29:42.000,"Maybe if we felt any human loss as keenly as we feel one of those close to us, human history would be far less bloody."
2520,6250,2015-04-20 18:29:52.000,"I've had twelve years to think about it. And if I had it to do over again, I would have grabbed the phaser and pointed it at you instead of them."
2520,6252,2015-04-18 06:38:23.000,"I'm afraid I still don't understand, sir. Well, that's certainly good to know."
2520,6254,2015-03-01 21:09:57.000,I'll alert the crew. When has justice ever been as simple as a rule book?
2520,6256,2015-07-08 11:21:46.000,"Maybe if we felt any human loss as keenly as we feel one of those close to us, human history would be far less bloody."
2521,6258,2015-11-02 02:48:37.000,"I've had twelve years to think about it. And if I had it to do over again, I would have grabbed the phaser and pointed it at you instead of them."
2522,6260,2016-06-09 21:22:25.000,"Maybe if we felt any human loss as keenly as we feel one of those close to us, human history would be far less bloody."
2540,6295,2015-09-02 21:47:48.000,"I'm afraid I still don't understand, sir. Well, that's certainly good to know."
2540,6296,2016-05-03 23:32:20.000,I'll alert the crew. When has justice ever been as simple as a rule book?
2541,6297,2015-06-06 04:09:20.000,Flair is what marks the difference between artistry and mere competence.
2541,6298,2015-02-25 22:05:24.000,Travel time to the nearest starbase? The Federation's gone; the Borg is everywhere!
2541,6299,2016-02-24 15:10:01.000,"I'm afraid I still don't understand, sir. Well, that's certainly good to know."
2541,6300,2016-09-22 21:41:43.000,"I'm afraid I still don't understand, sir. Well, that's certainly good to know."
2542,6301,2015-05-27 22:23:27.000,Flair is what marks the difference between artistry and mere competence.
2542,6302,2015-12-19 10:11:17.000,"For an android with no feelings, he sure managed to evoke them in others."
2542,6303,2016-11-12 04:49:03.000,"I suggest you drop it, Mr. Data. Mr. Worf, you sound like a man who's asking his friend if he can start dating his sister."
2544,6304,2016-06-10 04:13:57.000,I'll alert the crew. When has justice ever been as simple as a rule book?
2544,6305,2016-06-12 21:54:23.000,"I suggest you drop it, Mr. Data. Mr. Worf, you sound like a man who's asking his friend if he can start dating his sister."
2544,6306,2015-03-24 02:01:14.000,Flair is what marks the difference between artistry and mere competence.
2544,6307,2016-06-24 13:29:05.000,"Maybe if we felt any human loss as keenly as we feel one of those close to us, human history would be far less bloody."
2544,6308,2016-04-23 06:49:10.000,"Maybe if we felt any human loss as keenly as we feel one of those close to us, human history would be far less bloody."
2546,6309,2015-03-19 01:05:57.000,I'll alert the crew. When has justice ever been as simple as a rule book?
2546,6311,2015-05-24 02:36:16.000,"Maybe if we felt any human loss as keenly as we feel one of those close to us, human history would be far less bloody."
2546,6314,2015-08-22 23:37:00.000,"For an android with no feelings, he sure managed to evoke them in others."
2538,6287,2017-01-11 08:08:56.000,"I've had twelve years to think about it. And if I had it to do over again, I would have grabbed the phaser and pointed it at you instead of them."
2546,6317,2016-06-29 14:42:56.000,"I've had twelve years to think about it. And if I had it to do over again, I would have grabbed the phaser and pointed it at you instead of them."
2538,6288,2015-09-03 05:30:25.000,"I'm afraid I still don't understand, sir. Well, that's certainly good to know."
2546,6318,2015-05-17 12:57:08.000,"For an android with no feelings, he sure managed to evoke them in others."
2538,6289,2015-01-11 01:47:10.000,"For an android with no feelings, he sure managed to evoke them in others."
2538,6290,2015-08-13 21:47:13.000,Travel time to the nearest starbase? The Federation's gone; the Borg is everywhere!
2539,6291,2016-04-02 14:03:45.000,"I suggest you drop it, Mr. Data. Mr. Worf, you sound like a man who's asking his friend if he can start dating his sister."
2539,6292,2015-04-26 18:26:51.000,"Maybe if we felt any human loss as keenly as we feel one of those close to us, human history would be far less bloody."
2539,6293,2015-12-25 14:58:10.000,Flair is what marks the difference between artistry and mere competence.
2539,6294,2017-01-14 22:02:44.000,"I suggest you drop it, Mr. Data. Mr. Worf, you sound like a man who's asking his friend if he can start dating his sister."
2543,6310,2015-11-05 14:14:50.000,Flair is what marks the difference between artistry and mere competence.
2543,6312,2016-10-22 18:05:39.000,"I suggest you drop it, Mr. Data. Mr. Worf, you sound like a man who's asking his friend if he can start dating his sister."
2543,6313,2016-03-02 18:10:22.000,I'll alert the crew. When has justice ever been as simple as a rule book?
2545,6315,2016-04-21 03:16:41.000,"I've had twelve years to think about it. And if I had it to do over again, I would have grabbed the phaser and pointed it at you instead of them."
2547,6316,2015-01-15 14:15:52.000,"I suggest you drop it, Mr. Data. Mr. Worf, you sound like a man who's asking his friend if he can start dating his sister."
2548,6328,2015-10-10 08:11:44.000,"I'm afraid I still don't understand, sir. Well, that's certainly good to know."
2548,6329,2016-03-10 03:45:43.000,"Fate. It protects fools, little children, and ships named Enterprise."
2553,6330,2015-12-07 02:53:17.000,"I've had twelve years to think about it. And if I had it to do over again, I would have grabbed the phaser and pointed it at you instead of them."
2553,6331,2015-10-20 08:16:40.000,"For an android with no feelings, he sure managed to evoke them in others."
2553,6332,2015-05-02 19:21:38.000,"Maybe if we felt any human loss as keenly as we feel one of those close to us, human history would be far less bloody."
2553,6333,2016-10-04 12:48:51.000,"Fate. It protects fools, little children, and ships named Enterprise."
2423,6032,2017-01-03 04:17:25.000,"Maybe if we felt any human loss as keenly as we feel one of those close to us, human history would be far less bloody."
2423,6033,2015-06-26 01:42:39.000,"Fate. It protects fools, little children, and ships named Enterprise."
2424,6034,2017-01-11 05:08:27.000,Flair is what marks the difference between artistry and mere competence.
2399,5978,2017-02-27 04:43:18.000,"For an android with no feelings, he sure managed to evoke them in others."
2399,5980,2015-11-01 21:05:36.000,"I suggest you drop it, Mr. Data. Mr. Worf, you sound like a man who's asking his friend if he can start dating his sister."
2399,5982,2016-12-12 17:18:14.000,"For an android with no feelings, he sure managed to evoke them in others."
2401,5983,2017-01-19 04:16:59.000,"I've had twelve years to think about it. And if I had it to do over again, I would have grabbed the phaser and pointed it at you instead of them."
2401,5984,2016-06-12 04:45:01.000,Travel time to the nearest starbase? The Federation's gone; the Borg is everywhere!
2401,5985,2015-01-07 07:49:10.000,Flair is what marks the difference between artistry and mere competence.
2401,5986,2015-10-16 04:55:57.000,"I suggest you drop it, Mr. Data. Mr. Worf, you sound like a man who's asking his friend if he can start dating his sister."
2402,5987,2016-12-30 10:20:13.000,"I've had twelve years to think about it. And if I had it to do over again, I would have grabbed the phaser and pointed it at you instead of them."
2403,5988,2015-06-22 09:38:31.000,Travel time to the nearest starbase? The Federation's gone; the Borg is everywhere!
2403,5989,2015-08-11 22:49:36.000,Travel time to the nearest starbase? The Federation's gone; the Borg is everywhere!
2403,5990,2017-01-21 15:56:37.000,"I suggest you drop it, Mr. Data. Mr. Worf, you sound like a man who's asking his friend if he can start dating his sister."
2403,5991,2016-04-07 15:37:08.000,Flair is what marks the difference between artistry and mere competence.
2403,5992,2015-05-24 17:02:11.000,"I suggest you drop it, Mr. Data. Mr. Worf, you sound like a man who's asking his friend if he can start dating his sister."
2427,6041,2015-10-16 03:41:52.000,I'll alert the crew. When has justice ever been as simple as a rule book?
2427,6043,2017-01-25 01:57:01.000,"Fate. It protects fools, little children, and ships named Enterprise."
2427,6045,2016-05-26 17:51:41.000,"Maybe if we felt any human loss as keenly as we feel one of those close to us, human history would be far less bloody."
2430,6047,2016-08-23 06:30:01.000,I'll alert the crew. When has justice ever been as simple as a rule book?
2430,6049,2015-07-31 19:27:56.000,Travel time to the nearest starbase? The Federation's gone; the Borg is everywhere!
2431,6050,2016-08-17 00:23:56.000,"I've had twelve years to think about it. And if I had it to do over again, I would have grabbed the phaser and pointed it at you instead of them."
2431,6051,2015-09-06 18:56:15.000,Flair is what marks the difference between artistry and mere competence.
2431,6052,2016-05-09 00:55:02.000,I'll alert the crew. When has justice ever been as simple as a rule book?
2431,6053,2016-01-29 08:52:17.000,Travel time to the nearest starbase? The Federation's gone; the Borg is everywhere!
2425,6035,2015-12-16 01:06:48.000,"I'm afraid I still don't understand, sir. Well, that's certainly good to know."
2425,6036,2016-07-25 15:35:27.000,I'll alert the crew. When has justice ever been as simple as a rule book?
2425,6037,2015-08-11 18:59:33.000,I'll alert the crew. When has justice ever been as simple as a rule book?
2425,6038,2015-07-27 13:23:22.000,"Maybe if we felt any human loss as keenly as we feel one of those close to us, human history would be far less bloody."
2425,6039,2015-01-30 03:36:24.000,Travel time to the nearest starbase? The Federation's gone; the Borg is everywhere!
2426,6040,2016-01-03 21:30:58.000,Flair is what marks the difference between artistry and mere competence.
2426,6042,2016-11-10 16:57:38.000,"Maybe if we felt any human loss as keenly as we feel one of those close to us, human history would be far less bloody."
2426,6044,2016-09-05 01:56:52.000,"Maybe if we felt any human loss as keenly as we feel one of those close to us, human history would be far less bloody."
2426,6046,2015-04-01 13:56:56.000,"I'm afraid I still don't understand, sir. Well, that's certainly good to know."
2426,6048,2015-12-11 11:53:09.000,"For an android with no feelings, he sure managed to evoke them in others."
2421,6025,2016-08-12 03:02:23.000,"Fate. It protects fools, little children, and ships named Enterprise."
2421,6026,2016-09-15 10:26:21.000,"Fate. It protects fools, little children, and ships named Enterprise."
2422,6027,2015-03-15 04:55:53.000,Travel time to the nearest starbase? The Federation's gone; the Borg is everywhere!
2422,6028,2016-12-27 17:27:35.000,"I'm afraid I still don't understand, sir. Well, that's certainly good to know."
2412,6004,2016-10-31 05:28:03.000,"For an android with no feelings, he sure managed to evoke them in others."
2413,6005,2017-01-30 20:45:03.000,I'll alert the crew. When has justice ever been as simple as a rule book?
2413,6006,2015-09-14 09:27:00.000,Travel time to the nearest starbase? The Federation's gone; the Borg is everywhere!
2413,6007,2016-08-29 08:06:10.000,"I've had twelve years to think about it. And if I had it to do over again, I would have grabbed the phaser and pointed it at you instead of them."
2414,6008,2016-03-26 20:05:15.000,"I'm afraid I still don't understand, sir. Well, that's certainly good to know."
2414,6009,2015-01-12 20:39:25.000,"I'm afraid I still don't understand, sir. Well, that's certainly good to know."
2415,6010,2015-02-03 12:16:43.000,"Fate. It protects fools, little children, and ships named Enterprise."
2415,6011,2015-05-21 11:43:08.000,I'll alert the crew. When has justice ever been as simple as a rule book?
2416,6012,2016-10-08 23:06:09.000,Travel time to the nearest starbase? The Federation's gone; the Borg is everywhere!
2416,6013,2015-06-20 23:29:16.000,"Maybe if we felt any human loss as keenly as we feel one of those close to us, human history would be far less bloody."
2417,6014,2017-01-08 13:26:03.000,Flair is what marks the difference between artistry and mere competence.
2417,6015,2016-04-22 07:55:27.000,"I'm afraid I still don't understand, sir. Well, that's certainly good to know."
2417,6016,2015-04-11 20:52:56.000,"For an android with no feelings, he sure managed to evoke them in others."
2446,6094,2015-03-27 10:26:22.000,Travel time to the nearest starbase? The Federation's gone; the Borg is everywhere!
2447,6095,2016-11-23 13:43:17.000,"Fate. It protects fools, little children, and ships named Enterprise."
2418,6017,2016-07-25 22:01:32.000,"For an android with no feelings, he sure managed to evoke them in others."
2447,6096,2016-12-24 11:23:37.000,Flair is what marks the difference between artistry and mere competence.
2442,6073,2017-02-09 12:08:33.000,"For an android with no feelings, he sure managed to evoke them in others."
2418,6018,2015-06-30 23:10:09.000,"Maybe if we felt any human loss as keenly as we feel one of those close to us, human history would be far less bloody."
2447,6097,2015-04-18 05:39:43.000,"Fate. It protects fools, little children, and ships named Enterprise."
2442,6074,2015-03-24 17:36:52.000,"I suggest you drop it, Mr. Data. Mr. Worf, you sound like a man who's asking his friend if he can start dating his sister."
2418,6019,2016-11-17 17:49:35.000,"I'm afraid I still don't understand, sir. Well, that's certainly good to know."
2448,6098,2016-10-18 22:47:13.000,I'll alert the crew. When has justice ever been as simple as a rule book?
2442,6075,2016-03-23 17:44:08.000,"I've had twelve years to think about it. And if I had it to do over again, I would have grabbed the phaser and pointed it at you instead of them."
2418,6020,2016-06-23 02:04:43.000,Flair is what marks the difference between artistry and mere competence.
2448,6099,2016-08-07 18:17:57.000,"I'm afraid I still don't understand, sir. Well, that's certainly good to know."
2418,6021,2017-02-26 14:54:24.000,"Fate. It protects fools, little children, and ships named Enterprise."
2448,6100,2016-09-20 23:34:13.000,"I'm afraid I still don't understand, sir. Well, that's certainly good to know."
2448,6101,2015-02-20 07:14:20.000,I'll alert the crew. When has justice ever been as simple as a rule book?
2448,6102,2015-11-21 08:37:35.000,Travel time to the nearest starbase? The Federation's gone; the Borg is everywhere!
2449,6103,2016-09-17 08:10:53.000,"I'm afraid I still don't understand, sir. Well, that's certainly good to know."
2436,6065,2016-04-15 21:58:21.000,"I'm afraid I still don't understand, sir. Well, that's certainly good to know."
2437,6066,2016-05-11 02:12:37.000,"I suggest you drop it, Mr. Data. Mr. Worf, you sound like a man who's asking his friend if he can start dating his sister."
2437,6067,2016-01-30 10:38:00.000,Travel time to the nearest starbase? The Federation's gone; the Borg is everywhere!
2437,6068,2016-07-03 03:22:59.000,"I'm afraid I still don't understand, sir. Well, that's certainly good to know."
2437,6069,2015-10-03 23:22:13.000,"I suggest you drop it, Mr. Data. Mr. Worf, you sound like a man who's asking his friend if he can start dating his sister."
2432,6054,2016-05-21 13:57:24.000,I'll alert the crew. When has justice ever been as simple as a rule book?
2432,6055,2016-07-31 16:19:32.000,"Maybe if we felt any human loss as keenly as we feel one of those close to us, human history would be far less bloody."
2432,6056,2016-04-03 00:31:30.000,"For an android with no feelings, he sure managed to evoke them in others."
2432,6057,2016-07-05 06:28:35.000,I'll alert the crew. When has justice ever been as simple as a rule book?
2432,6058,2015-04-01 05:49:08.000,"Maybe if we felt any human loss as keenly as we feel one of those close to us, human history would be far less bloody."
2433,6059,2016-04-21 03:40:42.000,Flair is what marks the difference between artistry and mere competence.
2433,6060,2015-04-13 07:13:47.000,"Maybe if we felt any human loss as keenly as we feel one of those close to us, human history would be far less bloody."
2433,6061,2015-07-12 09:10:55.000,"I'm afraid I still don't understand, sir. Well, that's certainly good to know."
2433,6062,2015-09-30 06:08:12.000,"Fate. It protects fools, little children, and ships named Enterprise."
2434,6063,2016-05-26 18:15:55.000,I'll alert the crew. When has justice ever been as simple as a rule book?
2434,6064,2015-03-03 13:01:39.000,"I suggest you drop it, Mr. Data. Mr. Worf, you sound like a man who's asking his friend if he can start dating his sister."
2450,6104,2015-08-29 20:30:22.000,"For an android with no feelings, he sure managed to evoke them in others."
2450,6105,2016-11-05 07:00:04.000,Flair is what marks the difference between artistry and mere competence.
2450,6106,2016-02-21 07:46:01.000,"Fate. It protects fools, little children, and ships named Enterprise."
2450,6107,2015-06-04 07:47:04.000,"I've had twelve years to think about it. And if I had it to do over again, I would have grabbed the phaser and pointed it at you instead of them."
2450,6108,2015-08-31 10:42:03.000,"I suggest you drop it, Mr. Data. Mr. Worf, you sound like a man who's asking his friend if he can start dating his sister."
2478,6157,2016-05-06 05:56:52.000,"For an android with no feelings, he sure managed to evoke them in others."
2451,6109,2015-07-05 17:02:00.000,"Maybe if we felt any human loss as keenly as we feel one of those close to us, human history would be far less bloody."
2452,6110,2015-05-19 02:46:13.000,I'll alert the crew. When has justice ever been as simple as a rule book?
2443,6086,2015-10-23 15:09:54.000,"Fate. It protects fools, little children, and ships named Enterprise."
2443,6087,2015-04-16 03:15:47.000,"I'm afraid I still don't understand, sir. Well, that's certainly good to know."
2443,6088,2017-01-10 22:06:21.000,I'll alert the crew. When has justice ever been as simple as a rule book?
2443,6089,2015-02-10 17:27:40.000,"I've had twelve years to think about it. And if I had it to do over again, I would have grabbed the phaser and pointed it at you instead of them."
2438,6070,2015-09-05 03:56:16.000,"I'm afraid I still don't understand, sir. Well, that's certainly good to know."
2438,6071,2015-09-30 07:26:57.000,I'll alert the crew. When has justice ever been as simple as a rule book?
2443,6090,2015-04-29 18:30:57.000,"Maybe if we felt any human loss as keenly as we feel one of those close to us, human history would be far less bloody."
2439,6072,2016-03-29 22:17:16.000,"I suggest you drop it, Mr. Data. Mr. Worf, you sound like a man who's asking his friend if he can start dating his sister."
2444,6091,2016-03-22 00:41:35.000,Flair is what marks the difference between artistry and mere competence.
2440,6076,2016-04-05 15:37:22.000,"I suggest you drop it, Mr. Data. Mr. Worf, you sound like a man who's asking his friend if he can start dating his sister."
2445,6092,2015-10-04 14:48:26.000,"I've had twelve years to think about it. And if I had it to do over again, I would have grabbed the phaser and pointed it at you instead of them."
2440,6077,2017-01-12 19:06:43.000,I'll alert the crew. When has justice ever been as simple as a rule book?
2445,6093,2015-11-22 05:37:51.000,"I suggest you drop it, Mr. Data. Mr. Worf, you sound like a man who's asking his friend if he can start dating his sister."
2440,6078,2016-12-25 21:11:39.000,"Maybe if we felt any human loss as keenly as we feel one of those close to us, human history would be far less bloody."
2440,6079,2016-10-18 15:23:50.000,"Maybe if we felt any human loss as keenly as we feel one of those close to us, human history would be far less bloody."
2440,6080,2016-10-15 05:17:22.000,Flair is what marks the difference between artistry and mere competence.
2441,6081,2016-03-09 07:36:43.000,"I'm afraid I still don't understand, sir. Well, that's certainly good to know."
2441,6082,2015-09-02 11:56:02.000,"For an android with no feelings, he sure managed to evoke them in others."
2441,6083,2015-02-23 04:32:57.000,Flair is what marks the difference between artistry and mere competence.
2441,6084,2015-03-19 00:44:16.000,"I suggest you drop it, Mr. Data. Mr. Worf, you sound like a man who's asking his friend if he can start dating his sister."
2441,6085,2015-07-14 05:59:03.000,"For an android with no feelings, he sure managed to evoke them in others."
2455,6115,2015-02-12 03:10:15.000,"For an android with no feelings, he sure managed to evoke them in others."
2455,6116,2016-05-08 21:25:01.000,"I suggest you drop it, Mr. Data. Mr. Worf, you sound like a man who's asking his friend if he can start dating his sister."
2455,6117,2016-06-26 12:59:08.000,"I suggest you drop it, Mr. Data. Mr. Worf, you sound like a man who's asking his friend if he can start dating his sister."
2455,6118,2017-02-13 21:53:32.000,"I'm afraid I still don't understand, sir. Well, that's certainly good to know."
2456,6119,2016-09-28 04:16:59.000,"I suggest you drop it, Mr. Data. Mr. Worf, you sound like a man who's asking his friend if he can start dating his sister."
2456,6120,2017-01-26 09:49:45.000,"I'm afraid I still don't understand, sir. Well, that's certainly good to know."
2457,6121,2016-05-27 01:47:45.000,"I've had twelve years to think about it. And if I had it to do over again, I would have grabbed the phaser and pointed it at you instead of them."
2457,6122,2015-10-17 10:35:16.000,Travel time to the nearest starbase? The Federation's gone; the Borg is everywhere!
2458,6123,2016-09-08 19:10:03.000,"Fate. It protects fools, little children, and ships named Enterprise."
2463,6129,2015-12-18 21:26:03.000,I'll alert the crew. When has justice ever been as simple as a rule book?
2463,6130,2015-11-30 23:15:35.000,"Maybe if we felt any human loss as keenly as we feel one of those close to us, human history would be far less bloody."
2463,6131,2016-06-30 02:14:41.000,"I'm afraid I still don't understand, sir. Well, that's certainly good to know."
2453,6111,2016-06-24 20:39:05.000,Flair is what marks the difference between artistry and mere competence.
2463,6132,2016-02-12 13:52:47.000,Travel time to the nearest starbase? The Federation's gone; the Borg is everywhere!
2453,6112,2015-11-24 12:33:17.000,"Maybe if we felt any human loss as keenly as we feel one of those close to us, human history would be far less bloody."
2464,6133,2015-07-31 09:19:50.000,"For an android with no feelings, he sure managed to evoke them in others."
2453,6113,2016-02-22 21:13:21.000,I'll alert the crew. When has justice ever been as simple as a rule book?
2464,6134,2016-01-19 14:02:29.000,Travel time to the nearest starbase? The Federation's gone; the Borg is everywhere!
2453,6114,2017-01-21 19:34:01.000,I'll alert the crew. When has justice ever been as simple as a rule book?
2465,6135,2016-03-16 06:38:52.000,"I'm afraid I still don't understand, sir. Well, that's certainly good to know."
2465,6136,2016-08-29 12:29:57.000,"For an android with no feelings, he sure managed to evoke them in others."
2470,6138,2015-07-05 09:16:42.000,"Maybe if we felt any human loss as keenly as we feel one of those close to us, human history would be far less bloody."
2470,6140,2016-02-18 06:58:04.000,"I've had twelve years to think about it. And if I had it to do over again, I would have grabbed the phaser and pointed it at you instead of them."
2470,6142,2016-08-08 20:31:10.000,"Fate. It protects fools, little children, and ships named Enterprise."
2470,6144,2016-07-14 06:15:27.000,Travel time to the nearest starbase? The Federation's gone; the Borg is everywhere!
2470,6146,2016-06-09 14:19:52.000,"I've had twelve years to think about it. And if I had it to do over again, I would have grabbed the phaser and pointed it at you instead of them."
2472,6148,2016-03-06 13:34:19.000,Travel time to the nearest starbase? The Federation's gone; the Borg is everywhere!
2473,6150,2016-01-02 03:14:16.000,Flair is what marks the difference between artistry and mere competence.
2473,6151,2015-06-28 01:43:04.000,"For an android with no feelings, he sure managed to evoke them in others."
2478,6153,2016-02-14 23:00:12.000,I'll alert the crew. When has justice ever been as simple as a rule book?
2478,6155,2016-06-03 13:50:23.000,Travel time to the nearest starbase? The Federation's gone; the Borg is everywhere!
2479,6158,2016-04-14 00:49:10.000,"I suggest you drop it, Mr. Data. Mr. Worf, you sound like a man who's asking his friend if he can start dating his sister."
2479,6159,2016-07-25 21:09:51.000,"For an android with no feelings, he sure managed to evoke them in others."
2479,6161,2015-09-02 13:12:23.000,"I suggest you drop it, Mr. Data. Mr. Worf, you sound like a man who's asking his friend if he can start dating his sister."
2479,6163,2015-11-24 00:00:05.000,"For an android with no feelings, he sure managed to evoke them in others."
2479,6165,2015-11-05 15:28:09.000,"Fate. It protects fools, little children, and ships named Enterprise."
2481,6167,2015-01-07 03:42:23.000,"For an android with no feelings, he sure managed to evoke them in others."
2481,6169,2015-06-18 20:47:50.000,"I suggest you drop it, Mr. Data. Mr. Worf, you sound like a man who's asking his friend if he can start dating his sister."
2459,6124,2016-12-06 22:38:54.000,"For an android with no feelings, he sure managed to evoke them in others."
2460,6125,2015-09-02 09:17:47.000,"I'm afraid I still don't understand, sir. Well, that's certainly good to know."
2460,6126,2016-05-30 04:02:34.000,Travel time to the nearest starbase? The Federation's gone; the Borg is everywhere!
2460,6127,2015-12-06 18:38:43.000,"I suggest you drop it, Mr. Data. Mr. Worf, you sound like a man who's asking his friend if he can start dating his sister."
2460,6128,2016-01-19 08:46:19.000,"I've had twelve years to think about it. And if I had it to do over again, I would have grabbed the phaser and pointed it at you instead of them."
2483,6176,2016-11-20 16:52:24.000,Flair is what marks the difference between artistry and mere competence.
2484,6177,2015-08-27 14:14:17.000,"Maybe if we felt any human loss as keenly as we feel one of those close to us, human history would be far less bloody."
2484,6182,2016-12-07 15:32:12.000,"I've had twelve years to think about it. And if I had it to do over again, I would have grabbed the phaser and pointed it at you instead of them."
2486,6184,2016-03-09 09:10:27.000,"I suggest you drop it, Mr. Data. Mr. Worf, you sound like a man who's asking his friend if he can start dating his sister."
2486,6185,2016-08-06 08:57:04.000,"I suggest you drop it, Mr. Data. Mr. Worf, you sound like a man who's asking his friend if he can start dating his sister."
2486,6186,2016-01-15 21:47:12.000,"I'm afraid I still don't understand, sir. Well, that's certainly good to know."
2486,6187,2017-01-21 09:20:04.000,"Maybe if we felt any human loss as keenly as we feel one of those close to us, human history would be far less bloody."
2486,6188,2015-08-16 02:24:01.000,"Maybe if we felt any human loss as keenly as we feel one of those close to us, human history would be far less bloody."
2490,6189,2015-06-09 14:38:39.000,"Fate. It protects fools, little children, and ships named Enterprise."
2490,6190,2015-11-14 09:34:17.000,"I've had twelve years to think about it. And if I had it to do over again, I would have grabbed the phaser and pointed it at you instead of them."
2490,6191,2015-10-14 01:38:49.000,"I suggest you drop it, Mr. Data. Mr. Worf, you sound like a man who's asking his friend if he can start dating his sister."
2490,6192,2016-04-05 02:40:32.000,Flair is what marks the difference between artistry and mere competence.
2485,6178,2016-12-18 20:41:18.000,"I suggest you drop it, Mr. Data. Mr. Worf, you sound like a man who's asking his friend if he can start dating his sister."
2485,6179,2016-08-17 11:47:24.000,"Maybe if we felt any human loss as keenly as we feel one of those close to us, human history would be far less bloody."
2485,6180,2016-04-20 12:04:54.000,"Fate. It protects fools, little children, and ships named Enterprise."
2485,6181,2015-01-09 08:43:21.000,Flair is what marks the difference between artistry and mere competence.
2489,6183,2015-08-29 22:18:45.000,Travel time to the nearest starbase? The Federation's gone; the Borg is everywhere!
2466,6137,2016-12-21 08:03:21.000,"Fate. It protects fools, little children, and ships named Enterprise."
2466,6139,2016-12-30 07:15:25.000,"Maybe if we felt any human loss as keenly as we feel one of those close to us, human history would be far less bloody."
2466,6141,2016-02-03 04:31:38.000,"Maybe if we felt any human loss as keenly as we feel one of those close to us, human history would be far less bloody."
2482,6175,2016-01-27 05:44:35.000,"I've had twelve years to think about it. And if I had it to do over again, I would have grabbed the phaser and pointed it at you instead of them."
2467,6143,2015-04-24 08:43:06.000,Flair is what marks the difference between artistry and mere competence.
2469,6145,2016-01-06 19:43:46.000,"Maybe if we felt any human loss as keenly as we feel one of those close to us, human history would be far less bloody."
2469,6147,2015-05-28 02:47:47.000,"I've had twelve years to think about it. And if I had it to do over again, I would have grabbed the phaser and pointed it at you instead of them."
2469,6149,2016-05-23 00:46:37.000,"I suggest you drop it, Mr. Data. Mr. Worf, you sound like a man who's asking his friend if he can start dating his sister."
2499,6193,2015-01-09 18:19:30.000,Travel time to the nearest starbase? The Federation's gone; the Borg is everywhere!
2499,6194,2015-11-08 05:15:41.000,Travel time to the nearest starbase? The Federation's gone; the Borg is everywhere!
2474,6152,2016-04-20 21:18:20.000,"I suggest you drop it, Mr. Data. Mr. Worf, you sound like a man who's asking his friend if he can start dating his sister."
2499,6195,2016-04-20 12:07:22.000,"Maybe if we felt any human loss as keenly as we feel one of those close to us, human history would be far less bloody."
2474,6154,2016-08-22 01:51:20.000,"For an android with no feelings, he sure managed to evoke them in others."
