customer_id,contract_id,contract_ref_id,associated_line,contract_description,from_date,to_date,associated_line_fmt
46,131,101,+1 (612) 879-9893,Unlimited call,2015-10-23 13:27:58.000,2016-01-27 16:25:44.000,16128799893
47,132,108,(967) 879-6102,5G 3G,2015-11-13 04:45:38.000,2016-11-04 04:43:12.000,9678796102
48,133,108,856-959-4759,5G 3G,2015-07-19 01:40:51.000,2016-04-05 06:53:47.000,8569594759
48,134,102,(902) 974-5203,Unlimited text,2015-11-19 18:19:46.000,2016-02-09 14:46:25.000,9029745203
49,135,105,+1 (943) 255-4708,10G LTE,2016-06-30 09:10:40.000,2015-04-30 00:05:46.000,19432554708
49,136,104,801-477-1238,5G,2016-02-13 05:41:29.000,2016-10-19 16:39:05.000,8014771238
50,137,109,531 965 1495,Roaming special,2016-08-21 15:22:08.000,2015-08-04 01:08:08.000,5319651495
52,138,101,+1 (307) 389-7185,Unlimited call,2016-03-04 16:32:31.000,2015-10-17 21:11:48.000,13073897185
52,139,108,797-167-1220,5G 3G,2016-09-30 06:50:37.000,2016-10-19 01:51:25.000,7971671220
53,140,108,(222) 711-7510,5G 3G,2016-11-24 00:50:09.000,2016-04-07 22:50:07.000,2227117510
55,141,101,+1 (343) 842-1521,Unlimited call,2016-10-03 06:17:03.000,2015-12-28 05:19:58.000,13438421521
55,142,102,680 463 5417,5G tether,2016-04-10 11:08:02.000,2015-09-19 20:17:11.000,6804635415
55,143,108,5846694228,5G 3G,2016-04-19 15:39:43.000,2015-10-02 09:30:30.000,5846694228
55,144,110,6664278654,5G tether,2016-02-18 14:16:49.000,2016-06-11 19:33:31.000,6664278654
55,145,106,(820) 633-6790,5G LTE,2015-09-22 00:37:59.000,2015-03-15 08:40:42.000,8206336790
56,146,105,365-118-5250,10G LTE,2016-02-16 12:29:11.000,2015-06-07 15:41:30.000,3651185250
56,147,109,929 475 9658,Roaming special,2015-03-03 20:32:19.000,2017-01-11 13:02:40.000,9294759658
57,148,103,918 207 5043,450 min,2017-02-06 20:03:38.000,2016-08-15 15:25:28.000,9182075043
57,149,102,170-714-6108,Unlimited text,2015-09-22 20:49:13.000,2016-02-02 06:05:34.000,1707146108
57,150,101,+1 (498) 245-7318,Unlimited call,2016-03-15 08:22:11.000,2015-09-19 16:42:24.000,14982457318
58,151,105,+1 (456) 588-9864,10G LTE,2015-03-16 21:51:16.000,2015-08-26 21:01:25.000,14565889864
58,152,107,(270) 189-6114,10G 3G,2016-06-28 13:29:11.000,2015-03-27 06:41:24.000,2701896114
58,153,104,+1 (447) 888-7064,100 text,2016-02-06 21:37:02.000,2015-08-23 04:23:38.000,14478887064
58,154,106,(190) 521-7647,5G LTE,2017-02-17 04:49:19.000,2016-08-22 08:02:17.000,1905217647
58,155,107,(936) 595-1612,10G 3G,2015-10-22 18:45:28.000,2015-09-07 03:19:16.000,9365951612
60,156,107,2196821314,10G 3G,2016-11-10 17:39:36.000,2017-01-25 01:17:15.000,2196821314
60,157,109,368 492 4457,Roaming special,2015-09-15 09:13:24.000,2016-06-07 05:56:20.000,3684924457
61,158,106,3285627144,5G LTE,2016-09-17 04:12:38.000,2016-10-05 07:52:12.000,3285627144
61,159,108,1764002030,5G 3G,2016-04-12 18:48:46.000,2016-04-08 21:14:36.000,1764002030
61,160,102,+1 (531) 830-2206,Unlimited text,2017-01-26 23:20:07.000,2015-07-30 22:40:39.000,15318302206
62,161,103,9407311152,450 min,2015-01-23 02:44:13.000,2016-06-17 10:14:36.000,9407311152
62,162,105,(841) 941-9974,10G LTE,2016-12-26 09:18:37.000,2015-01-04 04:23:48.000,8419419974
62,163,101,+1 (373) 490-8687,Unlimited call,2016-07-05 23:07:32.000,2016-06-15 03:22:17.000,13734908687
62,164,108,(908) 713-8857,5G 3G,2016-07-18 22:42:21.000,2016-03-06 21:15:11.000,9087138857
63,165,110,(699) 108-7339,5G tether,2016-05-21 14:07:59.000,2015-06-19 01:15:32.000,6991087339
63,166,102,+1 (134) 244-3190,Unlimited text,2016-01-27 09:40:04.000,2015-08-17 23:26:40.000,11342443190
63,167,103,6915625335,450 min,2016-02-04 20:12:21.000,2015-02-06 22:46:09.000,6915625335
63,168,108,1228395545,5G 3G,2015-06-10 10:44:45.000,2015-05-20 19:55:23.000,1228395545
65,169,109,719 764 1363,Roaming special,2016-04-23 11:33:48.000,2016-02-11 11:56:38.000,7197641363
65,170,110,404 376 5891,5G tether,2016-09-03 13:20:32.000,2016-02-27 22:07:07.000,4043765891
65,171,109,(248) 143-7235,Roaming special,2015-09-07 13:02:20.000,2016-04-02 06:45:25.000,2481437235
65,172,102,342-203-6253,Unlimited text,2015-01-25 19:58:56.000,2016-07-08 01:44:12.000,3422036253
65,173,110,+1 (929) 454-2178,5G tether,2016-09-12 09:30:13.000,2015-11-09 23:04:56.000,19294542178
66,174,102,567-540-7514,Unlimited text,2015-11-13 00:28:01.000,2016-10-03 17:15:19.000,5675407514
66,175,102,854 182 9711,Unlimited text,2016-04-29 05:30:51.000,2015-10-30 15:57:25.000,8541829711
67,176,102,197 593 4506,Unlimited text,2016-03-24 00:31:47.000,2016-01-11 07:31:55.000,1975934506
67,177,110,933-403-4093,5G tether,2015-11-06 06:59:57.000,2016-11-27 21:20:15.000,9334034093
67,178,107,917 818 1185,10G 3G,2016-09-01 12:13:13.000,2015-02-15 23:36:32.000,9178181185
67,179,104,779 369 2280,100 text,2016-04-25 07:48:42.000,2015-01-26 09:46:51.000,7793692280
68,180,103,(118) 662-3162,450 min,2016-04-03 15:04:55.000,2015-03-12 11:12:29.000,1186623162
71,181,107,+1 (110) 386-4702,10G 3G,2015-12-24 10:05:42.000,2015-11-10 09:17:25.000,11103864702
72,182,105,3407715618,10G LTE,2016-09-17 16:02:05.000,2016-04-02 04:40:35.000,3407715618
72,183,108,471 266 2724,5G 3G,2015-02-17 19:29:26.000,2016-05-08 19:35:40.000,4712662724
72,184,107,409-383-8004,10G 3G,2015-10-12 02:47:28.000,2016-06-14 13:24:07.000,4093838004
73,185,103,2243506118,450 min,2016-02-06 10:27:40.000,2017-02-15 02:31:57.000,2243506118
73,186,107,177 898 6079,10G 3G,2016-06-11 22:48:32.000,2016-01-22 12:16:05.000,1778986079
73,187,103,9374086994,450 min,2016-06-12 11:13:39.000,2015-04-02 01:58:15.000,9374086994
74,189,106,122 299 1702,5G LTE,2016-12-09 13:52:58.000,2016-11-25 07:43:01.000,1222991702
74,190,103,7776837625,450 min,2017-01-04 23:51:19.000,2016-05-30 05:53:56.000,7776837625
74,191,109,+1 (410) 182-4266,Roaming special,2015-11-08 08:06:52.000,2015-07-24 01:43:19.000,14101824266
74,192,105,217-896-7812,10G LTE,2016-11-24 07:41:21.000,2015-12-07 03:38:21.000,2178967812
75,194,104,3929711373,100 text,2015-11-14 02:01:55.000,2015-01-23 17:53:14.000,3929711373
75,195,107,+1 (562) 271-3053,10G 3G,2015-05-04 16:27:21.000,2015-08-25 07:57:04.000,15622713053
76,197,108,7432027485,5G 3G,2016-09-22 18:47:12.000,2016-10-31 19:30:10.000,7432027485
76,198,104,(885) 418-1946,100 text,2015-07-03 08:41:41.000,2017-02-21 07:29:06.000,8854181946
76,199,106,(958) 733-2828,5G LTE,2015-05-04 12:09:31.000,2015-10-01 17:03:43.000,9587332828
76,200,110,520 957 2503,5G tether,2015-10-13 08:55:30.000,2015-03-16 21:06:23.000,5209572503
79,202,103,191 714 8527,450 min,2015-07-01 07:13:55.000,2015-02-02 22:34:59.000,1917148527
79,203,105,+1 (668) 729-5083,10G LTE,2015-11-13 04:42:02.000,2015-08-10 00:45:34.000,16687295083
81,205,109,261 122 2863,Roaming special,2015-03-17 01:00:18.000,2016-05-17 05:51:19.000,2611222863
81,206,103,(663) 752-8486,450 min,2015-09-08 08:14:00.000,2017-02-09 11:39:10.000,6637528486
81,207,108,+1 (771) 656-1305,5G 3G,2015-10-23 20:29:11.000,2016-05-01 10:56:12.000,17716561305
82,209,110,740-735-6506,5G tether,2016-03-24 06:39:20.000,2015-03-15 23:59:30.000,7407356506
82,210,104,8326936580,100 text,2017-01-02 12:27:51.000,2015-09-08 18:39:16.000,8326936580
82,211,108,+1 (584) 226-3804,5G 3G,2015-09-05 02:04:31.000,2015-08-27 00:37:59.000,15842263804
83,213,102,6288179001,Unlimited text,2015-12-20 12:51:09.000,2015-06-27 21:54:28.000,6288179001
84,214,103,(165) 985-3559,450 min,2015-09-07 00:52:14.000,2015-06-28 21:15:27.000,1659853559
84,215,107,3907557449,10G 3G,2017-02-16 22:43:00.000,2015-10-20 12:05:21.000,3907557449
85,216,107,9542472837,10G 3G,2016-11-22 13:09:12.000,2017-01-16 02:04:11.000,9542472837
86,218,108,921-327-8787,5G 3G,2016-01-02 03:54:25.000,2015-12-11 16:34:53.000,9213278787
86,219,103,541-984-7968,450 min,2015-05-29 03:31:21.000,2016-11-01 20:52:32.000,5419847968
86,220,105,691 198 1013,10G LTE,2016-02-25 02:27:01.000,2015-10-09 16:35:39.000,6911981013
86,222,109,183-706-1576,Roaming special,2016-12-13 09:22:38.000,2016-02-28 18:54:53.000,1837061576
87,223,105,+1 (502) 391-1184,10G LTE,2016-09-08 02:11:11.000,2015-10-08 06:05:49.000,15023911184
87,225,102,468 679 2892,Unlimited text,2016-05-05 11:31:22.000,2015-10-01 03:51:53.000,4686792892
87,226,101,4449676001,Unlimited call,2016-08-03 00:37:23.000,2015-03-18 11:38:47.000,4449676001
88,227,108,955-633-7430,5G 3G,2016-09-18 16:57:04.000,2015-04-15 21:58:33.000,9556337430
88,228,110,173-835-3325,5G tether,2015-08-04 19:22:03.000,2016-02-13 10:17:31.000,1738353325
88,229,105,4483437657,10G LTE,2016-01-19 10:26:42.000,2015-07-10 13:58:03.000,4483437657
89,231,104,(122) 997-6918,100 text,2016-07-28 19:31:37.000,2015-06-07 23:42:48.000,1229976918
89,232,101,921-253-5000,Unlimited call,2015-03-06 01:57:26.000,2015-01-04 13:02:37.000,9212535000
89,233,109,873-954-5844,Roaming special,2016-05-17 08:59:41.000,2015-07-30 14:40:09.000,8739545844
90,235,108,973 658 3236,5G 3G,2015-11-14 06:30:38.000,2015-05-15 15:44:44.000,9736583236
91,236,106,425-719-8286,5G LTE,2016-06-17 02:13:06.000,2016-01-13 08:50:57.000,4257198286
91,237,106,2205024619,5G LTE,2015-07-07 08:00:38.000,2017-01-29 20:56:49.000,2205024619
91,238,110,3753079428,5G tether,2016-02-09 07:08:38.000,2015-08-25 23:22:04.000,3753079428
92,240,109,634 410 9374,Roaming special,2015-06-25 06:20:25.000,2017-01-18 02:14:28.000,6344109374
92,241,102,+1 (185) 988-5780,Unlimited text,2015-01-30 16:31:11.000,2015-05-11 21:04:20.000,11859885780
93,242,108,8975844493,5G 3G,2015-04-22 06:06:31.000,2016-05-07 14:05:29.000,8975844493
94,243,107,458-515-7518,10G 3G,2016-02-02 12:15:13.000,2015-02-22 08:06:34.000,4585157518
94,245,106,224 418 6100,5G LTE,2015-02-25 20:10:46.000,2015-09-29 12:39:46.000,2244186100
95,246,107,569-929-7148,10G 3G,2016-02-19 07:25:39.000,2017-01-09 15:12:16.000,5699297148
95,247,109,(592) 983-8274,Roaming special,2015-01-24 20:05:28.000,2017-02-07 19:53:57.000,5929838274
97,248,103,(776) 621-4999,450 min,2015-01-21 05:54:53.000,2015-01-24 11:57:08.000,7766214999
99,250,105,916 584 4721,10G LTE,2016-04-09 10:29:56.000,2015-01-24 01:05:39.000,9165844721
99,251,110,898 835 4315,5G tether,2016-07-05 10:57:47.000,2015-11-22 15:40:54.000,8988354315
99,252,110,104-619-7568,5G tether,2015-03-10 23:43:23.000,2016-09-11 11:08:17.000,1046197568
100,254,109,435 832 2192,Roaming special,2016-01-03 12:02:09.000,2015-10-25 08:03:01.000,4358322192
100,255,107,+1 (970) 457-2795,10G 3G,2015-05-11 16:45:24.000,2016-06-18 22:18:43.000,19704572795
100,256,107,8691308986,10G 3G,2015-10-20 05:05:24.000,2015-04-10 22:55:25.000,8691308986
101,258,109,360-945-2411,Roaming special,2016-09-30 10:44:41.000,2016-01-24 20:57:04.000,3609452411
101,259,101,(326) 981-1699,Unlimited call,2016-08-09 20:06:06.000,2016-07-30 20:54:01.000,3269811699
101,260,110,7737086450,5G tether,2015-05-05 12:11:04.000,2015-03-06 11:30:17.000,7737086450
103,261,108,9042626911,5G 3G,2015-07-23 18:44:07.000,2016-03-29 15:12:37.000,9042626911
103,262,108,643-221-4286,5G 3G,2016-09-04 03:15:52.000,2015-12-26 02:40:39.000,6432214286
104,263,106,712-246-2501,5G LTE,2015-01-21 07:28:05.000,2016-01-11 19:46:42.000,7122462501
104,264,107,5283416715,10G 3G,2016-03-13 19:08:18.000,2015-04-09 12:45:16.000,5283416715
104,265,102,(125) 719-7732,Unlimited text,2015-11-30 00:48:09.000,2016-03-09 04:16:43.000,1257197732
104,266,101,965 680 1010,Unlimited call,2015-06-19 01:06:43.000,2015-10-09 19:44:15.000,9656801010
104,267,110,5316636576,5G tether,2016-05-03 08:23:35.000,2015-05-21 08:19:40.000,5316636576
105,268,105,4658771029,10G LTE,2015-05-23 02:59:30.000,2017-02-23 13:02:11.000,4658771029
107,269,107,(933) 602-2911,10G 3G,2016-09-06 08:50:51.000,2016-09-17 11:23:41.000,9336022911
107,270,103,+1 (279) 409-4376,450 min,2015-01-22 13:35:43.000,2017-01-12 11:15:59.000,12794094376
107,271,102,3772569367,Unlimited text,2015-01-10 05:35:10.000,2016-03-28 16:38:36.000,3772569367
107,272,108,+1 (863) 871-3107,5G 3G,2017-02-04 06:49:34.000,2016-05-16 12:18:50.000,18638713107
108,273,103,2556523733,450 min,2015-07-10 21:09:36.000,2017-02-08 02:28:16.000,2556523733
108,274,110,285-739-8405,5G tether,2017-01-26 17:49:06.000,2016-08-21 07:20:37.000,2857398405
108,275,102,(762) 378-4240,Unlimited text,2016-02-25 02:01:07.000,2016-04-20 10:42:09.000,7623784240
109,276,102,936 394 2331,Unlimited text,2015-02-25 21:50:02.000,2015-09-04 19:40:44.000,9363942331
109,277,107,402 630 1864,10G 3G,2015-03-28 13:46:17.000,2016-05-17 07:01:33.000,4026301864
109,278,103,217-858-4433,450 min,2015-06-13 22:06:23.000,2015-02-04 15:17:43.000,2178584433
109,279,105,215-807-3398,10G LTE,2015-11-20 22:54:42.000,2015-06-25 14:29:01.000,2158073398
110,280,108,327-742-3677,5G 3G,2017-01-07 08:00:50.000,2015-09-27 07:41:15.000,3277423677
110,281,107,8719118926,10G 3G,2016-02-13 03:14:06.000,2015-10-26 11:34:44.000,8719118926
111,282,105,+1 (522) 976-6696,10G LTE,2016-02-26 20:42:44.000,2015-10-17 22:31:35.000,15229766696
111,283,107,+1 (304) 644-9714,10G 3G,2015-05-26 13:15:10.000,2016-03-25 05:48:05.000,13046449714
111,284,104,261 206 7760,100 text,2015-11-27 23:00:26.000,2016-11-04 02:36:32.000,2612067760
112,285,102,9685988982,Unlimited text,2015-08-09 21:14:10.000,2016-10-08 07:18:20.000,9685988982
112,286,101,362-145-8893,Unlimited call,2015-12-22 17:00:36.000,2016-06-07 20:07:48.000,3621458893
112,287,102,2901004093,Unlimited text,2015-07-30 18:44:11.000,2015-09-21 01:03:34.000,2901004093
112,288,103,202-827-4312,450 min,2016-06-04 02:55:08.000,2016-08-11 09:19:38.000,2028274312
112,289,101,(792) 924-3070,Unlimited call,2015-11-15 16:29:58.000,2015-09-02 14:36:12.000,7929243070
113,290,102,507-652-7503,Unlimited text,2015-02-14 19:16:24.000,2016-12-19 09:45:21.000,5076527503
113,291,107,831 178 4921,10G 3G,2016-05-09 01:41:27.000,2016-12-16 11:52:18.000,8311784921
113,292,101,442-906-9842,Unlimited call,2016-08-21 23:55:41.000,2016-02-25 14:03:06.000,4429069842
113,293,101,+1 (383) 948-5069,Unlimited call,2016-05-25 04:40:48.000,2015-01-25 22:44:01.000,13839485069
113,294,109,732-247-9732,Roaming special,2015-02-05 16:59:08.000,2017-01-19 13:28:41.000,7322479732
114,295,102,3555774462,Unlimited text,2016-07-25 22:34:42.000,2016-12-04 02:44:54.000,3555774462
114,296,104,+1 (401) 297-8170,100 text,2016-11-19 10:04:45.000,2016-07-16 03:09:45.000,14012978170
114,297,110,8725546576,5G tether,2015-02-21 22:18:07.000,2016-01-07 02:24:04.000,8725546576
114,298,103,859-217-8303,450 min,2016-08-15 09:48:02.000,2015-09-19 05:38:48.000,8592178303
115,299,103,389-744-9251,450 min,2016-02-06 03:05:02.000,2016-06-08 22:10:52.000,3897449251
115,300,107,(686) 672-8817,10G 3G,2017-01-17 12:55:42.000,2016-05-29 08:40:12.000,6866728817
115,301,109,401 384 5245,Roaming special,2016-12-09 03:59:45.000,2015-05-19 15:36:46.000,4013845245
115,302,103,(275) 375-3070,450 min,2015-03-11 22:29:32.000,2017-02-20 09:31:09.000,2753753070
115,303,110,(267) 408-8778,5G tether,2016-08-27 04:39:52.000,2015-03-26 17:02:45.000,2674088778
116,304,102,5849906602,Unlimited text,2015-07-30 15:14:25.000,2015-11-24 07:46:09.000,5849906602
117,305,108,289 331 4207,5G 3G,2015-03-17 12:24:02.000,2016-05-25 09:12:44.000,2893314207
118,306,108,(421) 184-4289,5G 3G,2016-02-13 05:59:31.000,2016-04-25 03:21:15.000,4211844289
118,307,108,577-139-9704,5G 3G,2016-07-25 21:31:06.000,2016-02-24 11:07:05.000,5771399704
118,308,107,8504192898,10G 3G,2016-05-15 20:31:02.000,2015-02-09 07:30:51.000,8504192898
118,309,108,(761) 513-5779,5G 3G,2016-08-28 08:37:40.000,2017-02-22 08:02:06.000,7615135779
120,310,103,774-823-3824,450 min,2016-11-04 08:40:21.000,2016-06-25 20:29:54.000,7748233824
120,311,110,530-705-2132,5G tether,2016-07-21 08:03:08.000,2015-09-13 02:54:24.000,5307052132
120,312,104,1669483537,100 text,2015-04-16 22:54:53.000,2015-09-13 05:02:30.000,1669483537
121,313,102,(400) 879-4036,Unlimited text,2015-11-15 08:30:54.000,2016-10-29 06:27:19.000,4008794036
123,314,110,133-449-7208,5G tether,2015-04-21 23:18:37.000,2016-02-14 01:09:04.000,1334497208
123,315,105,273 306 5432,10G LTE,2015-06-29 01:12:04.000,2015-03-03 08:49:20.000,2733065432
123,316,103,(725) 975-4520,450 min,2016-07-22 23:36:27.000,2015-04-10 10:27:33.000,7259754520
123,317,101,+1 (568) 215-4997,Unlimited call,2015-06-28 17:54:53.000,2016-09-20 06:09:09.000,15682154997
123,318,102,3573378057,Unlimited text,2015-02-13 04:58:39.000,2016-11-21 00:18:55.000,3573378057
124,319,109,(786) 343-9695,Roaming special,2015-08-20 01:59:07.000,2016-02-28 04:42:12.000,7863439695
124,320,101,6664307450,Unlimited call,2016-11-06 04:45:55.000,2016-04-30 05:36:45.000,6664307450
124,321,103,183 387 3120,450 min,2016-07-07 18:58:17.000,2017-02-16 20:13:45.000,1833873120
124,322,104,580 726 3486,100 text,2015-07-30 05:18:01.000,2015-11-09 20:09:14.000,5807263486
124,323,102,4116099238,Unlimited text,2016-06-19 13:57:04.000,2016-08-10 23:16:58.000,4116099238
126,324,102,+1 (558) 726-1111,Unlimited text,2016-08-11 17:21:13.000,2017-01-19 11:53:54.000,15587261111
126,326,108,593 339 4785,5G 3G,2017-01-08 05:02:42.000,2016-02-26 23:32:23.000,5933394785
126,327,105,2874469961,10G LTE,2016-12-14 03:06:29.000,2017-02-03 08:46:11.000,2874469961
127,328,103,(445) 404-6501,450 min,2016-11-02 23:46:34.000,2015-01-15 18:50:46.000,4454046501
127,330,107,589-470-7385,10G 3G,2015-09-30 01:08:13.000,2015-11-02 12:35:10.000,5894707385
127,331,106,5972295003,5G LTE,2015-01-25 11:16:53.000,2017-01-25 18:33:33.000,5972295003
128,332,109,(393) 193-7883,Roaming special,2016-08-21 07:08:17.000,2016-01-21 20:42:24.000,3931937883
129,333,107,8854827922,10G 3G,2016-07-27 00:29:50.000,2015-08-30 02:41:54.000,8854827922
129,335,101,7815765119,Unlimited call,2017-02-17 01:41:10.000,2016-07-04 16:06:21.000,7815765119
130,336,101,762-715-4769,Unlimited call,2016-05-20 03:30:57.000,2016-10-16 10:43:54.000,7627154769
130,337,105,365-570-7717,10G LTE,2017-02-05 21:27:55.000,2015-10-11 02:17:39.000,3655707717
130,338,110,(866) 733-7959,5G tether,2015-07-04 22:42:37.000,2017-01-02 05:58:35.000,8667337959
131,340,101,+1 (907) 786-1770,Unlimited call,2015-12-26 17:45:48.000,2015-08-08 23:50:53.000,19077861770
132,341,101,(585) 433-9847,Unlimited call,2017-01-08 14:54:29.000,2016-06-13 01:26:14.000,5854339847
132,342,104,(955) 410-8920,100 text,2016-09-05 04:34:19.000,2016-12-15 20:00:19.000,9554108920
132,344,110,+1 (622) 919-4360,5G tether,2016-04-04 02:32:16.000,2015-04-06 03:37:39.000,16229194360
133,345,101,5154507832,Unlimited call,2015-11-22 16:38:40.000,2016-01-07 10:22:13.000,5154507832
134,346,104,509-881-9054,100 text,2015-06-26 07:57:09.000,2017-01-17 00:31:36.000,5098819054
134,348,101,(873) 224-5576,Unlimited call,2016-08-18 20:28:50.000,2016-08-17 17:36:01.000,8732245576
136,349,104,(273) 725-7583,100 text,2017-01-29 10:07:30.000,2015-01-19 00:31:18.000,2737257583
136,350,105,9675314411,10G LTE,2015-04-22 23:01:09.000,2016-04-26 09:10:08.000,9675314411
136,352,110,(127) 719-6665,5G tether,2016-04-17 07:59:44.000,2015-09-25 00:41:26.000,1277196665
137,353,105,(136) 345-3460,10G LTE,2015-05-07 06:50:24.000,2016-02-11 03:21:13.000,1363453460
139,355,110,(971) 416-1441,5G tether,2015-01-10 05:16:20.000,2015-03-17 17:42:59.000,9714161441
140,356,108,6937288222,5G 3G,2015-06-11 03:58:52.000,2016-06-27 19:32:21.000,6937288222
140,357,106,(552) 404-5230,5G LTE,2017-02-13 17:14:20.000,2015-07-03 10:55:29.000,5524045230
140,358,107,(793) 418-8204,10G 3G,2016-01-31 00:35:43.000,2016-06-19 03:56:29.000,7934188204
142,360,106,170 486 4588,5G LTE,2016-09-11 13:40:10.000,2016-05-23 19:39:08.000,1704864588
143,361,109,(682) 969-5880,Roaming special,2016-11-10 07:43:26.000,2016-02-24 16:58:29.000,6829695880
143,362,104,514-555-9034,100 text,2016-07-01 01:57:46.000,2016-07-07 16:22:51.000,5145559034
144,363,106,+1 (930) 963-6360,5G LTE,2016-12-17 17:25:21.000,2015-11-17 11:18:40.000,19309636360
144,365,105,377 560 5113,10G LTE,2016-04-28 14:10:35.000,2015-04-11 23:19:23.000,3775605113
145,366,102,740-274-7148,Unlimited text,2016-02-04 04:00:51.000,2016-12-28 06:50:28.000,7402747148
146,367,105,666-984-2624,10G LTE,2015-03-28 14:32:56.000,2016-01-05 16:51:14.000,6669842624
146,368,101,+1 (719) 183-2908,Unlimited call,2015-05-06 09:11:03.000,2015-07-29 04:23:30.000,17191832908
147,370,110,469 814 2864,5G tether,2015-08-08 17:23:08.000,2016-01-30 21:36:42.000,4698142864
148,371,106,159 601 3029,5G LTE,2016-06-11 01:23:53.000,2015-10-13 05:03:10.000,1596013029
148,372,108,+1 (891) 513-7990,5G 3G,2015-05-19 20:53:49.000,2015-06-12 10:34:13.000,18915137990
148,374,107,920-101-7996,10G 3G,2017-01-24 20:15:27.000,2016-09-26 21:48:39.000,9201017996
149,375,104,976 924 6199,100 text,2017-02-24 15:52:17.000,2015-10-19 23:44:35.000,9769246199
149,376,110,+1 (808) 270-9254,5G tether,2015-05-28 05:00:10.000,2015-02-26 12:23:53.000,18082709254
149,377,110,147-648-5821,5G tether,2016-06-20 22:44:38.000,2015-03-17 16:30:29.000,1476485821
149,379,102,101-925-7929,Unlimited text,2015-09-01 21:14:13.000,2016-03-05 11:04:14.000,1019257929
150,380,108,(208) 531-7813,5G 3G,2016-01-26 08:16:33.000,2017-01-02 06:42:19.000,2085317813
150,382,107,+1 (341) 645-3933,10G 3G,2015-06-24 14:04:49.000,2015-09-14 11:54:52.000,13416453933
150,383,109,598 869 2167,Roaming special,2015-10-14 03:13:42.000,2015-01-10 14:12:37.000,5988692167
150,384,104,(964) 653-3526,100 text,2015-02-18 23:09:32.000,2015-06-06 18:17:03.000,9646533526
151,385,109,+1 (412) 951-8584,Roaming special,2016-02-14 07:33:13.000,2016-02-08 18:44:49.000,14129518584
152,387,102,967-560-5851,Unlimited text,2017-01-17 13:04:58.000,2016-08-01 13:10:22.000,9675605851
152,388,101,487-538-6472,Unlimited call,2016-07-22 12:39:57.000,2016-09-15 04:05:18.000,4875386472
152,389,109,+1 (425) 492-7583,Roaming special,2015-03-05 15:09:57.000,2016-06-27 10:01:27.000,14254927583
153,390,104,(677) 285-8595,100 text,2015-05-24 10:59:00.000,2016-05-09 09:07:37.000,6772858595
153,391,103,5472522321,450 min,2016-03-22 17:25:30.000,2016-11-13 08:17:41.000,5472522321
153,392,104,646 792 3091,100 text,2015-05-13 18:09:58.000,2016-04-23 21:16:24.000,6467923091
153,393,102,6316482979,Unlimited text,2016-08-18 17:29:31.000,2016-09-24 09:02:42.000,6316482979
153,394,110,(512) 797-5126,5G tether,2017-01-11 17:06:05.000,2015-11-24 08:06:04.000,5127975126
154,395,101,(405) 196-3941,Unlimited call,2016-06-01 20:21:56.000,2015-04-29 02:09:38.000,4051963941
154,396,103,749 190 3129,450 min,2015-05-04 10:23:46.000,2016-04-07 09:38:32.000,7491903129
154,397,110,(212) 805-7424,5G tether,2015-12-23 21:53:20.000,2016-11-28 16:05:47.000,2128057424
155,398,109,2721839268,Roaming special,2016-05-29 20:05:51.000,2015-06-22 03:18:24.000,2721839268
155,399,105,282-256-9985,10G LTE,2016-03-21 07:28:45.000,2016-05-06 07:00:30.000,2822569985
155,400,108,+1 (207) 299-6917,5G 3G,2015-11-18 22:52:42.000,2016-02-24 02:04:28.000,12072996917
155,401,107,668-898-8129,10G 3G,2017-01-14 09:47:02.000,2015-11-23 14:11:26.000,6688988129
155,402,101,583-566-1175,Unlimited call,2016-04-03 10:31:31.000,2016-09-24 08:58:59.000,5835661175
156,403,103,+1 (565) 875-1459,450 min,2016-05-12 13:54:44.000,2017-01-12 21:51:36.000,15658751459
156,404,107,+1 (558) 982-9932,10G 3G,2015-05-24 07:31:39.000,2016-03-24 03:29:06.000,15589829932
156,405,102,+1 (213) 989-1496,Unlimited text,2016-06-26 18:55:07.000,2015-11-29 11:06:39.000,12139891496
157,406,107,584-462-1779,10G 3G,2016-04-08 03:58:45.000,2015-10-10 01:56:21.000,5844621779
157,407,108,7585428892,5G 3G,2016-04-05 07:30:10.000,2015-12-09 19:40:21.000,7585428892
158,408,102,+1 (791) 885-1884,Unlimited text,2015-07-29 13:44:14.000,2016-04-10 05:53:28.000,17918851884
158,409,107,+1 (197) 837-3650,10G 3G,2016-02-17 07:29:22.000,2015-01-21 21:05:36.000,11978373650
158,410,104,3397195211,100 text,2017-01-31 02:48:49.000,2015-09-27 07:29:33.000,3397195211
159,411,105,7348262615,10G LTE,2016-06-03 13:29:29.000,2015-10-21 17:37:34.000,7348262615
159,412,104,5997708722,100 text,2016-04-23 11:40:55.000,2015-08-28 19:17:42.000,5997708722
159,413,104,367 429 1853,100 text,2016-11-13 05:28:35.000,2017-02-16 16:50:49.000,3674291853
160,414,102,(123) 882-6432,Unlimited text,2015-08-08 13:43:26.000,2016-01-09 07:05:49.000,1238826432
160,415,107,230 499 1945,10G 3G,2016-07-06 14:56:54.000,2016-01-04 04:35:02.000,2304991945
160,416,109,500-477-5267,Roaming special,2015-12-15 12:17:09.000,2015-02-01 16:00:04.000,5004775267
161,417,108,(486) 395-9584,5G 3G,2016-05-18 06:25:12.000,2016-12-12 17:48:11.000,4863959584
161,418,110,+1 (607) 517-5314,5G tether,2015-12-17 11:45:08.000,2016-02-03 13:41:33.000,16075175314
161,419,103,1791087708,450 min,2015-10-10 09:36:48.000,2016-09-09 18:26:13.000,1791087708
161,420,108,+1 (698) 616-1743,5G 3G,2016-12-01 22:16:10.000,2015-07-22 11:46:17.000,16986161743
162,421,104,967-473-6379,100 text,2015-08-18 06:50:34.000,2016-10-31 01:37:23.000,9674736379
163,422,107,546 599 3955,10G 3G,2016-12-05 17:04:35.000,2016-04-14 01:53:03.000,5465993955
163,423,103,2667639530,450 min,2015-03-08 11:41:30.000,2016-12-14 09:59:32.000,2667639530
163,424,105,+1 (924) 174-8123,10G LTE,2016-09-13 19:20:16.000,2015-07-03 05:49:57.000,19241748123
163,425,105,(681) 659-6708,10G LTE,2016-04-05 23:16:14.000,2015-11-02 03:59:43.000,6816596708
164,426,103,+1 (491) 863-6951,450 min,2015-05-28 17:33:48.000,2016-06-02 13:48:57.000,14918636951
165,427,102,+1 (390) 553-6350,Unlimited text,2016-07-07 16:03:34.000,2016-04-26 14:51:43.000,13905536350
165,428,105,420 401 6565,10G LTE,2016-08-12 06:59:16.000,2016-12-19 10:38:04.000,4204016565
165,429,105,9054546592,10G LTE,2015-01-13 06:45:36.000,2015-05-10 15:25:45.000,9054546592
165,430,103,(883) 887-3410,450 min,2016-06-24 11:50:57.000,2015-04-15 22:40:55.000,8838873410
165,431,101,851-811-3252,Unlimited call,2016-06-16 16:51:56.000,2016-03-22 15:15:10.000,8518113252
166,432,107,+1 (507) 576-7023,10G 3G,2016-09-22 01:39:32.000,2016-02-07 01:47:02.000,15075767023
166,433,108,(449) 857-8288,5G 3G,2015-12-14 21:56:27.000,2015-09-11 07:40:42.000,4498578288
167,434,106,(990) 376-9569,5G LTE,2016-04-13 09:40:02.000,2016-07-01 09:20:37.000,9903769569
167,435,102,(568) 191-9297,Unlimited text,2015-09-24 07:47:45.000,2015-09-11 14:51:58.000,5681919297
167,436,103,+1 (568) 998-9144,450 min,2015-05-01 16:44:31.000,2016-09-13 13:12:36.000,15689989144
167,437,103,1616622696,450 min,2016-05-28 06:37:01.000,2016-06-21 18:43:35.000,1616622696
168,438,103,9305348516,450 min,2016-10-27 10:52:51.000,2016-11-13 07:52:04.000,9305348516
169,439,107,+1 (445) 374-1913,10G 3G,2016-09-13 09:36:14.000,2015-06-01 11:56:41.000,14453741913
169,440,108,5466133022,5G 3G,2015-07-07 13:11:52.000,2016-08-19 06:18:02.000,5466133022
169,441,109,9392542534,Roaming special,2015-09-03 16:33:17.000,2016-04-27 19:31:11.000,9392542534
170,442,103,(744) 769-4169,450 min,2016-07-23 20:21:13.000,2015-11-19 18:11:33.000,7447694169
170,443,108,(519) 206-9173,5G 3G,2016-03-16 21:48:49.000,2016-06-14 12:17:02.000,5192069173
172,444,106,839-889-5874,5G LTE,2015-09-07 05:40:19.000,2017-01-19 02:26:55.000,8398895874
172,445,104,426 836 5851,100 text,2015-02-02 18:52:47.000,2016-08-07 01:06:32.000,4268365851
172,446,101,8242816659,Unlimited call,2016-04-23 02:04:09.000,2015-08-05 08:59:07.000,8242816659
172,448,102,944-198-2514,Unlimited text,2015-04-27 04:53:04.000,2015-01-23 18:12:58.000,9441982514
173,449,107,(909) 974-7032,10G 3G,2015-04-20 01:21:25.000,2015-08-13 15:59:19.000,9099747032
173,450,108,+1 (525) 788-6154,5G 3G,2016-03-06 21:04:10.000,2015-05-11 01:35:27.000,15257886154
176,452,103,989-279-6171,450 min,2015-01-30 07:37:19.000,2016-04-05 06:10:22.000,9892796171
176,453,106,+1 (736) 232-6089,5G LTE,2015-09-23 08:31:40.000,2016-11-20 18:09:06.000,17362326089
177,454,103,545-521-6740,450 min,2015-12-22 17:27:42.000,2016-09-23 22:16:21.000,5455216740
177,456,103,2722654776,450 min,2015-08-17 10:17:40.000,2016-12-09 02:02:27.000,2722654776
177,457,101,+1 (184) 140-3777,Unlimited call,2015-09-15 18:35:05.000,2015-05-02 23:48:12.000,11841403777
178,458,109,4228247423,Roaming special,2016-04-08 01:22:32.000,2016-01-19 15:18:45.000,4228247423
179,460,107,(642) 766-3723,10G 3G,2016-09-01 23:21:40.000,2015-06-27 08:15:39.000,6427663723
179,461,107,1229573438,10G 3G,2017-02-05 05:51:27.000,2015-04-09 12:45:35.000,1229573438
179,462,107,9778552389,10G 3G,2015-02-02 03:43:42.000,2016-05-18 06:33:11.000,9778552389
180,463,110,(598) 241-2274,5G tether,2016-07-07 10:51:53.000,2016-02-12 22:36:19.000,5982412274
180,465,102,+1 (408) 736-6761,Unlimited text,2015-02-22 23:09:00.000,2016-11-02 17:07:35.000,14087366761
180,466,107,147-438-5632,10G 3G,2015-04-03 05:37:28.000,2016-06-08 05:13:49.000,1474385632
181,467,102,426 397 5677,Unlimited text,2015-04-06 12:08:05.000,2016-11-12 04:39:36.000,4263975677
181,469,102,597-387-6120,Unlimited text,2015-10-08 00:06:51.000,2015-06-14 23:51:40.000,5973876120
181,470,101,124-362-4658,Unlimited call,2015-06-08 07:59:13.000,2015-03-02 01:42:33.000,1243624658
182,471,109,523-527-8671,Roaming special,2015-12-22 10:20:45.000,2015-09-20 22:11:42.000,5235278671
182,472,101,3222823733,Unlimited call,2015-04-17 04:37:07.000,2015-10-17 01:24:15.000,3222823733
186,474,101,103-682-3587,Unlimited call,2016-12-03 01:00:12.000,2016-04-11 05:22:26.000,1036823587
186,475,105,(172) 331-3377,10G LTE,2016-07-10 16:28:54.000,2015-08-21 13:15:24.000,1723313377
186,476,106,6764657192,5G LTE,2016-03-24 23:04:21.000,2015-03-04 20:20:20.000,6764657192
187,478,106,8449376973,5G LTE,2016-07-31 23:03:08.000,2016-02-11 10:52:28.000,8449376973
188,479,104,(567) 505-5406,100 text,2017-02-02 03:24:24.000,2016-07-06 13:01:04.000,5675055406
188,480,102,+1 (218) 661-6173,Unlimited text,2015-10-11 08:03:58.000,2017-02-02 12:37:46.000,12186616173
191,482,101,4851045791,Unlimited call,2015-09-28 15:59:44.000,2016-04-15 20:38:36.000,4851045791
191,483,110,(524) 376-6570,5G tether,2017-01-11 15:34:27.000,2016-01-23 07:27:35.000,5243766570
191,484,103,(445) 775-6316,450 min,2017-02-21 21:50:39.000,2015-01-05 19:58:45.000,4457756316
192,485,104,673 816 3670,100 text,2016-11-30 18:13:09.000,2015-05-25 13:44:43.000,6738163670
193,487,108,1113079735,5G 3G,2016-08-01 23:07:36.000,2015-03-08 06:41:48.000,1113079735
193,488,105,574 196 1143,10G LTE,2016-04-04 07:34:59.000,2017-02-22 21:53:12.000,5741961143
193,489,105,+1 (774) 767-6370,10G LTE,2016-10-08 02:06:47.000,2015-11-15 03:12:13.000,17747676370
194,491,105,+1 (104) 764-2579,10G LTE,2015-01-02 23:36:32.000,2016-11-26 20:52:48.000,11047642579
194,492,103,+1 (787) 908-3158,450 min,2016-02-28 15:41:01.000,2016-01-15 05:33:49.000,17879083158
194,494,101,752 554 9993,Unlimited call,2016-02-03 22:42:13.000,2016-11-24 09:04:47.000,7525549993
195,495,107,1884333820,10G 3G,2016-06-12 14:42:02.000,2016-05-28 19:47:03.000,1884333820
195,496,110,(247) 598-3122,5G tether,2017-02-02 21:25:31.000,2016-06-29 18:32:15.000,2475983122
195,497,105,808-441-8626,10G LTE,2015-06-07 02:51:07.000,2016-03-29 21:05:47.000,8084418626
195,498,101,+1 (200) 729-8257,Unlimited call,2016-03-15 16:39:02.000,2016-04-15 17:57:45.000,12007298257
199,500,105,445-190-4546,10G LTE,2015-06-02 08:31:40.000,2015-03-09 01:18:00.000,4451904546
199,501,103,+1 (721) 799-9066,450 min,2016-06-08 13:38:45.000,2016-01-03 09:25:37.000,17217999066
199,502,103,998 159 3473,450 min,2017-02-21 22:52:48.000,2015-10-16 12:04:45.000,9981593473
199,503,110,5242848209,5G tether,2016-04-28 00:58:22.000,2015-08-31 19:05:59.000,5242848209
200,505,108,(560) 515-3287,5G 3G,2016-05-19 14:38:19.000,2016-07-09 04:07:13.000,5605153287
201,506,101,545 546 8089,Unlimited call,2015-02-03 08:33:30.000,2015-02-20 22:50:06.000,5455468089
201,507,110,846-878-2998,5G tether,2017-02-15 06:04:17.000,2017-02-17 10:36:11.000,8468782998
202,509,109,7833227714,Roaming special,2016-05-08 20:12:09.000,2015-02-01 07:20:03.000,7833227714
202,510,103,+1 (657) 921-7256,450 min,2016-02-26 05:37:11.000,2016-02-17 13:09:56.000,16579217256
202,511,104,(105) 132-1352,100 text,2015-10-26 06:53:29.000,2015-07-27 02:29:59.000,1051321352
206,513,106,+1 (519) 970-6371,5G LTE,2016-10-14 07:46:50.000,2015-02-24 01:02:58.000,15199706371
207,514,101,440 600 8126,Unlimited call,2015-09-03 22:03:04.000,2017-02-24 23:13:56.000,4406008126
208,515,107,(325) 591-9924,10G 3G,2016-07-26 08:16:59.000,2016-03-10 08:01:03.000,3255919924
208,516,104,(749) 780-9072,100 text,2015-07-29 04:28:21.000,2016-12-06 04:26:07.000,7497809072
208,517,103,443 132 3031,450 min,2015-05-28 22:48:19.000,2015-10-30 15:11:51.000,4431323031
208,518,109,(776) 721-5067,Roaming special,2017-01-06 17:42:30.000,2016-12-18 17:45:00.000,7767215067
209,519,108,+1 (192) 606-3178,5G 3G,2016-09-16 06:07:02.000,2015-10-07 05:53:13.000,11926063178
209,520,107,646-464-1912,10G 3G,2015-02-15 18:55:54.000,2015-08-25 09:17:15.000,6464641912
209,521,106,851-656-3533,5G LTE,2016-01-21 10:48:08.000,2016-08-05 13:11:28.000,8516563533
209,522,107,(149) 443-5209,10G 3G,2016-07-20 00:26:56.000,2016-01-07 14:24:44.000,1494435209
209,523,102,538-470-7413,Unlimited text,2016-06-21 05:44:31.000,2015-10-11 09:13:51.000,5384707413
210,524,102,+1 (616) 370-6035,Unlimited text,2016-10-25 06:30:04.000,2016-03-30 05:22:48.000,16163706035
210,525,109,291 159 2811,Roaming special,2016-01-19 17:57:10.000,2016-03-06 18:35:33.000,2911592811
210,526,110,646-639-3576,5G tether,2015-06-07 08:51:59.000,2015-06-24 03:40:01.000,6466393576
211,527,102,6422142672,Unlimited text,2015-06-22 05:13:24.000,2017-01-22 00:29:36.000,6422142672
211,528,103,994 744 3107,450 min,2015-05-25 21:56:28.000,2017-02-26 19:26:34.000,9947443107
211,529,101,1021645452,Unlimited call,2016-04-05 05:34:26.000,2016-11-03 05:17:09.000,1021645452
212,530,103,(419) 302-2853,450 min,2016-08-02 23:20:43.000,2015-03-11 09:54:08.000,4193022853
212,531,110,597 697 5003,5G tether,2016-09-21 17:25:46.000,2016-07-01 19:36:02.000,5976975003
212,532,107,5679522257,10G 3G,2015-11-09 05:14:06.000,2015-02-02 06:55:46.000,5679522257
212,533,105,537 436 3620,10G LTE,2015-08-17 20:35:54.000,2016-08-10 19:03:50.000,5374363620
212,534,108,5134514850,5G 3G,2016-06-24 04:38:05.000,2015-01-28 23:15:22.000,5134514850
213,535,102,+1 (130) 110-4926,Unlimited text,2017-01-18 01:24:16.000,2016-12-31 14:21:14.000,11301104926
213,536,106,1905347704,5G LTE,2016-02-18 07:33:28.000,2015-02-25 00:47:57.000,1905347704
213,537,102,5076688649,Unlimited text,2016-11-21 01:45:24.000,2016-10-12 23:32:38.000,5076688649
213,538,105,329-462-3490,10G LTE,2016-06-08 21:17:27.000,2016-09-26 21:55:33.000,3294623490
213,539,102,801-668-4652,Unlimited text,2015-02-26 22:18:22.000,2016-10-08 10:09:04.000,8016684652
214,540,103,(901) 613-1959,450 min,2015-08-12 21:34:48.000,2017-02-14 12:35:27.000,9016131959
214,541,105,291 817 1559,10G LTE,2016-06-15 23:15:12.000,2016-01-10 05:51:06.000,2918171559
214,542,103,(274) 820-6650,450 min,2016-04-07 23:39:23.000,2016-03-11 13:27:57.000,2748206650
214,543,109,683-453-5147,Roaming special,2015-07-11 06:04:22.000,2016-11-09 06:10:29.000,6834535147
216,544,103,863-424-2526,450 min,2016-03-27 02:31:55.000,2016-04-18 07:09:43.000,8634242526
216,545,104,(344) 926-7452,100 text,2017-01-27 17:59:39.000,2016-07-27 16:59:21.000,3449267452
216,546,103,458-798-7466,450 min,2016-03-07 23:45:45.000,2015-04-25 23:32:45.000,4587987466
216,547,103,852-189-2447,450 min,2016-08-23 22:10:45.000,2016-05-09 11:17:40.000,8521892447
216,548,105,+1 (731) 510-6348,10G LTE,2015-09-21 16:00:06.000,2015-07-25 21:16:04.000,17315106348
217,549,108,(219) 511-8628,5G 3G,2016-11-16 03:17:31.000,2016-06-24 23:28:15.000,2195118628
217,550,110,(222) 682-3900,5G tether,2016-12-30 04:34:10.000,2016-03-07 00:59:08.000,2226823900
218,551,110,9504859299,5G tether,2016-09-21 11:50:16.000,2015-11-27 12:10:02.000,9504859299
218,552,103,209 618 1480,450 min,2016-05-14 23:55:49.000,2016-11-04 12:59:34.000,2096181480
218,553,101,4516862332,Unlimited call,2015-06-05 15:23:03.000,2015-07-06 03:58:49.000,4516862332
219,554,105,(504) 286-5319,10G LTE,2016-07-03 04:12:28.000,2016-10-09 11:01:49.000,5042865319
219,555,109,558-285-9319,Roaming special,2016-04-27 01:07:12.000,2015-03-06 06:40:49.000,5582859319
219,556,104,(632) 955-6450,100 text,2016-04-21 13:46:51.000,2015-04-08 05:53:27.000,6329556450
220,557,103,(825) 400-8670,450 min,2016-06-10 11:45:57.000,2016-06-20 15:14:13.000,8254008670
220,558,103,+1 (438) 743-1140,450 min,2016-10-30 06:19:15.000,2017-02-24 00:49:13.000,14387431140
220,559,110,856-694-4153,5G tether,2017-02-02 10:17:29.000,2015-07-11 00:28:38.000,8566944153
221,560,107,+1 (216) 571-3359,10G 3G,2016-07-25 08:12:02.000,2016-07-26 04:03:58.000,12165713359
221,561,110,(810) 134-3741,5G tether,2015-02-03 03:22:31.000,2016-06-09 12:17:43.000,8101343741
221,562,107,(565) 690-5720,10G 3G,2015-01-22 02:41:03.000,2016-01-08 08:12:35.000,5656905720
221,563,110,715-216-6186,5G tether,2016-06-06 15:48:54.000,2016-08-28 03:00:35.000,7152166186
222,564,108,+1 (906) 780-6499,5G 3G,2016-04-23 05:45:23.000,2015-11-05 15:27:44.000,19067806499
222,565,105,798 601 9742,10G LTE,2016-11-19 23:51:46.000,2016-02-09 13:21:49.000,7986019742
222,566,107,(417) 430-6963,10G 3G,2016-02-27 06:12:20.000,2016-02-20 14:15:25.000,4174306963
222,567,110,(682) 756-5749,5G tether,2016-08-04 21:08:26.000,2015-02-28 09:59:04.000,6827565749
223,568,103,151 248 1696,450 min,2015-04-08 07:42:55.000,2015-08-25 07:02:05.000,1512481696
223,569,110,+1 (552) 662-2692,5G tether,2015-01-15 23:02:49.000,2015-12-13 22:01:13.000,15526622692
223,570,104,633-668-8210,100 text,2017-01-23 01:13:43.000,2016-09-26 16:09:26.000,6336688210
225,572,109,2729581067,Roaming special,2017-02-02 14:17:51.000,2016-02-12 06:16:58.000,2729581067
225,573,102,9372857684,Unlimited text,2016-03-06 04:06:57.000,2015-07-07 03:38:04.000,9372857684
225,574,108,120 508 7451,5G 3G,2016-08-05 15:47:12.000,2016-07-19 22:53:45.000,1205087451
226,576,110,289 136 5497,5G tether,2015-04-11 14:40:57.000,2016-08-21 05:46:31.000,2891365497
226,577,101,2338077130,Unlimited call,2015-05-14 21:39:38.000,2016-03-12 17:30:52.000,2338077130
226,578,110,+1 (900) 368-8967,5G tether,2015-06-27 16:13:52.000,2016-03-17 18:14:59.000,19003688967
226,579,105,486 767 7284,10G LTE,2016-10-29 16:03:25.000,2016-03-20 10:19:43.000,4867677284
227,581,104,(437) 252-1718,100 text,2016-11-07 22:58:17.000,2015-07-26 16:00:02.000,4372521718
227,582,103,+1 (757) 151-9309,450 min,2016-02-17 07:06:22.000,2015-01-27 21:08:13.000,17571519309
227,583,109,+1 (120) 238-2415,Roaming special,2017-01-31 02:56:10.000,2015-12-16 05:21:11.000,11202382415
228,585,104,+1 (275) 977-5946,100 text,2015-04-27 02:02:28.000,2015-07-29 15:19:27.000,12759775946
229,586,104,9542057125,100 text,2015-06-27 09:10:00.000,2016-06-09 21:14:26.000,9542057125
229,587,108,7241685570,5G 3G,2016-10-26 03:52:43.000,2016-01-30 14:59:57.000,7241685570
232,589,105,6294884454,10G LTE,2015-10-14 16:56:46.000,2015-10-24 09:57:59.000,6294884454
232,590,101,451 233 1326,Unlimited call,2015-07-25 22:33:20.000,2016-02-19 11:18:10.000,4512331326
233,591,102,+1 (480) 519-1173,Unlimited text,2016-10-05 14:37:30.000,2015-12-31 06:54:19.000,14805191173
233,593,103,(941) 812-2796,450 min,2016-02-13 08:11:24.000,2015-10-06 22:30:01.000,9418122796
233,594,102,8991968496,Unlimited text,2016-05-05 03:04:35.000,2016-03-28 05:44:18.000,8991968496
233,595,102,(810) 468-9082,Unlimited text,2015-01-23 07:10:34.000,2015-05-20 08:49:22.000,8104689082
235,597,107,258 728 6199,10G 3G,2015-10-21 15:45:51.000,2015-02-17 19:24:04.000,2587286199
235,598,108,+1 (211) 598-6696,5G 3G,2016-02-18 23:11:09.000,2015-01-21 22:20:42.000,12115986696
235,599,102,340 487 7044,Unlimited text,2016-12-24 11:32:48.000,2016-05-29 14:24:44.000,3404877044
235,601,104,4956333582,100 text,2015-01-24 18:52:18.000,2015-01-23 09:09:13.000,4956333582
236,602,108,(221) 460-5563,5G 3G,2015-09-15 01:24:40.000,2017-01-22 22:45:40.000,2214605563
236,603,110,806-112-2204,5G tether,2016-04-16 01:39:52.000,2015-10-26 03:03:29.000,8061122204
237,604,102,5093639126,Unlimited text,2016-06-25 19:08:32.000,2016-09-24 21:21:38.000,5093639126
237,606,106,+1 (137) 965-8497,5G LTE,2015-05-19 01:50:06.000,2015-04-24 20:46:23.000,11379658497
238,607,105,+1 (500) 827-9272,10G LTE,2015-10-08 08:48:15.000,2015-01-12 18:29:51.000,15008279272
241,609,108,+1 (121) 378-6604,5G 3G,2017-01-20 03:43:47.000,2015-07-16 18:20:44.000,11213786604
241,610,105,9586916324,10G LTE,2016-03-18 09:23:57.000,2016-05-05 01:33:01.000,9586916324
241,611,108,(389) 647-2857,5G 3G,2016-02-25 04:36:07.000,2015-09-18 00:36:05.000,3896472857
242,613,108,1908753895,5G 3G,2016-12-09 15:02:02.000,2017-02-07 20:29:07.000,1908753895
243,614,107,9246881004,10G 3G,2015-01-05 18:29:43.000,2017-02-06 10:10:57.000,9246881004
243,615,110,927 248 9990,5G tether,2015-08-19 19:13:57.000,2015-03-23 08:21:32.000,9272489990
243,616,102,5194997871,Unlimited text,2016-08-01 21:38:02.000,2016-02-06 00:32:41.000,5194997871
243,618,106,+1 (337) 534-3358,5G LTE,2015-07-04 09:22:55.000,2015-12-17 12:44:02.000,13375343358
244,619,102,(559) 536-4574,Unlimited text,2017-02-19 05:42:57.000,2016-02-17 00:04:43.000,5595364574
244,621,108,632 894 9536,5G 3G,2016-03-25 16:44:01.000,2015-01-31 07:29:34.000,6328949536
244,622,108,+1 (303) 213-8115,5G 3G,2015-11-15 17:57:25.000,2017-02-18 00:00:47.000,13032138115
245,623,104,364-293-1421,100 text,2015-10-26 05:36:06.000,2016-12-05 10:59:47.000,3642931421
245,624,103,(125) 238-1655,450 min,2015-01-02 10:07:43.000,2016-05-06 21:04:21.000,1252381655
246,626,110,199 573 4167,5G tether,2016-09-19 11:58:51.000,2015-09-16 12:58:47.000,1995734167
246,627,105,(750) 870-1278,10G LTE,2016-10-04 05:53:32.000,2016-02-01 21:19:19.000,7508701278
246,628,104,7768269717,100 text,2016-10-29 21:13:18.000,2015-10-20 09:50:12.000,7768269717
247,630,105,456 892 5908,10G LTE,2015-12-09 06:27:07.000,2016-08-27 16:07:39.000,4568925908
247,631,101,441-453-8339,Unlimited call,2015-09-03 05:23:28.000,2017-01-30 14:19:29.000,4414538339
248,632,104,(224) 951-2623,100 text,2015-02-24 10:47:49.000,2016-06-03 04:17:29.000,2249512623
248,633,109,2656866416,Roaming special,2015-02-06 23:25:32.000,2015-08-24 20:53:58.000,2656866416
250,635,103,(722) 391-3614,450 min,2015-05-02 13:01:20.000,2015-02-25 07:25:09.000,7223913614
250,636,110,+1 (150) 610-7263,5G tether,2016-10-23 06:26:21.000,2016-06-21 18:45:23.000,11506107263
250,637,107,584-497-9735,10G 3G,2015-11-14 08:33:01.000,2016-09-07 10:00:48.000,5844979735
251,639,104,611 957 2154,100 text,2016-09-24 04:30:45.000,2016-04-12 10:47:35.000,6119572154
252,640,106,7507789983,5G LTE,2016-01-18 11:42:20.000,2016-01-26 17:28:56.000,7507789983
1,1,110,9614867860,5G tether,2016-11-15 22:14:08.000,2015-08-16 12:53:44.000,9614867860
1,2,107,799-709-9409,10G 3G,2016-04-16 15:20:58.000,2017-01-14 04:04:46.000,7997099409
1,3,109,3924663547,Roaming special,2017-02-26 05:50:23.000,2017-02-20 01:43:59.000,3924663547
1,4,103,7042855196,450 min,2015-03-04 11:24:19.000,2015-01-12 13:28:41.000,7042855196
1,5,101,7183304985,Unlimited call,2015-11-11 23:50:10.000,2015-01-16 21:06:11.000,7183304985
2,6,103,(722) 404-4222,450 min,2015-05-10 08:56:49.000,2015-12-18 03:16:09.000,7224044222
2,7,106,+1 (372) 682-2450,5G LTE,2016-02-06 08:58:07.000,2016-10-27 15:18:39.000,13726822450
2,8,101,+1 (799) 979-1233,Unlimited call,2015-12-12 21:00:40.000,2017-01-14 03:22:57.000,17999791233
2,9,107,883-486-7523,10G 3G,2016-11-07 17:48:28.000,2016-12-22 13:52:37.000,8834867523
2,10,105,1394031132,10G LTE,2015-08-23 04:56:53.000,2015-01-13 17:27:52.000,1394031132
3,11,104,+1 (334) 213-5251,100 text,2016-01-12 09:34:15.000,2015-11-01 19:45:40.000,13342135251
3,12,103,4356215230,450 min,2016-06-05 00:04:12.000,2016-06-22 09:56:04.000,4356215230
3,13,105,+1 (786) 694-2098,10G LTE,2016-09-11 22:11:28.000,2015-03-16 06:33:42.000,17866942098
3,14,107,(969) 948-5902,10G 3G,2015-01-12 04:36:51.000,2016-08-23 15:09:42.000,9699485902
3,15,109,528 880 8541,Roaming special,2015-04-28 20:09:55.000,2016-07-23 21:54:14.000,5288808541
4,16,102,845 280 3964,Unlimited text,2015-06-18 09:20:54.000,2015-04-24 17:10:52.000,8452803964
5,17,106,+1 (236) 336-7885,5G LTE,2017-01-21 08:55:40.000,2016-04-04 03:40:39.000,12363367885
5,18,101,229 884 4289,Unlimited call,2015-02-12 19:55:57.000,2016-05-30 12:12:43.000,2298844289
5,19,101,833-675-7505,Unlimited call,2016-02-18 10:36:05.000,2015-05-30 13:46:20.000,8336757505
5,20,104,(791) 145-8888,100 text,2015-05-16 00:31:07.000,2015-12-31 22:51:54.000,7911458888
5,21,110,699-884-1213,5G tether,2015-09-11 04:10:05.000,2016-05-23 17:17:14.000,6998841213
6,22,101,(291) 906-9538,Unlimited call,2016-05-29 20:18:29.000,2017-01-17 07:21:32.000,2919069538
6,23,106,+1 (537) 646-7999,5G LTE,2015-03-12 04:36:38.000,2017-02-26 10:05:43.000,15376467999
6,24,105,+1 (695) 944-1847,10G LTE,2015-01-17 16:41:59.000,2015-07-18 23:56:14.000,16959441847
6,25,107,+1 (402) 383-3979,10G 3G,2015-08-15 13:47:07.000,2016-02-26 08:32:23.000,14023833979
6,26,108,986 670 6515,5G 3G,2017-02-15 07:33:42.000,2016-05-14 23:35:20.000,9866706515
8,27,102,651 995 6372,Unlimited text,2016-11-04 10:03:32.000,2015-09-16 00:51:48.000,6519956372
8,28,103,582 702 3678,450 min,2015-01-29 05:33:58.000,2015-02-25 03:38:48.000,5827023678
8,29,103,(601) 129-8983,450 min,2016-04-12 04:34:02.000,2015-11-29 15:29:50.000,6011298983
8,30,107,(672) 787-8725,10G 3G,2016-05-06 18:48:15.000,2016-04-21 23:07:55.000,6727878725
8,31,110,+1 (545) 845-6780,5G tether,2017-02-28 10:45:19.000,2016-02-20 14:05:40.000,15458456780
9,32,101,897-658-7944,Unlimited call,2015-03-18 12:39:25.000,2016-07-25 03:55:40.000,8976587944
9,33,110,(148) 697-5573,5G tether,2017-01-03 06:09:59.000,2015-06-09 22:48:05.000,1486975573
9,34,102,4688238066,Unlimited text,2015-04-18 07:26:21.000,2016-08-10 17:21:45.000,4688238066
9,35,109,3062575430,Roaming special,2016-01-22 23:52:52.000,2016-12-23 21:44:41.000,3062575430
9,36,104,786-877-2735,100 text,2016-12-21 20:21:31.000,2016-02-15 23:15:39.000,7868772735
10,37,109,4083313231,Roaming special,2015-04-26 04:58:37.000,2016-06-27 13:38:06.000,4083313231
10,38,105,293-668-5858,10G LTE,2015-11-08 11:38:31.000,2015-07-18 06:13:01.000,2936685858
10,39,101,886 999 6151,Unlimited call,2017-01-12 04:12:30.000,2015-05-12 14:53:10.000,8869996151
11,40,101,+1 (211) 380-9341,Unlimited call,2016-03-01 02:32:57.000,2015-01-06 06:38:22.000,12113809341
11,41,106,(887) 680-5943,5G LTE,2017-02-06 11:37:10.000,2016-06-11 00:56:48.000,8876805943
11,42,107,(749) 450-1513,10G 3G,2015-02-16 03:59:20.000,2016-11-24 08:26:07.000,7494501513
12,43,109,4386492744,Roaming special,2017-01-15 19:06:34.000,2016-03-23 07:52:16.000,4386492744
12,44,109,(706) 811-6870,Roaming special,2016-10-15 02:13:19.000,2015-01-05 20:21:39.000,7068116870
12,45,101,192 104 5926,Unlimited call,2015-12-18 13:18:30.000,2016-07-09 05:55:36.000,1921045926
13,46,109,(887) 549-2808,Roaming special,2016-05-31 20:54:41.000,2016-04-21 11:00:58.000,8875492808
13,47,104,199 867 4196,100 text,2016-06-19 23:13:17.000,2016-08-05 16:04:20.000,1998674196
13,48,105,(660) 480-6853,10G LTE,2015-08-25 09:48:26.000,2015-08-29 23:49:47.000,6604806853
13,49,110,(837) 199-6313,5G tether,2016-06-11 10:01:14.000,2015-10-11 10:16:27.000,8371996313
13,50,110,331-103-3174,5G tether,2016-01-24 08:52:36.000,2015-04-13 15:54:21.000,3311033174
14,51,102,612 603 3845,Unlimited text,2015-06-03 20:10:41.000,2015-04-04 15:49:46.000,6126033845
14,52,105,(711) 751-2185,10G LTE,2015-01-24 07:27:19.000,2015-01-15 10:47:33.000,7117512185
14,53,105,722-789-6221,10G LTE,2016-12-21 17:24:58.000,2016-08-09 04:34:20.000,7227896221
14,54,103,+1 (988) 317-9409,450 min,2016-09-28 09:57:50.000,2016-03-15 06:23:24.000,19883179409
14,55,107,156 562 4652,10G 3G,2015-02-22 19:06:35.000,2016-06-08 17:35:41.000,1565624652
15,56,102,7511217745,Unlimited text,2015-04-15 14:35:42.000,2016-06-06 00:17:14.000,7511217745
15,57,106,(784) 190-5777,5G LTE,2015-08-18 14:53:31.000,2016-10-07 15:56:55.000,7841905777
15,58,104,8526816960,100 text,2016-12-05 14:57:56.000,2015-03-09 03:41:35.000,8526816960
17,59,101,9618791168,Unlimited call,2015-03-09 05:58:10.000,2016-11-05 01:20:55.000,9618791168
17,60,108,5394084524,5G 3G,2016-07-10 17:37:31.000,2015-07-22 20:19:14.000,5394084524
17,62,101,617-637-6147,Unlimited call,2015-02-19 17:12:34.000,2016-03-18 14:32:32.000,6176376147
18,63,109,270-431-7153,Roaming special,2015-01-27 13:11:32.000,2016-03-12 16:49:33.000,2704317153
18,64,106,204-586-6001,5G LTE,2016-03-02 11:05:48.000,2016-10-25 17:22:56.000,2045866001
18,65,103,(235) 636-3790,450 min,2016-07-12 10:12:07.000,2015-01-15 16:37:31.000,2356363790
18,67,105,187-932-4690,10G LTE,2016-03-29 20:23:49.000,2015-06-28 05:58:19.000,1879324690
19,68,103,+1 (880) 175-9430,450 min,2016-02-06 06:52:45.000,2015-09-12 00:05:04.000,18801759430
19,69,106,109-946-4575,5G LTE,2016-10-16 22:02:34.000,2015-12-30 06:13:07.000,1099464575
21,71,109,+1 (780) 290-1895,Roaming special,2015-06-08 08:32:31.000,2015-02-27 01:01:24.000,17802901895
21,72,109,4878593055,Roaming special,2017-01-26 14:39:59.000,2015-07-02 20:09:19.000,4878593055
21,73,105,(792) 936-3582,10G LTE,2015-07-04 01:42:29.000,2015-09-11 16:15:29.000,7929363582
21,75,101,167 316 6757,Unlimited call,2016-12-26 16:18:32.000,2016-11-22 07:32:50.000,1673166757
22,76,109,+1 (951) 280-8618,Roaming special,2016-08-15 18:42:21.000,2016-12-17 07:58:24.000,19512808618
22,77,101,(794) 846-5255,Unlimited call,2015-07-14 18:19:21.000,2015-07-30 16:22:37.000,7948465255
23,79,110,680 596 4946,5G tether,2016-07-23 06:29:56.000,2015-11-22 07:53:49.000,6805964946
23,80,107,3899876162,10G 3G,2015-10-14 01:32:26.000,2015-05-26 20:09:52.000,3899876162
23,81,103,3403378480,450 min,2015-12-28 14:55:35.000,2015-03-04 18:54:18.000,3403378480
23,82,110,7042555691,5G tether,2015-02-13 10:32:47.000,2015-03-26 22:34:56.000,7042555691
25,84,104,(677) 452-4612,100 text,2016-04-20 21:05:50.000,2016-08-24 01:37:50.000,6774524612
25,85,104,2276317617,100 text,2015-06-23 18:50:07.000,2016-09-09 01:59:36.000,2276317617
27,86,104,1768768389,100 text,2016-04-23 21:13:18.000,2015-04-28 17:54:07.000,1768768389
28,88,105,194-369-1384,10G LTE,2016-02-16 17:23:49.000,2016-01-06 03:18:36.000,1943691384
29,89,105,6131103715,10G LTE,2016-10-04 16:08:49.000,2015-07-24 10:47:52.000,6131103715
29,90,106,684 868 2734,5G LTE,2016-06-03 15:44:06.000,2016-10-30 12:34:20.000,6848682734
29,91,107,6513038748,10G 3G,2015-11-07 23:28:37.000,2016-01-23 22:02:48.000,6513038748
31,93,107,4618406824,10G 3G,2015-10-23 11:47:12.000,2016-06-13 17:03:28.000,4618406824
31,94,105,992 600 8047,10G LTE,2016-01-28 22:21:20.000,2016-10-11 04:31:09.000,9926008047
32,95,105,931 357 5704,10G LTE,2017-02-11 23:07:49.000,2016-01-28 03:01:29.000,9313575704
33,97,101,4251025036,Unlimited call,2016-12-13 01:36:09.000,2016-01-25 18:59:15.000,4251025036
33,98,109,(316) 465-7570,Roaming special,2016-02-09 21:15:07.000,2017-01-17 22:16:55.000,3164657570
33,99,107,+1 (218) 889-4779,10G 3G,2016-10-20 07:19:47.000,2017-01-15 01:42:11.000,12188894779
35,100,108,(794) 876-9296,5G 3G,2016-04-08 16:13:44.000,2016-10-12 17:08:12.000,7948769296
36,102,105,4877005671,10G LTE,2015-03-18 04:50:54.000,2016-08-21 02:49:48.000,4877005671
36,103,110,+1 (333) 369-9057,5G tether,2015-08-28 05:21:25.000,2016-12-31 21:17:05.000,13333699057
36,104,101,(260) 385-7544,Unlimited call,2016-05-23 07:30:58.000,2015-11-15 20:27:33.000,2603857544
36,106,107,397 330 3982,10G 3G,2017-01-26 18:47:03.000,2015-08-21 14:15:39.000,3973303982
37,107,107,7216976389,10G 3G,2015-01-26 02:32:16.000,2016-01-15 10:54:01.000,7216976389
37,108,108,7551495206,5G 3G,2016-01-01 13:59:43.000,2015-08-19 10:26:06.000,7551495206
37,109,101,4823953478,Unlimited call,2016-11-12 13:19:03.000,2015-06-28 21:08:56.000,4823953478
38,111,108,+1 (459) 294-6571,5G 3G,2016-04-23 01:24:55.000,2016-10-18 14:23:35.000,14592946571
38,112,103,5621543802,450 min,2016-07-14 07:36:22.000,2016-03-25 06:07:29.000,5621543802
38,113,109,322-836-1829,Roaming special,2016-06-30 02:05:37.000,2016-08-28 08:19:26.000,3228361829
40,115,105,132 719 6703,10G LTE,2016-02-10 15:34:06.000,2016-12-16 14:01:29.000,1327196703
40,116,109,+1 (860) 811-3524,Roaming special,2015-09-03 11:22:47.000,2016-11-01 05:45:28.000,18608113524
40,117,104,768-983-7119,100 text,2015-02-27 11:40:59.000,2015-08-30 03:00:32.000,7689837119
41,119,107,632-869-9669,10G 3G,2017-01-21 21:08:56.000,2017-01-04 15:56:58.000,6328699669
41,120,106,(877) 687-7083,5G LTE,2015-05-06 22:01:45.000,2015-08-02 17:09:30.000,8776877083
41,121,106,+1 (815) 114-2181,5G LTE,2016-03-14 04:21:39.000,2016-10-28 10:17:10.000,18151142181
42,123,108,7468577382,5G 3G,2017-01-14 12:36:12.000,2016-07-05 13:15:11.000,7468577382
43,124,107,306 383 1183,10G 3G,2015-01-06 20:11:55.000,2016-04-12 04:11:35.000,3063831183
43,125,109,+1 (600) 828-8324,Roaming special,2016-05-20 20:38:08.000,2015-12-12 01:21:03.000,16008288324
43,126,110,648-383-6206,5G tether,2015-12-23 05:42:43.000,2017-01-24 14:39:10.000,6483836206
46,128,102,+1 (572) 237-5891,Unlimited text,2016-04-25 08:53:39.000,2016-06-11 23:34:03.000,15722375891
46,129,110,993-410-5973,5G tether,2016-09-04 17:50:19.000,2015-09-22 20:38:37.000,9934105973
46,130,108,+1 (923) 745-6117,5G 3G,2016-08-28 15:46:05.000,2016-04-25 04:32:24.000,19237456117
406,1027,101,126 643 5721,Unlimited call,2015-08-22 23:56:38.000,2015-02-16 13:06:29.000,1266435721
408,1031,101,+1 (572) 531-1379,Unlimited call,2015-08-16 23:18:22.000,2016-12-22 08:24:02.000,15725311379
408,1033,107,935-859-1876,10G 3G,2016-04-12 16:54:19.000,2016-01-21 00:23:01.000,9358591876
408,1034,101,207 139 5411,Unlimited call,2015-06-15 10:15:15.000,2016-03-02 03:04:52.000,2071395411
407,1028,109,1293796676,Roaming special,2016-11-26 19:12:20.000,2015-11-10 23:46:09.000,1293796676
407,1029,105,764-427-7384,10G LTE,2015-03-30 07:20:18.000,2015-04-24 06:06:49.000,7644277384
407,1030,103,(949) 943-6690,450 min,2015-12-16 05:13:54.000,2015-10-05 11:02:13.000,9499436690
407,1032,101,(891) 385-8775,Unlimited call,2015-10-23 01:07:10.000,2016-05-17 20:59:33.000,8913858775
409,1035,109,(197) 528-4196,Roaming special,2016-06-30 02:54:56.000,2016-02-24 05:11:14.000,1975284196
409,1036,105,(883) 810-2650,10G LTE,2015-08-17 10:51:24.000,2016-12-26 00:07:44.000,8838102650
409,1037,101,4763101858,Unlimited call,2015-06-09 21:09:46.000,2016-12-05 00:21:59.000,4763101858
405,1022,101,9617531433,Unlimited call,2015-04-05 01:54:00.000,2015-10-22 00:33:28.000,9617531433
405,1023,101,203 402 8646,Unlimited call,2015-10-20 02:24:54.000,2016-09-03 21:09:43.000,2034028646
405,1024,106,6692782511,5G LTE,2016-08-26 01:59:23.000,2016-05-31 04:54:24.000,6692782511
405,1025,107,(293) 933-6246,10G 3G,2016-12-11 10:57:29.000,2016-03-30 11:57:02.000,2939336246
405,1026,108,812-217-1780,5G 3G,2015-12-14 16:10:10.000,2016-05-14 17:37:19.000,8122171780
411,1042,106,4357766590,5G LTE,2016-08-09 16:11:30.000,2016-12-16 11:31:43.000,4357766590
410,1038,106,434 676 5362,5G LTE,2016-08-14 07:28:20.000,2015-06-21 17:12:09.000,4346765362
410,1039,101,+1 (606) 807-1774,Unlimited call,2016-10-19 19:14:45.000,2015-12-02 23:27:08.000,16068071774
410,1040,103,(686) 826-7695,450 min,2017-01-11 10:40:48.000,2016-04-25 04:24:51.000,6868267695
410,1041,109,511 126 4082,Roaming special,2016-10-16 01:20:14.000,2015-08-11 04:15:18.000,5111264082
414,1045,110,475-936-5806,5G tether,2015-03-21 14:06:30.000,2017-01-01 19:04:45.000,4759365806
414,1046,102,(335) 556-2754,Unlimited text,2016-07-24 05:03:04.000,2016-03-31 10:24:41.000,3355562754
413,1043,109,8271577322,Roaming special,2015-07-21 06:34:27.000,2015-02-19 18:07:10.000,8271577322
413,1044,105,490 270 6970,10G LTE,2015-12-29 19:18:29.000,2015-05-13 21:01:39.000,4902706970
419,1062,109,177 557 7834,Roaming special,2015-07-26 11:59:25.000,2015-10-15 04:34:14.000,1775577834
419,1063,107,158 588 7856,10G 3G,2015-05-10 05:21:30.000,2016-07-03 08:07:03.000,1585887856
415,1047,107,872-711-9300,10G 3G,2015-03-15 21:05:22.000,2015-01-08 22:19:31.000,8727119300
415,1048,101,705-943-1677,Unlimited call,2016-11-19 10:01:07.000,2017-01-25 20:23:46.000,7059431677
415,1049,102,1007674794,Unlimited text,2015-05-18 09:18:02.000,2015-07-01 22:36:26.000,1007674794
415,1050,104,7381419903,100 text,2016-04-13 09:37:58.000,2016-12-03 05:59:53.000,7381419903
415,1051,109,859 787 1784,Roaming special,2016-01-31 00:30:13.000,2016-08-11 17:09:18.000,8597871784
416,1052,102,671-880-4629,Unlimited text,2016-02-18 00:02:59.000,2015-05-22 10:06:49.000,6718804629
416,1053,107,9617916330,10G 3G,2015-01-24 06:44:35.000,2015-01-05 03:23:23.000,9617916330
416,1055,108,701 814 6259,5G 3G,2015-12-05 20:10:44.000,2017-02-20 20:05:58.000,7018146259
416,1057,106,4609617211,5G LTE,2015-06-04 12:11:44.000,2015-07-30 04:50:25.000,4609617211
416,1059,106,(625) 173-2979,5G LTE,2016-07-14 02:45:23.000,2016-02-08 04:11:16.000,6251732979
417,1054,101,(816) 301-6456,Unlimited call,2016-10-23 17:29:41.000,2016-03-26 21:29:30.000,8163016456
417,1056,107,955 842 1398,10G 3G,2015-12-09 00:32:17.000,2015-05-16 16:23:22.000,9558421398
417,1058,108,5271131208,5G 3G,2015-11-17 02:04:42.000,2016-03-23 15:33:08.000,5271131208
417,1060,110,803 160 4396,5G tether,2015-09-30 08:42:19.000,2016-01-27 05:09:48.000,8031604396
417,1061,101,463-544-9998,Unlimited call,2017-01-30 21:47:44.000,2016-03-23 21:43:36.000,4635449998
420,1064,104,1807735881,100 text,2016-07-29 10:32:27.000,2016-06-01 11:50:13.000,1807735881
423,1067,109,135 838 3071,Roaming special,2016-12-10 00:10:53.000,2016-08-04 21:25:05.000,1358383071
423,1069,104,(717) 887-8913,100 text,2017-02-12 17:30:08.000,2015-01-02 12:06:53.000,7178878913
423,1071,102,2099862970,Unlimited text,2016-02-09 00:36:27.000,2016-09-21 08:34:28.000,2099862970
426,1074,108,(300) 175-3243,5G 3G,2016-07-01 23:33:07.000,2017-01-28 06:02:02.000,3001753243
426,1075,106,740 397 3690,5G LTE,2015-02-08 11:23:42.000,2016-08-30 01:20:52.000,7403973690
425,1072,107,(874) 833-6333,10G 3G,2016-08-07 20:09:22.000,2016-06-08 11:23:30.000,8748336333
425,1073,104,+1 (921) 184-2409,100 text,2017-01-28 13:07:56.000,2015-09-22 02:10:14.000,19211842409
427,1076,101,496 235 1292,Unlimited call,2016-11-10 04:49:35.000,2015-09-08 14:46:57.000,4962351292
427,1077,103,(227) 273-6890,450 min,2016-11-29 05:02:17.000,2016-01-06 13:47:26.000,2272736890
422,1065,108,(656) 655-6086,5G 3G,2015-10-23 06:09:34.000,2015-05-16 03:54:26.000,6566556086
422,1066,101,(156) 290-6644,Unlimited call,2015-07-26 09:51:50.000,2015-05-06 22:50:42.000,1562906644
422,1068,101,+1 (766) 906-3874,Unlimited call,2016-02-14 02:08:35.000,2015-03-18 06:36:15.000,17669063874
422,1070,109,7494921213,Roaming special,2015-07-27 16:43:37.000,2016-05-10 21:48:16.000,7494921213
428,1078,104,(489) 520-9122,100 text,2016-03-17 22:20:10.000,2015-10-17 11:11:12.000,4895209122
428,1080,109,(397) 871-2023,Roaming special,2015-08-12 03:16:27.000,2016-12-30 02:32:22.000,3978712023
429,1079,107,(287) 141-9659,10G 3G,2015-10-21 15:31:11.000,2015-10-01 19:26:07.000,2871419659
429,1081,108,3244717583,5G 3G,2015-12-08 20:21:52.000,2016-06-24 00:51:12.000,3244717583
431,1082,108,2841002757,5G 3G,2016-01-29 15:31:59.000,2016-10-13 06:23:32.000,2841002757
432,1083,105,(703) 250-8433,10G LTE,2015-12-04 09:37:24.000,2016-12-09 16:00:38.000,7032508433
432,1084,106,5174512863,5G LTE,2015-11-18 07:45:26.000,2016-05-07 21:21:10.000,5174512863
436,1091,108,+1 (104) 287-1277,5G 3G,2016-10-01 14:35:44.000,2015-06-18 15:21:39.000,11042871277
436,1092,110,+1 (570) 536-8475,5G tether,2015-05-07 00:05:52.000,2017-02-17 18:49:13.000,15705368475
436,1093,106,679-712-6922,5G LTE,2016-11-15 02:53:11.000,2015-08-20 23:10:16.000,6797126922
433,1086,105,(803) 406-9688,10G LTE,2016-02-27 21:10:33.000,2016-11-18 10:41:06.000,8034069688
433,1087,108,+1 (139) 571-8753,5G 3G,2016-12-16 06:30:43.000,2016-07-09 05:38:01.000,11395718753
433,1088,105,886 850 3701,10G LTE,2016-11-17 23:18:19.000,2015-04-29 19:36:42.000,8868503701
437,1095,101,+1 (356) 697-7019,Unlimited call,2015-02-09 01:23:21.000,2017-02-04 07:15:22.000,13566977019
434,1089,108,8987212245,5G 3G,2016-05-13 15:04:05.000,2015-03-15 18:40:11.000,8987212245
434,1090,105,+1 (785) 505-6821,10G LTE,2015-07-06 13:24:15.000,2017-01-11 02:17:09.000,17855056821
439,1098,108,404 960 1236,5G 3G,2017-01-15 09:29:35.000,2017-02-03 15:57:48.000,4049601236
442,1103,101,+1 (165) 416-2248,Unlimited call,2016-07-05 21:19:19.000,2015-06-21 23:28:09.000,11654162248
442,1104,102,989-687-7417,Unlimited text,2016-11-11 07:27:31.000,2016-03-18 22:38:56.000,9896877417
441,1099,101,8419101812,Unlimited call,2015-01-26 00:36:56.000,2016-08-06 09:01:47.000,8419101812
441,1100,108,+1 (394) 125-3459,5G 3G,2015-12-16 22:08:41.000,2015-11-19 03:48:19.000,13941253459
441,1101,105,3567269883,10G LTE,2015-06-07 11:42:34.000,2016-03-06 18:21:30.000,3567269883
443,1106,104,651 183 8202,100 text,2015-11-27 02:46:52.000,2015-02-06 16:08:41.000,6511838202
443,1107,102,569-706-7832,Unlimited text,2015-01-04 15:58:02.000,2015-11-10 14:12:27.000,5697067832
444,1108,102,(682) 266-9485,Unlimited text,2015-02-09 20:27:16.000,2016-03-31 18:55:08.000,6822669485
444,1110,105,665 210 1548,10G LTE,2016-10-30 00:14:19.000,2016-05-27 01:07:17.000,6652101548
444,1111,107,215 145 3458,10G 3G,2015-08-03 06:17:51.000,2017-01-19 17:13:01.000,2151453458
447,1121,107,989-556-4375,10G 3G,2015-06-08 21:33:24.000,2015-05-23 10:25:49.000,9895564375
447,1122,102,(517) 714-7960,Unlimited text,2015-10-07 06:36:05.000,2017-02-08 14:02:50.000,5177147960
446,1114,104,+1 (160) 297-7266,100 text,2015-06-22 03:33:28.000,2015-10-12 00:33:10.000,11602977266
445,1112,101,173 473 5431,Unlimited call,2015-12-17 01:59:56.000,2017-02-21 09:06:30.000,1734735431
446,1116,105,445-578-6419,10G LTE,2016-07-31 22:38:37.000,2015-09-03 22:19:52.000,4455786419
446,1118,108,(104) 454-6735,5G 3G,2017-01-19 23:05:38.000,2016-06-15 15:07:07.000,1044546735
445,1115,106,5195674744,5G LTE,2015-12-28 09:46:12.000,2017-02-11 01:28:27.000,5195674744
446,1120,108,853-835-1539,5G 3G,2015-08-24 16:24:27.000,2017-02-25 12:25:56.000,8538351539
445,1117,110,1104897919,5G tether,2015-07-09 04:21:06.000,2015-07-11 22:42:08.000,1104897919
448,1124,106,973 749 9183,5G LTE,2016-05-12 23:50:41.000,2016-03-26 22:50:28.000,9737499183
448,1125,101,354 250 3071,Unlimited call,2016-12-03 23:25:31.000,2016-11-16 18:24:55.000,3542503071
449,1129,108,+1 (401) 468-8986,5G 3G,2016-11-17 21:01:16.000,2015-07-03 12:30:45.000,14014688986
449,1130,108,+1 (272) 626-8616,5G 3G,2015-01-06 18:16:58.000,2015-04-04 19:36:41.000,12726268616
448,1127,108,(363) 427-6680,5G 3G,2015-05-13 19:07:42.000,2015-07-11 17:48:23.000,3634276680
449,1131,108,372 886 2586,5G 3G,2015-03-06 18:29:06.000,2015-04-23 20:04:56.000,3728862586
451,1132,101,(546) 861-2775,Unlimited call,2016-07-02 15:07:42.000,2016-03-23 02:42:25.000,5468612775
451,1135,102,4675011809,Unlimited text,2015-11-19 05:55:31.000,2015-10-06 13:54:54.000,4675011809
454,1133,107,(884) 242-5801,10G 3G,2015-12-25 13:25:20.000,2016-08-16 08:40:31.000,8842425801
454,1140,108,7793355520,5G 3G,2015-11-25 03:16:51.000,2015-12-14 09:33:35.000,7793355520
455,1139,109,+1 (936) 129-6217,Roaming special,2015-02-22 21:57:02.000,2016-07-19 11:25:30.000,19361296217
455,1143,103,2925719390,450 min,2015-12-14 06:17:56.000,2016-04-17 18:44:03.000,2925719390
455,1147,107,(882) 238-1841,10G 3G,2015-01-19 02:25:00.000,2016-08-03 00:26:47.000,8822381841
458,1159,108,734-808-6951,5G 3G,2016-02-07 23:03:49.000,2015-04-01 13:53:55.000,7348086951
456,1150,101,6033486436,Unlimited call,2015-05-17 07:10:23.000,2015-01-26 16:20:50.000,6033486436
456,1151,104,1169651874,100 text,2015-05-11 18:22:13.000,2016-10-28 16:27:26.000,1169651874
457,1153,104,632-365-9674,100 text,2017-01-24 05:14:40.000,2015-05-05 13:23:06.000,6323659674
457,1154,106,(558) 569-5107,5G LTE,2015-07-05 00:45:25.000,2016-01-16 13:37:21.000,5585695107
450,1155,105,+1 (249) 688-1995,10G LTE,2016-03-24 07:39:42.000,2016-11-08 15:34:32.000,12496881995
450,1157,101,4055485364,Unlimited call,2017-01-26 18:05:15.000,2016-12-21 14:43:56.000,4055485364
450,1158,105,(163) 801-1065,10G LTE,2016-08-01 20:27:11.000,2017-02-11 01:57:30.000,1638011065
452,1137,106,2655155997,5G LTE,2016-02-20 06:13:43.000,2016-09-12 13:48:16.000,2655155997
452,1142,107,6137119092,10G 3G,2016-08-14 23:00:26.000,2015-03-26 03:36:07.000,6137119092
452,1144,102,582 691 2552,Unlimited text,2015-07-27 00:44:29.000,2015-09-03 10:29:45.000,5826912552
452,1146,105,+1 (689) 649-6905,10G LTE,2015-08-10 06:40:42.000,2016-01-08 15:29:01.000,16896496905
459,1160,102,+1 (977) 683-5790,Unlimited text,2015-12-28 20:50:59.000,2015-02-11 12:00:16.000,19776835790
453,1134,106,(861) 370-7985,5G LTE,2016-07-18 17:01:17.000,2016-12-22 20:56:19.000,8613707985
453,1138,106,744-378-5999,5G LTE,2015-04-03 11:04:14.000,2016-11-10 09:43:53.000,7443785999
453,1141,110,291-516-9025,5G tether,2017-02-13 19:01:15.000,2016-02-22 01:16:10.000,2915169025
453,1145,110,983-937-3022,5G tether,2016-10-02 01:07:01.000,2015-01-28 07:07:52.000,9839373022
453,1148,109,+1 (223) 713-3509,Roaming special,2016-09-22 07:11:36.000,2016-02-13 04:47:40.000,12237133509
461,1165,106,565 133 8788,5G LTE,2016-04-17 18:08:37.000,2016-01-18 03:40:20.000,5651338788
461,1166,104,3556308415,100 text,2016-01-05 12:15:22.000,2016-11-27 04:46:00.000,3556308415
461,1167,110,695 919 9332,5G tether,2017-01-28 20:21:15.000,2017-02-18 20:30:56.000,6959199332
464,1176,110,+1 (856) 484-4816,5G tether,2016-07-28 10:39:03.000,2015-02-22 12:59:03.000,18564844816
464,1177,107,563-169-6226,10G 3G,2015-02-25 08:11:19.000,2015-07-16 02:41:30.000,5631696226
464,1178,102,(899) 330-3524,Unlimited text,2016-04-01 23:27:29.000,2016-06-27 16:34:16.000,8993303524
464,1179,106,806-816-9523,5G LTE,2016-01-31 23:32:16.000,2015-04-11 18:00:09.000,8068169523
464,1180,110,(995) 506-4500,5G tether,2015-02-18 19:59:31.000,2016-08-31 14:21:58.000,9955064500
463,1172,103,993 799 7487,450 min,2016-09-16 21:16:35.000,2015-11-14 21:49:16.000,9937997487
463,1173,101,5253819246,Unlimited call,2016-09-01 09:40:58.000,2016-04-06 20:11:05.000,5253819246
463,1174,101,+1 (452) 323-2795,Unlimited call,2016-08-18 08:31:37.000,2016-03-27 01:26:32.000,14523232795
463,1175,108,604-768-9920,5G 3G,2016-10-06 08:41:56.000,2015-09-28 19:46:36.000,6047689920
465,1181,103,5809327527,450 min,2016-01-12 23:39:48.000,2016-01-24 04:37:59.000,5809327527
465,1182,109,+1 (918) 670-7934,Roaming special,2016-03-19 09:03:49.000,2015-02-07 09:24:46.000,19186707934
460,1161,104,233-127-8962,100 text,2015-09-22 01:28:14.000,2016-04-11 00:13:32.000,2331278962
460,1162,104,807-175-3755,100 text,2015-05-30 13:20:32.000,2016-08-26 06:29:37.000,8071753755
462,1168,105,840 624 2769,10G LTE,2016-06-07 03:14:58.000,2016-07-25 03:32:08.000,8406242769
460,1163,107,+1 (630) 323-9579,10G 3G,2017-02-10 13:41:05.000,2015-08-20 15:36:52.000,16303239579
462,1169,105,(376) 226-9389,10G LTE,2015-04-24 10:12:19.000,2016-12-28 03:15:48.000,3762269389
460,1164,104,645 814 8970,100 text,2015-05-24 20:42:04.000,2016-10-09 00:54:43.000,6458148970
462,1170,104,+1 (642) 854-9655,100 text,2017-02-08 01:08:52.000,2015-07-06 06:15:38.000,16428549655
462,1171,107,(857) 123-8062,10G 3G,2016-09-19 22:06:18.000,2017-02-07 21:59:21.000,8571238062
466,1183,108,363-198-7855,5G 3G,2016-09-18 23:05:16.000,2016-07-14 12:06:22.000,3631987855
466,1184,110,9446698915,5G tether,2016-04-30 00:09:23.000,2016-03-14 16:48:27.000,9446698915
470,1191,108,+1 (180) 417-7558,5G 3G,2015-02-01 14:29:13.000,2015-11-08 01:51:37.000,11804177558
470,1192,106,7043514243,5G LTE,2016-07-14 22:24:35.000,2016-01-17 17:13:15.000,7043514243
467,1185,106,+1 (305) 115-3536,5G LTE,2016-09-21 05:46:27.000,2017-01-06 10:44:30.000,13051153536
468,1186,104,180 866 5292,100 text,2015-07-01 07:36:41.000,2016-12-03 21:03:24.000,1808665292
474,1193,106,(869) 205-1287,5G LTE,2015-02-05 05:21:39.000,2015-03-03 03:00:29.000,8692051287
474,1194,101,+1 (985) 108-4814,Unlimited call,2016-12-26 02:47:12.000,2016-03-05 00:59:20.000,19851084814
474,1195,101,9387688651,Unlimited call,2016-07-19 21:19:57.000,2016-12-30 13:06:24.000,9387688651
474,1196,107,(230) 942-4891,10G 3G,2017-02-13 01:42:03.000,2015-03-18 22:12:03.000,2309424891
476,1197,104,+1 (261) 632-8384,100 text,2016-06-01 17:25:28.000,2015-06-02 09:50:15.000,12616328384
469,1187,109,459 881 7105,Roaming special,2016-03-28 00:07:59.000,2015-04-01 05:46:10.000,4598817105
469,1188,103,310 235 9425,450 min,2016-11-24 23:45:30.000,2016-01-29 14:03:07.000,3102359425
469,1189,101,4657526401,Unlimited call,2016-12-12 09:24:23.000,2015-10-26 19:51:34.000,4657526401
469,1190,109,+1 (199) 246-4242,Roaming special,2015-12-01 06:13:28.000,2015-01-23 18:16:51.000,11992464242
478,1202,106,+1 (962) 177-1807,5G LTE,2015-10-28 11:08:05.000,2015-06-08 04:28:01.000,19621771807
478,1203,105,976-908-1553,10G LTE,2016-06-03 06:26:44.000,2015-08-15 12:52:12.000,9769081553
477,1198,102,+1 (947) 474-4546,Unlimited text,2016-02-16 08:36:25.000,2016-08-12 08:10:49.000,19474744546
477,1199,110,226-910-3076,5G tether,2016-04-11 13:06:25.000,2015-12-17 22:21:36.000,2269103076
477,1200,102,+1 (432) 108-1795,Unlimited text,2016-09-23 01:16:42.000,2016-03-01 01:49:01.000,14321081795
477,1201,108,1095937252,5G 3G,2016-11-16 04:39:05.000,2016-05-11 03:04:05.000,1095937252
479,1204,104,3275097837,100 text,2015-02-20 09:48:53.000,2015-12-23 19:35:43.000,3275097837
479,1205,110,2161355804,5G tether,2015-06-05 00:51:09.000,2015-12-03 23:54:01.000,2161355804
482,1214,101,(557) 963-5889,Unlimited call,2015-05-20 02:21:37.000,2015-06-23 04:52:11.000,5579635889
480,1211,106,373 360 3745,5G LTE,2016-07-13 21:10:31.000,2017-02-10 14:17:32.000,3733603745
480,1212,110,238-468-8405,5G tether,2015-12-23 14:45:19.000,2015-07-21 12:40:02.000,2384688405
473,1206,109,(400) 632-6001,Roaming special,2015-08-03 09:56:52.000,2015-06-06 15:09:12.000,4006326001
473,1207,102,(139) 835-3277,Unlimited text,2015-10-30 18:10:30.000,2015-08-12 21:20:14.000,1398353277
473,1208,110,+1 (828) 134-8792,5G tether,2016-05-28 04:57:54.000,2015-03-16 21:52:48.000,18281348792
473,1210,106,(212) 355-7981,5G LTE,2015-08-15 11:34:29.000,2015-06-15 01:40:47.000,2123557981
486,1228,104,4446473181,100 text,2016-12-16 01:23:02.000,2015-07-25 02:18:45.000,4446473181
486,1229,106,(882) 824-6776,5G LTE,2016-07-19 20:38:37.000,2016-02-26 08:54:54.000,8828246776
484,1219,110,6008573160,5G tether,2016-08-09 21:11:14.000,2015-03-15 10:43:22.000,6008573160
484,1220,110,+1 (187) 384-5521,5G tether,2015-01-24 17:10:52.000,2016-04-17 12:13:10.000,11873845521
484,1221,101,+1 (565) 708-8863,Unlimited call,2016-11-07 07:30:00.000,2015-06-09 18:56:24.000,15657088863
485,1223,103,3348967058,450 min,2017-02-02 01:32:07.000,2016-12-10 17:40:35.000,3348967058
485,1224,110,505 625 6772,5G tether,2016-02-29 16:43:06.000,2016-10-12 22:42:23.000,5056256772
485,1225,104,+1 (552) 916-3022,100 text,2015-07-23 12:17:50.000,2015-04-18 18:14:48.000,15529163022
485,1226,105,763-270-5153,10G LTE,2016-12-18 10:57:08.000,2016-01-07 04:18:00.000,7632705153
483,1215,102,728-876-5489,Unlimited text,2016-12-22 09:13:08.000,2017-02-13 13:34:34.000,7288765489
483,1216,101,601-161-5325,Unlimited call,2016-08-28 06:21:37.000,2016-11-05 23:43:29.000,6011615325
483,1217,102,434 428 3521,Unlimited text,2016-10-11 21:44:49.000,2015-02-11 20:47:35.000,4344283521
487,1231,102,825 918 3944,Unlimited text,2016-11-09 19:00:41.000,2015-11-17 14:57:47.000,8259183944
489,1237,109,561 205 9772,Roaming special,2016-04-23 06:07:15.000,2017-01-11 11:50:09.000,5612059772
487,1232,101,196-245-9901,Unlimited call,2017-01-07 03:14:10.000,2015-06-30 06:00:54.000,1962459901
490,1238,109,(866) 270-9967,Roaming special,2016-07-30 09:13:00.000,2016-01-12 01:14:06.000,8662709967
488,1234,107,+1 (515) 422-2534,10G 3G,2015-03-01 06:43:15.000,2016-11-25 18:33:15.000,15154222534
488,1235,102,582-904-9121,Unlimited text,2015-03-30 21:47:04.000,2015-09-12 07:52:48.000,5829049121
496,1251,107,9125332115,10G 3G,2015-06-08 16:10:09.000,2016-07-11 14:55:42.000,9125332115
494,1248,102,763-896-1891,Unlimited text,2016-07-20 11:30:40.000,2015-01-05 15:27:42.000,7638961891
491,1239,104,5965069744,100 text,2015-10-19 01:06:08.000,2016-02-06 10:57:00.000,5965069744
491,1240,102,271 988 4970,Unlimited text,2015-02-23 20:03:36.000,2016-01-05 08:19:04.000,2719884970
491,1242,101,798 809 1577,Unlimited call,2015-06-24 22:03:41.000,2016-11-30 00:34:17.000,7988091577
497,1252,107,817 590 5012,10G 3G,2016-07-12 02:55:55.000,2015-03-20 20:12:50.000,8175905012
497,1253,106,580 566 6417,5G LTE,2015-10-30 05:39:13.000,2015-07-21 13:34:02.000,5805666417
497,1254,103,+1 (170) 362-8177,450 min,2016-06-19 12:20:52.000,2016-03-01 15:05:16.000,11703628177
493,1247,109,942-324-8684,Roaming special,2016-08-28 19:54:58.000,2016-11-03 07:11:40.000,9423248684
493,1249,105,(521) 659-3612,10G LTE,2016-11-19 07:30:41.000,2016-09-01 04:41:21.000,5216593612
493,1250,107,+1 (102) 694-8238,10G 3G,2015-04-17 01:18:19.000,2015-03-20 11:45:52.000,11026948238
492,1244,101,(381) 426-5209,Unlimited call,2015-06-13 04:51:16.000,2016-08-08 01:21:47.000,3814265209
492,1245,109,(280) 494-3749,Roaming special,2016-06-19 07:17:31.000,2015-03-13 05:32:52.000,2804943749
492,1246,101,645-143-2958,Unlimited call,2016-03-04 10:42:25.000,2015-01-28 17:49:37.000,6451432958
504,1258,103,320 895 2387,450 min,2015-08-05 21:47:17.000,2016-04-15 11:52:32.000,3208952387
502,1257,108,+1 (900) 138-1405,5G 3G,2015-06-02 13:55:37.000,2016-09-17 04:14:34.000,19001381405
509,1269,107,2458276119,10G 3G,2015-03-10 21:03:09.000,2015-02-14 20:26:26.000,2458276119
509,1271,107,3204826854,10G 3G,2016-11-14 17:44:59.000,2015-08-07 17:28:51.000,3204826854
505,1260,105,105-947-6117,10G LTE,2015-09-22 09:56:05.000,2015-06-22 11:52:23.000,1059476117
505,1261,107,849 119 8777,10G 3G,2016-05-19 18:53:09.000,2016-05-21 13:06:50.000,8491198777
505,1262,109,273 963 5112,Roaming special,2016-08-05 14:11:50.000,2016-09-06 16:55:15.000,2739635112
510,1270,106,+1 (703) 891-1683,5G LTE,2016-09-27 22:50:36.000,2016-05-09 13:47:52.000,17038911683
512,1278,109,(818) 271-5340,Roaming special,2016-08-18 09:03:00.000,2016-12-02 06:18:32.000,8182715340
506,1263,102,1783914254,Unlimited text,2015-03-29 09:02:21.000,2016-09-21 22:27:22.000,1783914254
506,1264,109,(624) 338-2611,Roaming special,2016-12-08 21:16:39.000,2015-10-24 22:51:28.000,6243382611
508,1275,110,505-460-3126,5G tether,2015-08-07 22:30:43.000,2015-10-17 17:22:06.000,5054603126
508,1276,109,114 572 3668,Roaming special,2015-08-13 11:58:22.000,2015-02-05 22:02:45.000,1145723668
508,1277,105,(592) 605-2157,10G LTE,2016-08-10 21:00:07.000,2016-10-06 23:42:50.000,5926052157
511,1273,104,(336) 792-9623,100 text,2015-09-05 10:34:42.000,2016-01-17 12:51:22.000,3367929623
511,1274,110,+1 (267) 655-3897,5G tether,2016-12-26 14:50:45.000,2015-01-15 15:10:25.000,12676553897
507,1266,102,+1 (763) 626-4935,Unlimited text,2016-07-29 17:49:10.000,2016-11-13 18:36:13.000,17636264935
507,1267,104,109-605-5210,100 text,2015-06-07 15:08:00.000,2016-11-18 02:42:29.000,1096055210
507,1268,104,799-304-3139,100 text,2015-11-14 18:27:35.000,2016-01-04 03:50:13.000,7993043139
520,1302,109,+1 (338) 211-6609,Roaming special,2016-07-08 09:02:58.000,2015-01-07 14:34:55.000,13382116609
516,1284,103,+1 (882) 967-5634,450 min,2015-10-31 00:29:33.000,2016-02-20 06:37:39.000,18829675634
516,1287,104,584-497-3732,100 text,2016-03-03 07:47:24.000,2016-11-19 19:29:29.000,5844973732
518,1285,103,(995) 657-8931,450 min,2015-09-24 23:30:27.000,2015-06-11 09:33:42.000,9956578931
518,1289,105,759 539 2742,10G LTE,2016-10-13 13:51:36.000,2016-11-22 16:31:42.000,7595392742
518,1293,103,(539) 579-8934,450 min,2015-01-10 23:03:48.000,2015-10-12 19:54:25.000,5395798934
513,1279,106,728 571 2379,5G LTE,2016-11-20 18:01:38.000,2015-06-23 03:42:18.000,7285712379
513,1280,102,9402729098,Unlimited text,2015-11-07 15:02:21.000,2015-07-19 17:56:30.000,9402729098
513,1281,110,(424) 999-2855,5G tether,2015-09-18 07:21:10.000,2015-07-14 02:14:27.000,4249992855
513,1282,107,(924) 529-4398,10G 3G,2015-03-23 08:06:04.000,2015-09-02 03:41:24.000,9245294398
522,1306,108,(908) 530-3831,5G 3G,2017-02-09 14:33:22.000,2016-05-14 20:29:47.000,9085303831
517,1283,106,(356) 755-5137,5G LTE,2016-09-16 14:56:24.000,2015-02-21 17:12:20.000,3567555137
517,1286,106,3613014602,5G LTE,2015-07-23 12:37:42.000,2016-08-03 23:35:26.000,3613014602
517,1288,106,+1 (582) 825-7757,5G LTE,2016-05-04 06:41:51.000,2016-01-12 23:23:35.000,15828257757
517,1290,101,368-119-5553,Unlimited call,2015-04-26 08:28:59.000,2016-02-17 11:44:46.000,3681195553
521,1303,105,(107) 441-8504,10G LTE,2015-01-16 19:59:07.000,2016-07-20 17:22:19.000,1074418504
521,1304,102,6419497145,Unlimited text,2017-01-25 18:41:31.000,2016-07-07 11:26:53.000,6419497145
521,1305,109,+1 (944) 700-8313,Roaming special,2015-04-20 15:26:05.000,2015-05-21 04:05:07.000,19447008313
529,1317,103,365 306 9676,450 min,2016-03-23 20:32:37.000,2017-02-12 15:36:05.000,3653069676
515,1292,101,+1 (574) 901-2800,Unlimited call,2015-08-19 06:00:38.000,2015-06-26 16:48:53.000,15749012800
515,1295,104,972 679 6233,100 text,2016-03-06 09:29:25.000,2017-02-15 04:13:55.000,9726796233
515,1299,102,587 992 4983,Unlimited text,2015-03-28 04:18:05.000,2016-01-02 14:11:24.000,5879924983
515,1300,108,7624487135,5G 3G,2015-10-26 01:06:15.000,2017-01-13 12:51:05.000,7624487135
515,1301,104,1783704405,100 text,2015-11-26 09:54:34.000,2015-04-14 07:31:24.000,1783704405
519,1291,110,+1 (339) 603-1303,5G tether,2016-05-30 22:49:55.000,2016-07-20 00:08:55.000,13396031303
519,1294,105,2803585688,10G LTE,2015-04-21 18:24:33.000,2016-07-04 02:32:16.000,2803585688
519,1296,101,+1 (242) 940-6089,Unlimited call,2015-06-18 14:47:00.000,2016-10-12 04:13:09.000,12429406089
519,1297,110,652 483 3224,5G tether,2015-09-01 00:24:50.000,2015-07-02 08:23:35.000,6524833224
519,1298,106,(616) 206-1291,5G LTE,2016-01-18 06:13:02.000,2016-08-19 11:04:02.000,6162061291
526,1312,108,3954164991,5G 3G,2015-05-15 14:45:51.000,2015-03-16 09:43:51.000,3954164991
523,1307,106,572 310 3239,5G LTE,2016-03-09 04:07:38.000,2016-02-26 08:38:21.000,5723103239
526,1313,107,+1 (562) 937-9020,10G 3G,2015-09-09 12:21:26.000,2015-08-18 10:22:14.000,15629379020
523,1308,106,(896) 979-4252,5G LTE,2016-12-17 14:18:10.000,2017-02-16 12:52:50.000,8969794252
523,1309,109,(680) 455-7936,Roaming special,2015-01-24 04:39:12.000,2016-08-16 01:55:10.000,6804557936
523,1310,110,121-563-2065,5G tether,2016-10-09 13:48:31.000,2015-08-21 15:33:28.000,1215632065
523,1311,105,+1 (389) 199-1875,10G LTE,2016-12-06 11:11:54.000,2015-06-05 03:06:30.000,13891991875
528,1315,101,(369) 712-7601,Unlimited call,2016-02-11 06:10:46.000,2015-04-11 02:08:53.000,3697127601
528,1318,103,8732785272,450 min,2015-07-21 18:38:05.000,2016-10-23 04:24:43.000,8732785272
530,1320,104,923 635 7033,100 text,2015-07-21 09:54:52.000,2016-09-07 00:43:43.000,9236357033
530,1321,110,5344557285,5G tether,2016-05-21 17:24:40.000,2015-11-14 11:03:41.000,5344557285
530,1322,105,1968965615,10G LTE,2015-08-23 01:28:17.000,2015-04-02 23:31:10.000,1968965615
531,1323,101,482-957-1455,Unlimited call,2015-03-24 01:49:04.000,2015-04-10 17:34:06.000,4829571455
535,1335,110,+1 (614) 332-2255,5G tether,2017-01-17 07:05:39.000,2015-06-21 00:33:52.000,16143322255
527,1314,106,723 251 8606,5G LTE,2016-02-28 13:18:09.000,2015-08-27 13:43:57.000,7232518606
527,1316,105,(670) 717-6938,10G LTE,2016-07-23 16:59:56.000,2016-12-09 12:26:35.000,6707176938
527,1319,101,(607) 209-9542,Unlimited call,2015-03-23 04:09:00.000,2016-03-24 02:48:18.000,6072099542
534,1331,106,+1 (991) 549-4326,5G LTE,2015-06-11 18:47:57.000,2017-02-26 23:59:25.000,19915494326
534,1332,108,+1 (957) 758-3646,5G 3G,2015-12-08 14:16:18.000,2016-01-06 22:10:11.000,19577583646
534,1333,107,+1 (341) 959-9618,10G 3G,2015-05-01 12:18:57.000,2016-04-23 01:59:40.000,13419599618
532,1324,110,+1 (312) 574-6533,5G tether,2015-04-08 21:25:23.000,2016-02-05 00:34:44.000,13125746533
532,1325,107,(972) 768-5840,10G 3G,2016-07-19 09:47:36.000,2016-06-30 22:08:39.000,9727685840
537,1338,105,444-271-3782,10G LTE,2016-08-24 19:28:48.000,2017-02-25 10:27:49.000,4442713782
537,1339,110,357-303-5864,5G tether,2015-06-18 15:04:03.000,2016-09-10 03:05:50.000,3573035864
540,1345,102,(700) 501-8468,Unlimited text,2015-12-10 01:20:12.000,2016-08-25 07:41:38.000,7005018468
536,1334,101,(616) 602-1018,Unlimited call,2015-04-25 21:07:31.000,2015-06-13 09:49:18.000,6166021018
536,1336,104,+1 (465) 763-8651,100 text,2016-11-10 19:54:11.000,2016-03-31 18:21:38.000,14657638651
536,1337,110,9551202654,5G tether,2016-04-17 15:11:19.000,2015-10-07 20:01:44.000,9551202654
533,1327,101,+1 (672) 158-9132,Unlimited call,2016-07-15 23:15:47.000,2016-06-15 04:48:27.000,16721589132
533,1328,106,(733) 424-7251,5G LTE,2016-01-20 03:17:49.000,2015-08-30 00:55:00.000,7334247251
533,1329,105,8373738593,10G LTE,2016-11-30 23:02:41.000,2015-08-03 11:05:50.000,8373738593
539,1341,108,(251) 275-9157,5G 3G,2015-07-07 00:51:40.000,2016-08-23 02:32:52.000,2512759157
539,1342,109,429 385 9772,Roaming special,2016-04-05 09:46:25.000,2016-10-29 21:42:38.000,4293859772
539,1343,103,(919) 507-1256,450 min,2015-11-23 18:20:38.000,2016-11-27 03:11:51.000,9195071256
539,1344,106,+1 (165) 703-8010,5G LTE,2016-08-13 14:33:07.000,2016-04-01 11:01:22.000,11657038010
541,1347,106,377 111 7734,5G LTE,2015-04-26 15:46:29.000,2016-01-03 19:24:45.000,3771117734
541,1348,110,+1 (439) 895-9633,5G tether,2016-04-14 05:37:09.000,2015-01-18 00:07:08.000,14398959633
541,1349,105,858 434 3462,10G LTE,2016-12-29 09:15:35.000,2015-07-13 23:37:22.000,8584343462
546,1360,104,9605476724,100 text,2016-12-13 10:17:55.000,2016-08-02 02:36:24.000,9605476724
546,1361,101,+1 (949) 436-3995,Unlimited call,2016-02-04 19:11:29.000,2017-01-17 09:03:34.000,19494363995
546,1362,102,525 718 3973,Unlimited text,2016-05-20 13:40:07.000,2015-09-03 04:23:08.000,5257183973
552,1375,101,579 915 5353,Unlimited call,2016-08-18 18:22:13.000,2016-01-25 09:06:20.000,5799155353
552,1376,105,+1 (570) 724-4709,10G LTE,2015-07-09 07:19:25.000,2015-10-07 16:47:47.000,15707244709
544,1351,104,867-825-4473,100 text,2015-08-20 00:44:33.000,2016-11-24 06:04:22.000,8678254473
544,1353,106,319-540-3499,5G LTE,2015-09-07 23:41:13.000,2016-04-18 02:24:19.000,3195403499
544,1354,101,+1 (589) 663-9522,Unlimited call,2015-08-21 01:04:01.000,2016-01-30 06:02:21.000,15896639522
547,1363,110,+1 (205) 511-9069,5G tether,2015-02-15 17:45:11.000,2015-03-27 07:01:04.000,12055119069
554,1381,105,(254) 284-1394,10G LTE,2015-02-17 05:18:57.000,2015-11-04 08:21:41.000,2542841394
551,1369,104,(720) 125-8673,100 text,2015-08-14 23:07:22.000,2017-02-23 22:04:38.000,7201258673
551,1370,110,538 395 3192,5G tether,2016-12-07 08:04:51.000,2015-06-15 07:16:11.000,5383953192
551,1372,110,+1 (903) 111-9623,5G tether,2015-07-14 13:28:05.000,2016-12-15 22:38:17.000,19031119623
551,1373,107,9754185496,10G 3G,2016-06-28 20:18:16.000,2016-09-06 15:58:14.000,9754185496
545,1355,101,(247) 281-3208,Unlimited call,2015-02-13 12:40:39.000,2016-02-16 13:06:40.000,2472813208
545,1357,101,+1 (792) 940-5524,Unlimited call,2015-07-25 12:19:38.000,2015-02-02 22:22:41.000,17929405524
545,1358,110,(762) 271-7472,5G tether,2015-09-02 16:00:43.000,2015-06-25 15:17:17.000,7622717472
545,1359,110,5161768614,5G tether,2015-08-20 15:22:53.000,2016-11-05 11:43:50.000,5161768614
550,1367,108,+1 (110) 478-3443,5G 3G,2016-05-26 03:25:16.000,2017-01-05 17:34:07.000,11104783443
550,1368,105,+1 (788) 138-7894,10G LTE,2015-05-28 17:51:43.000,2015-03-01 04:56:55.000,17881387894
553,1377,108,(332) 250-7464,5G 3G,2016-09-25 07:39:09.000,2016-09-13 09:54:39.000,3322507464
553,1379,101,(798) 655-2372,Unlimited call,2015-05-30 06:51:28.000,2015-03-31 10:12:45.000,7986552372
553,1380,102,440 495 9207,Unlimited text,2015-06-12 09:38:18.000,2015-12-02 23:37:23.000,4404959207
559,1389,102,3599676085,Unlimited text,2016-11-26 03:58:57.000,2016-05-14 01:01:49.000,3599676085
558,1387,103,9328796011,450 min,2015-10-16 17:56:30.000,2016-10-03 15:05:15.000,9328796011
558,1388,109,2067166219,Roaming special,2015-04-26 20:29:40.000,2015-12-29 10:55:46.000,2067166219
560,1391,105,+1 (232) 327-6391,10G LTE,2015-05-12 16:23:05.000,2016-08-30 09:09:35.000,12323276391
555,1382,103,+1 (467) 452-6107,450 min,2015-07-11 22:46:18.000,2016-05-12 08:43:53.000,14674526107
555,1384,101,4564471362,Unlimited call,2015-04-04 02:56:55.000,2016-04-04 22:51:58.000,4564471362
555,1385,110,4694756627,5G tether,2016-02-08 06:05:32.000,2016-03-17 23:11:01.000,4694756627
555,1386,109,397 425 6053,Roaming special,2015-01-30 21:50:09.000,2015-04-01 06:44:13.000,3974256053
563,1398,103,895 789 4666,450 min,2016-08-15 21:27:39.000,2015-09-16 04:12:16.000,8957894666
562,1395,101,557-670-3908,Unlimited call,2017-01-20 01:04:16.000,2016-11-02 08:19:32.000,5576703908
562,1396,101,+1 (725) 686-2324,Unlimited call,2015-08-27 10:36:35.000,2016-01-18 07:17:38.000,17256862324
561,1392,106,(760) 267-1126,5G LTE,2015-06-07 09:56:58.000,2017-01-29 05:25:15.000,7602671126
565,1401,103,5155206828,450 min,2016-12-21 01:26:20.000,2015-03-20 20:01:50.000,5155206828
561,1393,105,882-450-5660,10G LTE,2015-01-25 04:29:07.000,2016-06-08 00:31:52.000,8824505660
561,1394,105,948 646 8947,10G LTE,2015-01-04 10:07:49.000,2016-07-02 01:16:20.000,9486468947
568,1409,109,(340) 499-4809,Roaming special,2016-08-07 08:02:13.000,2016-08-22 02:57:42.000,3404994809
568,1410,108,2589368098,5G 3G,2015-11-27 20:04:19.000,2015-01-07 15:57:38.000,2589368098
565,1402,102,+1 (572) 304-3225,Unlimited text,2015-12-23 15:09:10.000,2015-03-27 02:14:38.000,15723043225
564,1400,103,5225807877,450 min,2015-10-04 02:04:24.000,2015-01-17 02:49:55.000,5225807877
564,1403,108,276 853 8795,5G 3G,2015-04-24 23:33:57.000,2016-10-27 06:52:16.000,2768538795
574,1424,107,+1 (678) 877-4862,10G 3G,2015-04-24 12:03:02.000,2016-08-31 11:30:56.000,16788774862
571,1416,104,6747279233,100 text,2015-02-07 01:08:04.000,2015-04-28 23:48:31.000,6747279233
571,1417,104,(866) 589-6824,100 text,2016-05-20 17:49:28.000,2015-02-03 19:38:09.000,8665896824
571,1418,105,(126) 996-9243,10G LTE,2016-10-30 16:29:05.000,2015-09-05 15:24:44.000,1269969243
571,1419,101,7156397280,Unlimited call,2017-01-28 23:28:14.000,2016-07-11 06:07:07.000,7156397280
569,1411,103,1648548877,450 min,2015-10-16 01:35:27.000,2015-02-04 19:03:47.000,1648548877
569,1412,101,658-734-9985,Unlimited call,2015-01-19 19:57:46.000,2016-09-13 16:03:36.000,6587349985
569,1413,102,(828) 669-3090,Unlimited text,2016-09-23 11:28:34.000,2017-02-17 09:00:21.000,8286693090
569,1414,101,+1 (755) 932-3449,Unlimited call,2015-04-24 22:58:32.000,2016-02-06 07:52:27.000,17559323449
569,1415,107,619-505-5407,10G 3G,2016-05-06 21:48:21.000,2015-04-05 16:46:03.000,6195055407
573,1420,110,(918) 265-5526,5G tether,2016-10-29 18:02:10.000,2016-03-04 14:07:59.000,9182655526
573,1421,101,+1 (763) 620-3557,Unlimited call,2016-05-27 06:09:04.000,2016-07-14 00:28:06.000,17636203557
573,1422,106,918-298-7676,5G LTE,2016-02-16 09:04:31.000,2016-08-23 23:19:45.000,9182987676
573,1423,109,8897876482,Roaming special,2016-10-18 03:14:32.000,2016-07-08 21:09:49.000,8897876482
566,1404,103,1121062273,450 min,2015-10-28 02:19:55.000,2016-01-27 12:55:24.000,1121062273
566,1405,107,2224182146,10G 3G,2015-05-15 02:18:20.000,2015-09-21 21:04:44.000,2224182146
566,1406,105,(788) 743-1455,10G LTE,2016-02-17 00:21:12.000,2015-09-04 17:43:52.000,7887431455
566,1407,102,734-790-2526,Unlimited text,2016-11-11 16:02:23.000,2015-08-15 21:04:59.000,7347902526
566,1408,104,410 846 3528,100 text,2016-07-16 21:11:21.000,2015-05-27 08:16:45.000,4108463528
576,1425,107,5355568556,10G 3G,2016-01-03 05:40:37.000,2016-09-10 07:33:23.000,5355568556
576,1426,105,4961223228,10G LTE,2015-09-26 05:16:30.000,2016-05-31 19:22:36.000,4961223228
576,1427,101,353 785 1688,Unlimited call,2017-02-08 05:52:07.000,2016-09-07 01:11:07.000,3537851688
576,1428,103,178 975 8573,450 min,2015-11-02 00:44:08.000,2016-04-03 18:08:10.000,1789758573
580,1437,102,+1 (666) 953-2023,Unlimited text,2015-06-10 10:45:17.000,2015-02-15 16:56:32.000,16669532023
578,1433,103,+1 (196) 553-9013,450 min,2016-09-12 15:21:06.000,2016-10-14 14:38:45.000,11965539013
578,1434,102,+1 (885) 832-3627,Unlimited text,2015-01-29 23:51:23.000,2015-04-24 21:33:29.000,18858323627
578,1435,108,833 537 8661,5G 3G,2015-10-08 22:49:55.000,2015-11-05 12:36:39.000,8335378661
578,1436,102,284 791 3061,Unlimited text,2015-12-27 01:16:17.000,2015-07-11 20:48:35.000,2847913061
584,1445,107,(695) 503-6552,10G 3G,2016-12-11 13:05:45.000,2017-01-22 19:10:50.000,6955036552
581,1438,104,(169) 155-6250,100 text,2015-03-11 15:16:13.000,2017-01-05 23:51:00.000,1691556250
581,1439,109,+1 (585) 332-4505,Roaming special,2015-09-13 13:59:39.000,2015-09-23 07:58:08.000,15853324505
581,1440,102,1043551677,Unlimited text,2015-07-19 05:48:11.000,2015-06-30 23:59:30.000,1043551677
577,1429,106,3159433086,5G LTE,2016-08-13 13:02:57.000,2016-05-13 05:08:45.000,3159433086
577,1430,103,9899418375,450 min,2015-01-23 09:09:31.000,2015-06-07 11:13:56.000,9899418375
577,1431,106,8141247788,5G LTE,2016-02-08 12:10:40.000,2015-10-05 17:47:30.000,8141247788
577,1432,106,840-318-8520,5G LTE,2015-07-17 22:06:37.000,2016-05-23 10:38:44.000,8403188520
583,1441,102,623-831-2643,Unlimited text,2016-03-16 03:54:16.000,2016-06-06 13:49:35.000,6238312643
583,1442,108,+1 (161) 486-4672,5G 3G,2015-05-25 07:35:16.000,2016-02-19 12:29:23.000,11614864672
583,1443,106,486-215-2128,5G LTE,2016-11-04 08:35:00.000,2015-01-23 15:54:03.000,4862152128
583,1444,109,971-854-6973,Roaming special,2015-08-24 15:43:04.000,2015-10-08 16:13:31.000,9718546973
588,1458,102,220 921 3441,Unlimited text,2016-06-05 14:13:38.000,2016-09-20 12:45:54.000,2209213441
586,1450,106,460-834-1765,5G LTE,2015-08-15 19:04:36.000,2015-07-08 22:09:09.000,4608341765
586,1451,103,(327) 879-3895,450 min,2017-01-30 15:08:39.000,2016-03-27 21:54:48.000,3278793895
586,1452,109,1597124803,Roaming special,2016-07-26 06:23:37.000,2015-07-26 15:34:33.000,1597124803
589,1459,106,334-185-1638,5G LTE,2017-01-01 01:20:51.000,2016-03-17 04:07:08.000,3341851638
586,1454,110,983-573-3396,5G tether,2016-08-04 14:15:57.000,2015-05-11 19:16:23.000,9835733396
589,1460,109,164 733 8365,Roaming special,2015-09-07 09:22:40.000,2015-04-14 19:53:21.000,1647338365
586,1456,107,(163) 662-5757,10G 3G,2015-03-23 22:42:40.000,2015-08-10 20:08:34.000,1636625757
590,1461,101,953-882-1086,Unlimited call,2016-12-08 19:02:31.000,2016-05-28 17:31:57.000,9538821086
590,1462,109,813-223-7583,Roaming special,2016-02-19 17:22:40.000,2016-11-29 23:45:35.000,8132237583
590,1463,101,409-934-3911,Unlimited call,2016-12-24 05:13:59.000,2015-03-03 00:57:54.000,4099343911
585,1446,107,(667) 155-5844,10G 3G,2017-01-12 20:24:30.000,2016-06-17 08:00:22.000,6671555844
585,1447,109,(921) 517-1736,Roaming special,2016-07-09 13:39:59.000,2016-12-27 05:54:11.000,9215171736
585,1449,110,189 960 8294,5G tether,2016-04-26 16:35:05.000,2015-10-02 05:36:08.000,1899608294
594,1469,104,527 746 9125,100 text,2015-02-08 19:12:17.000,2016-03-15 04:45:46.000,5277469125
594,1470,105,(394) 698-6273,10G LTE,2015-09-12 13:20:25.000,2015-02-05 18:10:18.000,3946986273
587,1453,109,6253395354,Roaming special,2016-10-10 22:42:32.000,2017-02-04 10:42:26.000,6253395354
587,1457,107,468 143 4373,10G 3G,2017-02-21 03:00:48.000,2016-10-25 09:45:58.000,4681434373
593,1471,106,700-487-2455,5G LTE,2015-12-22 11:15:53.000,2015-12-04 00:31:30.000,7004872455
593,1472,101,4494478058,Unlimited call,2015-03-29 02:05:32.000,2016-06-29 17:40:51.000,4494478058
597,1479,105,663-274-4613,10G LTE,2015-08-23 00:16:50.000,2016-06-14 08:16:32.000,6632744613
592,1464,104,2791076872,100 text,2016-04-03 23:58:45.000,2016-05-31 01:46:14.000,2791076872
592,1465,107,781-858-9531,10G 3G,2015-06-11 14:01:54.000,2015-09-30 12:39:15.000,7818589531
592,1466,103,6361037206,450 min,2015-05-31 04:09:24.000,2016-03-29 02:07:28.000,6361037206
592,1468,101,864-298-8343,Unlimited call,2015-10-31 04:45:19.000,2015-03-20 00:05:11.000,8642988343
600,1483,105,(898) 523-6815,10G LTE,2016-07-22 11:47:10.000,2015-02-22 19:17:27.000,8985236815
595,1473,102,423 342 2239,Unlimited text,2015-05-12 06:33:25.000,2016-09-25 11:15:07.000,4233422239
595,1475,104,876 231 2051,100 text,2016-04-23 00:34:09.000,2016-04-11 08:03:53.000,8762312051
599,1481,110,518-277-4356,5G tether,2016-08-16 21:05:14.000,2016-12-05 10:24:29.000,5182774356
599,1482,106,(478) 590-1377,5G LTE,2016-07-05 16:31:30.000,2015-02-19 16:02:46.000,4785901377
602,1486,102,903 822 3937,Unlimited text,2016-08-31 20:09:43.000,2015-02-20 10:53:26.000,9038223937
598,1478,107,(520) 997-5041,10G 3G,2016-05-27 05:36:20.000,2015-09-05 23:12:43.000,5209975041
602,1487,110,774 996 2089,5G tether,2016-01-29 11:14:22.000,2015-10-18 16:26:52.000,7749962089
598,1480,102,763 250 1440,Unlimited text,2016-11-06 19:33:45.000,2015-03-28 03:41:38.000,7632501440
606,1493,105,(970) 436-7700,10G LTE,2017-02-06 02:46:46.000,2016-10-04 19:19:54.000,9704367700
606,1494,103,145 229 6105,450 min,2016-03-30 09:42:08.000,2016-11-06 18:35:51.000,1452296105
601,1484,108,+1 (100) 445-5267,5G 3G,2017-01-24 19:26:24.000,2015-08-12 11:34:19.000,11004455267
612,1505,109,8161138400,Roaming special,2016-03-23 08:17:14.000,2015-07-19 18:08:41.000,8161138400
603,1488,107,855 783 5615,10G 3G,2016-11-05 15:33:06.000,2015-12-18 04:40:26.000,8557835615
603,1489,110,(578) 315-5630,5G tether,2015-07-09 01:22:16.000,2015-09-16 08:08:55.000,5783155630
603,1490,107,(327) 101-9221,10G 3G,2016-09-23 12:43:03.000,2015-08-30 08:21:41.000,3271019221
608,1496,105,+1 (310) 782-3872,10G LTE,2015-09-21 20:32:51.000,2015-07-26 06:01:27.000,13107823872
608,1498,110,185 910 9403,5G tether,2015-11-28 09:37:29.000,2016-03-04 21:51:59.000,1859109403
608,1500,104,244-988-9299,100 text,2016-04-12 03:21:15.000,2015-12-01 21:37:23.000,2449889299
613,1506,108,8984166504,5G 3G,2016-10-03 11:18:22.000,2015-11-17 19:46:52.000,8984166504
613,1507,109,574 206 5382,Roaming special,2016-02-05 01:24:14.000,2016-04-01 07:43:48.000,5742065382
609,1497,107,6661273973,10G 3G,2015-03-23 19:50:01.000,2016-08-25 11:30:54.000,6661273973
609,1499,107,+1 (355) 329-1022,10G 3G,2015-01-31 06:13:26.000,2016-08-18 17:06:11.000,13553291022
610,1502,104,554 405 1073,100 text,2016-10-10 18:55:48.000,2015-07-16 17:07:08.000,5544051073
610,1503,106,+1 (498) 901-9015,5G LTE,2017-02-21 18:04:47.000,2016-09-10 22:17:44.000,14989019015
610,1504,103,547-641-5542,450 min,2015-04-11 09:31:34.000,2015-07-29 11:18:11.000,5476415542
614,1508,101,4532658840,Unlimited call,2015-10-24 11:42:01.000,2015-08-23 20:29:37.000,4532658840
615,1509,101,718-681-5716,Unlimited call,2017-01-16 22:00:12.000,2016-02-20 17:17:57.000,7186815716
615,1511,101,(545) 566-5658,Unlimited call,2015-11-11 06:51:50.000,2015-11-26 02:01:31.000,5455665658
617,1515,105,2012658942,10G LTE,2016-11-21 23:31:14.000,2016-02-10 15:31:41.000,2012658942
616,1512,102,269 322 9566,Unlimited text,2016-10-16 00:02:48.000,2016-02-09 00:29:37.000,2693229566
616,1514,102,732 282 6884,Unlimited text,2015-06-08 14:43:49.000,2016-10-04 19:33:29.000,7322826884
622,1524,107,+1 (564) 273-8928,10G 3G,2016-05-27 15:37:49.000,2015-04-27 20:29:58.000,15642738928
620,1520,106,6288703008,5G LTE,2015-04-08 06:45:46.000,2016-04-12 08:44:41.000,6288703008
620,1522,107,+1 (718) 855-4976,10G 3G,2016-10-11 15:18:30.000,2016-05-19 10:26:37.000,17188554976
618,1516,107,790 571 7021,10G 3G,2016-01-13 08:18:46.000,2016-02-01 20:30:43.000,7905717021
618,1517,108,+1 (726) 786-3693,5G 3G,2016-06-01 04:05:54.000,2016-05-20 16:54:19.000,17267863693
624,1532,108,932 563 6330,5G 3G,2015-07-19 05:04:50.000,2015-12-03 23:58:09.000,9325636330
618,1519,104,+1 (823) 707-6086,100 text,2016-12-12 08:33:42.000,2016-09-01 12:09:13.000,18237076086
624,1533,110,+1 (650) 644-8731,5G tether,2016-01-14 23:59:47.000,2015-08-14 09:50:47.000,16506448731
624,1534,106,+1 (714) 556-2943,5G LTE,2016-02-06 21:29:11.000,2015-05-08 23:24:40.000,17145562943
627,1538,101,(123) 343-2023,Unlimited call,2015-07-14 01:03:51.000,2015-12-04 20:45:12.000,1233432023
621,1523,103,215 656 3145,450 min,2015-02-21 22:29:19.000,2016-12-17 02:05:46.000,2156563145
621,1525,107,879-207-5599,10G 3G,2015-11-02 11:57:07.000,2016-06-16 10:05:27.000,8792075599
621,1526,109,1148107219,Roaming special,2016-02-27 19:52:39.000,2016-05-12 03:09:41.000,1148107219
626,1535,104,154 191 6989,100 text,2015-04-18 08:37:45.000,2015-06-10 19:06:10.000,1541916989
626,1536,109,7456111679,Roaming special,2016-08-04 15:30:39.000,2016-12-21 19:53:32.000,7456111679
628,1539,110,+1 (139) 141-5116,5G tether,2015-11-17 11:24:05.000,2016-06-16 23:02:25.000,11391415116
628,1540,103,671-719-3970,450 min,2016-05-27 18:24:53.000,2016-10-17 12:03:55.000,6717193970
628,1541,101,(254) 169-1238,Unlimited call,2016-12-02 13:20:25.000,2015-10-18 13:23:25.000,2541691238
623,1527,110,677 109 7124,5G tether,2015-01-11 05:16:39.000,2015-08-28 05:49:05.000,6771097124
623,1528,101,(283) 374-6828,Unlimited call,2015-05-30 23:41:58.000,2015-08-06 19:17:15.000,2833746828
623,1529,104,2663991443,100 text,2015-01-25 07:51:22.000,2015-05-19 15:35:38.000,2663991443
623,1530,106,976-492-2622,5G LTE,2015-12-28 13:37:14.000,2015-08-17 01:16:11.000,9764922622
623,1531,107,(232) 782-8606,10G 3G,2016-08-26 21:23:42.000,2015-09-11 17:20:54.000,2327828606
634,1559,110,5456013922,5G tether,2015-12-23 20:35:56.000,2016-07-22 21:03:33.000,5456013922
634,1560,104,+1 (746) 187-9041,100 text,2016-09-29 08:00:26.000,2016-07-20 02:24:56.000,17461879041
632,1552,109,7795102202,Roaming special,2015-01-18 22:48:35.000,2015-07-31 07:18:26.000,7795102202
632,1553,101,497 838 8674,Unlimited call,2015-02-26 15:25:29.000,2015-12-13 03:09:35.000,4978388674
635,1561,104,334 765 9374,100 text,2015-06-12 15:33:41.000,2016-02-02 21:34:29.000,3347659374
635,1562,106,(555) 870-4161,5G LTE,2015-08-31 11:35:47.000,2015-11-15 12:30:34.000,5558704161
635,1563,110,+1 (437) 515-7541,5G tether,2015-07-07 03:49:45.000,2016-07-15 13:49:24.000,14375157541
635,1564,104,+1 (666) 401-2497,100 text,2015-11-30 00:10:38.000,2016-07-20 22:39:01.000,16664012497
635,1565,103,455 993 4909,450 min,2016-10-12 21:00:03.000,2015-09-25 12:07:19.000,4559934909
636,1566,105,(230) 857-1760,10G LTE,2016-09-03 04:37:28.000,2016-05-26 22:23:01.000,2308571760
633,1554,104,+1 (105) 770-3907,100 text,2015-01-16 18:23:10.000,2015-01-06 18:22:17.000,11057703907
633,1555,110,3248658623,5G tether,2015-09-19 19:56:45.000,2016-09-10 15:32:43.000,3248658623
633,1556,102,8874958333,Unlimited text,2016-04-07 16:01:57.000,2015-10-26 16:46:29.000,8874958333
633,1557,108,804-161-8196,5G 3G,2016-03-28 17:18:15.000,2016-03-28 14:56:15.000,8041618196
633,1558,103,(358) 753-9238,450 min,2017-02-14 13:41:34.000,2015-04-30 21:14:10.000,3587539238
640,1573,110,581-219-6747,5G tether,2016-07-25 11:50:23.000,2016-05-16 00:29:46.000,5812196747
642,1578,108,540-796-7635,5G 3G,2015-04-20 12:38:29.000,2016-12-05 09:40:26.000,5407967635
642,1579,102,673 944 6271,Unlimited text,2016-11-24 19:54:37.000,2016-10-13 07:11:06.000,6739446271
642,1580,105,929 122 3772,10G LTE,2016-03-10 07:42:22.000,2016-05-04 01:11:08.000,9291223772
642,1581,103,849-858-7883,450 min,2016-04-19 10:34:25.000,2015-10-30 00:35:52.000,8498587883
642,1582,108,+1 (307) 726-8999,5G 3G,2015-09-09 18:04:52.000,2016-04-24 12:05:56.000,13077268999
641,1574,107,614-146-3262,10G 3G,2015-01-01 23:24:55.000,2015-12-17 16:47:43.000,6141463262
641,1575,109,+1 (393) 609-3019,Roaming special,2015-04-06 10:00:13.000,2015-06-06 03:19:47.000,13936093019
641,1576,109,781-215-2218,Roaming special,2015-01-25 22:37:49.000,2016-07-15 02:41:45.000,7812152218
641,1577,103,(363) 898-5633,450 min,2016-09-24 00:43:39.000,2017-02-19 19:59:00.000,3638985633
637,1567,103,+1 (855) 468-2447,450 min,2016-07-18 01:55:21.000,2016-04-17 06:07:30.000,18554682447
637,1568,105,+1 (222) 809-1717,10G LTE,2016-03-09 13:37:44.000,2016-10-18 10:27:40.000,12228091717
637,1569,108,392-756-5254,5G 3G,2015-02-01 14:15:59.000,2015-06-08 10:29:21.000,3927565254
639,1570,104,702-831-7263,100 text,2015-04-17 23:18:40.000,2015-07-11 11:05:55.000,7028317263
639,1571,110,(397) 702-4468,5G tether,2017-01-13 17:17:59.000,2015-07-22 03:57:02.000,3977024468
639,1572,108,327-910-9077,5G 3G,2016-01-29 05:56:44.000,2015-12-14 14:11:26.000,3279109077
643,1583,101,(562) 112-2181,Unlimited call,2016-11-12 07:47:37.000,2016-04-14 12:39:13.000,5621122181
643,1584,110,+1 (440) 937-6203,5G tether,2016-09-10 07:37:54.000,2015-07-01 15:38:34.000,14409376203
630,1542,102,(840) 492-3601,Unlimited text,2016-04-25 22:22:31.000,2016-08-02 13:37:58.000,8404923601
630,1543,107,919-389-7997,10G 3G,2016-09-15 02:23:24.000,2015-09-28 04:31:26.000,9193897997
630,1544,107,+1 (897) 406-2957,10G 3G,2016-04-03 14:17:24.000,2015-02-14 07:24:14.000,18974062957
630,1545,107,182 367 2247,10G 3G,2015-12-25 11:28:47.000,2015-09-09 01:20:00.000,1823672247
630,1546,101,3714638856,Unlimited call,2015-04-16 14:11:59.000,2015-05-20 21:45:02.000,3714638856
631,1547,103,8843832795,450 min,2015-05-26 10:20:27.000,2016-10-24 14:40:57.000,8843832795
631,1548,108,698-171-9138,5G 3G,2015-05-21 19:15:34.000,2016-08-09 16:58:13.000,6981719138
647,1592,102,(830) 749-4557,Unlimited text,2015-03-05 22:09:52.000,2015-11-10 02:49:26.000,8307494557
631,1549,106,907-114-4058,5G LTE,2015-07-14 01:57:23.000,2016-05-21 10:01:00.000,9071144058
631,1550,101,+1 (225) 287-2226,Unlimited call,2017-01-02 07:13:19.000,2015-03-26 13:32:29.000,12252872226
631,1551,104,307-556-7853,100 text,2016-02-26 14:16:48.000,2017-02-17 06:17:35.000,3075567853
644,1586,101,605 534 5022,Unlimited call,2015-10-23 17:14:56.000,2015-12-20 16:11:28.000,6055345022
644,1587,102,2791366898,Unlimited text,2016-11-21 05:17:44.000,2017-02-01 13:51:29.000,2791366898
644,1588,108,448-468-2152,5G 3G,2015-01-13 14:58:51.000,2016-05-08 05:34:05.000,4484682152
644,1589,106,888-710-2184,5G LTE,2017-01-28 21:21:51.000,2015-04-22 00:28:46.000,8887102184
648,1594,101,844 110 3621,Unlimited call,2015-08-20 17:46:01.000,2016-10-19 11:30:37.000,8441103621
650,1600,107,(891) 645-5896,10G 3G,2015-07-06 03:22:48.000,2016-05-27 02:47:10.000,8916455896
650,1601,102,523 620 2081,Unlimited text,2016-12-17 04:08:38.000,2015-07-29 02:01:19.000,5236202081
646,1590,109,912-411-1481,Roaming special,2016-10-18 23:05:31.000,2016-07-29 02:09:43.000,9124111481
646,1591,102,2576691062,Unlimited text,2017-02-06 08:58:48.000,2015-02-16 00:56:49.000,2576691062
651,1603,103,776 359 8654,450 min,2016-08-31 16:55:53.000,2016-05-07 10:11:33.000,7763598654
651,1604,109,(819) 112-5568,Roaming special,2016-07-19 16:28:17.000,2015-03-04 17:33:16.000,8191125568
649,1595,105,(489) 639-2125,10G LTE,2017-02-11 02:36:33.000,2016-12-22 11:24:54.000,4896392125
649,1596,105,(452) 290-1143,10G LTE,2016-08-21 03:17:01.000,2016-04-06 14:29:28.000,4522901143
649,1597,101,(905) 689-6074,Unlimited call,2016-06-07 06:18:59.000,2015-08-26 01:19:01.000,9056896074
649,1599,106,2375069135,5G LTE,2016-07-03 09:10:31.000,2015-09-16 12:12:56.000,2375069135
654,1606,108,(573) 844-6973,5G 3G,2016-11-03 07:53:54.000,2016-07-11 00:06:58.000,5738446973
654,1607,105,272 332 8741,10G LTE,2016-04-20 02:10:15.000,2017-02-20 01:09:47.000,2723328741
659,1621,101,+1 (791) 743-2104,Unlimited call,2015-09-27 23:37:36.000,2015-03-03 17:48:13.000,17917432104
660,1622,104,(182) 860-9758,100 text,2016-05-24 04:41:53.000,2016-09-17 05:55:39.000,1828609758
657,1613,102,824-409-9147,Unlimited text,2016-07-10 05:54:55.000,2016-10-01 20:41:56.000,8244099147
657,1615,105,(452) 395-7469,10G LTE,2017-01-17 22:36:26.000,2016-10-19 11:01:08.000,4523957469
662,1627,106,519-846-8747,5G LTE,2015-07-07 10:39:25.000,2016-07-07 01:43:01.000,5198468747
662,1628,109,561-590-4685,Roaming special,2016-07-01 08:04:52.000,2016-07-25 09:31:55.000,5615904685
661,1624,104,(736) 680-4541,100 text,2016-07-04 17:07:16.000,2016-05-09 07:19:21.000,7366804541
661,1625,105,862-752-5243,10G LTE,2016-02-19 16:11:22.000,2015-12-05 11:23:30.000,8627525243
661,1626,110,565-488-9524,5G tether,2015-05-18 11:54:40.000,2015-03-29 07:16:37.000,5654889524
656,1609,104,882 170 3796,100 text,2015-07-28 06:30:30.000,2016-05-27 19:17:35.000,8821703796
656,1610,101,553-323-5927,Unlimited call,2016-07-27 20:38:02.000,2016-11-20 01:47:17.000,5533235927
656,1611,108,455 566 1640,5G 3G,2015-08-17 16:38:51.000,2015-05-31 11:21:13.000,4555661640
658,1616,106,(544) 504-8070,5G LTE,2015-08-25 19:56:04.000,2017-02-20 18:15:28.000,5445048070
658,1617,108,4893095432,5G 3G,2016-03-06 11:15:35.000,2017-02-18 02:02:29.000,4893095432
658,1618,102,341-382-3052,Unlimited text,2016-03-27 21:51:51.000,2015-11-15 15:45:12.000,3413823052
658,1619,104,395-146-1027,100 text,2016-04-10 02:37:34.000,2016-07-31 23:16:58.000,3951461027
663,1630,102,(527) 142-6916,Unlimited text,2016-06-06 07:41:55.000,2016-02-11 23:59:18.000,5271426916
663,1631,102,452 695 1840,Unlimited text,2017-02-23 06:35:43.000,2016-10-17 12:52:11.000,4526951840
666,1640,107,807-305-5373,10G 3G,2015-05-26 11:52:34.000,2015-10-02 08:53:22.000,8073055373
665,1633,107,7756334571,10G 3G,2016-10-06 19:01:22.000,2015-01-30 06:23:40.000,7756334571
665,1635,108,(836) 251-9444,5G 3G,2017-02-06 09:38:37.000,2015-11-21 13:36:59.000,8362519444
666,1642,107,(776) 418-3739,10G 3G,2016-02-27 05:27:19.000,2016-12-05 21:30:43.000,7764183739
666,1643,108,(819) 670-5290,5G 3G,2015-11-01 18:36:50.000,2015-04-02 20:11:52.000,8196705290
665,1639,103,340 273 2391,450 min,2016-06-25 07:46:59.000,2015-07-21 15:26:35.000,3402732391
666,1644,101,+1 (653) 280-1123,Unlimited call,2016-07-11 03:31:57.000,2015-02-15 07:06:20.000,16532801123
664,1632,103,249 104 8261,450 min,2016-01-01 05:34:26.000,2016-08-12 16:34:25.000,2491048261
664,1636,106,(526) 888-2560,5G LTE,2016-08-06 21:58:31.000,2015-05-30 13:04:45.000,5268882560
664,1638,107,(323) 411-7360,10G 3G,2015-02-19 16:28:19.000,2015-06-02 07:04:07.000,3234117360
667,1645,105,7928876092,10G LTE,2015-12-16 22:24:29.000,2016-05-13 18:17:46.000,7928876092
667,1646,106,900 327 4506,5G LTE,2016-12-15 11:45:15.000,2016-07-26 23:00:12.000,9003274506
667,1648,107,(747) 853-1484,10G 3G,2015-10-09 12:48:46.000,2016-12-01 10:24:16.000,7478531484
668,1649,104,9553751898,100 text,2016-07-01 11:57:44.000,2016-02-03 02:36:41.000,9553751898
668,1650,107,(291) 778-6926,10G 3G,2015-05-21 22:59:56.000,2015-02-10 12:05:43.000,2917786926
669,1651,105,5631269118,10G LTE,2016-12-31 01:20:39.000,2015-04-13 06:27:35.000,5631269118
669,1653,104,688 509 9433,100 text,2016-07-01 07:06:05.000,2016-03-03 06:03:24.000,6885099433
252,641,106,606 200 8614,5G LTE,2016-02-08 21:45:21.000,2015-02-22 15:02:33.000,6062008614
252,642,107,8224637325,10G 3G,2017-01-13 03:08:45.000,2015-09-27 18:25:05.000,8224637325
253,643,108,926 782 6060,5G 3G,2016-08-15 04:01:58.000,2016-02-14 21:15:23.000,9267826060
253,644,104,+1 (872) 446-1117,100 text,2015-07-25 03:34:02.000,2015-11-10 23:54:30.000,18724461117
253,645,106,581-914-2850,5G LTE,2015-01-28 02:40:32.000,2016-05-27 15:27:11.000,5819142850
253,646,108,+1 (786) 290-7200,5G 3G,2017-01-22 23:44:59.000,2017-01-31 11:00:10.000,17862907200
253,647,105,(473) 300-3250,10G LTE,2016-03-26 01:29:34.000,2016-04-03 04:43:36.000,4733003250
254,648,110,6021393602,5G tether,2015-04-20 13:15:11.000,2016-03-11 00:08:34.000,6021393602
254,649,110,541 647 9185,5G tether,2016-07-05 12:48:12.000,2016-10-24 23:26:28.000,5416479185
255,650,103,4154132495,450 min,2015-10-19 23:52:46.000,2016-06-13 20:33:43.000,4154132495
255,651,106,181 320 2199,5G LTE,2015-06-14 10:47:18.000,2015-08-01 03:30:51.000,1813202199
255,652,101,675 253 7993,Unlimited call,2016-04-30 02:57:35.000,2015-12-28 05:54:59.000,6752537993
255,653,104,(825) 514-1361,100 text,2016-09-26 12:41:40.000,2015-12-22 06:41:43.000,8255141361
256,654,104,+1 (956) 653-7375,100 text,2015-04-22 01:06:15.000,2016-03-06 17:46:44.000,19566537375
256,655,103,(221) 260-1004,450 min,2015-02-12 03:02:09.000,2016-06-19 07:55:53.000,2212601004
256,656,105,8742321092,10G LTE,2015-09-30 15:10:51.000,2016-03-24 00:45:54.000,8742321092
257,657,106,963-335-9663,5G LTE,2015-01-20 10:15:56.000,2015-01-13 19:51:23.000,9633359663
257,658,107,9087452831,10G 3G,2017-02-25 03:45:33.000,2015-10-22 13:57:42.000,9087452831
257,659,104,810-264-6438,100 text,2016-07-13 05:34:17.000,2015-03-04 15:48:20.000,8102646438
257,660,109,+1 (319) 717-3481,Roaming special,2015-04-13 14:11:09.000,2017-01-22 10:15:51.000,13197173481
258,661,108,9524126968,5G 3G,2015-12-29 03:40:42.000,2015-04-06 01:09:03.000,9524126968
258,662,102,+1 (836) 714-8102,Unlimited text,2016-12-31 08:25:13.000,2017-02-10 20:11:45.000,18367148102
259,663,110,+1 (588) 342-2679,5G tether,2015-08-11 15:11:22.000,2017-02-18 02:22:46.000,15883422679
259,664,103,+1 (366) 675-7795,450 min,2016-11-25 15:43:34.000,2016-06-22 23:34:09.000,13666757795
260,665,107,(590) 756-7640,10G 3G,2015-10-25 18:08:11.000,2016-07-14 04:15:52.000,5907567640
260,666,110,+1 (999) 901-9992,5G tether,2016-04-18 03:26:28.000,2015-03-25 03:10:33.000,19999019992
260,667,102,944 948 4966,Unlimited text,2017-02-21 08:17:55.000,2016-01-04 17:37:11.000,9449484966
260,668,105,148 114 3411,10G LTE,2016-09-28 16:09:39.000,2016-03-14 00:40:14.000,1481143411
260,669,103,+1 (515) 350-2584,450 min,2015-05-24 18:48:54.000,2016-10-25 17:51:21.000,15153502584
261,670,110,345 191 6781,5G tether,2015-02-17 12:49:46.000,2015-05-10 11:34:16.000,3451916781
261,671,109,6265942148,Roaming special,2016-03-13 20:47:58.000,2017-01-16 22:32:49.000,6265942148
261,672,101,246 199 6487,Unlimited call,2015-03-27 06:48:53.000,2015-08-26 01:58:42.000,2461996487
262,673,102,(491) 649-6788,Unlimited text,2015-10-14 02:41:52.000,2016-05-19 02:49:26.000,4916496788
262,674,106,1334233175,5G LTE,2015-03-23 12:51:27.000,2015-08-04 08:45:17.000,1334233175
263,675,105,(162) 205-5382,10G LTE,2015-04-17 02:36:59.000,2016-08-03 16:53:44.000,1622055382
263,676,107,(798) 756-7399,10G 3G,2015-12-16 15:14:54.000,2015-07-14 20:15:59.000,7987567399
263,677,108,+1 (173) 230-4985,5G 3G,2017-01-10 11:40:51.000,2015-06-10 11:41:55.000,11732304985
263,678,102,+1 (908) 363-9445,Unlimited text,2016-09-15 03:18:09.000,2015-10-05 11:57:53.000,19083639445
263,679,104,9792095256,100 text,2016-07-07 23:21:29.000,2016-01-05 11:50:31.000,9792095256
264,680,101,(448) 449-4652,Unlimited call,2017-02-01 14:21:30.000,2016-09-06 15:10:48.000,4484494652
264,681,110,718-224-7825,5G tether,2016-07-05 18:14:16.000,2016-12-14 06:00:47.000,7182247825
265,682,110,5303472524,5G tether,2015-12-01 17:05:36.000,2016-01-11 08:31:24.000,5303472524
265,683,101,+1 (986) 183-7405,Unlimited call,2016-04-14 01:44:36.000,2015-07-22 05:42:31.000,19861837405
266,684,109,781-776-1900,Roaming special,2015-01-19 15:28:21.000,2015-08-06 11:51:29.000,7817761900
266,685,108,7004461964,5G 3G,2015-09-10 22:56:03.000,2015-01-03 19:32:39.000,7004461964
267,686,106,298 619 1328,5G LTE,2015-11-18 15:40:23.000,2015-12-09 10:13:23.000,2986191328
267,687,103,296 659 6622,450 min,2016-06-12 04:06:14.000,2016-08-23 21:44:31.000,2966596622
267,688,104,7994888716,100 text,2016-10-24 02:04:26.000,2016-02-02 09:10:30.000,7994888716
268,689,108,2406398038,5G 3G,2015-04-21 19:53:40.000,2016-04-08 12:36:55.000,2406398038
268,690,109,7657881339,Roaming special,2015-01-17 07:08:56.000,2015-04-29 00:13:11.000,7657881339
269,691,105,+1 (997) 305-4034,10G LTE,2015-09-18 13:03:49.000,2015-11-25 10:15:33.000,19973054034
269,692,110,119 820 1519,5G tether,2015-03-26 07:04:07.000,2015-09-09 04:50:15.000,1198201519
270,693,106,+1 (403) 719-9355,5G LTE,2015-01-30 17:53:43.000,2017-02-27 13:15:04.000,14037199355
270,694,108,230-525-7501,5G 3G,2015-03-27 13:08:56.000,2015-05-17 23:11:49.000,2305257501
270,695,106,9716343806,5G LTE,2015-07-25 20:04:45.000,2015-06-22 20:59:10.000,9716343806
270,696,106,(584) 737-1358,5G LTE,2015-05-26 04:54:25.000,2017-01-08 14:38:49.000,5847371358
270,697,110,9218237469,5G tether,2016-01-13 09:36:01.000,2016-12-27 05:03:22.000,9218237469
272,699,106,(888) 350-8280,5G LTE,2015-12-28 09:02:39.000,2015-11-13 09:19:39.000,8883508280
273,700,107,995 805 5242,10G 3G,2015-06-03 07:58:45.000,2015-07-26 16:08:15.000,9958055242
274,701,108,152-332-7267,5G 3G,2016-02-13 08:32:19.000,2016-11-28 01:05:51.000,1523327267
274,702,105,6878801415,10G LTE,2016-09-24 04:26:49.000,2016-02-08 14:13:27.000,6878801415
274,704,110,9603398421,5G tether,2015-01-24 02:32:52.000,2015-06-18 20:40:13.000,9603398421
274,705,106,666 645 6868,5G LTE,2015-07-22 00:06:27.000,2016-06-17 18:59:02.000,6666456868
275,706,104,8381519702,100 text,2017-01-16 17:08:04.000,2015-12-20 11:31:20.000,8381519702
275,707,110,808 458 6345,5G tether,2016-05-21 17:55:05.000,2015-03-10 02:04:45.000,8084586345
276,709,107,(652) 236-6880,10G 3G,2016-02-17 09:01:24.000,2015-02-03 09:00:46.000,6522366880
276,710,104,517-520-2121,100 text,2015-08-20 05:19:33.000,2017-02-18 08:45:09.000,5175202121
276,711,106,(325) 141-4542,5G LTE,2016-10-26 00:33:18.000,2015-10-21 12:55:20.000,3251414542
277,713,106,292 559 8666,5G LTE,2017-01-26 18:45:42.000,2016-06-05 04:49:00.000,2925598666
280,714,104,+1 (139) 814-2089,100 text,2016-07-20 13:02:16.000,2015-10-03 03:50:21.000,11398142089
280,715,107,826-641-5690,10G 3G,2016-10-19 14:31:09.000,2015-11-04 18:20:08.000,8266415690
280,717,102,+1 (577) 367-5663,Unlimited text,2016-02-04 04:17:08.000,2015-08-26 01:37:13.000,15773675663
280,718,103,500-506-9963,450 min,2016-10-07 20:44:54.000,2016-03-02 22:57:57.000,5005069963
281,719,104,219 287 7093,100 text,2015-02-17 17:24:19.000,2017-01-25 02:05:22.000,2192877093
283,721,106,8864966974,5G LTE,2016-04-26 21:58:14.000,2016-01-21 00:42:45.000,8864966974
283,722,105,(774) 468-4160,10G LTE,2015-01-31 16:49:19.000,2016-05-26 17:29:20.000,7744684160
284,723,106,+1 (731) 564-5286,5G LTE,2015-08-27 15:40:17.000,2016-08-13 13:51:00.000,17315645286
284,724,109,359-568-1320,Roaming special,2015-10-05 00:37:57.000,2015-06-25 00:42:25.000,3595681320
284,726,102,+1 (440) 125-1718,Unlimited text,2016-05-23 21:22:32.000,2016-01-06 03:51:13.000,14401251718
284,727,105,+1 (691) 870-1273,10G LTE,2016-09-08 14:28:10.000,2016-08-01 17:52:29.000,16918701273
286,729,102,(925) 562-7806,Unlimited text,2016-12-08 10:25:54.000,2016-10-15 15:22:08.000,9255627806
286,730,108,(765) 153-4438,5G 3G,2015-11-09 15:00:48.000,2017-02-02 07:12:16.000,7651534438
287,731,102,+1 (143) 788-1059,Unlimited text,2016-11-11 06:41:51.000,2015-11-12 01:58:19.000,11437881059
287,733,106,(818) 686-9368,5G LTE,2015-04-22 12:22:01.000,2015-11-19 04:34:13.000,8186869368
287,734,101,(697) 642-4727,Unlimited call,2016-07-04 22:21:09.000,2015-09-27 21:29:19.000,6976424727
288,735,107,(700) 487-2350,10G 3G,2016-05-18 08:32:16.000,2016-03-26 14:33:29.000,7004872350
289,737,103,429-930-1444,450 min,2016-08-31 02:08:25.000,2015-03-28 20:43:09.000,4299301444
289,738,101,(832) 921-9885,Unlimited call,2015-10-07 04:38:49.000,2015-08-20 14:20:07.000,8329219885
289,739,106,141-409-3624,5G LTE,2016-08-20 07:44:30.000,2016-05-06 15:49:55.000,1414093624
290,741,101,2311502388,Unlimited call,2015-03-09 16:00:41.000,2016-09-13 14:42:20.000,2311502388
291,742,107,+1 (771) 832-2955,10G 3G,2016-10-06 16:19:18.000,2015-07-13 09:54:17.000,17718322955
291,743,101,2448104746,Unlimited call,2016-09-29 19:52:38.000,2015-03-24 14:02:39.000,2448104746
291,744,102,3534773938,Unlimited text,2016-12-18 15:29:59.000,2015-05-05 05:39:03.000,3534773938
292,746,107,4084136842,10G 3G,2016-05-05 05:43:05.000,2015-09-01 22:00:41.000,4084136842
292,747,106,+1 (930) 999-9196,5G LTE,2016-02-16 18:37:18.000,2016-07-28 14:03:08.000,19309999196
292,748,107,+1 (513) 618-9549,10G 3G,2015-01-06 17:12:12.000,2015-11-13 20:37:43.000,15136189549
293,750,109,+1 (876) 781-6417,Roaming special,2016-02-24 23:31:28.000,2015-02-23 17:33:19.000,18767816417
293,751,110,8871472411,5G tether,2015-07-25 12:05:50.000,2016-05-13 23:12:58.000,8871472411
293,752,105,+1 (831) 862-2334,10G LTE,2016-11-07 18:17:09.000,2015-01-11 00:09:02.000,18318622334
293,753,107,4708437050,10G 3G,2017-01-31 10:40:04.000,2016-07-24 06:39:54.000,4708437050
294,755,103,(278) 464-5656,450 min,2017-02-15 22:34:15.000,2015-07-16 07:50:02.000,2784645656
294,756,106,(173) 291-3534,5G LTE,2017-01-18 10:08:23.000,2015-11-15 19:32:09.000,1732913534
294,757,110,(566) 606-6902,5G tether,2015-11-11 19:50:24.000,2016-07-14 23:57:09.000,5666066902
295,759,109,+1 (360) 297-4935,Roaming special,2015-11-12 10:58:45.000,2016-01-19 22:24:15.000,13602974935
295,760,104,266 574 2008,100 text,2015-06-10 01:41:53.000,2016-08-22 09:56:17.000,2665742008
295,761,110,+1 (903) 101-6420,5G tether,2016-08-31 07:14:51.000,2016-09-25 09:40:00.000,19031016420
295,763,104,517-669-8633,100 text,2016-10-08 18:16:21.000,2015-06-07 08:25:26.000,5176698633
297,764,106,269-113-9756,5G LTE,2017-01-04 09:28:20.000,2015-01-04 17:22:17.000,2691139756
299,765,103,7972613702,450 min,2015-09-21 03:35:54.000,2015-02-25 04:02:56.000,7972613702
300,767,110,849 276 4080,5G tether,2015-05-06 12:38:46.000,2015-05-08 21:02:55.000,8492764080
301,768,106,(388) 619-4217,5G LTE,2017-01-27 14:47:31.000,2015-08-04 02:18:43.000,3886194217
301,769,110,246 394 2574,5G tether,2016-10-27 13:13:19.000,2016-09-22 02:16:44.000,2463942574
301,770,108,(358) 306-9480,5G 3G,2015-10-17 18:21:35.000,2016-03-05 21:57:25.000,3583069480
301,771,103,(910) 449-5271,450 min,2016-08-21 15:57:49.000,2016-02-22 16:44:59.000,9104495271
301,772,103,335-210-5333,450 min,2016-10-23 02:46:12.000,2016-12-25 20:47:22.000,3352105333
303,773,108,1731043956,5G 3G,2015-02-23 08:24:10.000,2016-06-12 06:04:04.000,1731043956
303,774,109,2594739860,Roaming special,2015-07-12 06:15:21.000,2016-11-15 11:37:05.000,2594739860
304,775,103,(478) 617-8556,450 min,2015-01-30 13:17:13.000,2015-12-10 19:29:12.000,4786178556
304,776,110,+1 (269) 819-3016,5G tether,2016-05-20 11:32:47.000,2015-08-19 04:27:32.000,12698193016
304,777,106,239 661 5237,5G LTE,2016-05-04 15:02:02.000,2017-02-26 07:16:24.000,2396615237
304,778,101,(837) 505-3697,Unlimited call,2017-01-20 02:50:45.000,2016-12-19 08:51:42.000,8375053697
305,779,107,+1 (161) 878-7406,10G 3G,2016-08-30 02:40:12.000,2015-10-27 06:27:39.000,11618787406
305,780,102,+1 (700) 171-1990,Unlimited text,2015-08-09 03:01:47.000,2015-03-11 04:46:17.000,17001711990
306,781,104,+1 (917) 326-6821,100 text,2016-11-07 15:05:27.000,2015-08-25 14:15:25.000,19173266821
307,782,108,680-496-3399,5G 3G,2016-03-12 08:45:15.000,2015-10-14 05:51:15.000,6804963399
308,783,109,6721929888,Roaming special,2016-03-23 04:34:40.000,2016-06-16 10:02:04.000,6721929888
309,784,107,(557) 677-8014,10G 3G,2015-10-10 08:08:51.000,2016-10-27 17:47:48.000,5576778014
309,785,103,780 863 7934,450 min,2015-07-01 03:37:22.000,2015-01-05 07:58:27.000,7808637934
309,786,109,4188865286,Roaming special,2015-01-12 19:42:33.000,2016-11-28 06:31:41.000,4188865286
309,787,107,+1 (365) 621-5447,10G 3G,2016-04-22 10:36:07.000,2017-02-20 09:02:30.000,13656215447
309,788,107,9236899036,10G 3G,2015-02-01 09:53:01.000,2017-01-07 01:29:51.000,9236899036
310,789,104,671-952-2371,100 text,2016-02-12 21:50:59.000,2015-06-14 17:54:45.000,6719522371
310,790,104,+1 (725) 505-6080,100 text,2015-06-27 10:59:12.000,2017-02-16 10:47:53.000,17255056080
310,791,110,(228) 407-9851,5G tether,2015-04-12 08:59:15.000,2015-03-28 03:41:11.000,2284079851
310,792,107,640-952-1954,10G 3G,2015-11-06 10:59:00.000,2016-07-20 06:25:15.000,6409521954
311,793,109,1828166905,Roaming special,2016-08-04 09:12:05.000,2015-09-29 14:35:58.000,1828166905
311,794,109,9382859646,Roaming special,2016-10-07 10:14:48.000,2015-11-05 08:42:33.000,9382859646
311,795,107,331-871-8608,10G 3G,2016-12-18 15:20:29.000,2016-01-14 00:38:11.000,3318718608
311,796,106,(799) 517-2505,5G LTE,2017-02-08 13:12:21.000,2016-02-23 01:44:26.000,7995172505
312,797,110,+1 (109) 101-1859,5G tether,2015-04-06 10:15:40.000,2016-10-09 11:16:21.000,11091011859
312,798,102,(164) 217-6595,Unlimited text,2016-08-13 01:08:42.000,2016-01-08 11:31:51.000,1642176595
312,799,104,2435046504,100 text,2015-11-18 13:15:30.000,2016-01-13 19:50:00.000,2435046504
312,800,109,2374253525,Roaming special,2017-01-09 13:44:19.000,2017-01-05 12:44:51.000,2374253525
312,801,105,938-452-7986,10G LTE,2017-02-05 23:28:53.000,2016-12-21 15:18:28.000,9384527986
314,802,104,627-934-1805,100 text,2016-10-27 06:24:34.000,2015-03-10 20:57:08.000,6279341805
314,803,106,796-602-2165,5G LTE,2015-08-17 08:25:34.000,2015-03-20 21:50:05.000,7966022165
314,804,109,+1 (301) 454-5411,Roaming special,2016-02-07 08:45:33.000,2015-03-05 00:49:10.000,13014545411
314,805,102,+1 (678) 605-4062,Unlimited text,2015-09-24 22:27:33.000,2015-07-19 16:29:08.000,16786054062
314,806,101,(458) 450-4318,Unlimited call,2015-09-25 05:54:11.000,2017-02-14 04:43:22.000,4584504318
316,807,109,+1 (967) 612-6203,Roaming special,2016-06-03 09:55:16.000,2016-11-01 18:34:11.000,19676126203
317,808,104,2801803086,100 text,2015-09-19 20:00:39.000,2015-11-16 20:46:00.000,2801803086
317,809,107,562 205 1678,10G 3G,2015-10-18 19:29:58.000,2016-09-28 23:04:37.000,5622051678
317,810,103,717 755 3121,450 min,2015-08-10 02:39:42.000,2016-04-06 18:01:55.000,7177553121
317,811,101,5474659911,Unlimited call,2016-01-16 16:15:36.000,2015-11-30 06:07:34.000,5474659911
318,812,105,+1 (626) 102-5114,10G LTE,2015-10-16 06:42:18.000,2016-07-18 18:38:07.000,16261025114
318,813,107,833 275 8547,10G 3G,2015-08-28 06:04:25.000,2016-07-28 07:32:52.000,8332758547
319,814,106,(452) 179-7455,5G LTE,2015-01-12 12:15:58.000,2015-09-24 18:41:37.000,4521797455
319,815,101,(507) 291-2076,Unlimited call,2015-02-04 22:05:41.000,2015-02-20 12:26:25.000,5072912076
319,816,104,346 664 9074,100 text,2017-02-08 21:15:49.000,2016-11-17 14:47:08.000,3466649074
319,817,106,174-950-4415,5G LTE,2015-05-21 16:08:29.000,2016-09-30 08:47:01.000,1749504415
320,818,106,963-449-8733,5G LTE,2016-09-25 15:37:34.000,2016-08-10 17:56:37.000,9634498733
324,819,107,+1 (462) 634-4266,10G 3G,2017-01-14 23:00:02.000,2015-05-21 21:13:32.000,14626344266
324,820,108,(417) 811-2126,5G 3G,2016-11-25 15:54:56.000,2016-04-07 05:13:34.000,4178112126
324,821,105,+1 (220) 108-9136,10G LTE,2017-01-15 13:27:08.000,2016-08-12 16:29:37.000,12201089136
324,822,105,709-124-6167,10G LTE,2016-05-11 02:53:51.000,2016-11-01 09:15:37.000,7091246167
325,823,103,6455563372,450 min,2015-03-19 10:19:07.000,2015-09-20 00:21:58.000,6455563372
325,824,104,+1 (238) 190-8266,100 text,2015-09-10 15:30:14.000,2015-03-28 05:14:39.000,12381908266
325,825,109,785 690 5501,Roaming special,2016-09-22 18:21:02.000,2015-06-15 04:55:31.000,7856905501
326,826,107,8707624374,10G 3G,2015-10-17 06:00:31.000,2015-08-25 13:21:59.000,8707624374
326,827,104,823 278 8332,100 text,2015-12-17 07:59:48.000,2016-09-01 14:31:05.000,8232788332
326,829,102,(462) 292-7862,Unlimited text,2016-04-22 08:24:13.000,2016-03-08 07:35:54.000,4622927862
327,830,105,755 213 2162,10G LTE,2015-05-17 17:21:28.000,2015-04-30 13:47:26.000,7552132162
328,831,103,115 650 4361,450 min,2015-01-17 11:02:09.000,2015-07-12 09:41:54.000,1156504361
328,832,108,4726154687,5G 3G,2016-12-20 23:52:37.000,2015-04-04 03:17:27.000,4726154687
329,834,102,537 249 9135,Unlimited text,2015-03-22 08:09:31.000,2016-03-18 05:49:02.000,5372499135
329,835,109,825-379-5631,Roaming special,2015-07-22 05:22:39.000,2015-12-31 15:06:49.000,8253795631
329,836,109,4828248163,Roaming special,2016-03-28 04:15:30.000,2016-02-12 08:38:29.000,4828248163
330,838,109,+1 (196) 304-6678,Roaming special,2016-11-05 04:45:35.000,2015-08-30 01:20:56.000,11963046678
331,839,106,635 336 8684,5G LTE,2016-04-17 18:32:33.000,2015-03-20 21:24:05.000,6353368684
331,840,107,(439) 775-7070,10G 3G,2016-07-22 22:42:27.000,2016-04-05 16:54:45.000,4397757070
331,842,107,603 287 8496,10G 3G,2016-03-10 14:21:36.000,2015-08-21 11:07:13.000,6032878496
332,843,101,+1 (556) 855-7747,Unlimited call,2015-06-27 02:37:45.000,2015-11-17 12:42:43.000,15568557747
332,844,103,+1 (108) 602-4278,450 min,2015-06-24 11:33:07.000,2016-08-07 12:31:40.000,11086024278
332,846,105,(595) 449-6706,10G LTE,2015-11-01 00:01:02.000,2015-05-12 12:03:10.000,5954496706
333,847,102,(897) 885-9595,Unlimited text,2017-01-03 04:41:43.000,2016-02-29 01:25:43.000,8978859595
333,849,101,+1 (890) 918-9439,Unlimited call,2015-08-28 15:47:08.000,2015-03-15 15:37:00.000,18909189439
333,850,106,102-328-6678,5G LTE,2015-04-17 23:24:51.000,2016-11-04 23:34:29.000,1023286678
333,851,107,826 946 8612,10G 3G,2017-01-06 21:22:45.000,2016-01-22 10:45:53.000,8269468612
334,852,104,692 208 9344,100 text,2015-05-25 06:34:50.000,2015-09-07 12:35:13.000,6922089344
335,854,107,+1 (677) 194-2473,10G 3G,2016-09-13 16:17:47.000,2015-05-23 05:39:25.000,16771942473
335,855,106,+1 (957) 538-5178,5G LTE,2016-10-29 06:20:30.000,2016-08-29 18:40:06.000,19575385178
336,856,102,(489) 252-7688,Unlimited text,2015-03-01 02:28:01.000,2016-08-29 09:53:25.000,4892527688
338,858,101,435 615 2834,Unlimited call,2015-04-21 18:06:16.000,2017-01-08 11:34:04.000,4356152834
338,859,104,(923) 653-9708,100 text,2015-02-06 15:45:18.000,2015-02-01 01:15:17.000,9236539708
338,860,104,(979) 950-6589,100 text,2016-10-27 09:25:16.000,2016-04-04 18:49:45.000,9799506589
338,861,102,+1 (283) 346-3645,Unlimited text,2017-02-05 17:44:45.000,2015-03-05 23:21:45.000,12833463645
339,863,106,(650) 519-2985,5G LTE,2015-05-10 21:51:59.000,2016-12-14 11:19:47.000,6505192985
339,864,104,532 463 4319,100 text,2016-01-01 09:19:52.000,2017-02-05 15:55:14.000,5324634319
340,865,102,6784999113,Unlimited text,2015-05-26 19:59:02.000,2015-09-07 19:55:49.000,6784999113
340,867,105,897-398-7302,10G LTE,2016-10-17 06:20:18.000,2017-01-23 23:11:22.000,8973987302
343,868,110,+1 (361) 681-7282,5G tether,2016-01-18 12:04:59.000,2016-11-03 16:52:19.000,13616817282
343,869,110,195 916 8928,5G tether,2017-02-12 02:14:38.000,2015-03-14 07:15:41.000,1959168928
343,871,104,(425) 716-9168,100 text,2017-02-18 04:10:04.000,2015-06-27 11:34:51.000,4257169168
343,872,110,(474) 723-4142,5G tether,2016-06-10 07:40:08.000,2016-12-10 23:55:53.000,4747234142
344,873,109,914 239 9116,Roaming special,2015-09-16 08:03:24.000,2016-12-23 22:04:06.000,9142399116
345,875,108,259-453-2714,5G 3G,2015-01-09 19:33:19.000,2016-06-30 09:45:40.000,2594532714
345,876,104,883 347 7402,100 text,2016-03-16 01:12:59.000,2015-08-09 17:46:53.000,8833477402
345,877,105,7782294172,10G LTE,2016-12-26 04:03:09.000,2016-02-01 20:27:33.000,7782294172
345,878,105,+1 (215) 655-3040,10G LTE,2015-10-28 01:51:15.000,2016-01-16 18:34:50.000,12156553040
346,880,104,(286) 851-4931,100 text,2016-05-12 11:50:35.000,2016-04-13 04:25:27.000,2868514931
346,881,106,201-408-6375,5G LTE,2015-08-26 11:08:25.000,2015-10-27 09:28:40.000,2014086375
346,882,108,(252) 974-1244,5G 3G,2015-12-01 12:43:14.000,2015-02-23 11:46:03.000,2529741244
347,884,108,6286916831,5G 3G,2016-02-11 08:58:23.000,2015-11-17 12:00:31.000,6286916831
348,885,107,(165) 827-1161,10G 3G,2015-12-20 05:11:28.000,2016-10-01 18:55:45.000,1658271161
348,886,103,+1 (740) 530-5994,450 min,2016-02-09 05:14:59.000,2016-12-23 00:53:55.000,17405305994
349,888,104,(852) 898-9493,100 text,2016-11-04 15:40:51.000,2015-08-03 19:46:05.000,8528989493
349,889,109,565 317 7842,Roaming special,2016-10-03 09:40:58.000,2015-10-19 18:56:26.000,5653177842
350,890,103,+1 (725) 924-3098,450 min,2016-11-11 04:54:04.000,2015-10-18 06:17:18.000,17259243098
350,891,107,160 410 1190,10G 3G,2016-11-18 23:56:18.000,2016-10-07 04:16:19.000,1604101190
350,893,108,+1 (260) 351-3766,5G 3G,2015-03-24 00:53:54.000,2017-01-05 01:43:35.000,12603513766
350,894,105,(581) 715-5043,10G LTE,2016-02-16 19:14:04.000,2015-11-07 05:07:50.000,5817155043
352,895,104,(593) 396-8752,100 text,2015-03-21 03:47:23.000,2015-10-08 22:58:51.000,5933968752
352,896,102,485 288 2497,Unlimited text,2015-05-08 04:27:59.000,2015-02-04 01:38:00.000,4852882497
352,897,105,3412541093,10G LTE,2015-02-22 18:33:26.000,2016-02-26 16:55:36.000,3412541093
352,898,108,(903) 395-7926,5G 3G,2016-06-05 22:19:23.000,2015-03-31 21:22:35.000,9033957926
356,899,105,+1 (532) 157-1933,10G LTE,2015-06-12 10:51:08.000,2015-06-02 15:09:13.000,15321571933
356,900,102,726-903-2838,Unlimited text,2015-05-07 01:49:27.000,2016-09-23 09:05:38.000,7269032838
356,901,103,9376819817,450 min,2015-03-10 09:33:26.000,2015-08-17 14:38:37.000,9376819817
359,902,110,816-979-9924,5G tether,2016-07-19 18:52:00.000,2017-01-28 04:05:55.000,8169799924
359,903,102,751-913-3289,Unlimited text,2016-05-05 11:37:35.000,2015-09-12 17:18:00.000,7519133289
359,904,110,425 120 6822,5G tether,2016-01-07 21:56:30.000,2015-11-27 16:32:44.000,4251206822
360,905,106,3977684498,5G LTE,2017-01-30 01:49:56.000,2015-04-18 08:27:57.000,3977684498
360,906,110,441 856 8332,5G tether,2016-03-03 13:23:17.000,2015-06-17 08:12:19.000,4418568332
360,907,108,436 764 4677,5G 3G,2016-07-20 14:53:35.000,2016-04-22 21:26:32.000,4367644677
360,908,105,8321969964,10G LTE,2015-11-12 09:02:16.000,2017-02-28 04:04:44.000,8321969964
361,909,107,5562265957,10G 3G,2016-03-13 13:27:52.000,2016-01-27 08:27:12.000,5562265957
361,910,104,(833) 314-3128,100 text,2015-04-03 12:32:53.000,2015-07-07 09:54:13.000,8333143128
362,911,103,910 519 9497,450 min,2015-06-13 08:49:41.000,2015-11-27 21:09:11.000,9105199497
362,912,106,268-255-7431,5G LTE,2015-01-13 03:53:32.000,2016-09-22 16:22:04.000,2682557431
362,913,104,+1 (502) 255-6440,100 text,2016-12-05 22:25:25.000,2016-01-06 12:21:37.000,15022556440
363,914,110,661-534-8861,5G tether,2016-09-16 13:55:12.000,2016-09-01 01:59:41.000,6615348861
363,915,102,+1 (369) 202-8357,Unlimited text,2016-01-15 21:03:50.000,2015-03-09 13:11:02.000,13692028357
363,916,108,749-208-2953,5G 3G,2016-10-10 03:16:12.000,2016-10-16 17:18:36.000,7492082953
364,917,108,309-103-3780,5G 3G,2016-07-12 07:51:20.000,2017-02-17 19:50:31.000,3091033780
364,918,102,9404462213,Unlimited text,2015-11-18 05:36:03.000,2016-02-13 14:47:27.000,9404462213
364,919,106,+1 (978) 217-9635,5G LTE,2015-08-05 20:39:23.000,2015-06-16 20:10:40.000,19782179635
365,920,106,229 700 8458,5G LTE,2016-07-10 20:14:30.000,2015-12-14 13:55:32.000,2297008458
365,921,101,4657916738,Unlimited call,2016-12-21 15:23:59.000,2015-03-09 02:28:46.000,4657916738
365,922,102,861-773-4709,Unlimited text,2016-06-22 10:29:21.000,2016-06-05 22:44:54.000,8617734709
365,923,108,(190) 707-8049,5G 3G,2015-09-20 15:05:35.000,2017-02-01 21:33:53.000,1907078049
365,924,108,5554503775,5G 3G,2017-02-08 19:14:14.000,2016-01-04 06:56:45.000,5554503775
366,925,106,+1 (659) 314-7324,5G LTE,2015-10-16 05:05:43.000,2015-05-15 09:20:23.000,16593147324
366,926,107,3187485877,10G 3G,2016-09-20 00:57:03.000,2015-03-13 01:18:07.000,3187485877
366,927,101,4078135739,Unlimited call,2016-05-05 15:53:21.000,2016-11-10 04:59:43.000,4078135739
366,928,109,650-136-3138,Roaming special,2017-02-25 11:59:58.000,2016-09-14 13:37:00.000,6501363138
368,929,106,215 108 3989,5G LTE,2015-05-05 11:35:58.000,2016-11-30 20:43:09.000,2151083989
368,931,103,835 719 2668,450 min,2016-12-29 10:11:16.000,2016-10-07 00:29:01.000,8357192668
367,930,109,+1 (742) 521-1188,Roaming special,2015-06-11 06:58:22.000,2015-12-17 18:51:09.000,17425211188
367,932,101,8668546849,Unlimited call,2015-11-28 21:07:40.000,2016-05-31 00:19:11.000,8668546849
367,933,101,(604) 633-4330,Unlimited call,2016-05-13 22:17:20.000,2015-09-25 04:05:25.000,6046334330
367,934,105,577 120 4887,10G LTE,2015-07-25 23:41:23.000,2016-03-29 16:20:30.000,5771204887
367,935,103,+1 (480) 838-1502,450 min,2015-03-18 06:35:25.000,2016-02-23 23:22:06.000,14808381502
369,936,109,352 722 3084,Roaming special,2015-02-25 04:16:57.000,2016-09-18 12:19:26.000,3527223084
369,937,101,919-108-9455,Unlimited call,2016-12-14 10:05:33.000,2015-02-28 00:36:39.000,9191089455
369,938,102,5413922786,Unlimited text,2015-12-14 10:17:21.000,2015-04-26 14:52:07.000,5413922786
370,939,101,893-367-1398,Unlimited call,2016-10-28 22:16:51.000,2015-12-15 23:43:39.000,8933671398
371,940,102,723-708-9190,Unlimited text,2016-03-07 22:02:52.000,2016-03-08 19:52:33.000,7237089190
371,941,105,(296) 717-8006,10G LTE,2015-12-21 11:07:56.000,2016-01-16 09:38:16.000,2967178006
373,942,107,911 477 6558,10G 3G,2015-03-05 09:00:09.000,2016-09-18 22:42:31.000,9114776558
373,943,101,2488022842,Unlimited call,2015-05-29 14:06:07.000,2016-05-19 18:11:11.000,2488022842
373,944,109,+1 (276) 646-3305,Roaming special,2016-03-18 03:57:31.000,2016-02-19 05:16:12.000,12766463305
373,945,109,9121819556,Roaming special,2016-08-28 03:21:39.000,2016-03-02 01:23:04.000,9121819556
373,946,104,+1 (315) 389-5906,100 text,2015-09-27 22:12:37.000,2016-06-16 03:50:55.000,13153895906
374,947,102,446 642 3023,Unlimited text,2015-08-17 19:18:37.000,2015-11-24 02:32:07.000,4466423023
374,948,102,856-711-7647,Unlimited text,2016-02-22 17:37:44.000,2015-08-21 17:47:01.000,8567117647
374,949,101,(834) 912-6656,Unlimited call,2016-07-24 16:25:31.000,2016-12-04 17:20:16.000,8349126656
374,950,104,+1 (247) 702-6543,100 text,2015-05-18 12:50:39.000,2015-09-20 09:55:41.000,12477026543
374,951,109,5703214678,Roaming special,2016-08-22 15:22:01.000,2015-11-25 19:03:58.000,5703214678
376,952,105,+1 (176) 775-2563,10G LTE,2015-04-19 07:10:21.000,2016-07-04 21:37:38.000,11767752563
377,953,102,910 599 6579,Unlimited text,2015-11-14 08:33:09.000,2016-08-31 15:02:48.000,9105996579
377,954,105,621-317-9461,10G LTE,2016-09-20 09:57:13.000,2016-11-23 22:47:07.000,6213179461
377,955,109,9344611482,Roaming special,2015-07-14 19:44:51.000,2016-03-20 15:02:05.000,9344611482
379,956,106,9312206316,5G LTE,2015-07-16 18:45:29.000,2017-02-10 19:55:03.000,9312206316
379,958,103,(564) 789-3837,450 min,2015-10-31 02:29:15.000,2015-08-08 14:10:24.000,5647893837
379,959,102,(166) 611-4733,Unlimited text,2016-06-16 07:46:29.000,2015-02-12 13:40:39.000,1666114733
381,960,105,+1 (355) 792-5723,10G LTE,2015-02-08 15:51:20.000,2016-06-21 03:24:34.000,13557925723
382,962,103,7999076742,450 min,2016-03-15 15:20:41.000,2015-09-21 09:25:03.000,7999076742
382,963,101,+1 (860) 588-5175,Unlimited call,2015-06-27 14:36:16.000,2017-01-27 00:20:45.000,18605885175
382,964,108,(410) 479-4845,5G 3G,2016-06-23 08:43:40.000,2016-08-07 10:21:30.000,4104794845
386,971,110,+1 (457) 405-8600,5G tether,2016-02-07 06:01:23.000,2015-02-25 15:54:43.000,14574058600
385,967,102,(792) 565-7200,Unlimited text,2016-01-09 09:01:01.000,2015-09-14 04:15:58.000,7925657200
385,969,103,562 493 8172,450 min,2015-02-23 18:48:15.000,2015-12-15 07:35:53.000,5624938172
383,965,102,615 998 6876,Unlimited text,2015-10-13 22:06:39.000,2016-02-03 02:05:33.000,6159986876
383,966,103,+1 (569) 478-2192,450 min,2015-03-23 06:21:31.000,2016-01-24 00:46:52.000,15694782192
389,982,103,596 367 6329,450 min,2015-06-24 21:47:49.000,2016-09-21 13:05:49.000,5963676329
389,984,103,886 134 7701,450 min,2016-09-19 10:19:50.000,2015-04-14 15:49:46.000,8861347701
389,985,110,3854641838,5G tether,2017-01-15 05:21:05.000,2015-05-11 02:33:46.000,3854641838
387,972,102,557 731 7534,Unlimited text,2016-05-17 21:11:22.000,2016-04-19 13:20:58.000,5577317534
387,973,105,4563492148,10G LTE,2015-04-21 05:48:47.000,2015-04-08 08:15:43.000,4563492148
387,975,110,(264) 397-4191,5G tether,2015-05-28 16:49:58.000,2015-02-25 12:10:32.000,2643974191
387,976,103,(413) 802-2043,450 min,2016-03-26 08:42:45.000,2015-02-06 04:24:47.000,4138022043
388,978,109,(877) 702-8657,Roaming special,2015-03-07 15:59:22.000,2016-09-04 14:49:19.000,8777028657
388,979,104,8671836376,100 text,2015-11-09 04:52:16.000,2017-01-26 03:29:20.000,8671836376
388,980,108,+1 (486) 559-6295,5G 3G,2016-12-05 17:42:04.000,2016-02-01 10:27:31.000,14865596295
388,981,105,(233) 586-4966,10G LTE,2016-10-05 20:54:16.000,2015-01-11 16:22:35.000,2335864966
390,987,103,954-972-4449,450 min,2015-02-11 12:28:21.000,2016-12-17 18:57:57.000,9549724449
393,992,108,+1 (585) 350-7611,5G 3G,2016-06-02 00:44:22.000,2015-09-30 17:45:42.000,15853507611
392,988,104,+1 (820) 270-8939,100 text,2016-10-04 11:12:34.000,2015-11-17 21:53:16.000,18202708939
392,990,104,(640) 277-6463,100 text,2015-05-20 13:59:59.000,2017-02-12 03:06:39.000,6402776463
392,991,106,5783196947,5G LTE,2016-08-04 16:36:43.000,2015-11-25 13:53:46.000,5783196947
395,998,104,9104238778,100 text,2016-01-07 15:44:44.000,2017-02-15 05:18:55.000,9104238778
394,993,101,+1 (510) 334-9240,Unlimited call,2015-05-06 17:24:38.000,2015-05-18 23:07:35.000,15103349240
394,994,106,2441893894,5G LTE,2015-07-03 00:12:55.000,2016-04-20 07:59:52.000,2441893894
394,995,109,422-561-3782,Roaming special,2015-03-05 00:45:03.000,2016-04-03 22:10:28.000,4225613782
394,997,110,158-577-2166,5G tether,2015-02-28 02:35:43.000,2016-11-24 18:04:55.000,1585772166
396,1000,105,1802399859,10G LTE,2016-08-04 03:10:25.000,2016-06-19 04:46:29.000,1802399859
398,1005,105,+1 (491) 195-8914,10G LTE,2017-01-23 04:49:59.000,2015-05-03 15:40:17.000,14911958914
397,1001,108,+1 (554) 710-8088,5G 3G,2015-02-23 22:57:53.000,2016-01-27 16:07:29.000,15547108088
397,1002,108,+1 (844) 586-2738,5G 3G,2015-06-07 10:18:52.000,2016-06-16 10:48:35.000,18445862738
397,1004,107,+1 (769) 173-9356,10G 3G,2015-03-06 21:39:49.000,2016-04-05 20:21:20.000,17691739356
399,1007,103,5743098847,450 min,2015-04-09 08:43:21.000,2016-10-02 13:58:10.000,5743098847
399,1008,107,219 809 8529,10G 3G,2015-09-11 13:51:28.000,2015-03-01 06:26:53.000,2198098529
399,1009,108,6912009628,5G 3G,2015-06-05 01:03:49.000,2015-11-16 19:49:38.000,6912009628
401,1011,108,464 794 1001,5G 3G,2016-03-06 15:31:18.000,2015-06-06 13:41:00.000,4647941001
401,1012,104,+1 (225) 536-8263,100 text,2016-12-06 02:18:05.000,2015-06-26 13:55:37.000,12255368263
401,1013,104,(610) 312-6295,100 text,2015-09-02 17:10:06.000,2016-05-12 05:06:45.000,6103126295
402,1015,107,1582288766,10G 3G,2016-09-19 18:20:23.000,2016-02-13 11:15:30.000,1582288766
403,1018,110,3255082345,5G tether,2017-01-23 10:39:38.000,2016-09-26 10:30:00.000,3255082345
402,1016,106,(120) 463-2983,5G LTE,2015-08-14 09:09:40.000,2015-04-04 01:18:34.000,1204632983
403,1019,103,3448933803,450 min,2017-02-15 07:15:49.000,2015-10-17 16:58:58.000,3448933803
403,1020,104,+1 (265) 584-2186,100 text,2015-07-18 04:41:53.000,2016-07-08 12:05:18.000,12655842186
403,1021,103,925-623-6286,450 min,2015-05-09 07:34:57.000,2015-10-01 07:19:43.000,9256236286
985,2419,105,802 865 5669,10G LTE,2016-12-11 02:58:53.000,2015-03-29 21:49:32.000,8028655669
985,2420,107,1587661066,10G 3G,2015-04-05 16:16:36.000,2016-07-31 03:12:23.000,1587661066
987,2422,109,572 680 9817,Roaming special,2016-04-01 07:25:37.000,2016-05-12 13:34:06.000,5726809817
987,2424,108,(441) 986-8081,5G 3G,2015-03-01 19:47:36.000,2015-09-08 15:08:08.000,4419868081
987,2426,106,+1 (683) 102-9487,5G LTE,2016-07-25 17:35:47.000,2016-11-27 07:16:47.000,16831029487
982,2406,109,130-532-2231,Roaming special,2015-05-03 20:01:28.000,2015-05-29 03:52:15.000,1305322231
982,2407,107,(279) 521-5486,10G 3G,2016-01-11 03:22:34.000,2015-07-29 16:07:26.000,2795215486
982,2408,109,(930) 978-2791,Roaming special,2017-02-15 22:32:42.000,2016-09-25 13:03:24.000,9309782791
982,2409,109,682 626 8984,Roaming special,2015-08-20 02:12:38.000,2016-09-03 23:54:37.000,6826268984
986,2421,102,(736) 591-6238,Unlimited text,2016-11-12 10:31:13.000,2015-02-19 02:09:08.000,7365916238
986,2423,104,459 462 9685,100 text,2015-08-29 18:37:14.000,2016-02-08 04:36:53.000,4594629685
986,2425,103,346 370 6374,450 min,2016-01-27 04:37:32.000,2015-04-16 08:07:21.000,3463706374
986,2427,110,(881) 723-2304,5G tether,2016-08-05 07:57:21.000,2016-12-05 06:35:10.000,8817232304
986,2428,106,4877841241,5G LTE,2015-02-16 11:01:44.000,2016-04-09 07:39:42.000,4877841241
991,2440,106,+1 (213) 563-2293,5G LTE,2016-02-05 16:00:21.000,2015-02-24 08:36:59.000,12135632293
991,2441,110,860-981-7425,5G tether,2015-08-01 20:02:01.000,2015-03-06 09:20:13.000,8609817425
992,2442,101,+1 (411) 329-6876,Unlimited call,2015-04-04 04:46:03.000,2015-09-15 22:21:33.000,14113296876
993,2443,105,+1 (409) 468-5748,10G LTE,2016-01-21 23:22:41.000,2015-01-21 19:36:45.000,14094685748
993,2444,108,(929) 456-4398,5G 3G,2016-04-03 09:23:59.000,2017-01-22 12:17:30.000,9294564398
990,2434,101,(855) 588-5092,Unlimited call,2016-06-01 20:11:11.000,2016-07-05 11:06:02.000,8555885092
990,2436,110,755 893 6353,5G tether,2016-03-27 11:40:45.000,2016-11-16 04:07:22.000,7558936353
988,2429,109,903-510-3374,Roaming special,2015-09-18 08:04:44.000,2015-02-09 23:37:40.000,9035103374
988,2430,107,(963) 703-5078,10G 3G,2015-07-12 03:11:38.000,2016-01-07 06:27:27.000,9637035078
988,2431,104,511-561-5528,100 text,2016-06-14 15:44:33.000,2015-10-12 15:31:33.000,5115615528
988,2432,110,+1 (866) 197-1781,5G tether,2016-09-03 12:33:37.000,2017-01-18 22:53:35.000,18661971781
988,2433,101,113 808 4598,Unlimited call,2015-03-22 12:40:17.000,2015-01-31 16:28:28.000,1138084598
989,2435,104,+1 (456) 988-1661,100 text,2016-08-14 13:14:11.000,2017-02-10 03:20:56.000,14569881661
989,2437,106,700 749 2343,5G LTE,2017-01-09 11:07:43.000,2016-09-10 04:16:10.000,7007492343
989,2438,103,983-381-4820,450 min,2016-12-01 04:25:53.000,2015-11-26 20:02:15.000,9833814820
989,2439,103,+1 (755) 834-3852,450 min,2015-06-13 21:43:41.000,2015-04-05 23:08:32.000,17558343852
995,2449,110,6572453871,5G tether,2016-12-25 00:56:53.000,2017-02-20 16:36:36.000,6572453871
997,2453,102,(779) 188-8006,Unlimited text,2016-08-23 16:52:37.000,2016-09-22 16:29:47.000,7791888006
997,2454,109,809 902 1022,Roaming special,2015-07-25 21:32:49.000,2016-04-21 23:55:47.000,8099021022
994,2445,103,+1 (357) 147-9979,450 min,2015-10-31 21:35:07.000,2015-04-20 11:16:46.000,13571479979
994,2446,108,623-529-8575,5G 3G,2015-04-05 10:39:57.000,2016-07-07 19:39:32.000,6235298575
994,2447,110,529-896-6970,5G tether,2016-01-15 09:51:51.000,2015-12-28 19:04:03.000,5298966970
994,2448,101,330 979 5568,Unlimited call,2017-01-21 11:23:13.000,2016-01-12 13:05:27.000,3309795568
996,2450,104,(531) 477-9148,100 text,2016-05-23 06:38:05.000,2015-12-08 11:52:13.000,5314779148
996,2451,101,5503211262,Unlimited call,2016-10-10 18:58:57.000,2015-08-12 17:59:18.000,5503211262
996,2452,105,+1 (881) 685-5197,10G LTE,2016-06-29 19:40:09.000,2015-12-11 02:51:19.000,18816855197
998,2455,106,(807) 579-3507,5G LTE,2016-04-28 08:54:25.000,2015-11-25 17:22:14.000,8075793507
998,2458,101,+1 (607) 988-9155,Unlimited call,2015-12-16 17:17:41.000,2015-03-05 08:51:52.000,16079889155
998,2460,103,557-181-5932,450 min,2015-02-18 01:33:27.000,2016-12-12 03:16:53.000,5571815932
999,2456,110,883-401-2153,5G tether,2016-10-30 09:26:27.000,2015-01-24 09:56:49.000,8834012153
999,2457,108,297 107 5588,5G 3G,2015-03-28 10:35:48.000,2016-09-27 01:06:58.000,2971075588
999,2459,107,+1 (430) 240-2958,10G 3G,2015-03-11 14:09:00.000,2015-03-19 18:17:27.000,14302402958
999,2461,109,263-674-3054,Roaming special,2016-04-28 03:09:14.000,2015-01-25 16:39:08.000,2636743054
999,2462,104,+1 (605) 175-7664,100 text,2016-12-17 00:45:42.000,2015-03-20 08:10:52.000,16051757664
1000,2463,103,280-798-3740,5G LTE,2016-02-18 22:34:19.000,2016-09-01 06:54:45.000,2807983740
1000,2464,110,848-832-2296,5G tether,2015-07-12 20:31:50.000,2016-10-15 00:17:15.000,8488322296
1000,2465,107,741 183 3963,5G,2016-09-12 22:02:19.000,2016-03-14 00:50:29.000,7411833963
1000,2466,101,+1 (628) 975-1912,Unlimited call,2016-06-26 08:52:39.000,2017-01-10 21:51:54.000,16289751912
670,1654,103,326 195 8744,450 min,2015-09-24 17:59:03.000,2016-09-29 23:09:22.000,3261958744
671,1655,102,+1 (936) 188-7796,Unlimited text,2016-06-24 15:30:16.000,2015-04-18 20:30:58.000,19361887796
673,1661,107,8513103967,10G 3G,2015-04-16 19:24:07.000,2016-05-01 20:38:37.000,8513103967
673,1662,103,486-404-7412,450 min,2016-05-04 12:07:11.000,2016-04-23 19:15:25.000,4864047412
673,1663,102,(246) 526-7226,Unlimited text,2015-06-25 17:11:47.000,2016-02-21 03:11:14.000,2465267226
673,1664,105,2157229290,10G LTE,2017-02-24 21:26:32.000,2016-12-02 13:37:38.000,2157229290
673,1665,104,5052825206,100 text,2015-12-08 20:33:27.000,2017-01-23 17:06:05.000,5052825206
679,1679,101,430-449-2732,Unlimited call,2015-01-24 01:56:58.000,2016-01-25 06:22:16.000,4304492732
674,1666,101,274 721 7320,Unlimited call,2015-07-09 02:36:23.000,2016-12-05 12:26:10.000,2747217320
674,1667,105,+1 (841) 974-5125,10G LTE,2017-01-25 00:09:43.000,2015-02-04 01:35:38.000,18419745125
674,1668,101,388-288-6384,Unlimited call,2015-07-22 19:13:44.000,2015-02-11 07:47:11.000,3882886384
674,1669,108,(748) 459-5666,5G 3G,2016-01-03 07:10:58.000,2015-12-12 14:05:21.000,7484595666
678,1677,108,7624986509,5G 3G,2015-02-19 23:26:50.000,2016-02-29 06:35:13.000,7624986509
678,1680,105,157-415-2487,10G LTE,2016-04-29 07:20:18.000,2016-07-06 02:58:33.000,1574152487
676,1670,104,156-722-3235,100 text,2016-11-04 02:36:59.000,2017-02-18 12:20:25.000,1567223235
676,1671,103,595-493-9528,450 min,2015-05-26 05:57:07.000,2015-01-28 12:46:16.000,5954939528
672,1656,109,(801) 643-3125,Roaming special,2015-12-04 10:34:23.000,2015-04-26 20:53:12.000,8016433125
672,1657,108,3189701744,5G 3G,2016-04-01 07:27:45.000,2015-02-18 22:00:35.000,3189701744
672,1658,106,310-408-2079,5G LTE,2016-04-16 14:48:32.000,2015-07-24 17:02:38.000,3104082079
672,1659,105,400 744 8371,10G LTE,2015-09-18 04:20:53.000,2016-09-07 08:32:34.000,4007448371
672,1660,101,7237699130,Unlimited call,2016-06-19 21:18:32.000,2015-06-08 05:40:46.000,7237699130
681,1684,107,(804) 409-3658,10G 3G,2016-07-16 04:35:09.000,2015-06-07 04:07:52.000,8044093658
682,1685,101,767 427 5032,Unlimited call,2015-09-09 07:30:10.000,2015-06-17 07:55:08.000,7674275032
677,1672,106,+1 (185) 285-9351,5G LTE,2015-05-18 05:10:26.000,2016-12-30 07:53:58.000,11852859351
677,1673,101,(638) 381-6878,Unlimited call,2015-02-15 18:34:54.000,2015-08-08 21:47:51.000,6383816878
677,1674,103,318 463 9271,450 min,2016-08-12 23:24:56.000,2015-01-26 10:20:32.000,3184639271
677,1675,101,786 716 3215,Unlimited call,2016-08-29 15:07:49.000,2016-07-20 21:16:27.000,7867163215
680,1676,105,7359999331,10G LTE,2017-02-28 23:22:24.000,2015-10-07 18:25:20.000,7359999331
680,1678,107,(955) 329-9043,10G 3G,2016-04-23 12:41:59.000,2015-12-08 04:40:44.000,9553299043
680,1681,103,+1 (201) 742-8262,450 min,2016-08-01 12:58:07.000,2016-10-31 15:29:47.000,12017428262
680,1682,104,+1 (426) 542-3116,100 text,2016-03-29 04:54:24.000,2016-04-22 06:48:41.000,14265423116
680,1683,102,348-282-4272,Unlimited text,2015-04-26 23:59:29.000,2015-08-19 07:57:57.000,3482824272
683,1686,102,+1 (995) 205-5597,Unlimited text,2016-09-06 19:30:00.000,2017-01-30 07:59:31.000,19952055597
683,1687,109,157-970-6802,Roaming special,2016-08-05 07:31:28.000,2015-10-30 21:17:28.000,1579706802
683,1688,105,2896288836,10G LTE,2015-12-11 06:21:06.000,2016-09-20 00:38:08.000,2896288836
688,1702,107,(336) 226-2174,10G 3G,2016-09-24 10:45:47.000,2016-04-12 04:30:13.000,3362262174
688,1703,104,204 598 4264,100 text,2016-06-01 15:33:23.000,2015-12-02 15:45:55.000,2045984264
685,1689,103,(514) 948-6647,450 min,2015-12-16 00:28:10.000,2016-01-19 02:19:19.000,5149486647
685,1690,107,5424811676,10G 3G,2016-03-06 03:53:39.000,2016-03-05 09:15:36.000,5424811676
685,1691,104,(434) 752-9978,100 text,2015-01-29 23:38:51.000,2016-07-13 04:47:41.000,4347529978
693,1711,108,+1 (523) 403-7867,5G 3G,2015-10-02 05:21:46.000,2015-05-19 02:26:04.000,15234037867
693,1712,104,1277899379,100 text,2015-07-31 15:00:28.000,2015-01-26 07:40:00.000,1277899379
692,1708,103,+1 (586) 185-3504,450 min,2016-02-29 12:29:36.000,2015-07-06 10:39:27.000,15861853504
686,1692,110,+1 (862) 476-3996,5G tether,2016-05-01 00:39:36.000,2015-03-28 16:33:01.000,18624763996
692,1709,101,+1 (612) 263-8813,Unlimited call,2016-03-31 13:45:24.000,2016-10-10 15:56:01.000,16122638813
686,1693,104,+1 (881) 892-9336,100 text,2015-12-29 15:58:04.000,2016-11-09 04:17:35.000,18818929336
686,1694,105,384 205 4675,10G LTE,2016-03-01 14:55:45.000,2016-11-22 00:30:04.000,3842054675
692,1710,107,+1 (685) 357-5303,10G 3G,2016-07-21 04:24:59.000,2015-11-08 16:29:54.000,16853575303
686,1695,105,+1 (909) 652-4684,10G LTE,2016-03-24 03:05:37.000,2015-11-21 22:25:37.000,19096524684
686,1696,105,866 132 9322,10G LTE,2016-02-27 05:15:00.000,2015-11-10 10:47:57.000,8661329322
691,1704,108,791 392 3732,5G 3G,2016-09-11 21:17:02.000,2015-08-18 15:09:44.000,7913923732
691,1705,105,+1 (934) 270-9371,10G LTE,2016-10-17 19:40:50.000,2016-01-01 11:00:57.000,19342709371
691,1706,105,752-642-9877,10G LTE,2016-12-29 14:04:30.000,2015-03-08 17:27:43.000,7526429877
691,1707,107,263-370-2143,10G 3G,2015-05-16 15:17:57.000,2015-12-07 13:34:32.000,2633702143
694,1713,105,+1 (828) 461-1822,10G LTE,2015-04-29 18:24:07.000,2017-01-17 09:46:18.000,18284611822
694,1714,106,343 645 7667,5G LTE,2015-01-04 20:31:48.000,2016-01-18 06:32:59.000,3436457667
687,1697,108,+1 (360) 504-7044,5G 3G,2016-12-09 14:06:13.000,2016-04-14 07:12:51.000,13605047044
687,1698,110,751-295-8829,5G tether,2016-07-27 14:30:50.000,2016-08-29 16:06:19.000,7512958829
687,1700,107,(773) 448-4435,10G 3G,2017-01-25 16:27:49.000,2015-12-15 09:34:08.000,7734484435
695,1715,106,1832972965,5G LTE,2015-05-15 04:08:12.000,2016-01-10 12:33:28.000,1832972965
687,1701,102,2554283339,Unlimited text,2015-04-17 06:13:33.000,2015-10-16 22:51:23.000,2554283339
696,1717,102,898-270-7049,Unlimited text,2015-07-10 11:24:56.000,2016-11-30 06:27:06.000,8982707049
696,1718,110,+1 (789) 289-7826,5G tether,2016-06-08 12:41:23.000,2015-06-09 22:55:23.000,17892897826
700,1727,106,217 652 7649,5G LTE,2016-03-10 13:05:35.000,2016-07-08 03:06:22.000,2176527649
699,1725,105,(762) 128-1696,10G LTE,2015-02-24 22:20:50.000,2017-02-11 03:23:19.000,7621281696
699,1726,109,3434242407,Roaming special,2017-02-10 15:06:54.000,2015-11-16 12:40:57.000,3434242407
698,1720,102,4187916637,Unlimited text,2016-02-29 21:41:01.000,2015-06-23 01:20:47.000,4187916637
698,1723,101,199-390-4949,Unlimited call,2016-01-12 16:03:18.000,2015-04-21 03:14:11.000,1993904949
706,1745,103,+1 (758) 627-5042,450 min,2016-02-20 10:25:35.000,2016-12-11 13:43:06.000,17586275042
697,1719,102,715-915-3721,Unlimited text,2015-08-06 22:43:31.000,2016-05-28 10:39:02.000,7159153721
701,1728,109,+1 (112) 773-5562,Roaming special,2015-03-23 13:12:55.000,2016-03-11 14:14:43.000,11127735562
701,1729,105,406-834-8048,10G LTE,2015-08-22 16:20:08.000,2016-05-25 11:43:00.000,4068348048
701,1730,106,+1 (309) 637-8793,5G LTE,2016-09-25 19:23:18.000,2016-04-17 01:17:06.000,13096378793
701,1731,104,776 984 4051,100 text,2016-09-19 20:07:40.000,2015-10-19 11:19:06.000,7769844051
702,1734,108,(383) 365-6994,5G 3G,2015-04-09 02:23:16.000,2015-05-07 03:19:43.000,3833656994
701,1732,102,813-434-2254,Unlimited text,2016-10-11 13:45:55.000,2016-06-01 08:57:13.000,8134342254
702,1735,103,(291) 315-1795,450 min,2015-09-12 14:06:28.000,2015-11-26 08:53:54.000,2913151795
705,1742,104,2228013249,100 text,2015-06-29 03:18:51.000,2015-03-15 16:48:20.000,2228013249
705,1743,102,757-904-3393,Unlimited text,2016-04-02 15:23:11.000,2016-12-03 22:16:03.000,7579043393
705,1744,102,127-464-7979,Unlimited text,2015-01-27 12:56:02.000,2015-12-13 13:47:28.000,1274647979
708,1747,104,651-120-6552,100 text,2016-05-09 22:55:56.000,2015-01-06 07:01:15.000,6511206552
708,1751,102,5747727515,Unlimited text,2015-04-17 21:54:03.000,2016-04-18 20:45:26.000,5747727515
708,1753,106,+1 (921) 985-2433,5G LTE,2016-06-02 01:05:14.000,2015-03-05 15:48:57.000,19219852433
704,1737,106,2577167596,5G LTE,2015-11-09 08:43:11.000,2015-12-04 02:57:27.000,2577167596
704,1739,102,306 621 5440,Unlimited text,2016-09-11 12:37:15.000,2017-02-16 09:32:50.000,3066215440
704,1740,109,730-793-3503,Roaming special,2016-04-15 21:56:51.000,2016-10-30 16:25:00.000,7307933503
704,1741,109,+1 (564) 504-6975,Roaming special,2015-12-13 09:07:59.000,2015-06-14 12:27:24.000,15645046975
711,1760,103,724 407 5817,450 min,2015-12-06 16:52:29.000,2016-08-25 10:22:21.000,7244075817
711,1761,104,(624) 734-8638,100 text,2016-08-21 14:03:32.000,2016-05-03 14:42:24.000,6247348638
711,1762,108,+1 (391) 320-5279,5G 3G,2016-11-15 01:56:01.000,2016-12-09 09:19:44.000,13913205279
707,1746,103,(708) 562-9457,450 min,2016-09-29 20:40:28.000,2016-12-14 13:51:41.000,7085629457
707,1748,101,803-237-2044,Unlimited call,2015-08-30 18:44:03.000,2016-09-10 19:34:39.000,8032372044
707,1750,104,371 585 3521,100 text,2015-12-12 01:57:33.000,2016-07-14 09:47:20.000,3715853521
707,1754,105,(688) 979-3401,10G LTE,2017-01-06 04:41:07.000,2016-04-10 15:03:31.000,6889793401
710,1755,110,285 732 9272,5G tether,2016-05-31 01:45:53.000,2015-07-13 06:11:26.000,2857329272
710,1756,106,+1 (206) 367-3832,5G LTE,2015-05-07 01:28:56.000,2015-01-29 12:21:50.000,12063673832
710,1758,108,958 548 3015,5G 3G,2015-02-25 10:02:48.000,2015-09-12 01:51:15.000,9585483015
710,1759,107,530 118 2447,10G 3G,2016-01-04 23:00:13.000,2015-06-17 15:11:00.000,5301182447
712,1764,109,+1 (982) 524-5356,Roaming special,2015-12-15 17:24:38.000,2016-03-28 17:32:14.000,19825245356
712,1767,106,392 461 7113,5G LTE,2016-02-25 14:07:55.000,2016-11-09 00:28:08.000,3924617113
712,1768,106,815 548 4391,5G LTE,2016-05-24 08:10:49.000,2016-04-21 00:59:14.000,8155484391
712,1769,103,(121) 656-3607,450 min,2015-12-07 14:53:59.000,2015-11-17 00:55:16.000,1216563607
717,1775,106,(746) 275-6305,5G LTE,2015-01-24 18:44:15.000,2015-05-27 08:13:13.000,7462756305
717,1777,107,(255) 785-7718,10G 3G,2016-06-25 15:07:33.000,2016-04-29 19:08:55.000,2557857718
719,1783,105,(344) 314-9840,10G LTE,2016-11-23 06:27:58.000,2015-06-10 13:28:22.000,3443149840
716,1770,109,+1 (578) 823-4495,Roaming special,2017-02-17 19:46:52.000,2016-10-31 08:58:50.000,15788234495
716,1771,109,8688151418,Roaming special,2015-02-01 21:35:42.000,2015-12-28 21:16:49.000,8688151418
716,1772,110,417 580 8827,5G tether,2015-09-27 18:14:40.000,2016-11-25 09:10:58.000,4175808827
716,1773,102,120-471-8922,Unlimited text,2017-01-12 23:40:28.000,2016-04-13 19:36:54.000,1204718922
724,1790,108,6544159271,5G 3G,2015-05-03 21:45:04.000,2016-04-06 23:58:33.000,6544159271
718,1778,110,781-426-1988,5G tether,2015-02-21 08:07:13.000,2015-05-28 06:43:01.000,7814261988
724,1791,101,(553) 189-1234,Unlimited call,2015-08-20 22:44:42.000,2017-01-25 04:09:44.000,5531891234
718,1779,105,7749811192,10G LTE,2016-09-15 08:35:22.000,2016-01-11 20:06:38.000,7749811192
718,1780,108,654 850 2733,5G 3G,2016-12-15 23:42:14.000,2015-12-13 15:55:25.000,6548502733
718,1781,104,+1 (104) 127-5117,100 text,2015-05-15 18:53:02.000,2015-12-31 03:16:00.000,11041275117
726,1792,109,(873) 141-1046,Roaming special,2016-09-08 03:20:27.000,2015-01-25 14:21:40.000,8731411046
718,1782,104,(752) 197-8546,100 text,2015-11-25 11:10:18.000,2016-08-29 19:13:02.000,7521978546
727,1793,101,(943) 648-4152,Unlimited call,2015-01-27 21:15:28.000,2016-10-15 23:46:29.000,9436484152
727,1794,106,971 510 4747,5G LTE,2016-04-04 07:24:26.000,2015-11-22 20:17:31.000,9715104747
720,1785,108,(503) 637-4199,5G 3G,2015-05-21 09:42:21.000,2015-09-18 03:11:11.000,5036374199
728,1795,102,9743704443,Unlimited text,2016-11-14 02:00:44.000,2015-11-17 10:10:36.000,9743704443
720,1786,102,+1 (714) 401-9106,Unlimited text,2015-04-19 00:48:06.000,2016-06-27 15:53:33.000,17144019106
720,1787,101,+1 (550) 262-2789,Unlimited call,2016-06-22 02:53:37.000,2015-05-30 21:28:14.000,15502622789
728,1796,110,(529) 753-9506,5G tether,2015-10-16 16:50:48.000,2015-01-03 00:46:28.000,5297539506
720,1788,106,7734166753,5G LTE,2016-02-23 05:31:03.000,2015-12-08 05:09:36.000,7734166753
728,1797,110,+1 (932) 323-1335,5G tether,2016-08-28 05:11:24.000,2015-02-23 05:33:24.000,19323231335
720,1789,104,612 191 4204,100 text,2017-02-24 10:08:57.000,2016-10-17 11:48:49.000,6121914204
729,1798,105,+1 (843) 425-2021,10G LTE,2016-01-05 12:18:45.000,2016-08-06 16:40:04.000,18434252021
729,1799,102,(313) 375-6341,Unlimited text,2016-06-16 01:22:23.000,2016-01-27 04:04:27.000,3133756341
732,1803,108,466 487 9729,5G 3G,2016-11-21 03:06:36.000,2016-11-06 16:51:00.000,4664879729
732,1805,105,649-293-9943,10G LTE,2015-04-18 09:59:10.000,2016-09-09 19:53:32.000,6492939943
732,1807,106,458 521 3840,5G LTE,2015-12-03 14:51:21.000,2015-07-05 11:27:10.000,4585213840
730,1800,106,901 484 1688,5G LTE,2016-07-26 23:00:43.000,2016-05-27 12:30:33.000,9014841688
730,1801,110,2686317422,5G tether,2016-11-15 10:43:00.000,2015-03-08 20:09:19.000,2686317422
730,1802,108,+1 (951) 190-2798,5G 3G,2015-04-20 11:00:19.000,2015-11-07 11:39:37.000,19511902798
731,1804,101,(253) 529-6043,Unlimited call,2015-09-24 03:56:55.000,2015-04-02 03:41:18.000,2535296043
731,1806,101,839 981 7143,Unlimited call,2015-12-22 04:48:19.000,2017-02-15 02:11:44.000,8399817143
731,1808,102,1235652195,Unlimited text,2017-01-04 07:05:18.000,2015-01-29 08:21:38.000,1235652195
733,1809,106,681-644-7875,5G LTE,2017-02-15 12:23:27.000,2015-11-01 13:41:36.000,6816447875
733,1810,102,278 671 4335,Unlimited text,2016-12-12 09:05:52.000,2016-05-30 09:58:33.000,2786714335
733,1811,106,376 888 4338,5G LTE,2016-09-13 22:10:02.000,2016-07-31 14:09:45.000,3768884338
733,1812,109,9144783628,Roaming special,2016-10-28 19:53:53.000,2016-07-30 09:05:57.000,9144783628
741,1834,104,+1 (575) 889-7263,100 text,2016-07-18 03:34:18.000,2017-02-27 11:43:50.000,15758897263
740,1832,110,9327309511,5G tether,2015-06-26 09:27:20.000,2016-05-26 09:38:33.000,9327309511
740,1833,103,(236) 308-3068,450 min,2015-07-28 08:28:02.000,2015-09-10 07:27:27.000,2363083068
736,1818,108,(112) 457-8497,5G 3G,2017-01-21 18:00:41.000,2017-01-13 22:19:39.000,1124578497
736,1819,102,904-455-9467,Unlimited text,2016-02-13 03:36:11.000,2016-01-19 02:07:33.000,9044559467
736,1820,105,2857192701,10G LTE,2016-12-01 09:34:35.000,2015-11-23 11:01:35.000,2857192701
736,1821,102,204 526 1845,Unlimited text,2015-08-22 13:51:35.000,2016-11-22 06:57:19.000,2045261845
742,1835,105,+1 (359) 171-7648,10G LTE,2016-11-21 12:58:42.000,2015-03-08 16:28:15.000,13591717648
742,1836,104,9966933230,100 text,2017-01-22 22:44:32.000,2015-04-17 07:26:42.000,9966933230
742,1837,110,926-471-2289,5G tether,2017-01-31 20:16:39.000,2015-09-04 02:37:46.000,9264712289
734,1813,107,(507) 563-1845,10G 3G,2016-02-10 19:03:11.000,2015-09-01 12:36:39.000,5075631845
734,1814,105,8327982933,10G LTE,2017-01-31 11:57:12.000,2016-12-25 20:17:32.000,8327982933
734,1815,101,+1 (151) 116-8641,Unlimited call,2016-05-08 16:44:50.000,2015-08-28 21:35:03.000,11511168641
734,1816,109,(319) 668-7871,Roaming special,2015-12-16 11:58:04.000,2016-08-18 09:30:52.000,3196687871
734,1817,101,+1 (879) 989-7562,Unlimited call,2016-05-25 19:56:22.000,2015-07-16 06:43:33.000,18799897562
737,1822,101,+1 (510) 163-3806,Unlimited call,2015-03-22 10:30:46.000,2016-02-22 06:49:20.000,15101633806
737,1823,110,627-727-4511,5G tether,2015-12-19 08:47:29.000,2016-09-04 05:05:35.000,6277274511
737,1824,104,316-476-9997,100 text,2016-07-31 12:21:52.000,2015-08-21 05:23:08.000,3164769997
737,1825,110,+1 (127) 937-6681,5G tether,2016-11-06 23:16:05.000,2016-02-25 15:24:08.000,11279376681
737,1826,105,605 697 6167,10G LTE,2015-12-13 22:21:11.000,2015-09-09 06:41:14.000,6056976167
739,1827,109,520-307-5920,Roaming special,2015-10-25 18:55:24.000,2016-12-16 01:16:18.000,5203075920
739,1828,110,298 922 3212,5G tether,2017-01-02 02:18:27.000,2016-02-12 18:53:41.000,2989223212
739,1829,104,1453666564,100 text,2015-11-21 19:35:39.000,2016-12-07 13:58:21.000,1453666564
739,1830,107,259 536 2928,10G 3G,2016-08-20 20:50:31.000,2016-03-16 18:49:11.000,2595362928
739,1831,105,+1 (815) 963-7786,10G LTE,2015-04-25 19:32:53.000,2015-06-21 11:32:33.000,18159637786
745,1849,110,(699) 134-2019,5G tether,2015-07-20 07:33:16.000,2016-03-19 15:15:57.000,6991342019
743,1838,106,548 797 4323,5G LTE,2016-07-03 18:41:16.000,2017-01-05 11:40:29.000,5487974323
743,1839,106,+1 (464) 721-8604,5G LTE,2016-10-18 04:42:57.000,2016-11-21 12:27:03.000,14647218604
743,1840,103,898 463 9930,450 min,2015-10-07 05:09:22.000,2015-05-09 01:52:40.000,8984639930
743,1842,102,+1 (121) 645-4490,Unlimited text,2015-03-24 18:23:23.000,2015-01-11 15:30:15.000,11216454490
744,1843,102,+1 (773) 429-9076,Unlimited text,2015-11-07 10:57:16.000,2015-09-15 06:14:52.000,17734299076
744,1844,106,6296547850,5G LTE,2016-06-21 02:11:00.000,2016-05-20 13:08:42.000,6296547850
744,1846,104,5575696546,100 text,2015-04-14 13:53:44.000,2016-05-17 03:16:59.000,5575696546
744,1847,106,+1 (994) 785-9668,5G LTE,2015-05-19 13:59:26.000,2015-11-26 18:49:04.000,19947859668
752,1868,106,+1 (303) 862-4639,5G LTE,2015-08-24 06:21:35.000,2015-02-06 06:02:14.000,13038624639
746,1850,103,247-140-5113,450 min,2017-01-15 17:12:36.000,2015-07-26 12:46:56.000,2471405113
746,1851,104,163 721 8170,100 text,2016-11-19 04:12:39.000,2015-02-22 14:46:26.000,1637218170
746,1852,105,+1 (969) 647-7500,10G LTE,2015-06-19 07:50:51.000,2016-05-22 11:21:04.000,19696477500
746,1854,108,+1 (786) 708-4288,5G 3G,2015-09-21 06:51:39.000,2015-04-25 05:55:03.000,17867084288
751,1864,103,679-709-5519,450 min,2015-08-22 23:29:51.000,2016-02-12 22:05:46.000,6797095519
751,1865,101,(830) 440-7334,Unlimited call,2016-12-17 04:21:32.000,2017-01-29 21:18:45.000,8304407334
751,1866,101,296-657-6589,Unlimited call,2015-09-05 05:49:00.000,2015-08-25 08:46:03.000,2966576589
747,1856,109,+1 (402) 138-3883,Roaming special,2015-09-04 04:03:17.000,2016-05-27 16:30:28.000,14021383883
751,1867,106,322-180-5654,5G LTE,2016-01-04 22:06:59.000,2016-03-03 02:15:05.000,3221805654
747,1858,105,5392139264,10G LTE,2015-09-30 18:54:04.000,2016-08-03 06:02:26.000,5392139264
747,1859,107,8619432222,10G 3G,2016-08-12 17:17:50.000,2015-10-09 11:14:50.000,8619432222
750,1861,106,(803) 349-1877,5G LTE,2015-07-23 02:14:29.000,2016-12-25 07:03:12.000,8033491877
750,1863,110,+1 (753) 277-1266,5G tether,2015-03-23 00:34:21.000,2016-03-28 07:13:30.000,17532771266
754,1869,105,119 762 6276,10G LTE,2015-04-20 21:53:45.000,2016-09-28 02:45:24.000,1197626276
754,1875,102,3184924559,Unlimited text,2015-10-26 10:54:55.000,2017-02-05 07:09:32.000,3184924559
757,1883,110,633 766 9246,5G tether,2016-12-05 23:08:10.000,2015-10-03 08:12:35.000,6337669246
753,1870,104,6996355773,100 text,2015-05-03 19:00:01.000,2017-01-05 22:03:50.000,6996355773
753,1871,104,(810) 588-6946,100 text,2016-04-03 14:34:45.000,2016-09-04 08:53:37.000,8105886946
753,1873,108,+1 (964) 971-2025,5G 3G,2016-02-11 06:21:04.000,2017-01-31 13:41:51.000,19649712025
756,1880,109,7601383897,Roaming special,2016-11-24 07:25:32.000,2015-05-24 06:15:03.000,7601383897
756,1881,101,(761) 279-9841,Unlimited call,2016-06-20 04:28:18.000,2015-10-29 14:24:06.000,7612799841
756,1882,110,542-325-5632,5G tether,2015-11-20 17:25:38.000,2016-09-18 02:47:26.000,5423255632
755,1874,107,(967) 287-7754,10G 3G,2016-08-11 23:50:25.000,2015-02-28 10:26:42.000,9672877754
755,1876,109,(523) 481-4776,Roaming special,2017-02-20 14:48:55.000,2015-09-29 21:53:10.000,5234814776
755,1878,107,248-365-4250,10G 3G,2016-06-02 01:58:35.000,2016-07-14 00:32:49.000,2483654250
760,1893,101,(791) 918-2213,Unlimited call,2015-02-12 23:16:01.000,2016-01-21 01:39:21.000,7919182213
760,1894,104,775-931-9073,100 text,2016-04-08 09:00:34.000,2016-07-06 22:57:23.000,7759319073
758,1885,106,+1 (757) 319-9819,5G LTE,2016-06-27 07:44:36.000,2016-01-18 22:24:31.000,17573199819
758,1887,109,9976591098,Roaming special,2016-08-06 13:42:20.000,2017-01-26 07:39:33.000,9976591098
758,1888,104,+1 (667) 127-4839,100 text,2015-10-30 00:23:44.000,2015-09-12 01:49:41.000,16671274839
758,1889,109,532-507-2538,Roaming special,2016-12-21 00:17:57.000,2017-01-10 00:36:11.000,5325072538
759,1891,109,322 765 6086,Roaming special,2015-07-26 23:21:39.000,2015-04-13 20:32:54.000,3227656086
759,1892,105,6737278828,10G LTE,2016-03-18 04:55:44.000,2016-03-27 04:14:25.000,6737278828
759,1895,106,345-694-7988,5G LTE,2015-04-08 02:34:40.000,2016-11-10 14:02:26.000,3456947988
768,1908,109,5132947752,Roaming special,2015-10-01 18:25:37.000,2015-04-23 16:45:30.000,5132947752
759,1896,110,(429) 585-6043,5G tether,2015-03-02 14:21:10.000,2016-09-02 02:23:36.000,4295856043
766,1906,110,(714) 249-1148,5G tether,2015-08-28 04:16:02.000,2016-02-20 04:27:29.000,7142491148
766,1907,110,373 605 1951,5G tether,2015-02-09 09:13:41.000,2016-03-21 20:28:01.000,3736051951
764,1902,109,351 214 9279,Roaming special,2016-11-07 17:19:27.000,2017-01-10 19:17:55.000,3512149279
762,1897,105,(522) 625-5013,10G LTE,2016-11-06 03:35:51.000,2015-10-19 14:17:08.000,5226255013
764,1904,105,(470) 599-1316,10G LTE,2015-05-04 08:44:33.000,2015-02-09 20:03:53.000,4705991316
762,1898,104,490 669 3067,100 text,2016-08-12 20:40:10.000,2015-05-01 03:13:51.000,4906693067
762,1899,107,641 208 3816,10G 3G,2015-07-25 14:10:24.000,2016-03-22 11:56:21.000,6412083816
762,1900,104,(555) 694-8556,100 text,2015-02-11 00:41:04.000,2015-03-01 22:50:30.000,5556948556
762,1901,110,(163) 683-2143,5G tether,2015-03-17 18:19:44.000,2015-05-22 02:53:02.000,1636832143
769,1910,101,299 587 2728,Unlimited call,2016-06-12 22:21:09.000,2015-03-26 07:43:06.000,2995872728
769,1911,104,+1 (260) 444-7458,100 text,2015-09-17 12:45:31.000,2016-08-12 11:13:03.000,12604447458
769,1912,101,6209002232,Unlimited call,2016-03-24 05:22:02.000,2015-09-27 06:39:25.000,6209002232
769,1913,103,213-527-5928,450 min,2015-07-14 14:43:07.000,2015-07-07 22:30:25.000,2135275928
774,1924,108,(872) 929-1021,5G 3G,2015-07-10 06:56:33.000,2016-04-30 19:56:41.000,8729291021
774,1925,110,+1 (932) 824-1367,5G tether,2016-06-14 12:06:24.000,2016-08-23 01:23:03.000,19328241367
776,1926,103,+1 (113) 128-5325,450 min,2016-01-08 11:40:54.000,2015-02-22 16:33:12.000,11131285325
770,1914,101,+1 (371) 965-8483,Unlimited call,2017-01-22 00:21:49.000,2016-08-28 02:12:04.000,13719658483
770,1915,101,(694) 686-6160,Unlimited call,2016-06-16 18:23:49.000,2015-03-25 01:27:36.000,6946866160
770,1916,105,(262) 219-6620,10G LTE,2015-09-10 07:29:23.000,2015-02-28 18:24:33.000,2622196620
780,1928,107,(180) 660-5307,10G 3G,2016-09-24 05:06:15.000,2015-11-11 02:49:31.000,1806605307
780,1930,104,417-127-6827,100 text,2016-09-18 02:47:45.000,2016-11-04 13:57:38.000,4171276827
773,1920,109,524-938-6881,Roaming special,2016-08-16 13:40:30.000,2015-08-07 08:51:53.000,5249386881
773,1921,104,583-554-3050,100 text,2015-02-24 10:17:24.000,2015-01-20 10:58:30.000,5835543050
773,1922,102,254 525 2893,Unlimited text,2015-05-19 00:52:10.000,2017-01-09 09:35:16.000,2545252893
772,1917,104,140 914 4643,100 text,2017-02-09 18:08:56.000,2015-07-08 23:19:28.000,1409144643
773,1923,102,637 620 3086,Unlimited text,2015-01-05 20:13:21.000,2015-03-02 11:07:53.000,6376203086
772,1918,105,+1 (282) 295-5333,10G LTE,2015-05-25 19:03:05.000,2016-02-23 10:09:03.000,12822955333
772,1919,104,+1 (616) 161-4824,100 text,2015-07-27 21:13:39.000,2016-09-04 22:15:07.000,16161614824
779,1927,101,963-996-7911,Unlimited call,2015-07-23 17:56:28.000,2016-12-28 21:38:42.000,9639967911
779,1929,109,7772836620,Roaming special,2015-06-22 18:33:06.000,2016-04-11 14:44:48.000,7772836620
779,1931,109,1427208951,Roaming special,2016-10-30 00:19:29.000,2016-05-18 19:01:46.000,1427208951
779,1932,102,+1 (599) 242-3288,Unlimited text,2016-08-13 02:04:52.000,2015-01-25 17:27:59.000,15992423288
779,1933,110,+1 (890) 585-5746,5G tether,2015-05-04 11:10:49.000,2015-09-23 18:42:51.000,18905855746
777,1934,109,190-842-1704,Roaming special,2015-02-22 16:57:21.000,2016-01-02 15:26:07.000,1908421704
777,1935,101,(876) 463-4724,Unlimited call,2016-11-26 10:10:19.000,2016-12-30 16:37:54.000,8764634724
777,1936,103,508 529 9123,450 min,2015-11-24 15:27:18.000,2015-09-03 12:11:06.000,5085299123
777,1937,102,(287) 100-4313,Unlimited text,2016-02-17 07:22:42.000,2015-12-07 07:23:39.000,2871004313
777,1938,107,990-226-3172,10G 3G,2016-08-28 09:21:06.000,2016-04-10 06:55:22.000,9902263172
781,1939,104,503 332 7664,100 text,2015-07-01 16:51:28.000,2016-06-08 21:31:01.000,5033327664
784,1940,110,948-875-9509,5G tether,2016-03-14 21:21:44.000,2017-01-25 08:46:31.000,9488759509
784,1941,106,494-505-3768,5G LTE,2017-02-24 14:00:38.000,2016-02-08 14:08:39.000,4945053768
788,1950,107,5713934383,10G 3G,2016-10-15 18:35:02.000,2017-01-03 04:45:14.000,5713934383
788,1951,102,(787) 886-8243,Unlimited text,2015-09-13 15:57:22.000,2016-10-27 16:44:59.000,7878868243
788,1952,101,+1 (804) 856-4685,Unlimited call,2015-06-23 22:36:07.000,2015-04-11 14:57:53.000,18048564685
788,1953,110,273 266 7118,5G tether,2015-06-18 05:59:24.000,2015-10-14 14:36:36.000,2732667118
787,1954,106,7909097885,5G LTE,2016-07-11 09:30:32.000,2015-10-26 11:33:11.000,7909097885
790,1955,104,120 415 1218,100 text,2015-07-22 21:05:56.000,2016-02-10 09:33:06.000,1204151218
790,1956,105,717 106 2999,10G LTE,2016-03-27 01:07:28.000,2015-07-26 22:07:18.000,7171062999
791,1957,104,148-288-4654,100 text,2016-07-19 17:43:35.000,2015-03-23 04:58:29.000,1482884654
791,1958,104,+1 (728) 586-6165,100 text,2016-06-13 15:38:48.000,2017-02-05 16:31:49.000,17285866165
785,1942,103,229-889-5091,450 min,2016-08-30 14:19:38.000,2016-10-02 07:53:55.000,2298895091
785,1943,103,+1 (235) 444-1174,450 min,2017-01-05 00:27:43.000,2015-11-18 00:46:45.000,12354441174
785,1944,103,+1 (625) 427-3438,450 min,2015-10-21 07:21:20.000,2015-04-22 01:41:02.000,16254273438
795,1968,107,+1 (353) 218-5872,10G 3G,2016-06-16 13:23:29.000,2015-08-08 13:38:51.000,13532185872
795,1969,105,311-498-7985,10G LTE,2016-05-04 09:42:47.000,2016-05-07 10:25:17.000,3114987985
795,1970,109,8869514746,Roaming special,2016-05-31 21:30:39.000,2015-05-27 15:12:28.000,8869514746
786,1945,106,611-573-7122,5G LTE,2017-02-01 15:57:12.000,2015-10-28 06:23:46.000,6115737122
786,1946,106,7276941817,5G LTE,2015-09-12 09:15:05.000,2015-12-18 13:17:10.000,7276941817
786,1947,101,9413656734,Unlimited call,2016-12-19 08:53:59.000,2015-10-31 04:51:18.000,9413656734
786,1948,105,(776) 322-2001,10G LTE,2016-12-10 06:37:49.000,2015-12-08 10:46:21.000,7763222001
786,1949,103,+1 (344) 321-2011,450 min,2015-09-28 02:29:06.000,2017-01-02 17:10:21.000,13443212011
797,1973,109,250 471 5575,Roaming special,2015-06-27 00:08:06.000,2015-10-24 03:30:40.000,2504715575
792,1959,109,438 251 4036,Roaming special,2016-12-16 00:03:18.000,2015-09-13 21:51:06.000,4382514036
796,1971,104,(898) 652-1020,100 text,2016-11-20 11:14:02.000,2016-09-07 10:45:07.000,8986521020
794,1965,101,(818) 999-1902,Unlimited call,2015-09-29 19:00:20.000,2017-02-15 11:24:48.000,8189991902
794,1966,105,(633) 430-4083,10G LTE,2015-03-22 00:47:18.000,2016-10-31 09:28:33.000,6334304083
794,1967,110,(537) 991-9521,5G tether,2016-06-22 19:05:19.000,2015-05-26 05:09:39.000,5379919521
799,1975,110,8525944976,5G tether,2016-07-22 16:11:36.000,2016-10-11 00:06:39.000,8525944976
799,1976,110,(528) 242-8412,5G tether,2016-02-09 04:29:10.000,2015-04-18 05:44:49.000,5282428412
803,1981,102,(782) 794-8776,Unlimited text,2015-10-29 02:56:36.000,2015-11-19 02:13:16.000,7827948776
793,1961,103,853 371 5998,450 min,2016-07-21 08:15:01.000,2016-02-29 08:26:09.000,8533715998
793,1962,108,(157) 188-4201,5G 3G,2015-06-10 19:01:44.000,2015-12-21 12:48:14.000,1571884201
793,1963,102,+1 (400) 336-2407,Unlimited text,2016-10-12 00:31:20.000,2016-03-14 08:56:54.000,14003362407
802,1992,109,5165719689,Roaming special,2016-07-02 21:00:24.000,2016-05-03 07:43:19.000,5165719689
802,1993,109,+1 (234) 349-6640,Roaming special,2015-04-13 17:32:59.000,2015-03-11 23:17:22.000,12343496640
802,1994,102,+1 (288) 672-7700,Unlimited text,2015-03-08 21:18:36.000,2015-01-25 15:59:53.000,12886727700
800,1978,108,3096429339,5G 3G,2015-07-30 16:58:02.000,2016-12-03 18:50:34.000,3096429339
800,1979,109,4909643780,Roaming special,2015-06-25 22:28:07.000,2016-10-18 11:24:09.000,4909643780
800,1980,107,+1 (375) 213-5521,10G 3G,2015-11-02 08:21:15.000,2015-12-08 22:16:13.000,13752135521
807,1995,106,2387518154,5G LTE,2016-10-04 20:29:17.000,2016-06-22 04:49:34.000,2387518154
807,1997,106,(183) 671-2919,5G LTE,2016-09-26 04:48:01.000,2017-01-09 12:39:29.000,1836712919
807,1998,105,+1 (937) 944-9224,10G LTE,2017-02-10 00:18:14.000,2016-12-20 19:00:08.000,19379449224
804,1982,106,+1 (365) 318-1645,5G LTE,2015-05-16 22:18:01.000,2015-01-15 14:55:55.000,13653181645
804,1984,109,+1 (572) 448-7442,Roaming special,2016-09-29 10:51:59.000,2015-06-21 04:31:22.000,15724487442
804,1985,110,+1 (994) 221-2198,5G tether,2016-06-23 08:59:39.000,2016-03-17 12:21:24.000,19942212198
806,1999,104,(417) 443-5133,100 text,2016-06-19 08:52:59.000,2016-03-05 07:48:47.000,4174435133
806,2000,102,+1 (916) 631-4634,Unlimited text,2017-01-22 18:17:46.000,2016-04-06 02:59:26.000,19166314634
805,1987,107,(989) 182-3409,10G 3G,2016-10-02 06:52:52.000,2016-12-06 15:58:37.000,9891823409
805,1988,106,606-619-9493,5G LTE,2015-05-09 08:53:16.000,2015-10-11 19:47:08.000,6066199493
805,1990,103,+1 (867) 118-6947,450 min,2015-02-27 10:13:17.000,2015-11-28 21:47:55.000,18671186947
805,1991,106,7489186948,5G LTE,2015-08-10 01:57:09.000,2015-11-25 04:48:01.000,7489186948
808,2001,104,(769) 591-4192,100 text,2016-09-15 14:25:26.000,2016-11-08 06:31:06.000,7695914192
808,2003,105,151 281 3747,10G LTE,2016-10-10 21:38:59.000,2015-05-05 01:37:02.000,1512813747
815,2014,106,432 621 8688,5G LTE,2016-05-03 09:48:42.000,2015-01-09 00:57:44.000,4326218688
810,2008,105,(684) 735-7970,10G LTE,2015-01-28 16:47:06.000,2015-05-17 10:49:48.000,6847357970
810,2010,104,+1 (315) 958-1937,100 text,2015-03-21 14:32:37.000,2015-06-10 12:10:16.000,13159581937
809,2004,104,(809) 358-6047,100 text,2016-08-28 22:09:23.000,2016-07-20 01:22:49.000,8093586047
814,2015,103,+1 (259) 901-5326,450 min,2016-11-26 08:19:26.000,2015-02-27 21:41:57.000,12599015326
814,2016,104,+1 (819) 661-9123,100 text,2015-12-18 06:53:03.000,2015-09-12 16:44:50.000,18196619123
809,2006,101,574-824-1251,Unlimited call,2015-09-13 13:40:26.000,2017-01-20 14:21:07.000,5748241251
809,2007,107,+1 (674) 340-8552,10G 3G,2015-05-04 17:41:38.000,2015-09-21 07:45:43.000,16743408552
813,2012,110,(867) 692-9620,5G tether,2015-03-26 08:01:20.000,2016-10-30 21:12:02.000,8676929620
813,2013,102,798 761 2032,Unlimited text,2016-11-29 16:49:43.000,2015-12-06 05:28:33.000,7987612032
819,2020,104,(403) 529-7054,100 text,2017-01-19 18:46:27.000,2015-09-10 07:31:27.000,4035297054
817,2018,106,478-628-8018,5G LTE,2016-10-01 17:00:52.000,2016-12-08 01:58:55.000,4786288018
820,2024,110,233-420-2572,5G tether,2015-08-19 19:31:00.000,2015-04-08 07:46:44.000,2334202572
818,2019,104,(355) 590-1710,100 text,2015-02-02 00:07:45.000,2015-06-12 02:46:45.000,3555901710
818,2022,110,+1 (592) 686-9153,5G tether,2016-05-13 12:24:32.000,2015-01-10 02:00:58.000,15926869153
818,2023,108,(174) 795-8372,5G 3G,2016-01-15 08:17:37.000,2015-10-21 21:55:38.000,1747958372
825,2034,106,+1 (800) 635-2058,5G LTE,2016-04-13 18:29:38.000,2016-09-07 19:42:18.000,18006352058
823,2033,103,565 836 4676,450 min,2015-09-21 00:31:17.000,2016-04-16 17:26:16.000,5658364676
824,2035,107,551-806-6438,10G 3G,2016-01-30 21:45:27.000,2015-03-07 11:45:28.000,5518066438
827,2043,109,1187505244,Roaming special,2016-06-27 10:34:07.000,2015-01-05 15:25:55.000,1187505244
824,2036,103,800-720-3051,450 min,2015-12-12 07:41:02.000,2015-08-05 12:46:31.000,8007203051
826,2037,101,484 323 8515,Unlimited call,2016-06-29 18:49:41.000,2017-01-30 10:07:56.000,4843238515
829,2045,102,216 834 2242,Unlimited text,2017-01-13 17:07:33.000,2016-04-24 08:03:56.000,2168342242
826,2038,106,7193161909,5G LTE,2016-01-28 10:12:26.000,2016-03-20 09:41:22.000,7193161909
829,2046,102,512-612-3890,Unlimited text,2015-06-16 19:03:09.000,2016-09-08 02:58:33.000,5126123890
826,2039,108,(302) 585-1330,5G 3G,2016-10-10 12:28:46.000,2017-02-18 05:11:37.000,3025851330
826,2040,103,+1 (207) 202-4825,450 min,2015-09-23 17:10:06.000,2016-05-05 00:43:49.000,12072024825
826,2041,105,234-216-6640,10G LTE,2015-03-15 16:09:11.000,2015-08-05 23:45:11.000,2342166640
822,2029,102,8387242045,Unlimited text,2016-02-04 14:13:01.000,2016-08-06 17:07:57.000,8387242045
822,2031,107,+1 (261) 645-6448,10G 3G,2015-08-16 14:01:52.000,2015-04-04 06:39:01.000,12616456448
822,2032,104,(834) 803-9360,100 text,2015-06-06 05:02:37.000,2016-04-09 15:32:21.000,8348039360
821,2025,101,316-950-4713,Unlimited call,2016-12-07 07:53:12.000,2015-12-01 16:50:42.000,3169504713
821,2026,102,+1 (667) 275-9297,Unlimited text,2015-08-10 07:15:01.000,2016-10-31 15:35:44.000,16672759297
821,2027,101,+1 (906) 611-5578,Unlimited call,2016-05-07 23:13:48.000,2016-01-14 14:33:42.000,19066115578
821,2028,101,118-912-4323,Unlimited call,2015-01-28 00:34:26.000,2016-09-11 19:27:19.000,1189124323
821,2030,101,901 286 2577,Unlimited call,2015-10-25 09:33:27.000,2016-04-26 03:35:33.000,9012862577
833,2057,107,(583) 679-5118,10G 3G,2015-06-26 15:42:51.000,2016-08-06 19:00:06.000,5836795118
833,2058,104,637-623-2802,100 text,2015-09-14 18:59:54.000,2015-07-26 14:58:15.000,6376232802
833,2059,106,(606) 748-6450,5G LTE,2016-05-31 21:40:29.000,2016-06-16 23:45:30.000,6067486450
835,2063,108,449-391-4438,5G 3G,2016-02-25 15:35:08.000,2015-10-27 18:03:01.000,4493914438
835,2064,110,(292) 543-7011,5G tether,2015-07-31 03:35:59.000,2015-07-12 13:10:46.000,2925437011
835,2065,106,537-618-8928,5G LTE,2016-07-15 10:06:02.000,2016-04-22 06:36:05.000,5376188928
835,2066,103,(399) 329-5213,450 min,2015-11-07 23:17:52.000,2017-02-08 06:32:49.000,3993295213
831,2047,105,2227092352,10G LTE,2016-10-11 11:13:37.000,2015-09-02 06:35:54.000,2227092352
831,2048,108,(686) 684-8389,5G 3G,2015-01-31 22:17:02.000,2016-11-25 23:10:17.000,6866848389
831,2049,101,709 836 5437,Unlimited call,2015-07-06 04:57:08.000,2015-01-14 01:30:08.000,7098365437
831,2050,102,737-832-8593,Unlimited text,2015-11-25 05:29:39.000,2016-10-09 16:08:13.000,7378328593
831,2051,108,+1 (274) 186-7706,5G 3G,2015-12-17 14:21:49.000,2016-01-07 12:35:34.000,12741867706
838,2075,108,5531788953,5G 3G,2016-09-06 08:50:27.000,2016-04-20 21:23:52.000,5531788953
834,2060,104,624 506 2884,100 text,2016-12-26 11:44:44.000,2015-01-31 08:44:00.000,6245062884
834,2061,107,(862) 547-2146,10G 3G,2015-07-27 23:33:14.000,2015-10-10 11:35:22.000,8625472146
834,2062,104,9728665137,100 text,2015-10-27 10:10:03.000,2016-12-26 01:38:59.000,9728665137
837,2070,103,3795488038,450 min,2015-05-14 22:15:31.000,2016-02-21 13:42:24.000,3795488038
837,2071,104,(196) 661-6320,100 text,2015-08-28 18:14:35.000,2016-07-29 16:41:59.000,1966616320
837,2072,109,+1 (292) 315-1900,Roaming special,2016-05-27 21:54:57.000,2016-12-23 17:42:51.000,12923151900
837,2073,104,(867) 784-5531,100 text,2016-09-12 13:25:43.000,2015-10-20 18:28:06.000,8677845531
837,2074,108,(903) 602-6257,5G 3G,2015-07-17 02:20:11.000,2015-02-22 18:26:32.000,9036026257
832,2052,103,872 686 3559,450 min,2015-09-26 08:25:56.000,2015-12-05 18:53:48.000,8726863559
832,2053,108,4204012653,5G 3G,2015-07-01 04:41:48.000,2016-03-08 21:53:16.000,4204012653
832,2054,109,949-843-7855,Roaming special,2017-02-19 12:20:07.000,2016-04-14 18:29:11.000,9498437855
832,2055,110,+1 (507) 140-6143,5G tether,2015-03-14 17:59:33.000,2016-05-18 14:46:10.000,15071406143
832,2056,107,+1 (412) 156-2981,10G 3G,2015-08-21 04:48:47.000,2015-04-28 10:50:58.000,14121562981
843,2082,106,715-926-1933,5G LTE,2016-09-23 20:32:57.000,2016-03-09 11:38:57.000,7159261933
836,2067,101,+1 (749) 180-4668,Unlimited call,2016-08-31 05:04:25.000,2016-03-26 15:05:29.000,17491804668
836,2068,108,+1 (684) 927-4673,5G 3G,2015-07-07 22:19:38.000,2016-06-09 22:59:03.000,16849274673
836,2069,106,4314794042,5G LTE,2015-12-12 08:14:20.000,2016-09-03 05:46:01.000,4314794042
841,2076,108,870-255-7342,5G 3G,2015-03-09 12:58:17.000,2015-01-14 12:04:19.000,8702557342
841,2077,105,(289) 639-8658,10G LTE,2015-01-29 09:29:07.000,2016-10-22 12:14:08.000,2896398658
841,2078,108,+1 (976) 444-1942,5G 3G,2015-09-13 16:56:04.000,2015-12-06 03:16:37.000,19764441942
845,2089,107,8451921327,10G 3G,2015-12-20 17:02:10.000,2015-11-08 21:40:15.000,8451921327
845,2090,107,+1 (386) 340-8197,10G 3G,2016-09-13 13:05:34.000,2017-02-18 20:28:21.000,13863408197
844,2085,104,200-324-8938,100 text,2016-06-01 08:14:36.000,2017-02-20 11:33:54.000,2003248938
844,2086,108,357 657 4439,5G 3G,2015-12-21 03:23:52.000,2015-10-26 13:17:12.000,3576574439
844,2087,101,246 996 6982,Unlimited call,2016-01-22 07:58:31.000,2015-07-13 23:12:51.000,2469966982
844,2088,106,8937306741,5G LTE,2015-04-12 22:16:31.000,2016-08-18 20:41:37.000,8937306741
847,2095,101,655-213-3680,Unlimited call,2016-03-22 05:33:39.000,2015-07-14 10:35:20.000,6552133680
847,2096,105,(303) 834-9809,10G LTE,2016-02-29 21:40:49.000,2016-09-29 07:32:41.000,3038349809
847,2097,102,+1 (100) 410-3807,Unlimited text,2016-04-22 06:11:14.000,2016-06-24 19:17:08.000,11004103807
842,2079,108,357-744-6646,5G 3G,2016-05-22 11:47:38.000,2016-12-18 18:56:04.000,3577446646
842,2080,105,4341809036,10G LTE,2016-12-13 09:33:23.000,2017-01-22 16:08:06.000,4341809036
842,2081,110,5092537983,5G tether,2016-06-21 06:00:13.000,2016-05-04 12:02:21.000,5092537983
842,2083,106,5659434069,5G LTE,2016-04-04 09:42:20.000,2015-02-20 05:54:15.000,5659434069
849,2105,106,4941215980,5G LTE,2016-06-20 23:04:51.000,2016-10-19 20:08:07.000,4941215980
842,2084,106,+1 (911) 548-5268,5G LTE,2016-05-24 21:33:12.000,2017-01-25 19:20:31.000,19115485268
846,2091,104,+1 (781) 103-4578,100 text,2015-11-19 13:28:20.000,2016-09-08 07:52:16.000,17811034578
846,2093,109,+1 (125) 751-4704,Roaming special,2016-12-14 09:24:20.000,2015-03-17 06:23:21.000,11257514704
846,2094,107,(947) 629-8643,10G 3G,2016-08-30 06:28:08.000,2015-10-29 16:25:22.000,9476298643
848,2100,109,(602) 246-2135,Roaming special,2016-01-27 09:57:38.000,2016-08-22 15:03:53.000,6022462135
848,2101,106,604 581 1170,5G LTE,2016-07-23 13:13:45.000,2016-03-05 14:37:59.000,6045811170
848,2102,109,9754448358,Roaming special,2015-09-19 20:42:17.000,2015-12-09 05:41:36.000,9754448358
848,2103,105,595-606-5050,10G LTE,2016-10-10 11:05:13.000,2016-08-16 03:12:34.000,5956065050
850,2106,108,254-712-4745,5G 3G,2015-04-12 13:56:17.000,2015-01-03 21:20:05.000,2547124745
850,2107,104,668 172 6535,100 text,2016-04-10 00:54:09.000,2016-09-04 07:03:29.000,6681726535
850,2108,103,+1 (445) 303-2744,450 min,2015-05-03 08:07:08.000,2016-05-10 19:37:44.000,14453032744
856,2127,110,(599) 735-5903,5G tether,2016-12-23 21:20:02.000,2016-10-05 23:32:32.000,5997355903
851,2109,106,+1 (127) 413-5454,5G LTE,2015-11-01 13:38:02.000,2015-04-05 04:59:41.000,11274135454
851,2110,104,507-154-7924,100 text,2015-05-01 03:31:29.000,2015-03-20 13:44:10.000,5071547924
851,2111,106,9237533038,5G LTE,2016-11-19 19:41:32.000,2015-10-28 07:29:15.000,9237533038
851,2112,105,534 444 7887,10G LTE,2016-11-16 10:24:33.000,2016-01-09 14:25:18.000,5344447887
853,2117,108,431 813 6931,5G 3G,2016-07-08 08:34:54.000,2016-05-26 05:16:57.000,4318136931
853,2119,104,+1 (517) 943-8864,100 text,2016-02-02 16:41:44.000,2016-10-21 19:11:14.000,15179438864
852,2116,107,1249699517,10G 3G,2016-02-13 11:52:29.000,2015-01-11 06:32:24.000,1249699517
852,2120,104,161 976 9093,100 text,2016-04-20 16:39:11.000,2016-01-31 11:31:32.000,1619769093
852,2122,105,614 958 4642,10G LTE,2016-05-16 07:43:50.000,2016-05-09 14:32:51.000,6149584642
858,2132,105,260-542-8615,10G LTE,2017-02-11 09:36:34.000,2016-06-10 11:17:14.000,2605428615
858,2133,104,312 960 1652,100 text,2015-02-14 02:08:41.000,2015-04-15 16:32:04.000,3129601652
861,2140,109,+1 (261) 125-2455,Roaming special,2017-01-14 06:59:29.000,2016-08-21 02:14:59.000,12611252455
860,2138,105,795-297-9836,10G LTE,2015-09-07 09:20:20.000,2016-08-09 19:57:14.000,7952979836
860,2139,103,+1 (923) 435-7949,450 min,2015-12-18 07:50:19.000,2015-04-09 21:40:26.000,19234357949
854,2115,103,339-471-9787,450 min,2016-06-24 20:00:27.000,2016-04-24 00:37:24.000,3394719787
854,2121,104,414-214-6287,100 text,2016-11-12 12:02:23.000,2015-07-20 18:55:38.000,4142146287
854,2123,102,9827818897,Unlimited text,2015-09-07 15:22:08.000,2016-06-03 08:05:56.000,9827818897
854,2124,103,+1 (425) 552-8300,450 min,2016-12-13 21:58:37.000,2016-02-21 12:55:31.000,14255528300
857,2128,101,4612627786,Unlimited call,2016-06-21 16:10:36.000,2016-10-11 11:50:03.000,4612627786
857,2129,104,(230) 532-7587,100 text,2015-05-20 07:28:56.000,2016-08-25 00:36:14.000,2305327587
857,2130,107,+1 (410) 507-4078,10G 3G,2015-04-06 15:25:14.000,2015-06-19 04:56:35.000,14105074078
859,2135,102,6955995481,Unlimited text,2016-08-02 07:35:44.000,2015-11-21 20:20:28.000,6955995481
859,2136,107,(747) 282-1638,10G 3G,2016-01-04 10:35:51.000,2016-11-15 01:22:02.000,7472821638
859,2137,106,(914) 485-8958,5G LTE,2017-02-05 18:08:11.000,2016-09-26 02:26:15.000,9144858958
867,2148,105,775 694 1786,10G LTE,2015-07-26 02:55:22.000,2016-03-24 02:28:02.000,7756941786
867,2149,108,495-329-1023,5G 3G,2016-10-26 06:15:55.000,2016-08-30 01:34:57.000,4953291023
863,2142,101,(211) 830-2799,Unlimited call,2015-11-19 03:01:04.000,2015-11-23 23:39:55.000,2118302799
863,2143,104,371 947 8781,100 text,2015-02-26 00:15:07.000,2015-05-30 04:28:43.000,3719478781
864,2144,104,+1 (463) 256-1435,100 text,2017-02-07 23:50:34.000,2015-01-08 20:36:32.000,14632561435
864,2145,105,848 817 6754,10G LTE,2015-03-04 22:03:28.000,2015-07-09 01:21:05.000,8488176754
873,2165,101,165-673-4982,Unlimited call,2015-10-02 05:29:33.000,2016-09-18 10:32:25.000,1656734982
873,2166,104,+1 (614) 494-7852,100 text,2016-06-21 12:45:14.000,2016-07-22 22:14:24.000,16144947852
875,2171,107,7439689124,10G 3G,2016-11-11 14:49:57.000,2016-06-05 03:26:25.000,7439689124
878,2181,107,+1 (972) 388-9339,10G 3G,2016-03-31 10:51:11.000,2015-04-17 00:08:03.000,19723889339
871,2158,105,991-933-7830,10G LTE,2015-05-07 16:36:00.000,2015-09-29 23:25:20.000,9919337830
871,2159,101,832 191 3953,Unlimited call,2015-10-29 08:18:21.000,2016-10-11 05:52:58.000,8321913953
871,2160,109,+1 (140) 482-4471,Roaming special,2016-11-07 16:49:49.000,2015-12-21 02:11:50.000,11404824471
869,2150,110,(729) 860-2295,5G tether,2016-02-19 18:43:30.000,2016-11-30 08:00:47.000,7298602295
869,2151,104,(875) 764-3374,100 text,2016-05-03 10:22:36.000,2017-02-28 14:23:39.000,8757643374
869,2152,101,+1 (491) 715-7326,Unlimited call,2016-09-12 16:10:27.000,2015-10-23 10:04:13.000,14917157326
869,2153,107,652-638-8964,10G 3G,2016-06-28 12:51:03.000,2016-11-03 11:23:59.000,6526388964
869,2155,104,2539912948,100 text,2016-01-04 01:23:51.000,2016-03-06 17:24:13.000,2539912948
880,2187,106,110 765 4081,5G LTE,2015-09-24 09:47:59.000,2016-06-15 08:41:34.000,1107654081
877,2177,110,741-263-3600,5G tether,2016-08-04 09:17:46.000,2015-07-24 08:01:31.000,7412633600
877,2178,103,+1 (915) 167-7202,450 min,2015-01-07 17:43:32.000,2015-02-22 19:04:44.000,19151677202
877,2179,108,7191578567,5G 3G,2015-09-11 14:03:58.000,2015-03-10 14:28:40.000,7191578567
877,2180,105,+1 (888) 494-6062,10G LTE,2016-01-18 09:05:27.000,2015-01-06 21:49:46.000,18884946062
874,2167,101,768-855-9972,Unlimited call,2015-09-01 00:49:36.000,2016-11-25 17:35:21.000,7688559972
874,2168,109,9126708871,Roaming special,2015-06-21 22:58:05.000,2016-03-09 00:08:00.000,9126708871
874,2169,108,(251) 746-7461,5G 3G,2016-09-06 23:53:53.000,2015-10-26 01:36:21.000,2517467461
874,2170,110,472-255-5289,5G tether,2015-02-12 12:40:35.000,2016-02-22 11:52:27.000,4722555289
872,2161,108,696-274-1995,5G 3G,2016-02-26 04:17:58.000,2015-08-14 03:31:47.000,6962741995
872,2162,101,607 864 3204,Unlimited call,2016-02-02 23:03:01.000,2016-07-14 08:21:22.000,6078643204
872,2163,109,205 747 5225,Roaming special,2015-10-10 03:45:05.000,2016-07-08 11:23:22.000,2057475225
872,2164,105,+1 (873) 295-1078,10G LTE,2015-10-17 02:06:13.000,2015-10-08 00:48:27.000,18732951078
876,2172,106,(772) 932-1787,5G LTE,2016-12-11 04:07:56.000,2016-03-31 02:52:27.000,7729321787
876,2173,103,3417694598,450 min,2015-01-26 03:29:06.000,2016-11-16 22:46:42.000,3417694598
876,2174,106,(418) 357-4646,5G LTE,2015-06-01 10:20:33.000,2015-11-14 01:33:40.000,4183574646
876,2175,108,(674) 419-4607,5G 3G,2015-01-21 09:54:20.000,2015-09-25 17:55:30.000,6744194607
876,2176,107,+1 (523) 956-2097,10G 3G,2016-09-06 15:10:33.000,2016-08-16 21:59:35.000,15239562097
879,2182,104,(633) 119-7889,100 text,2016-12-28 09:09:10.000,2015-08-26 09:14:09.000,6331197889
879,2183,101,5199048597,Unlimited call,2015-03-02 15:19:06.000,2016-10-08 10:30:37.000,5199048597
879,2184,102,840-438-7302,Unlimited text,2016-02-08 19:14:21.000,2016-08-08 14:06:30.000,8404387302
879,2185,101,(787) 224-2714,Unlimited call,2016-06-26 14:07:21.000,2016-06-26 06:56:30.000,7872242714
879,2186,110,817-448-9791,5G tether,2015-12-13 03:54:41.000,2017-01-21 21:10:59.000,8174489791
882,2192,110,1171424606,5G tether,2015-04-08 18:07:51.000,2016-08-12 08:35:46.000,1171424606
882,2194,108,757 637 4398,5G 3G,2016-01-21 01:06:06.000,2017-01-29 15:50:18.000,7576374398
882,2196,102,(731) 143-8753,Unlimited text,2015-01-09 17:36:39.000,2016-01-07 16:00:06.000,7311438753
882,2198,107,5334545252,10G 3G,2017-01-09 16:40:48.000,2016-03-27 15:39:48.000,5334545252
883,2193,107,+1 (456) 579-4616,10G 3G,2017-01-06 09:19:53.000,2016-04-30 03:37:34.000,14565794616
883,2195,101,339 853 5565,Unlimited call,2015-02-06 17:24:41.000,2016-02-22 01:20:25.000,3398535565
883,2197,110,+1 (257) 990-5147,5G tether,2015-01-15 03:09:22.000,2015-05-21 01:11:29.000,12579905147
883,2199,103,602-301-8494,450 min,2016-03-14 03:01:55.000,2015-06-28 13:41:11.000,6023018494
881,2188,110,715 384 2799,5G tether,2015-06-19 11:31:06.000,2015-07-23 23:25:31.000,7153842799
881,2189,103,+1 (768) 372-5844,450 min,2016-03-20 11:22:44.000,2015-01-27 09:31:09.000,17683725844
881,2190,102,681 327 2491,Unlimited text,2015-11-29 07:45:13.000,2016-08-27 10:30:28.000,6813272491
881,2191,107,7294802539,10G 3G,2016-01-06 11:30:34.000,2016-04-30 08:30:40.000,7294802539
887,2213,102,9733368650,Unlimited text,2017-01-21 19:08:53.000,2016-11-06 22:13:58.000,9733368650
890,2216,106,(761) 179-1323,5G LTE,2015-08-13 10:50:12.000,2016-02-09 12:47:37.000,7611791323
884,2200,106,362-815-8899,5G LTE,2016-03-01 13:22:41.000,2015-01-01 07:54:33.000,3628158899
884,2201,110,314 123 3102,5G tether,2015-01-08 09:20:08.000,2016-07-22 01:54:30.000,3141233102
884,2203,103,+1 (376) 467-9221,450 min,2015-02-17 03:34:26.000,2016-05-22 16:03:33.000,13764679221
884,2205,104,310-177-9011,100 text,2016-05-16 13:07:04.000,2016-11-07 19:17:45.000,3101779011
889,2214,110,9546337347,5G tether,2016-07-16 09:32:54.000,2015-05-07 07:50:47.000,9546337347
889,2215,101,+1 (935) 966-8636,Unlimited call,2015-06-28 21:35:41.000,2015-02-13 07:42:43.000,19359668636
892,2220,101,7179604942,Unlimited call,2016-04-20 21:23:58.000,2017-01-18 07:35:19.000,7179604942
886,2209,107,696-949-5796,10G 3G,2016-10-22 17:21:54.000,2016-10-02 16:45:26.000,6969495796
886,2210,109,287 431 1689,Roaming special,2016-06-22 04:50:14.000,2016-08-13 13:29:59.000,2874311689
886,2211,105,227 276 8737,10G LTE,2016-04-04 02:21:38.000,2015-01-15 13:48:39.000,2272768737
886,2212,102,+1 (206) 527-8983,Unlimited text,2016-03-12 06:54:28.000,2016-10-01 00:46:58.000,12065278983
885,2202,104,+1 (884) 560-1316,100 text,2016-10-01 09:18:41.000,2016-03-01 05:25:13.000,18845601316
885,2204,103,959 115 6999,450 min,2016-10-01 19:47:06.000,2016-09-08 09:22:57.000,9591156999
885,2206,101,+1 (209) 894-6435,Unlimited call,2016-12-31 01:58:18.000,2016-03-22 22:02:42.000,12098946435
885,2207,101,(828) 663-7731,Unlimited call,2015-05-12 22:19:53.000,2016-01-07 19:20:33.000,8286637731
894,2222,109,+1 (132) 292-2426,Roaming special,2016-08-12 14:35:12.000,2015-03-03 02:06:31.000,11322922426
894,2223,107,232-759-9410,10G 3G,2015-05-13 22:48:58.000,2015-01-27 18:16:33.000,2327599410
891,2217,102,6132244831,Unlimited text,2016-04-18 21:53:07.000,2015-08-02 12:07:05.000,6132244831
891,2219,104,2878548579,100 text,2016-02-16 12:23:08.000,2016-01-01 19:06:50.000,2878548579
891,2221,105,5577935848,10G LTE,2017-01-25 13:10:26.000,2015-12-24 06:53:46.000,5577935848
899,2238,110,(149) 596-9069,5G tether,2015-09-02 12:27:38.000,2016-12-30 19:04:06.000,1495969069
899,2239,101,9451319028,Unlimited call,2016-08-02 19:36:22.000,2016-04-24 21:26:46.000,9451319028
895,2225,107,811 460 3153,10G 3G,2016-12-02 14:53:31.000,2016-07-23 20:37:05.000,8114603153
895,2226,108,960-428-3530,5G 3G,2016-09-03 09:36:06.000,2015-02-21 22:57:38.000,9604283530
895,2227,105,945-528-5431,10G LTE,2016-09-19 21:38:20.000,2016-04-25 11:48:17.000,9455285431
903,2244,101,883 660 9394,Unlimited call,2015-03-22 10:44:51.000,2016-10-19 17:14:08.000,8836609394
903,2245,108,+1 (565) 835-8993,5G 3G,2015-07-17 11:30:18.000,2016-01-10 13:41:47.000,15658358993
901,2240,109,2654199893,Roaming special,2015-11-09 07:13:28.000,2015-05-06 22:37:47.000,2654199893
901,2241,109,2652897224,Roaming special,2017-01-15 20:40:11.000,2015-10-21 09:31:33.000,2652897224
906,2246,101,8806286032,Unlimited call,2017-01-04 06:02:17.000,2015-12-26 02:32:07.000,8806286032
906,2247,109,5381799346,Roaming special,2015-03-29 02:19:38.000,2015-06-21 21:39:46.000,5381799346
906,2248,108,+1 (696) 747-2286,5G 3G,2015-09-04 18:37:13.000,2016-05-31 21:29:11.000,16967472286
897,2232,105,699 204 4742,10G LTE,2016-11-19 19:50:21.000,2016-05-14 05:29:46.000,6992044742
897,2234,105,191 948 2102,10G LTE,2016-05-27 13:11:10.000,2016-09-11 02:58:42.000,1919482102
897,2236,110,466-248-7720,5G tether,2015-03-28 19:59:05.000,2016-05-11 19:26:30.000,4662487720
896,2228,107,+1 (923) 879-2984,10G 3G,2015-07-31 11:01:44.000,2015-02-22 14:56:12.000,19238792984
896,2229,107,+1 (304) 397-7532,10G 3G,2015-10-14 02:50:36.000,2016-08-25 09:34:33.000,13043977532
896,2233,103,640-237-9965,450 min,2015-10-02 20:48:15.000,2016-07-23 21:43:19.000,6402379965
896,2235,108,604-502-9426,5G 3G,2015-02-19 10:53:05.000,2015-01-05 05:38:37.000,6045029426
908,2254,103,485 768 6760,450 min,2015-08-23 20:12:20.000,2017-02-13 22:31:58.000,4857686760
908,2255,102,8766476660,Unlimited text,2016-01-16 10:20:04.000,2015-08-22 12:48:19.000,8766476660
908,2257,108,8767848619,5G 3G,2016-10-22 18:29:13.000,2015-02-13 16:33:11.000,8767848619
911,2260,106,(690) 188-1667,5G LTE,2015-05-11 08:20:03.000,2015-09-18 10:33:17.000,6901881667
913,2265,103,843 859 8223,450 min,2015-10-03 17:37:17.000,2015-10-01 02:50:43.000,8438598223
907,2249,108,7344058186,5G 3G,2015-07-25 10:29:16.000,2016-09-25 14:42:20.000,7344058186
907,2250,110,1214733132,5G tether,2015-09-04 23:28:55.000,2016-09-21 18:55:47.000,1214733132
907,2252,102,589 765 2549,Unlimited text,2016-10-17 09:44:43.000,2016-12-19 07:39:10.000,5897652549
907,2253,104,(149) 541-6201,100 text,2015-10-03 03:26:25.000,2016-07-17 15:37:31.000,1495416201
910,2258,106,112 432 8050,5G LTE,2016-06-05 17:13:14.000,2016-08-21 11:01:26.000,1124328050
917,2270,106,2581563534,5G LTE,2015-06-04 06:04:14.000,2016-08-12 07:37:19.000,2581563534
917,2271,105,(326) 460-4295,10G LTE,2017-01-06 20:48:48.000,2016-11-08 01:07:49.000,3264604295
916,2267,109,2429738967,Roaming special,2016-04-02 08:20:46.000,2016-10-09 08:35:05.000,2429738967
916,2268,110,5818236789,5G tether,2015-05-31 20:12:19.000,2015-10-25 17:30:29.000,5818236789
918,2272,107,(816) 511-4690,10G 3G,2015-08-16 02:31:12.000,2015-11-22 00:34:37.000,8165114690
918,2273,104,736-931-9104,100 text,2016-06-16 22:15:43.000,2016-03-01 20:33:59.000,7369319104
918,2274,103,(986) 873-8716,450 min,2015-10-24 22:15:46.000,2015-11-25 11:10:05.000,9868738716
912,2262,109,7873237639,Roaming special,2015-04-08 23:59:59.000,2016-05-05 08:41:08.000,7873237639
912,2263,101,408-331-1955,Unlimited call,2016-04-13 20:38:58.000,2015-05-22 16:12:50.000,4083311955
912,2264,107,820 923 8946,10G 3G,2015-02-17 15:07:29.000,2015-10-17 01:33:08.000,8209238946
912,2266,110,2175893253,5G tether,2016-03-15 20:54:52.000,2016-02-08 09:26:38.000,2175893253
924,2280,107,6605821030,10G 3G,2015-09-22 18:28:33.000,2015-02-05 21:09:11.000,6605821030
924,2281,105,8965836438,10G LTE,2016-11-28 14:43:17.000,2015-10-31 07:52:02.000,8965836438
923,2279,103,902 813 9349,450 min,2016-02-21 18:01:14.000,2017-01-13 01:00:35.000,9028139349
925,2282,108,352-260-2332,5G 3G,2017-02-26 18:53:06.000,2016-05-23 00:54:52.000,3522602332
926,2284,110,870-433-7567,5G tether,2016-09-07 17:50:34.000,2016-10-09 22:04:49.000,8704337567
922,2276,101,+1 (519) 887-5411,Unlimited call,2016-05-16 02:49:20.000,2015-12-28 08:30:43.000,15198875411
922,2277,110,(603) 288-7683,5G tether,2016-03-24 11:31:10.000,2016-10-07 08:14:15.000,6032887683
927,2285,110,(116) 653-4441,5G tether,2016-03-15 02:01:39.000,2016-09-19 01:21:17.000,1166534441
928,2286,104,957 599 3669,100 text,2016-07-25 12:09:43.000,2015-08-23 07:32:56.000,9575993669
928,2287,106,(551) 368-3442,5G LTE,2016-01-23 22:38:49.000,2016-09-05 23:31:36.000,5513683442
928,2288,102,9508903689,Unlimited text,2015-06-20 13:04:10.000,2015-07-30 14:18:24.000,9508903689
933,2297,108,+1 (894) 466-9837,5G 3G,2016-06-04 22:21:18.000,2015-08-19 01:00:14.000,18944669837
930,2291,102,513 227 2526,Unlimited text,2015-07-02 09:44:12.000,2016-02-03 16:18:43.000,5132272526
929,2289,106,(851) 357-8232,5G LTE,2016-03-15 16:07:55.000,2015-07-14 01:55:10.000,8513578232
929,2290,101,+1 (172) 507-9120,Unlimited call,2016-10-19 15:42:52.000,2015-12-12 09:51:06.000,11725079120
931,2292,107,949-451-6582,10G 3G,2016-04-27 12:35:11.000,2015-02-23 16:55:00.000,9494516582
932,2294,107,412 980 2965,10G 3G,2016-02-05 04:16:13.000,2016-12-24 13:56:10.000,4129802965
931,2293,103,6819616021,450 min,2017-01-27 04:28:08.000,2016-02-22 15:42:10.000,6819616021
932,2295,105,+1 (144) 465-4719,10G LTE,2017-01-01 01:13:39.000,2016-11-12 04:25:09.000,11444654719
932,2296,102,906 926 9867,Unlimited text,2015-12-27 03:02:24.000,2016-10-01 20:12:23.000,9069269867
939,2306,103,+1 (749) 580-6773,450 min,2015-01-20 08:55:33.000,2016-03-10 23:19:36.000,17495806773
944,2317,103,180-507-8020,450 min,2016-08-02 19:19:26.000,2015-01-23 17:26:56.000,1805078020
945,2318,103,8764904883,450 min,2017-02-08 16:54:43.000,2016-03-07 18:09:36.000,8764904883
945,2319,109,393 549 9494,Roaming special,2017-01-11 04:05:01.000,2016-03-13 14:18:15.000,3935499494
945,2320,101,760-410-7597,Unlimited call,2016-04-21 09:04:08.000,2015-07-16 20:05:01.000,7604107597
947,2321,107,1764149691,10G 3G,2015-10-23 10:27:03.000,2015-07-12 13:25:16.000,1764149691
947,2322,105,(884) 173-7717,10G LTE,2016-02-24 07:47:28.000,2015-02-20 17:23:26.000,8841737717
937,2298,103,499-885-1632,450 min,2015-03-12 08:51:19.000,2016-10-17 07:57:10.000,4998851632
937,2301,103,749-772-7997,450 min,2015-09-05 03:29:09.000,2015-05-14 23:33:24.000,7497727997
937,2303,108,731 768 9718,5G 3G,2016-12-08 20:44:22.000,2016-06-08 06:02:05.000,7317689718
943,2312,102,2649631141,Unlimited text,2016-03-18 23:47:47.000,2015-01-14 15:53:48.000,2649631141
942,2307,110,(769) 847-1455,5G tether,2015-07-29 08:56:04.000,2016-02-23 15:29:49.000,7698471455
943,2313,107,(409) 811-8321,10G 3G,2015-07-05 09:30:06.000,2015-06-10 19:05:18.000,4098118321
942,2308,110,198-731-1782,5G tether,2016-12-21 02:28:24.000,2015-04-26 15:57:58.000,1987311782
943,2314,106,+1 (630) 816-3670,5G LTE,2016-02-17 18:34:36.000,2016-11-14 11:16:28.000,16308163670
942,2309,102,591 734 5921,Unlimited text,2016-08-11 16:18:31.000,2015-08-15 02:59:46.000,5917345921
942,2310,107,(495) 505-9436,10G 3G,2015-06-16 13:34:55.000,2017-01-02 04:44:22.000,4955059436
943,2315,103,(227) 621-1517,450 min,2015-08-03 12:11:17.000,2016-08-16 21:39:14.000,2276211517
942,2311,109,306-575-2684,Roaming special,2016-09-10 13:45:33.000,2016-03-11 10:31:55.000,3065752684
943,2316,109,791-398-2974,Roaming special,2016-05-23 05:48:23.000,2016-06-06 20:49:56.000,7913982974
940,2299,103,464 532 7856,450 min,2016-09-18 04:47:48.000,2015-11-08 14:15:17.000,4645327856
940,2300,104,115-281-4790,100 text,2016-03-06 22:54:22.000,2015-12-02 05:05:03.000,1152814790
940,2302,107,3107927327,10G 3G,2015-01-16 17:33:04.000,2017-02-18 22:12:18.000,3107927327
940,2304,104,469 810 9952,100 text,2015-10-29 08:39:51.000,2015-11-27 08:00:49.000,4698109952
940,2305,102,5163755633,Unlimited text,2016-06-13 20:24:45.000,2015-04-25 15:35:31.000,5163755633
949,2326,110,284-267-6106,5G tether,2016-07-26 19:35:57.000,2017-02-17 21:04:24.000,2842676106
949,2327,107,(632) 239-5856,10G 3G,2015-06-21 00:46:13.000,2017-01-22 06:03:38.000,6322395856
951,2332,109,986-872-6416,Roaming special,2016-11-07 15:37:07.000,2015-11-05 10:48:25.000,9868726416
948,2323,101,(438) 676-5461,Unlimited call,2016-03-13 11:05:21.000,2016-08-13 14:25:07.000,4386765461
948,2324,107,+1 (812) 247-4281,10G 3G,2015-09-28 05:07:57.000,2016-09-21 21:12:53.000,18122474281
948,2325,107,240-987-1418,10G 3G,2015-08-11 14:11:06.000,2016-03-11 01:44:06.000,2409871418
955,2340,101,420-468-5963,Unlimited call,2016-08-27 18:41:49.000,2016-05-15 15:26:20.000,4204685963
953,2337,105,213-740-6554,10G LTE,2015-08-03 20:12:54.000,2016-03-01 01:30:21.000,2137406554
953,2338,110,309-393-6642,5G tether,2016-01-21 13:11:33.000,2017-02-24 14:29:17.000,3093936642
953,2339,109,+1 (368) 504-8325,Roaming special,2016-08-25 11:41:28.000,2016-06-18 12:46:09.000,13685048325
952,2333,102,(413) 221-8466,Unlimited text,2016-04-24 19:21:25.000,2016-12-11 20:51:00.000,4132218466
952,2334,108,(209) 367-4625,5G 3G,2016-04-04 17:58:34.000,2016-12-01 09:32:05.000,2093674625
952,2335,106,3009676932,5G LTE,2015-09-28 23:26:10.000,2015-06-07 08:11:56.000,3009676932
952,2336,101,(389) 189-3575,Unlimited call,2015-08-08 02:52:50.000,2015-02-06 03:57:16.000,3891893575
959,2356,106,5626365910,5G LTE,2017-02-05 20:56:21.000,2017-02-25 05:25:18.000,5626365910
959,2357,103,(243) 586-1077,450 min,2015-09-30 18:57:24.000,2016-06-23 22:37:29.000,2435861077
950,2328,106,(125) 854-6624,5G LTE,2016-04-29 10:39:55.000,2016-09-15 05:54:34.000,1258546624
959,2358,101,(779) 508-9815,Unlimited call,2017-01-16 20:55:20.000,2016-06-24 18:21:19.000,7795089815
950,2329,109,362-288-8118,Roaming special,2016-01-06 05:49:57.000,2015-04-18 23:10:54.000,3622888118
950,2330,110,644 199 6515,5G tether,2016-03-18 11:31:15.000,2015-03-23 14:32:09.000,6441996515
950,2331,102,+1 (359) 731-2342,Unlimited text,2015-07-01 22:47:29.000,2015-01-20 08:08:50.000,13597312342
961,2362,103,+1 (509) 243-6956,450 min,2016-10-26 21:52:38.000,2016-03-27 04:51:09.000,15092436956
957,2346,101,8531836762,Unlimited call,2016-03-15 20:52:46.000,2016-04-15 04:38:41.000,8531836762
957,2348,102,565-172-7467,Unlimited text,2015-10-01 17:46:43.000,2016-05-06 14:44:29.000,5651727467
957,2349,110,355-793-4634,5G tether,2015-04-19 15:19:48.000,2016-11-27 12:48:33.000,3557934634
957,2350,104,+1 (201) 621-2358,100 text,2015-12-08 22:36:12.000,2016-01-23 07:44:31.000,12016212358
956,2341,109,(927) 425-2397,Roaming special,2015-03-08 00:00:32.000,2015-02-20 18:19:28.000,9274252397
956,2343,107,(108) 519-7188,10G 3G,2015-02-21 23:46:25.000,2016-03-06 19:30:29.000,1085197188
956,2344,104,670-469-6564,100 text,2016-09-06 09:19:10.000,2016-09-25 14:58:52.000,6704696564
956,2345,101,138 481 7228,Unlimited call,2015-06-17 14:51:49.000,2015-11-17 21:52:14.000,1384817228
962,2363,106,7028773087,5G LTE,2015-09-05 09:42:01.000,2017-02-17 15:27:52.000,7028773087
960,2359,106,+1 (728) 852-5185,5G LTE,2016-01-06 10:46:27.000,2016-08-31 02:47:53.000,17288525185
960,2360,106,4429226869,5G LTE,2016-09-09 08:22:55.000,2015-11-20 16:00:35.000,4429226869
960,2361,102,(374) 305-8596,Unlimited text,2016-07-16 13:06:19.000,2015-06-22 20:58:01.000,3743058596
958,2351,110,(176) 861-4354,5G tether,2015-01-03 12:45:10.000,2015-07-31 19:21:25.000,1768614354
958,2353,109,586 136 6563,Roaming special,2015-06-20 01:11:44.000,2016-10-23 05:30:03.000,5861366563
958,2354,105,953-854-1031,10G LTE,2015-10-10 10:37:33.000,2016-08-14 06:19:32.000,9538541031
958,2355,109,(121) 435-7811,Roaming special,2016-01-17 17:26:53.000,2015-06-29 12:29:49.000,1214357811
967,2375,103,5868322248,450 min,2016-12-24 03:21:33.000,2017-01-22 19:14:44.000,5868322248
967,2376,109,393 676 7608,Roaming special,2016-05-24 23:22:12.000,2015-02-01 20:31:24.000,3936767608
964,2365,106,274 498 8589,5G LTE,2016-11-14 03:38:58.000,2015-06-30 23:57:33.000,2744988589
964,2366,106,8868922613,5G LTE,2016-01-24 03:03:18.000,2015-10-14 04:36:01.000,8868922613
964,2368,108,+1 (633) 283-6681,5G 3G,2016-05-29 15:12:18.000,2016-01-23 15:03:49.000,16332836681
964,2369,104,575-332-2028,100 text,2016-07-04 06:12:50.000,2016-12-31 12:06:06.000,5753322028
971,2377,106,601-283-8246,5G LTE,2016-06-13 23:22:04.000,2015-07-29 09:51:52.000,6012838246
966,2372,104,283 222 9158,100 text,2016-11-14 15:35:49.000,2016-03-18 00:15:04.000,2832229158
966,2373,101,720-843-8194,Unlimited call,2016-04-10 15:35:43.000,2015-12-13 10:39:06.000,7208438194
966,2374,103,+1 (721) 832-7373,450 min,2016-12-20 02:08:09.000,2016-08-31 10:12:29.000,17218327373
980,2401,102,181 343 8975,Unlimited text,2015-11-03 23:06:05.000,2017-02-24 05:48:10.000,1813438975
977,2393,103,750 698 5406,450 min,2016-05-17 00:00:52.000,2016-10-23 16:11:00.000,7506985406
977,2394,108,+1 (894) 757-5498,5G 3G,2015-03-19 00:40:29.000,2016-10-31 11:04:00.000,18947575498
978,2397,105,181 104 7641,10G LTE,2015-09-06 11:32:27.000,2015-02-07 09:33:09.000,1811047641
979,2396,108,6387377070,5G 3G,2016-12-12 21:58:11.000,2015-07-03 06:38:47.000,6387377070
979,2398,110,+1 (776) 762-4943,5G tether,2016-01-31 13:34:13.000,2016-07-25 01:01:09.000,17767624943
973,2378,106,471-318-7937,5G LTE,2016-02-27 07:17:13.000,2016-04-25 23:15:43.000,4713187937
973,2379,105,741-328-3153,10G LTE,2016-12-01 11:18:20.000,2015-05-27 13:41:35.000,7413283153
973,2380,110,(555) 387-4288,5G tether,2015-02-01 13:26:46.000,2015-12-15 22:16:41.000,5553874288
973,2382,106,9089883949,5G LTE,2016-10-29 05:15:55.000,2016-06-18 18:21:39.000,9089883949
975,2388,107,(423) 667-3186,10G 3G,2015-07-07 05:01:29.000,2016-03-31 19:47:26.000,4236673186
975,2389,107,922 275 1287,10G 3G,2015-02-13 18:31:01.000,2015-09-20 17:58:13.000,9222751287
975,2390,102,4352246635,Unlimited text,2016-12-03 18:52:58.000,2016-07-18 01:57:19.000,4352246635
975,2392,103,5919688694,450 min,2016-07-27 10:36:20.000,2016-05-29 23:29:09.000,5919688694
981,2402,101,(339) 508-6515,Unlimited call,2016-07-12 10:49:36.000,2016-12-18 22:07:01.000,3395086515
981,2403,108,263 926 6568,5G 3G,2015-04-09 16:20:24.000,2016-12-26 14:22:15.000,2639266568
981,2405,101,(704) 183-2873,Unlimited call,2015-05-27 21:07:36.000,2015-01-06 23:53:52.000,7041832873
984,2415,104,8389628331,100 text,2016-06-04 15:38:51.000,2016-10-21 03:08:55.000,8389628331
984,2416,105,190 451 2091,10G LTE,2016-07-24 12:10:52.000,2016-08-10 17:58:17.000,1904512091
984,2417,105,4007824973,10G LTE,2015-09-02 00:53:58.000,2017-01-09 15:58:19.000,4007824973
974,2384,102,379-670-3181,Unlimited text,2017-01-15 13:16:57.000,2015-12-02 14:51:52.000,3796703181
974,2385,106,+1 (370) 602-1318,5G LTE,2015-04-07 09:11:41.000,2015-09-11 09:09:02.000,13706021318
974,2386,107,+1 (115) 401-8591,10G 3G,2015-01-12 22:41:40.000,2016-10-11 13:11:40.000,11154018591
983,2410,107,(589) 369-2650,10G 3G,2017-02-10 23:33:16.000,2015-11-02 21:14:41.000,5893692650
983,2411,109,8482772557,Roaming special,2016-02-20 00:29:32.000,2016-09-25 20:27:21.000,8482772557
983,2412,101,(211) 909-4903,Unlimited call,2015-05-31 03:02:09.000,2015-04-15 07:08:45.000,2119094903
983,2414,110,217 933 7864,5G tether,2015-09-23 06:18:21.000,2015-12-31 14:02:23.000,2179337864
985,2418,107,843 886 2319,10G 3G,2016-08-24 01:01:54.000,2015-07-13 17:46:24.000,8438862319
74,188,110,(767) 946-2652,5G tether,2015-03-22 16:43:06.000,2016-06-11 04:26:34.000,7679462652
75,193,106,6312905191,5G LTE,2016-09-07 00:24:17.000,2016-11-18 10:16:38.000,6312905191
75,196,106,(388) 969-3275,5G LTE,2015-01-28 18:55:17.000,2015-12-28 17:58:53.000,3889693275
77,201,106,9399465768,5G LTE,2016-11-23 04:05:53.000,2015-01-19 18:28:26.000,9399465768
80,204,107,+1 (478) 922-4580,10G 3G,2016-02-10 08:13:40.000,2015-04-29 05:23:40.000,14789224580
81,208,108,5485832541,5G 3G,2016-05-14 11:01:08.000,2016-03-01 07:51:05.000,5485832541
83,212,107,(106) 970-8193,10G 3G,2015-05-14 07:25:38.000,2016-04-10 20:21:20.000,1069708193
85,217,103,645-354-6149,450 min,2015-04-14 17:42:56.000,2016-07-31 04:23:10.000,6453546149
86,221,108,(685) 694-8008,5G 3G,2015-07-09 17:08:28.000,2015-12-13 10:25:58.000,6856948008
87,224,110,+1 (841) 220-8637,5G tether,2015-02-10 02:47:47.000,2015-02-16 06:32:34.000,18412208637
89,230,104,(819) 351-8786,100 text,2016-06-12 09:57:10.000,2015-10-01 11:10:42.000,8193518786
90,234,103,+1 (787) 907-6685,450 min,2015-10-19 20:49:28.000,2016-09-28 01:51:41.000,17879076685
91,239,109,+1 (954) 697-9099,Roaming special,2016-10-06 21:03:16.000,2017-01-10 16:41:50.000,19546979099
94,244,109,(344) 432-8722,Roaming special,2017-02-27 12:52:37.000,2016-02-29 13:27:25.000,3444328722
97,249,101,7294462595,Unlimited call,2015-06-30 08:29:10.000,2017-01-30 08:12:12.000,7294462595
99,253,104,(762) 351-4136,100 text,2015-07-01 16:04:44.000,2017-01-27 13:58:14.000,7623514136
100,257,102,686 562 5397,Unlimited text,2016-02-24 10:20:58.000,2015-09-30 06:31:46.000,6865625397
126,325,110,(494) 867-1646,5G tether,2016-07-09 22:17:19.000,2016-12-30 12:45:18.000,4948671646
127,329,106,+1 (811) 203-1576,5G LTE,2015-12-11 04:26:29.000,2015-08-07 00:01:09.000,18112031576
129,334,106,+1 (646) 719-6613,5G LTE,2016-08-07 23:41:30.000,2015-05-02 10:59:58.000,16467196613
131,339,106,+1 (926) 803-7173,5G LTE,2015-09-04 04:56:53.000,2015-05-11 01:05:19.000,19268037173
132,343,104,523 769 3477,100 text,2015-07-11 06:06:36.000,2016-08-11 14:56:37.000,5237693477
134,347,106,425 306 6912,5G LTE,2016-07-14 21:01:19.000,2015-04-08 04:12:20.000,4253066912
136,351,103,978-391-6622,450 min,2016-03-16 23:05:26.000,2015-09-24 16:20:56.000,9783916622
137,354,107,+1 (661) 587-1575,10G 3G,2017-02-28 00:13:06.000,2015-04-19 11:03:17.000,16615871575
142,359,102,+1 (602) 459-1722,Unlimited text,2017-02-01 04:30:11.000,2015-10-06 01:38:47.000,16024591722
144,364,109,+1 (492) 102-8805,Roaming special,2015-05-29 13:49:34.000,2015-12-21 20:40:39.000,14921028805
146,369,110,438-819-8406,5G tether,2015-07-19 14:48:09.000,2016-04-16 13:29:18.000,4388198406
148,373,101,+1 (686) 928-9241,Unlimited call,2016-06-01 02:57:25.000,2015-08-05 07:12:37.000,16869289241
149,378,107,5627616749,10G 3G,2015-04-08 14:26:07.000,2015-11-06 16:11:22.000,5627616749
150,381,109,(686) 746-7477,Roaming special,2016-04-20 09:39:56.000,2015-01-20 16:14:44.000,6867467477
151,386,104,1628858531,100 text,2016-12-14 19:52:22.000,2015-04-18 18:21:15.000,1628858531
172,447,104,485-671-4442,100 text,2015-12-21 16:44:29.000,2016-05-30 01:42:15.000,4856714442
173,451,102,864-405-1690,Unlimited text,2016-02-28 05:35:52.000,2016-10-01 06:09:21.000,8644051690
177,455,108,5962908749,5G 3G,2015-10-10 07:58:06.000,2015-08-09 12:11:19.000,5962908749
179,459,102,(890) 124-5035,Unlimited text,2016-10-11 17:29:05.000,2015-06-05 09:15:42.000,8901245035
180,464,102,304-490-2326,Unlimited text,2015-09-20 13:17:36.000,2015-03-14 17:05:45.000,3044902326
181,468,108,298 386 8288,5G 3G,2016-10-28 09:15:14.000,2016-10-15 08:47:21.000,2983868288
182,473,103,1424695095,450 min,2016-05-03 19:29:43.000,2015-05-21 17:31:32.000,1424695095
186,477,108,6373472417,5G 3G,2016-10-11 01:54:01.000,2017-01-17 21:36:14.000,6373472417
189,481,101,+1 (448) 806-6550,Unlimited call,2016-05-02 20:18:19.000,2017-02-20 18:54:44.000,14488066550
192,486,110,(952) 496-5598,5G tether,2015-09-16 07:26:43.000,2016-01-17 15:44:54.000,9524965598
193,490,108,+1 (956) 267-7332,5G 3G,2016-04-29 07:46:36.000,2016-11-15 00:53:33.000,19562677332
194,493,109,+1 (490) 944-3640,Roaming special,2015-11-24 10:11:58.000,2017-01-12 21:23:45.000,14909443640
195,499,109,(797) 206-8928,Roaming special,2015-10-15 04:02:09.000,2015-01-16 04:52:37.000,7972068928
199,504,105,+1 (361) 333-8219,10G LTE,2016-10-08 16:11:18.000,2016-10-07 17:58:24.000,13613338219
201,508,104,(771) 119-7331,100 text,2016-12-19 17:43:40.000,2016-08-26 04:57:50.000,7711197331
204,512,109,+1 (790) 265-3425,Roaming special,2015-07-30 08:50:34.000,2016-04-13 00:58:04.000,17902653425
224,571,106,3228857578,5G LTE,2015-11-19 21:21:08.000,2015-04-14 11:17:28.000,3228857578
225,575,106,+1 (137) 467-8433,5G LTE,2016-12-01 06:05:04.000,2015-03-18 14:26:32.000,11374678433
226,580,103,+1 (241) 627-1111,450 min,2015-01-22 16:59:18.000,2017-02-26 11:36:18.000,12416271111
227,584,104,6503063606,100 text,2015-01-08 22:35:23.000,2015-03-13 09:01:35.000,6503063606
229,588,106,241 103 1899,5G LTE,2015-02-09 09:20:02.000,2017-01-14 08:43:10.000,2411031899
233,592,107,(736) 376-8640,10G 3G,2015-04-10 20:35:39.000,2016-11-21 17:54:41.000,7363768640
234,596,105,351-486-6151,10G LTE,2015-11-02 22:06:28.000,2016-11-07 17:03:50.000,3514866151
235,600,105,+1 (545) 956-8049,10G LTE,2016-01-13 07:19:52.000,2016-07-24 06:58:11.000,15459568049
237,605,108,156-519-1416,5G 3G,2016-04-09 06:57:56.000,2015-07-08 09:02:57.000,1565191416
239,608,103,(293) 341-9918,450 min,2015-07-12 21:17:40.000,2016-04-23 07:17:32.000,2933419918
242,612,108,(518) 844-3168,5G 3G,2015-04-14 03:02:41.000,2017-01-27 06:53:13.000,5188443168
243,617,107,4508922602,10G 3G,2017-01-03 23:27:51.000,2016-10-13 13:55:30.000,4508922602
244,620,105,+1 (227) 651-3134,10G LTE,2016-06-28 05:52:18.000,2016-10-19 02:09:33.000,12276513134
246,625,110,391-481-8911,5G tether,2015-08-02 07:07:01.000,2015-08-03 09:01:59.000,3914818911
246,629,105,+1 (902) 408-4296,10G LTE,2016-03-15 07:00:15.000,2015-09-18 14:04:01.000,19024084296
248,634,110,+1 (564) 704-4536,5G tether,2015-05-31 07:21:00.000,2017-01-27 14:43:38.000,15647044536
251,638,107,846 658 9611,10G 3G,2016-05-23 20:54:45.000,2016-03-07 19:00:22.000,8466589611
17,61,101,+1 (595) 813-5304,Unlimited call,2016-12-06 00:34:23.000,2016-08-08 16:25:13.000,15958135304
18,66,103,380-478-6942,450 min,2015-03-03 04:11:06.000,2016-06-29 04:09:33.000,3804786942
20,70,104,+1 (484) 466-2061,100 text,2015-09-23 01:15:02.000,2015-11-26 07:03:10.000,14844662061
21,74,104,(649) 286-2995,100 text,2016-04-28 21:46:30.000,2015-01-05 16:53:00.000,6492862995
22,78,103,149 263 7517,450 min,2015-12-30 19:40:57.000,2016-08-18 15:27:06.000,1492637517
23,83,108,(820) 556-2134,5G 3G,2016-12-14 08:53:08.000,2016-11-16 18:02:42.000,8205562134
28,87,109,3141357486,Roaming special,2017-02-21 14:16:08.000,2015-06-01 22:07:59.000,3141357486
31,92,106,679-712-1378,5G LTE,2016-03-05 07:57:59.000,2015-08-19 21:00:12.000,6797121378
32,96,109,(571) 106-9693,Roaming special,2015-10-21 00:46:00.000,2015-12-03 11:21:18.000,5711069693
35,101,109,3394265481,Roaming special,2016-04-08 19:15:37.000,2016-03-26 00:19:52.000,3394265481
36,105,104,552 927 6965,100 text,2016-06-02 21:31:22.000,2015-06-13 22:09:08.000,5529276965
38,110,107,(177) 906-6516,10G 3G,2015-07-13 01:26:03.000,2016-03-28 21:15:55.000,1779066516
39,114,104,+1 (931) 159-4794,100 text,2017-02-16 07:19:57.000,2016-11-07 13:04:11.000,19311594794
41,118,102,137 399 7733,Unlimited text,2015-07-17 19:12:59.000,2016-03-28 17:27:36.000,1373997733
42,122,103,(310) 535-4058,450 min,2015-08-14 05:09:04.000,2016-05-12 17:44:16.000,3105354058
45,127,102,(838) 130-7465,Unlimited text,2016-01-29 06:22:46.000,2016-01-03 23:23:24.000,8381307465
438,1096,105,+1 (648) 607-3373,10G LTE,2015-05-22 01:32:29.000,2016-11-19 03:47:27.000,16486073373
433,1085,105,9149527956,10G LTE,2016-11-21 04:59:42.000,2015-08-17 07:21:04.000,9149527956
437,1094,110,+1 (955) 920-2804,5G tether,2016-05-09 20:03:35.000,2015-02-11 22:05:47.000,19559202804
439,1097,106,828-491-8503,5G LTE,2015-07-11 12:42:17.000,2016-03-17 08:09:45.000,8284918503
442,1105,108,952-246-3132,5G 3G,2015-11-23 20:26:09.000,2016-03-29 06:50:47.000,9522463132
441,1102,110,(937) 838-5215,5G tether,2015-05-03 21:10:06.000,2017-01-17 12:35:55.000,9378385215
444,1109,101,398 982 5808,Unlimited call,2016-04-08 11:37:12.000,2016-04-23 16:25:27.000,3989825808
447,1123,102,8055889200,Unlimited text,2015-09-28 00:16:34.000,2016-04-07 04:20:21.000,8055889200
445,1113,110,317 458 9944,5G tether,2016-11-10 13:48:18.000,2016-02-27 23:33:36.000,3174589944
445,1119,101,238 169 5636,Unlimited call,2016-02-08 19:03:50.000,2016-02-09 00:26:38.000,2381695636
448,1126,103,280-248-5400,450 min,2015-10-07 18:20:17.000,2016-08-08 05:49:52.000,2802485400
448,1128,110,926 519 7374,5G tether,2015-08-06 23:08:10.000,2016-11-09 18:31:02.000,9265197374
454,1136,108,+1 (982) 499-9056,5G 3G,2015-08-08 23:58:04.000,2016-02-08 08:34:19.000,19824999056
455,1149,108,+1 (214) 159-4334,5G 3G,2016-08-02 15:47:25.000,2016-08-05 12:55:29.000,12141594334
456,1152,106,893 746 1048,5G LTE,2015-01-03 15:21:59.000,2016-12-22 20:12:33.000,8937461048
450,1156,107,900 507 8497,10G 3G,2015-02-10 04:43:00.000,2017-01-21 04:05:52.000,9005078497
480,1213,103,+1 (933) 631-4600,450 min,2016-03-28 06:34:28.000,2016-12-02 21:09:25.000,19336314600
473,1209,110,(233) 864-4505,5G tether,2015-08-24 15:52:59.000,2016-10-05 17:43:58.000,2338644505
486,1230,102,(174) 122-6532,Unlimited text,2015-11-01 11:17:46.000,2015-09-14 07:54:34.000,1741226532
484,1222,110,981-698-9854,5G tether,2015-01-31 13:32:09.000,2015-01-26 03:40:25.000,9816989854
485,1227,103,748-774-4934,450 min,2015-12-21 12:30:11.000,2015-08-24 19:55:10.000,7487744934
483,1218,103,965-519-3602,450 min,2016-08-03 19:29:46.000,2015-10-16 01:27:24.000,9655193602
487,1233,104,+1 (441) 220-8131,100 text,2016-08-14 04:21:25.000,2017-02-05 20:11:55.000,14412208131
488,1236,102,225-136-6413,Unlimited text,2016-01-11 01:19:03.000,2015-11-11 16:44:07.000,2251366413
491,1241,105,+1 (271) 522-8207,10G LTE,2015-11-01 11:37:35.000,2015-12-12 05:12:07.000,12715228207
497,1255,104,450 318 1834,100 text,2017-02-03 23:13:43.000,2015-04-02 06:19:27.000,4503181834
492,1243,101,(976) 272-4479,Unlimited call,2016-08-01 05:15:57.000,2016-06-04 10:54:36.000,9762724479
500,1256,110,138-737-9468,5G tether,2015-11-26 18:25:34.000,2015-05-10 02:24:23.000,1387379468
505,1259,102,+1 (355) 331-5961,Unlimited text,2016-08-31 18:02:08.000,2015-07-17 11:12:31.000,13553315961
510,1272,104,2966744764,100 text,2015-03-28 05:03:47.000,2016-02-14 02:02:24.000,2966744764
506,1265,106,8243273924,5G LTE,2015-01-21 08:00:55.000,2015-02-23 05:06:48.000,8243273924
532,1326,101,581 194 5046,Unlimited call,2015-08-22 12:22:59.000,2016-04-14 15:25:43.000,5811945046
537,1340,107,549-450-3295,10G 3G,2015-02-22 19:00:57.000,2016-05-10 18:23:26.000,5494503295
542,1350,101,677-454-4251,Unlimited call,2015-12-17 05:34:12.000,2015-05-16 10:32:37.000,6774544251
533,1330,105,+1 (472) 182-9865,10G LTE,2016-09-11 03:38:29.000,2015-06-19 12:49:48.000,14721829865
541,1346,110,6967187020,5G tether,2016-08-07 11:17:16.000,2015-06-21 02:25:55.000,6967187020
548,1365,103,5673731097,450 min,2016-03-29 13:55:21.000,2017-02-14 12:27:55.000,5673731097
552,1374,105,+1 (769) 520-8838,10G LTE,2016-12-16 04:02:58.000,2016-03-04 02:49:48.000,17695208838
544,1352,104,(755) 257-7099,100 text,2015-09-28 08:28:59.000,2016-11-01 02:37:12.000,7552577099
547,1364,109,(354) 334-5795,Roaming special,2016-09-15 22:55:34.000,2015-09-29 21:42:15.000,3543345795
551,1371,107,650 996 1355,10G 3G,2017-01-19 04:43:49.000,2015-03-22 01:38:42.000,6509961355
545,1356,106,9063287888,5G LTE,2015-07-27 21:56:42.000,2015-11-21 04:46:30.000,9063287888
550,1366,101,698-345-9877,Unlimited call,2016-01-24 12:12:09.000,2016-03-04 20:02:33.000,6983459877
553,1378,107,+1 (193) 676-1918,10G 3G,2015-02-27 14:42:37.000,2016-01-07 07:42:46.000,11936761918
559,1390,110,(870) 122-2171,5G tether,2016-11-03 19:20:48.000,2015-08-29 01:53:47.000,8701222171
555,1383,106,+1 (301) 983-8593,5G LTE,2015-08-06 13:45:05.000,2015-05-05 16:50:28.000,13019838593
563,1399,105,4198371744,10G LTE,2016-02-24 07:39:31.000,2016-10-21 18:59:59.000,4198371744
562,1397,108,123 412 6220,5G 3G,2016-09-06 09:26:23.000,2016-04-27 14:16:24.000,1234126220
585,1448,106,831 858 7572,5G LTE,2016-01-25 12:49:47.000,2016-06-03 12:40:17.000,8318587572
587,1455,107,(851) 554-2260,10G 3G,2016-09-07 07:23:48.000,2015-04-26 02:52:55.000,8515542260
596,1476,108,247 357 4699,5G 3G,2016-11-18 21:38:52.000,2016-05-03 13:04:05.000,2473574699
592,1467,110,676-541-4075,5G tether,2016-08-09 20:07:29.000,2015-03-28 18:09:20.000,6765414075
595,1474,102,5812125532,Unlimited text,2016-07-24 22:50:25.000,2016-10-12 15:26:18.000,5812125532
598,1477,102,+1 (462) 320-3137,Unlimited text,2015-06-30 08:28:51.000,2015-12-29 23:11:49.000,14623203137
606,1492,105,145-220-8663,10G LTE,2016-04-07 16:51:58.000,2016-11-20 09:05:59.000,1452208663
601,1485,109,(676) 384-8724,Roaming special,2015-02-19 12:45:09.000,2015-02-18 00:40:16.000,6763848724
603,1491,102,592-346-3568,Unlimited text,2015-03-12 10:11:13.000,2015-11-30 10:05:04.000,5923463568
609,1495,109,(627) 344-9897,Roaming special,2015-12-29 20:10:36.000,2015-11-25 05:17:42.000,6273449897
609,1501,103,+1 (205) 885-2283,450 min,2017-01-02 10:13:44.000,2016-08-26 23:35:47.000,12058852283
614,1510,105,(222) 813-3459,10G LTE,2015-01-24 05:12:36.000,2015-05-05 22:17:04.000,2228133459
616,1513,108,+1 (178) 887-6632,5G 3G,2016-07-17 06:14:25.000,2015-04-13 05:17:32.000,11788876632
620,1521,110,867 403 2780,5G tether,2016-12-16 12:35:52.000,2016-07-25 15:00:29.000,8674032780
618,1518,101,(625) 229-6414,Unlimited call,2015-04-06 05:30:11.000,2015-08-03 13:42:16.000,6252296414
627,1537,110,197-126-5891,5G tether,2015-04-16 13:49:47.000,2015-09-24 10:27:11.000,1971265891
644,1585,101,+1 (334) 258-5788,Unlimited call,2015-09-19 15:52:24.000,2016-07-30 23:37:55.000,13342585788
648,1593,108,107 111 6166,5G 3G,2015-10-04 01:06:24.000,2015-11-01 04:43:37.000,1071116166
650,1602,109,305-938-7893,Roaming special,2016-05-20 15:52:34.000,2015-01-01 16:07:48.000,3059387893
651,1605,108,827 986 5406,5G 3G,2016-12-09 17:10:55.000,2016-02-09 00:41:41.000,8279865406
649,1598,106,(217) 829-7102,5G LTE,2016-03-13 07:55:13.000,2016-07-17 01:47:40.000,2178297102
659,1620,108,4051234454,5G 3G,2015-03-29 09:11:37.000,2016-07-13 18:29:56.000,4051234454
657,1614,110,818 974 6553,5G tether,2015-08-03 19:45:45.000,2016-02-28 00:42:03.000,8189746553
661,1623,105,+1 (201) 708-3825,10G LTE,2015-10-07 08:15:00.000,2016-11-03 17:46:53.000,12017083825
656,1608,107,797 979 2468,10G 3G,2016-10-03 12:20:20.000,2016-09-07 04:34:42.000,7979792468
656,1612,108,+1 (278) 412-1826,5G 3G,2015-03-21 02:30:27.000,2015-08-20 19:16:49.000,12784121826
663,1629,110,939-739-1315,5G tether,2015-11-27 05:56:40.000,2015-01-29 16:08:04.000,9397391315
666,1641,107,972 872 4403,10G 3G,2016-05-17 01:46:34.000,2015-08-18 23:32:46.000,9728724403
665,1637,101,+1 (226) 579-4986,Unlimited call,2015-07-11 03:06:24.000,2017-01-21 12:09:43.000,12265794986
664,1634,102,+1 (278) 730-6823,Unlimited text,2015-08-11 23:03:13.000,2016-12-27 19:20:44.000,12787306823
667,1647,101,440 793 3873,Unlimited call,2015-11-30 09:04:32.000,2015-04-24 13:17:29.000,4407933873
669,1652,105,587 250 6755,10G LTE,2016-04-22 13:27:11.000,2017-02-05 07:24:30.000,5872506755
272,698,104,132-183-6781,100 text,2015-10-07 22:32:49.000,2016-04-28 15:08:27.000,1321836781
274,703,106,+1 (194) 449-2751,5G LTE,2015-09-03 16:02:57.000,2015-03-29 19:52:13.000,11944492751
276,708,110,319 975 5010,5G tether,2016-07-08 22:45:37.000,2016-06-26 23:45:07.000,3199755010
277,712,101,425-577-9147,Unlimited call,2017-01-22 12:57:39.000,2015-08-30 18:38:34.000,4255779147
280,716,104,4862493297,100 text,2015-09-29 11:54:58.000,2017-02-05 01:56:16.000,4862493297
281,720,101,329-566-9307,Unlimited call,2015-07-24 07:37:30.000,2015-08-10 10:14:34.000,3295669307
284,725,105,2477171018,10G LTE,2016-07-23 02:58:26.000,2016-05-22 00:08:27.000,2477171018
286,728,102,167-820-8485,Unlimited text,2015-12-26 21:32:42.000,2015-03-01 02:06:25.000,1678208485
287,732,105,+1 (806) 234-4390,10G LTE,2017-02-09 02:52:52.000,2015-10-16 21:56:43.000,18062344390
289,736,103,9235371129,450 min,2016-01-15 19:48:00.000,2015-11-13 01:21:04.000,9235371129
290,740,101,237-786-8505,Unlimited call,2015-08-20 18:49:00.000,2017-01-12 17:19:59.000,2377868505
292,745,101,(335) 118-4922,Unlimited call,2015-06-04 19:41:47.000,2016-07-09 11:11:39.000,3351184922
292,749,106,(810) 678-4748,5G LTE,2015-05-15 12:35:02.000,2016-05-02 07:40:31.000,8106784748
293,754,109,8899377129,Roaming special,2016-11-26 09:27:39.000,2016-08-01 18:04:34.000,8899377129
294,758,110,282 505 1550,5G tether,2015-04-22 00:56:24.000,2016-05-05 13:07:00.000,2825051550
295,762,110,(710) 746-1886,5G tether,2015-04-17 14:44:30.000,2015-03-01 07:16:57.000,7107461886
299,766,104,(613) 763-8291,100 text,2015-07-01 23:10:59.000,2015-04-06 08:58:34.000,6137638291
326,828,104,(944) 905-3474,100 text,2016-05-04 12:01:37.000,2015-03-01 08:15:39.000,9449053474
328,833,107,366-764-9740,10G 3G,2015-06-13 23:07:44.000,2015-02-16 04:45:49.000,3667649740
330,837,101,816 113 6358,Unlimited call,2016-09-16 08:09:16.000,2015-05-05 22:55:20.000,8161136358
331,841,104,873-188-6392,100 text,2016-06-22 00:09:01.000,2015-09-20 04:42:23.000,8731886392
332,845,106,5684114499,5G LTE,2015-12-27 18:04:54.000,2015-03-26 11:55:25.000,5684114499
333,848,106,+1 (930) 154-1582,5G LTE,2015-09-19 15:03:41.000,2016-05-04 15:55:19.000,19301541582
334,853,101,+1 (685) 248-5612,Unlimited call,2015-03-22 15:57:41.000,2015-04-24 21:28:16.000,16852485612
336,857,101,(798) 384-5036,Unlimited call,2016-12-09 16:11:09.000,2016-01-27 00:56:46.000,7983845036
338,862,105,(145) 440-5884,10G LTE,2016-07-29 10:28:15.000,2015-10-19 22:45:27.000,1454405884
340,866,108,+1 (978) 460-8905,5G 3G,2015-09-13 05:33:18.000,2016-10-21 17:35:17.000,19784608905
343,870,105,226 664 6128,10G LTE,2015-11-24 01:01:11.000,2015-03-19 17:51:35.000,2266646128
344,874,102,+1 (213) 710-1430,Unlimited text,2016-04-03 00:35:46.000,2015-07-06 00:36:54.000,12137101430
346,879,104,(948) 611-7719,100 text,2016-07-12 17:07:13.000,2016-10-28 00:06:57.000,9486117719
347,883,105,+1 (932) 769-8037,10G LTE,2016-07-05 11:11:16.000,2015-08-13 11:31:02.000,19327698037
348,887,105,+1 (879) 300-9169,10G LTE,2016-07-03 06:14:27.000,2015-05-16 09:18:56.000,18793009169
350,892,110,(376) 655-5104,5G tether,2015-05-21 17:02:31.000,2015-12-18 10:01:11.000,3766555104
379,957,105,+1 (270) 599-6498,10G LTE,2016-10-18 06:27:14.000,2017-01-23 00:52:28.000,12705996498
381,961,108,+1 (971) 201-9317,5G 3G,2015-10-10 14:26:27.000,2015-09-26 08:25:55.000,19712019317
386,970,103,821-537-9821,450 min,2015-03-07 13:22:11.000,2015-02-08 03:48:58.000,8215379821
385,968,101,734 551 3725,Unlimited call,2016-03-15 10:20:10.000,2015-11-14 23:56:08.000,7345513725
389,983,104,996 684 3312,100 text,2015-06-29 20:25:49.000,2015-01-10 10:55:31.000,9966843312
387,974,110,359-859-3103,5G tether,2017-02-20 05:59:31.000,2015-08-23 17:06:50.000,3598593103
388,977,106,+1 (924) 574-4051,5G LTE,2016-03-29 20:48:32.000,2015-11-02 23:07:12.000,19245744051
390,986,110,717 710 3479,5G tether,2016-10-15 06:15:57.000,2015-05-23 13:41:05.000,7177103479
392,989,103,616-928-8321,450 min,2015-10-18 15:26:41.000,2016-10-16 05:32:48.000,6169288321
395,999,104,4736517565,100 text,2017-01-24 17:32:42.000,2016-07-09 02:54:32.000,4736517565
394,996,106,799 633 9326,5G LTE,2016-09-22 11:52:08.000,2016-03-28 12:06:52.000,7996339326
398,1006,103,5259423830,450 min,2015-06-08 16:51:04.000,2015-05-19 02:55:18.000,5259423830
397,1003,103,+1 (853) 375-4301,450 min,2016-01-07 01:07:09.000,2016-11-08 19:45:36.000,18533754301
401,1010,102,7213945372,Unlimited text,2015-07-24 13:56:46.000,2015-08-21 02:10:10.000,7213945372
402,1014,105,107 588 6362,10G LTE,2017-01-23 18:44:26.000,2015-11-21 01:29:03.000,1075886362
402,1017,110,+1 (770) 156-9765,5G tether,2015-07-01 01:54:45.000,2015-03-01 23:45:18.000,17701569765
1000,2467,106,9738248538,5G LTE,2017-01-07 13:55:43.000,2015-07-25 22:24:02.000,9738248538
687,1699,108,1942485565,5G 3G,2015-03-30 19:32:34.000,2017-01-01 13:48:16.000,1942485565
696,1716,105,7273712920,10G LTE,2016-12-08 05:41:27.000,2016-01-12 09:33:17.000,7273712920
699,1724,104,7178382710,100 text,2016-04-19 15:09:20.000,2016-10-31 13:10:42.000,7178382710
698,1722,110,541 273 4340,5G tether,2016-01-10 16:50:40.000,2015-12-05 11:40:29.000,5412734340
697,1721,104,+1 (739) 240-5225,100 text,2016-05-18 02:05:04.000,2016-05-11 06:18:01.000,17392405225
702,1733,109,741 454 1877,Roaming special,2015-03-27 06:02:50.000,2015-03-26 21:35:07.000,7414541877
702,1736,104,+1 (293) 630-8366,100 text,2016-07-05 11:23:39.000,2015-10-22 17:26:57.000,12936308366
708,1749,105,421-185-9959,10G LTE,2016-02-22 09:11:39.000,2015-06-22 11:14:47.000,4211859959
704,1738,103,439-508-3724,450 min,2015-06-25 01:24:02.000,2016-02-04 16:31:18.000,4395083724
713,1765,105,1147645533,10G LTE,2016-04-03 20:37:02.000,2016-01-14 18:56:28.000,1147645533
711,1763,105,572-460-4744,10G LTE,2016-07-29 19:46:32.000,2016-10-04 07:28:40.000,5724604744
707,1752,101,357-415-8029,Unlimited call,2015-11-30 23:53:33.000,2015-10-26 22:14:42.000,3574158029
710,1757,102,293-951-9839,Unlimited text,2016-02-18 23:37:52.000,2015-02-24 11:04:56.000,2939519839
712,1766,104,455 846 8218,100 text,2015-07-07 02:25:40.000,2015-04-17 00:23:12.000,4558468218
717,1776,107,671 762 2224,10G 3G,2017-02-05 17:49:49.000,2015-11-20 03:22:45.000,6717622224
719,1784,105,607 627 4746,10G LTE,2015-07-16 16:34:28.000,2015-11-16 03:45:51.000,6076274746
716,1774,106,833-508-7898,5G LTE,2017-02-26 11:44:18.000,2015-07-10 22:21:26.000,8335087898
745,1848,105,+1 (812) 252-4147,10G LTE,2015-08-06 00:05:36.000,2016-10-15 10:42:17.000,18122524147
743,1841,106,+1 (201) 198-4167,5G LTE,2016-07-24 02:41:12.000,2015-05-20 14:51:15.000,12011984167
744,1845,103,+1 (458) 384-8866,450 min,2016-07-28 22:48:03.000,2016-03-05 16:50:24.000,14583848866
749,1860,103,(173) 723-8109,450 min,2016-05-04 18:04:01.000,2016-01-02 14:06:11.000,1737238109
746,1853,104,961 665 3036,100 text,2015-08-08 19:25:38.000,2016-01-17 17:04:28.000,9616653036
747,1855,107,561-309-2970,10G 3G,2015-02-12 06:02:44.000,2015-08-23 22:58:48.000,5613092970
747,1857,104,6977453190,100 text,2016-11-03 01:36:06.000,2016-09-22 17:03:23.000,6977453190
750,1862,103,+1 (269) 488-5812,450 min,2016-04-22 18:50:57.000,2017-02-04 08:21:22.000,12694885812
757,1884,106,(340) 789-7183,5G LTE,2015-06-15 15:05:20.000,2016-06-01 09:22:14.000,3407897183
753,1877,110,1617906938,5G tether,2015-09-07 17:47:16.000,2016-07-29 11:55:43.000,1617906938
755,1872,106,(529) 249-7618,5G LTE,2016-05-05 14:54:17.000,2016-09-05 02:34:05.000,5292497618
755,1879,106,2216206083,5G LTE,2016-12-10 11:34:06.000,2016-10-15 06:31:21.000,2216206083
758,1886,101,+1 (115) 327-7314,Unlimited call,2016-12-16 02:05:26.000,2015-04-12 13:16:18.000,11153277314
759,1890,110,+1 (888) 517-1939,5G tether,2015-11-21 08:23:51.000,2016-07-16 11:40:01.000,18885171939
768,1909,110,426-212-8058,5G tether,2017-01-28 05:49:39.000,2016-09-28 00:35:15.000,4262128058
764,1903,103,+1 (303) 615-1928,450 min,2016-11-11 00:19:36.000,2016-11-24 23:39:55.000,13036151928
764,1905,110,(179) 688-9055,5G tether,2016-03-21 13:14:32.000,2015-07-20 03:54:52.000,1796889055
796,1972,105,+1 (371) 841-3212,10G LTE,2015-09-25 07:04:18.000,2016-12-18 12:57:54.000,13718413212
799,1974,107,(505) 963-6319,10G 3G,2016-12-09 01:11:35.000,2015-06-06 11:53:19.000,5059636319
793,1960,103,736 258 7372,450 min,2016-05-17 14:35:03.000,2016-07-20 12:16:35.000,7362587372
793,1964,106,493 631 7483,5G LTE,2015-01-09 03:27:20.000,2015-07-19 09:02:24.000,4936317483
800,1977,103,+1 (450) 393-7247,450 min,2016-03-30 06:59:26.000,2015-07-26 21:54:50.000,14503937247
807,1996,109,261 688 3260,Roaming special,2016-11-18 12:47:18.000,2016-06-27 19:28:50.000,2616883260
804,1983,102,4243209011,Unlimited text,2016-05-31 19:07:36.000,2016-11-12 07:16:02.000,4243209011
804,1986,101,991 149 9017,Unlimited call,2016-07-04 05:45:38.000,2015-09-18 13:31:06.000,9911499017
805,1989,104,+1 (568) 594-9207,100 text,2015-03-04 09:33:48.000,2016-01-31 03:34:52.000,15685949207
808,2002,110,702-924-7971,5G tether,2016-10-08 15:39:49.000,2016-03-11 10:07:56.000,7029247971
810,2009,103,514 460 3488,450 min,2015-12-05 12:05:02.000,2016-10-30 21:04:54.000,5144603488
809,2005,101,233 647 5904,Unlimited call,2016-03-19 16:50:52.000,2016-09-26 12:05:22.000,2336475904
813,2011,104,(529) 576-9747,100 text,2016-03-07 03:03:59.000,2015-12-26 02:31:26.000,5295769747
817,2017,102,120-839-9902,Unlimited text,2015-07-20 15:24:40.000,2016-03-23 22:09:56.000,1208399902
818,2021,110,+1 (639) 839-2788,5G tether,2015-10-19 01:51:19.000,2015-04-28 17:45:33.000,16398392788
827,2042,103,996-949-2300,450 min,2016-08-02 13:15:23.000,2015-10-05 19:46:32.000,9969492300
828,2044,105,+1 (484) 552-9970,10G LTE,2015-12-14 14:25:17.000,2015-04-16 02:13:27.000,14845529970
847,2098,106,200-411-6818,5G LTE,2015-07-19 20:57:25.000,2016-04-09 03:00:34.000,2004116818
849,2104,105,+1 (831) 971-3942,10G LTE,2015-02-07 22:19:47.000,2015-03-23 21:59:09.000,18319713942
846,2092,105,(950) 544-6062,10G LTE,2015-08-20 04:19:33.000,2016-09-22 03:39:19.000,9505446062
848,2099,105,(881) 613-4074,10G LTE,2016-07-28 06:58:17.000,2015-12-25 04:25:10.000,8816134074
855,2125,107,+1 (141) 853-9318,10G 3G,2015-01-19 11:55:18.000,2016-08-19 03:15:31.000,11418539318
856,2126,107,(396) 128-4641,10G 3G,2016-06-26 05:17:56.000,2015-07-02 19:26:14.000,3961284641
853,2113,109,264 466 6871,Roaming special,2017-01-02 12:08:50.000,2015-12-13 19:33:43.000,2644666871
852,2114,106,(400) 415-2101,5G LTE,2016-10-25 03:11:44.000,2016-08-06 03:03:41.000,4004152101
858,2131,106,529 208 9741,5G LTE,2015-06-22 09:21:06.000,2015-11-22 02:27:57.000,5292089741
861,2141,104,812 302 9443,100 text,2015-06-08 22:18:24.000,2015-02-18 17:55:37.000,8123029443
854,2118,107,9727551059,10G 3G,2016-03-30 04:03:25.000,2016-10-24 03:27:10.000,9727551059
866,2147,106,807 987 8919,5G LTE,2016-05-08 18:04:47.000,2017-02-24 10:49:05.000,8079878919
859,2134,103,8003344769,450 min,2015-05-14 10:30:39.000,2016-04-26 18:49:13.000,8003344769
870,2156,109,371-280-3723,Roaming special,2015-10-17 02:41:16.000,2015-06-28 10:24:16.000,3712803723
868,2154,110,943-909-2626,5G tether,2016-04-13 05:51:50.000,2015-01-27 02:42:51.000,9439092626
864,2146,110,+1 (545) 294-1998,5G tether,2016-02-17 06:24:46.000,2015-07-19 18:02:54.000,15452941998
871,2157,110,595 816 1439,5G tether,2015-05-23 06:08:38.000,2015-05-20 07:01:23.000,5958161439
885,2208,106,(882) 275-3245,5G LTE,2017-02-08 07:37:18.000,2016-01-05 11:23:01.000,8822753245
891,2218,107,220 220 3618,10G 3G,2016-12-18 10:17:01.000,2017-01-31 15:33:39.000,2202203618
895,2224,103,725 660 9209,450 min,2016-03-30 12:40:33.000,2016-04-07 05:41:28.000,7256609209
903,2243,101,(684) 398-4084,Unlimited call,2015-06-08 09:32:31.000,2016-01-21 22:33:44.000,6843984084
901,2242,107,630 330 8056,10G 3G,2016-10-13 03:34:22.000,2015-01-13 13:17:58.000,6303308056
897,2230,108,5991447616,5G 3G,2016-03-23 22:06:48.000,2015-02-09 21:18:45.000,5991447616
897,2237,110,8248322234,5G tether,2016-09-03 10:08:34.000,2015-05-17 06:36:21.000,8248322234
896,2231,110,+1 (291) 541-8089,5G tether,2015-02-15 14:31:05.000,2015-03-06 14:35:39.000,12915418089
908,2256,110,+1 (419) 472-2345,5G tether,2015-05-05 02:55:46.000,2016-11-02 12:22:01.000,14194722345
907,2251,104,393 437 7815,100 text,2016-11-07 01:40:03.000,2016-01-25 21:51:57.000,3934377815
910,2259,105,(213) 718-8010,10G LTE,2015-05-04 17:03:56.000,2016-03-20 03:18:47.000,2137188010
916,2269,105,+1 (948) 989-9423,10G LTE,2015-04-30 20:20:00.000,2015-02-19 03:05:06.000,19489899423
912,2261,103,161 954 6332,450 min,2016-03-05 06:10:10.000,2016-02-07 23:05:01.000,1619546332
921,2275,102,921 240 3900,Unlimited text,2015-03-19 17:40:29.000,2016-12-04 04:52:00.000,9212403900
925,2283,110,881-208-6557,5G tether,2016-10-20 22:02:03.000,2016-09-19 17:30:04.000,8812086557
922,2278,103,+1 (296) 591-1891,450 min,2015-02-08 04:46:43.000,2016-03-09 20:30:19.000,12965911891
957,2347,102,(180) 330-8659,Unlimited text,2016-02-02 21:55:21.000,2015-10-12 07:21:43.000,1803308659
956,2342,101,+1 (375) 426-4937,Unlimited call,2016-10-13 17:20:20.000,2015-01-27 18:21:02.000,13754264937
963,2364,109,516-748-2317,Roaming special,2015-02-01 05:18:47.000,2015-07-21 05:43:03.000,5167482317
958,2352,106,113-797-4783,5G LTE,2016-11-22 13:51:32.000,2015-02-19 08:15:15.000,1137974783
965,2370,110,373-180-9104,5G tether,2016-01-06 11:46:43.000,2015-06-09 14:30:36.000,3731809104
964,2367,105,(531) 351-5443,10G LTE,2016-05-11 00:48:56.000,2015-07-07 02:30:49.000,5313515443
966,2371,108,+1 (894) 490-3014,5G 3G,2016-05-15 06:42:32.000,2015-07-15 14:38:18.000,18944903014
980,2400,101,7571982173,Unlimited call,2017-02-04 12:04:36.000,2016-03-18 19:24:55.000,7571982173
978,2395,104,2333026314,100 text,2015-11-21 09:02:52.000,2016-09-04 20:31:44.000,2333026314
979,2399,104,2391927409,100 text,2016-11-06 16:55:35.000,2015-08-31 09:51:50.000,2391927409
973,2381,110,+1 (974) 880-6963,5G tether,2016-10-30 23:06:32.000,2016-05-08 13:53:13.000,19748806963
975,2391,104,875-495-9615,100 text,2016-09-09 21:10:36.000,2015-03-26 21:12:27.000,8754959615
981,2404,110,+1 (825) 273-9573,5G tether,2016-04-26 15:53:40.000,2016-01-08 10:50:20.000,18252739573
974,2383,103,186-743-2199,450 min,2015-06-23 09:31:24.000,2016-04-20 04:16:36.000,1867432199
974,2387,103,991 614 7694,450 min,2016-03-06 08:01:23.000,2015-08-23 20:23:52.000,9916147694
983,2413,110,5045624418,5G tether,2016-07-16 02:35:20.000,2015-08-27 05:49:17.000,5045624418
